timestampNs,latitude,longitude,speed,yaw,zDiff,stdevZ,zThreshDiff,algZDiff,algZThresh,algStdev,algGZero,voteCount,rejectedReason
36390640737267,NaN,NaN,0.0,-1.4072754383087158,2.833969271183014,1.2445301680524836,3.2274331569671633,false,false,false,false,0,"Failed 2-vote rule (Got 0)"
36390650730500,NaN,NaN,0.0,-1.5078845024108887,2.9278788924217225,1.2488622863708154,3.156594705581665,false,false,false,false,0,"Failed 2-vote rule (Got 0)"
36390660723658,NaN,NaN,0.0,-1.3048319816589355,2.583347225189209,1.23487508659244,2.7168596982955933,false,false,false,false,0,"Failed 2-vote rule (Got 0)"
36390700696048,NaN,NaN,0.0,0.6668093204498291,4.859346330165863,2.71949343881578,2.9840659379959105,false,false,false,false,0,"Failed 2-vote rule (Got 0)"
36390710689217,NaN,NaN,0.0,0.7920056581497192,7.315045487880707,3.2691574563579744,4.7797126293182375,true,true,false,false,2,"Filtered: Sharp turning / cornering (|yaw| > 0.3)"
36390720682218,NaN,NaN,0.0,0.7552963495254517,9.310501861572266,3.741424302358637,6.304937505722046,true,true,false,false,2,"Filtered: Sharp turning / cornering (|yaw| > 0.3)"
36390730675433,NaN,NaN,0.0,0.6814442873001099,10.462547540664673,4.055838904847626,7.23511438369751,true,true,false,false,2,"Filtered: Sharp turning / cornering (|yaw| > 0.3)"
36390740668587,NaN,NaN,0.0,0.6089133024215698,10.464921236038208,4.177595706755426,7.308326530456543,true,true,false,false,2,"Filtered: Sharp turning / cornering (|yaw| > 0.3)"
36390750661587,NaN,NaN,0.0,0.5073208212852478,9.221417212486267,4.1840905720019546,6.504557514190674,true,true,false,false,2,"Filtered: Sharp turning / cornering (|yaw| > 0.3)"
36390760654745,NaN,NaN,0.0,0.3753206729888916,6.847834825515747,4.184366153499551,4.956291508674622,true,true,false,false,2,"Filtered: Sharp turning / cornering (|yaw| > 0.3)"
36390770647756,NaN,NaN,0.0,0.2686765193939209,3.4832365036010744,4.236985987684368,2.8766337633132935,false,false,false,false,0,"Failed 2-vote rule (Got 0)"
36390790634130,NaN,NaN,0.0,0.033586449921131134,4.260664558410644,4.417583461543889,1.276598620414734,false,false,false,false,0,"Failed 2-vote rule (Got 0)"
36390800627136,NaN,NaN,0.0,-0.08991076797246933,7.535368847846986,4.502260994568843,2.7556562185287476,true,false,false,false,1,"Failed 2-vote rule (Got 1)"
36390810620310,NaN,NaN,0.0,-0.2310241460800171,9.973025369644166,4.5607503853262115,3.668087863922119,true,false,false,false,1,"Failed 2-vote rule (Got 1)"
36390820613310,NaN,NaN,0.0,-0.3646679222583771,11.549532032012939,4.6644644253826515,4.3144176483154295,true,true,false,false,2,"Filtered: Sharp turning / cornering (|yaw| > 0.3)"
36390830606548,NaN,NaN,0.0,-0.5368358492851257,11.951739215850829,4.751254692884072,4.643412685394287,true,true,false,false,2,"Filtered: Sharp turning / cornering (|yaw| > 0.3)"
36390840599688,NaN,NaN,0.0,-0.6354144811630249,11.22545566558838,4.805678859112789,4.720898151397705,true,true,false,false,2,"Filtered: Sharp turning / cornering (|yaw| > 0.3)"
36390850592695,NaN,NaN,0.0,-0.6489582061767578,9.542051434516907,4.856508740445791,4.585759925842285,true,true,false,false,2,"Filtered: Sharp turning / cornering (|yaw| > 0.3)"
36390860585899,NaN,NaN,0.0,-0.5573228597640991,7.26536271572113,4.921740763103468,4.388728952407837,true,true,false,false,2,"Filtered: Sharp turning / cornering (|yaw| > 0.3)"
36390870579062,NaN,NaN,0.0,-0.36782410740852356,4.562259030342102,4.971333498881035,3.906163215637207,false,false,false,false,0,"Failed 2-vote rule (Got 0)"
36390910551423,NaN,NaN,0.0,0.3598392903804779,3.6754954934120176,4.122555619248304,0.6389221549034119,false,false,false,false,0,"Failed 2-vote rule (Got 0)"
36390920544588,NaN,NaN,0.0,0.41126611828804016,5.308130514621734,3.696587619692715,0.6647178292274475,true,false,false,false,1,"Failed 2-vote rule (Got 1)"
36390930537586,NaN,NaN,0.0,0.5029183626174927,6.705067908763885,3.3713786307153173,1.9841697573661805,true,false,false,false,1,"Failed 2-vote rule (Got 1)"
36390940530738,NaN,NaN,0.0,0.568514883518219,7.685072183609009,3.2782492500092686,3.099312257766724,true,false,false,false,1,"Failed 2-vote rule (Got 1)"
36390950523952,NaN,NaN,0.0,0.573327362537384,8.200386047363281,3.3582162915771017,3.8116570949554442,true,false,false,false,1,"Failed 2-vote rule (Got 1)"
36390960516957,NaN,NaN,0.0,0.5147616863250732,7.861705493927002,3.4631489044081536,3.955542278289795,true,true,false,false,2,"Filtered: Sharp turning / cornering (|yaw| > 0.3)"
36390970510113,NaN,NaN,0.0,0.3946435749530792,6.849888253211976,3.512282313808382,3.554744911193848,true,false,false,false,1,"Failed 2-vote rule (Got 1)"
36390980503341,NaN,NaN,0.0,0.2627065181732178,5.375173556804658,3.4884855563050428,2.7850056648254395,true,false,false,false,1,"Failed 2-vote rule (Got 1)"
36390990496336,NaN,NaN,0.0,0.16736026108264923,3.597108206152916,3.412363710623923,1.861142298579216,false,false,false,false,0,"Failed 2-vote rule (Got 0)"
36391030468870,NaN,NaN,0.0,-0.07692403346300125,3.666843995451927,2.724546479972726,0.5675317376852036,false,false,false,false,0,"Failed 2-vote rule (Got 0)"
36391040461875,NaN,NaN,0.0,-0.08937961608171463,4.564215737581253,2.5250509722346344,0.7525586426258087,false,false,false,false,0,"Failed 2-vote rule (Got 0)"
36391050455029,NaN,NaN,0.0,-0.0950421392917633,4.777704429626465,2.347482009811603,0.8221621513366699,false,false,false,false,0,"Failed 2-vote rule (Got 0)"
36391060448045,NaN,NaN,0.0,-0.08945658802986145,4.368539226055145,2.1846409151341066,0.8137943148612976,false,false,false,false,0,"Failed 2-vote rule (Got 0)"
36391070441260,NaN,NaN,0.0,-0.07218298316001892,3.522465312480927,2.051999134535353,0.7374596476554871,false,false,false,false,0,"Failed 2-vote rule (Got 0)"
36393628681307,NaN,NaN,0.0,-0.9677483439445496,2.654352532327175,1.3202506148913593,2.4877196550369263,false,false,false,false,0,"Failed 2-vote rule (Got 0)"
36393888503043,NaN,NaN,0.0,0.5602248907089233,2.506973838806152,0.9883429048727794,1.8916896820068358,false,false,false,false,0,"Failed 2-vote rule (Got 0)"
36393978441170,NaN,NaN,0.0,0.7435762882232666,2.53340727686882,1.1695763332492382,0.6417175948619842,false,false,false,false,0,"Failed 2-vote rule (Got 0)"
36393988434400,NaN,NaN,0.0,0.9257169961929321,3.3446331918239594,1.3869081153289688,1.4267551839351653,false,false,false,false,0,"Failed 2-vote rule (Got 0)"
36393998427414,NaN,NaN,0.0,0.9878593683242798,4.059434127807617,1.701213124593314,2.194171690940857,false,false,false,false,0,"Failed 2-vote rule (Got 0)"
36394008420649,NaN,NaN,0.0,0.8575971126556396,4.578565835952759,1.9897092646822263,2.9199984312057494,false,false,false,false,0,"Failed 2-vote rule (Got 0)"
36394018413819,NaN,NaN,0.0,0.5924167037010193,5.040828275680543,2.267166603074993,3.6240891933441164,true,false,false,false,1,"Failed 2-vote rule (Got 1)"
36394028407058,NaN,NaN,0.0,0.32153910398483276,5.62760009765625,2.572996984817888,4.395375299453735,true,true,false,false,2,"Filtered: Sharp turning / cornering (|yaw| > 0.3)"
36394038400060,NaN,NaN,0.0,0.06531981378793716,6.0036514580249785,2.86299489822667,5.151752281188965,true,true,false,false,2,"Filtered: Vision YOLO Rejected (No pothole in photo)"
36394048393209,NaN,NaN,0.0,-0.21491996943950653,6.182691127061844,3.0934074129436775,5.752618026733399,true,true,false,false,2,"Filtered: Vision YOLO Rejected (No pothole in photo)"
36394058386438,NaN,NaN,0.0,-0.5650657415390015,6.203432279825211,3.2339818275941954,6.2506002426147464,true,true,false,false,2,"Filtered: Sharp turning / cornering (|yaw| > 0.3)"
36394068379440,NaN,NaN,0.0,-0.8519588112831116,5.85899470448494,3.2498916072403503,6.500712299346924,true,true,false,false,2,"Filtered: Sharp turning / cornering (|yaw| > 0.3)"
36394078372644,NaN,NaN,0.0,-1.084220051765442,4.93793597817421,3.1626890147916638,6.364691162109375,false,true,false,false,1,"Failed 2-vote rule (Got 1)"
36394088365814,NaN,NaN,0.0,-1.3164465427398682,3.6617819070816044,3.008222329396455,5.855953598022461,false,true,false,false,1,"Failed 2-vote rule (Got 1)"
36394098359043,NaN,NaN,0.0,-1.6399434804916382,2.13724844455719,2.8200623465592023,5.05724687576294,false,true,false,false,1,"Failed 2-vote rule (Got 1)"
36394108352036,NaN,NaN,0.0,-2.0147509574890137,0.3837330579757685,2.653934959204412,4.007822251319885,false,true,false,false,1,"Failed 2-vote rule (Got 1)"
36394128338409,NaN,NaN,0.0,-1.524785041809082,4.469344568252564,2.960216775837248,0.6824077129364013,false,false,false,false,0,"Failed 2-vote rule (Got 0)"
36394138331649,NaN,NaN,0.0,-1.2538650035858154,7.135090875625611,3.481823760794487,1.382472848892212,true,false,false,false,1,"Failed 2-vote rule (Got 1)"
36394148324649,NaN,NaN,0.0,-0.7976325154304504,9.946274900436402,4.2453011293063865,3.6956746578216553,true,false,false,false,1,"Failed 2-vote rule (Got 1)"
36394158317804,NaN,NaN,0.0,-0.3104712665081024,12.22340009212494,4.860401276857544,5.722687792778015,true,true,false,false,2,"Filtered: Sharp turning / cornering (|yaw| > 0.3)"
36394168311019,NaN,NaN,0.0,0.19869665801525116,13.381866550445558,5.327650343546263,7.017175388336182,true,true,true,false,3,"Filtered: Vision YOLO Rejected (No pothole in photo)"
36394178304019,NaN,NaN,0.0,0.6533026695251465,13.576230716705322,5.635445739580988,7.720277118682861,true,true,true,false,3,"Filtered: Sharp turning / cornering (|yaw| > 0.3)"
36394188297250,NaN,NaN,0.0,0.9373645782470703,12.698787117004395,5.800580068041233,7.641540241241455,true,true,true,false,3,"Filtered: Sharp turning / cornering (|yaw| > 0.3)"
36394198290394,NaN,NaN,0.0,1.0867375135421753,10.828535199165344,5.8394887362684615,6.820712947845459,true,true,true,false,3,"Filtered: Sharp turning / cornering (|yaw| > 0.3)"
36394208283625,NaN,NaN,0.0,1.1583081483840942,8.1182035446167,5.787770746983158,5.671759176254272,true,true,true,false,3,"Filtered: Sharp turning / cornering (|yaw| > 0.3)"
36394218276620,NaN,NaN,0.0,1.1626148223876953,4.926070117950439,5.665338716281657,4.243662405014038,false,true,true,false,2,"Filtered: Sharp turning / cornering (|yaw| > 0.3)"
36394228269755,NaN,NaN,0.0,1.1024365425109863,1.2878448486328122,5.478475093908543,2.6703176975250242,false,false,true,false,1,"Failed 2-vote rule (Got 1)"
36394238263000,NaN,NaN,0.0,1.001912236213684,2.6157209396362306,5.252729704212681,1.0799537181854248,false,false,true,false,1,"Failed 2-vote rule (Got 1)"
36394248256000,NaN,NaN,0.0,0.8138137459754944,6.15406744480133,5.017803631019557,0.4313796520233154,true,false,true,false,2,"Filtered: Sharp turning / cornering (|yaw| > 0.3)"
36394258249245,NaN,NaN,0.0,0.5683393478393555,8.74142050743103,4.806263600577541,1.7242451190948487,true,false,false,false,1,"Failed 2-vote rule (Got 1)"
36394268242401,NaN,NaN,0.0,0.3373243510723114,10.419348335266113,4.650974560017354,2.6990712165832518,true,false,false,false,1,"Failed 2-vote rule (Got 1)"
36394278235630,NaN,NaN,0.0,0.15957389771938324,10.963953876495362,4.5611685858893365,3.3224136352539064,true,false,false,false,1,"Failed 2-vote rule (Got 1)"
36394288228646,NaN,NaN,0.0,0.06314273178577423,10.453189849853516,4.535169908338095,3.6324769020080567,true,false,false,false,1,"Failed 2-vote rule (Got 1)"
36394298221820,NaN,NaN,0.0,-0.037989914417266846,9.38357367515564,4.561300969622952,3.7118144989013673,true,false,false,false,1,"Failed 2-vote rule (Got 1)"
36394308215044,NaN,NaN,0.0,-0.17535272240638733,7.774604463577271,4.6085151985535395,3.5309420585632325,true,false,false,false,1,"Failed 2-vote rule (Got 1)"
36394318208046,NaN,NaN,0.0,-0.3007514476776123,5.7842852592468255,4.664997384531215,3.1139675617218017,true,false,false,false,1,"Failed 2-vote rule (Got 1)"
36394328201259,NaN,NaN,0.0,-0.3705546259880066,3.593263006210327,4.659918581914261,2.513309288024902,false,false,false,false,0,"Failed 2-vote rule (Got 0)"
36394368173880,NaN,NaN,0.0,-0.010817453265190125,3.7753178775310516,3.2489620599503253,0.4529042422771454,false,false,false,false,0,"Failed 2-vote rule (Got 0)"
36394378167028,NaN,NaN,0.0,0.21256563067436218,4.737991589307785,2.8512941583268434,1.1055146872997283,false,false,false,false,0,"Failed 2-vote rule (Got 0)"
36394388160259,NaN,NaN,0.0,0.4328906536102295,5.403868365287781,2.580548070542954,1.6920538663864135,true,false,false,false,1,"Failed 2-vote rule (Got 1)"
36394398153235,NaN,NaN,0.0,0.6035168170928955,5.717384123802185,2.4465752805358876,2.1864420652389525,true,false,false,false,1,"Failed 2-vote rule (Got 1)"
36394408146499,NaN,NaN,0.0,0.6826837658882141,5.617372918128967,2.4349796716962357,2.5034053564071654,true,false,false,false,1,"Failed 2-vote rule (Got 1)"
36394418139643,NaN,NaN,0.0,0.6305515170097351,5.133626699447632,2.4967447484277514,2.6203174114227297,true,false,false,false,1,"Failed 2-vote rule (Got 1)"
36394428132869,NaN,NaN,0.0,0.4831542670726776,4.313169676065445,2.5568192502770573,2.512600469589233,false,false,false,false,0,"Failed 2-vote rule (Got 0)"
36394438125869,NaN,NaN,0.0,0.3322015404701233,3.240455228090286,2.562998668464665,2.2312766313552856,false,false,false,false,0,"Failed 2-vote rule (Got 0)"
36394498084850,NaN,NaN,0.0,0.20918172597885132,2.616002231836319,1.5318423310458185,0.11259687542915345,false,false,false,false,0,"Failed 2-vote rule (Got 0)"
36394508077845,NaN,NaN,0.0,0.1909397542476654,2.986996126174927,1.3645510448106684,0.36667871475219727,false,false,false,false,0,"Failed 2-vote rule (Got 0)"
36394518071076,NaN,NaN,0.0,0.14959463477134705,3.0886600852012633,1.293205077020419,0.57605961561203,false,false,false,false,0,"Failed 2-vote rule (Got 0)"
36394528064230,NaN,NaN,0.0,0.06898599863052368,2.981189262866974,1.3009672900197768,0.7499126315116882,false,false,false,false,0,"Failed 2-vote rule (Got 0)"
36394538057480,NaN,NaN,0.0,-0.011167174205183983,2.7089193940162657,1.3525968084771225,0.8960929632186889,false,false,false,false,0,"Failed 2-vote rule (Got 0)"
36396276867454,NaN,NaN,0.0,0.4502681791782379,2.7056919746100903,1.1517916986297376,2.683566355705261,false,false,false,false,0,"Failed 2-vote rule (Got 0)"
36396286860683,NaN,NaN,0.0,0.686469554901123,2.823954124748707,1.208051318421522,2.8354340553283692,false,false,false,false,0,"Failed 2-vote rule (Got 0)"
36396296853908,NaN,NaN,0.0,0.9467621445655823,2.7492806054651737,1.2338231643168664,2.841804361343384,false,false,false,false,0,"Failed 2-vote rule (Got 0)"
36396366806159,NaN,NaN,0.0,0.9867053627967834,3.526250445842743,1.558885079156907,0.8426840901374817,false,false,false,false,0,"Failed 2-vote rule (Got 0)"
36396376799385,NaN,NaN,0.0,1.2388184070587158,4.593091213703156,1.8657985937218295,1.7576571583747864,false,false,false,false,0,"Failed 2-vote rule (Got 0)"
36396386792616,NaN,NaN,0.0,1.361268162727356,5.517733573913574,2.2126069346509354,2.6759292125701903,true,false,false,false,1,"Failed 2-vote rule (Got 1)"
36396396785616,NaN,NaN,0.0,1.3114194869995117,6.169409656524659,2.5347385869633228,3.5215889692306517,true,false,false,false,1,"Failed 2-vote rule (Got 1)"
36396406778837,NaN,NaN,0.0,1.0433536767959595,6.563571119308472,2.80701955324076,4.243597793579101,true,true,false,false,2,"Filtered: Sharp turning / cornering (|yaw| > 0.3)"
36396416772007,NaN,NaN,0.0,0.6691449284553528,6.6839570045471195,3.037403756682787,4.802011728286743,true,true,false,false,2,"Filtered: Sharp turning / cornering (|yaw| > 0.3)"
36396426765235,NaN,NaN,0.0,0.20957502722740173,6.524958837032318,3.2337732792517,5.192993640899658,true,true,false,false,2,"Filtered: Vision YOLO Rejected (No pothole in photo)"
36396436758461,NaN,NaN,0.0,-0.3198848068714142,6.04556838274002,3.348844769546527,5.36865119934082,true,true,false,false,2,"Filtered: Sharp turning / cornering (|yaw| > 0.3)"
36396446751478,NaN,NaN,0.0,-0.8396763205528259,5.383648502826691,3.378858849506942,5.407649898529053,true,true,false,false,2,"Filtered: Sharp turning / cornering (|yaw| > 0.3)"
36396456744707,NaN,NaN,0.0,-1.295747995376587,4.49856938123703,3.3131862737845426,5.341253471374512,false,true,false,false,1,"Failed 2-vote rule (Got 1)"
36396466737863,NaN,NaN,0.0,-1.6498202085494995,3.3154497981071476,3.1467283961061128,5.073106956481934,false,true,false,false,1,"Failed 2-vote rule (Got 1)"
36396476731106,NaN,NaN,0.0,-1.8904730081558228,1.8375137329101565,2.9225295333584453,4.513442945480347,false,true,false,false,1,"Failed 2-vote rule (Got 1)"
36396506710524,NaN,NaN,0.0,-1.8257567882537842,3.966440796852112,2.7125359737162147,0.8355709314346313,false,false,false,false,0,"Failed 2-vote rule (Got 0)"
36396516703745,NaN,NaN,0.0,-1.467323660850525,6.002641749382019,2.9681058019304474,0.8096481084823608,true,false,false,false,1,"Failed 2-vote rule (Got 1)"
36396526696962,NaN,NaN,0.0,-1.0618983507156372,8.447911953926086,3.7519709070036416,3.079260754585266,true,false,false,false,1,"Failed 2-vote rule (Got 1)"
36396536690118,NaN,NaN,0.0,-0.7252121567726135,10.567156863212585,4.4287318095646695,5.1595069646835325,true,true,false,false,2,"Filtered: Sharp turning / cornering (|yaw| > 0.3)"
36396546683342,NaN,NaN,0.0,-0.33689311146736145,11.982175445556642,4.940524901610015,6.640921974182129,true,true,false,false,2,"Filtered: Sharp turning / cornering (|yaw| > 0.3)"
36396556676596,NaN,NaN,0.0,0.2371506541967392,12.530347537994384,5.284724782074973,7.457240581512451,true,true,true,false,3,"Filtered: Vision YOLO Rejected (No pothole in photo)"
36396566669610,NaN,NaN,0.0,0.8053231239318848,12.268743371963502,5.446691560416286,7.755300426483155,true,true,true,false,3,"Filtered: Sharp turning / cornering (|yaw| > 0.3)"
36396576662832,NaN,NaN,0.0,1.2702548503875732,10.576459836959838,5.461619481484721,6.8491448879241945,true,true,true,false,3,"Filtered: Sharp turning / cornering (|yaw| > 0.3)"
36396586655991,NaN,NaN,0.0,1.5593653917312622,7.98713915348053,5.368108723497142,5.507563591003418,true,true,true,false,3,"Filtered: Sharp turning / cornering (|yaw| > 0.3)"
36396596649222,NaN,NaN,0.0,1.6048479080200195,4.678318798542023,5.221894517199836,3.8427478671073914,false,false,true,false,1,"Failed 2-vote rule (Got 1)"
36396606642433,NaN,NaN,0.0,1.419206142425537,1.1964049935340884,5.081316401844898,2.006053102016449,false,false,true,false,1,"Failed 2-vote rule (Got 1)"
36396616635659,NaN,NaN,0.0,1.1332610845565796,2.8669554591178894,4.973616534181863,0.2123052954673767,false,false,false,false,0,"Failed 2-vote rule (Got 0)"
36396626628673,NaN,NaN,0.0,0.7870168089866638,6.626682841777802,4.898888255350442,1.4671758770942689,true,false,false,false,1,"Failed 2-vote rule (Got 1)"
36396636621894,NaN,NaN,0.0,0.3784109354019165,9.554521143436432,4.873510338547541,2.913599169254303,true,false,false,false,1,"Failed 2-vote rule (Got 1)"
36396646615125,NaN,NaN,0.0,-0.007170185446739197,11.42720170021057,4.870954176944683,3.9699611186981203,true,true,false,false,2,"Filtered: Vision YOLO Rejected (No pothole in photo)"
36396656608262,NaN,NaN,0.0,-0.24878178536891937,12.420308208465578,4.893021874240099,4.665007781982422,true,true,false,false,2,"Filtered: Vision YOLO Rejected (No pothole in photo)"
36396666601496,NaN,NaN,0.0,-0.3434118628501892,11.91280655860901,4.963756833103536,5.063661670684814,true,true,false,false,2,"Filtered: Sharp turning / cornering (|yaw| > 0.3)"
36396676594727,NaN,NaN,0.0,-0.41778627038002014,10.699572086334229,5.072109722465833,5.1920084953308105,true,true,true,false,3,"Filtered: Sharp turning / cornering (|yaw| > 0.3)"
36396686587727,NaN,NaN,0.0,-0.6015017628669739,8.907328593730927,5.179473958977338,5.064580726623535,true,true,true,false,3,"Filtered: Sharp turning / cornering (|yaw| > 0.3)"
36396696580957,NaN,NaN,0.0,-0.8250429034233093,6.771896636486054,5.266234540594165,4.765843534469605,true,true,true,false,3,"Filtered: Sharp turning / cornering (|yaw| > 0.3)"
36396706574178,NaN,NaN,0.0,-0.9758239388465881,4.435864436626434,5.258375587313362,4.223559141159058,false,true,true,false,2,"Filtered: Sharp turning / cornering (|yaw| > 0.3)"
36396716567409,NaN,NaN,0.0,-1.0261204242706299,1.9433254837989806,5.18072573260678,3.4105013608932495,false,false,true,false,1,"Failed 2-vote rule (Got 1)"
36396736553799,NaN,NaN,0.0,-0.9740798473358154,2.847321128845215,4.332165778450763,1.1226399898529054,false,false,false,false,0,"Failed 2-vote rule (Got 0)"
36396746546786,NaN,NaN,0.0,-0.8846427798271179,4.98234190940857,3.918174838716184,0.31733412742614747,false,false,false,false,0,"Failed 2-vote rule (Got 0)"
36396756539994,NaN,NaN,0.0,-0.7803316712379456,6.840834474563598,3.66204178859276,1.7771728038787842,true,false,false,false,1,"Failed 2-vote rule (Got 1)"
36396766533206,NaN,NaN,0.0,-0.5443125367164612,8.2795978307724,3.6298367852030897,3.0875893354415895,true,false,false,false,1,"Failed 2-vote rule (Got 1)"
36396776526446,NaN,NaN,0.0,-0.19859743118286133,9.183975076675415,3.73327982195921,4.11939435005188,true,true,false,false,2,"Filtered: Vision YOLO Rejected (No pothole in photo)"
36396786519677,NaN,NaN,0.0,0.1682823747396469,9.458227062225342,3.882929833205729,4.692383527755737,true,true,false,false,2,"Filtered: Vision YOLO Rejected (No pothole in photo)"
36396796512836,NaN,NaN,0.0,0.4866536855697632,8.983079481124879,4.022585339849669,4.75952033996582,true,true,false,false,2,"Filtered: Sharp turning / cornering (|yaw| > 0.3)"
36396806506057,NaN,NaN,0.0,0.7068734169006348,7.794316029548645,4.102200596255434,4.383814668655395,true,true,false,false,2,"Filtered: Sharp turning / cornering (|yaw| > 0.3)"
36396816499052,NaN,NaN,0.0,0.820765495300293,6.085146832466126,4.096815278963625,3.7123236417770387,true,false,false,false,1,"Failed 2-vote rule (Got 1)"
36396826492283,NaN,NaN,0.0,0.8354301452636719,3.9787174701690673,3.996592806715589,2.856077480316162,false,false,false,false,0,"Failed 2-vote rule (Got 0)"
36396856471913,NaN,NaN,0.0,0.27482613921165466,2.990191686153412,3.442717786051372,0.09739764928817748,false,false,false,false,0,"Failed 2-vote rule (Got 0)"
36396866465159,NaN,NaN,0.0,0.09299412369728088,4.788163197040558,3.2299343823388336,0.668768846988678,false,false,false,false,0,"Failed 2-vote rule (Got 0)"
36396876458165,NaN,NaN,0.0,-0.04731056094169617,5.941751611232758,3.0115068393411146,1.2493680834770202,true,false,false,false,1,"Failed 2-vote rule (Got 1)"
36396886451408,NaN,NaN,0.0,-0.11552157998085022,6.3618910074234005,2.8233979168298924,1.6023706674575806,true,false,false,false,1,"Failed 2-vote rule (Got 1)"
36396896444653,NaN,NaN,0.0,-0.13210682570934296,6.111294937133788,2.6778200870942404,1.7274802684783936,true,false,false,false,1,"Failed 2-vote rule (Got 1)"
36396906437894,NaN,NaN,0.0,-0.10990066826343536,5.393909907341003,2.6085360524306713,1.6815862655639648,true,false,false,false,1,"Failed 2-vote rule (Got 1)"
36396916431129,NaN,NaN,0.0,-0.05622134730219841,4.385355830192566,2.6030527445830898,1.5292783498764038,false,false,false,false,0,"Failed 2-vote rule (Got 0)"
36396926424283,NaN,NaN,0.0,-0.006358426064252853,3.22411972284317,2.627761501459588,1.2962417364120484,false,false,false,false,0,"Failed 2-vote rule (Got 0)"
36399994342108,NaN,NaN,0.0,0.5777043104171753,2.570101326704025,1.0313230240546432,1.1098749458789825,false,false,false,false,0,"Failed 2-vote rule (Got 0)"
36400004335325,NaN,NaN,0.0,0.6835355162620544,2.819993531703949,1.2061401869105286,1.5626630783081055,false,false,false,false,0,"Failed 2-vote rule (Got 0)"
36400014328565,NaN,NaN,0.0,0.7037687301635742,3.0609521329402924,1.4207018360222305,2.0934656620025636,false,false,false,false,0,"Failed 2-vote rule (Got 0)"
36400024321805,NaN,NaN,0.0,0.5449167490005493,3.332908493280411,1.6507860466490836,2.650020122528076,false,false,false,false,0,"Failed 2-vote rule (Got 0)"
36400034315111,NaN,NaN,0.0,0.22122327983379364,3.550433626025915,1.8373051973310204,3.1431437969207763,false,false,false,false,0,"Failed 2-vote rule (Got 0)"
36400044308344,NaN,NaN,0.0,-0.26251041889190674,3.707344623655081,1.9654322878367942,3.5519095420837403,false,false,false,false,0,"Failed 2-vote rule (Got 0)"
36400054301573,NaN,NaN,0.0,-0.7238052487373352,3.7209562502801417,2.0136172026457673,3.797988224029541,false,false,false,false,0,"Failed 2-vote rule (Got 0)"
36400064294801,NaN,NaN,0.0,-1.1320351362228394,3.4160355471074584,1.9772960899774603,3.765810823440552,false,false,false,false,0,"Failed 2-vote rule (Got 0)"
36400074288031,NaN,NaN,0.0,-1.47391939163208,2.7179914020001887,1.8707367360526819,3.4212239265441893,false,false,false,false,0,"Failed 2-vote rule (Got 0)"
36400114261185,NaN,NaN,0.0,-0.9197450876235962,3.6047908842563627,2.1427919006951135,0.9547707617282868,false,false,false,false,0,"Failed 2-vote rule (Got 0)"
36400124254188,NaN,NaN,0.0,-0.6081496477127075,5.319761234521866,2.408067837686925,2.1766174376010894,true,false,false,false,1,"Failed 2-vote rule (Got 1)"
36400134247652,NaN,NaN,0.0,-0.31058427691459656,6.570429539680481,2.614568791645598,3.0185199975967407,true,false,false,false,1,"Failed 2-vote rule (Got 1)"
36400144240883,NaN,NaN,0.0,-0.016700614243745804,7.29777283668518,2.7970396843811107,3.4997846126556396,true,false,false,false,1,"Failed 2-vote rule (Got 1)"
36400154234093,NaN,NaN,0.0,0.2709352374076843,7.525155305862427,2.952062162613351,3.759344482421875,true,false,false,false,1,"Failed 2-vote rule (Got 1)"
36400164227319,NaN,NaN,0.0,0.5454015731811523,7.096511507034302,3.0675206248713325,3.6752875804901124,true,false,false,false,1,"Failed 2-vote rule (Got 1)"
36400174220635,NaN,NaN,0.0,0.775567352771759,6.114639490842819,3.126605503600001,3.4077431201934814,true,false,false,false,1,"Failed 2-vote rule (Got 1)"
36400184213887,NaN,NaN,0.0,0.9327055811882019,4.635679429769516,3.1321141888074497,3.006999111175537,false,false,false,false,0,"Failed 2-vote rule (Got 0)"
36400194207133,NaN,NaN,0.0,0.9903262853622437,2.793094402551651,3.0973226970637824,2.382792866230011,false,false,false,false,0,"Failed 2-vote rule (Got 0)"
36400224186818,NaN,NaN,0.0,0.6637434959411621,3.298983931541443,2.8459156786856745,0.28046393394470215,false,false,false,false,0,"Failed 2-vote rule (Got 0)"
36400234180049,NaN,NaN,0.0,0.47616878151893616,4.602683591842651,2.734427489588403,1.1028989791870116,false,false,false,false,0,"Failed 2-vote rule (Got 0)"
36400244173526,NaN,NaN,0.0,0.3029502034187317,5.5052658200263975,2.627223440224648,1.7459213376045226,true,false,false,false,1,"Failed 2-vote rule (Got 1)"
36400254166762,NaN,NaN,0.0,0.137162446975708,5.856312394142151,2.544026160637322,2.1810248136520385,true,false,false,false,1,"Failed 2-vote rule (Got 1)"
36400264159993,NaN,NaN,0.0,-0.013147972524166107,5.840270614624023,2.508810709470956,2.432527494430542,true,false,false,false,1,"Failed 2-vote rule (Got 1)"
36400274153219,NaN,NaN,0.0,-0.13009096682071686,5.549831581115723,2.530240395406633,2.5428324699401856,true,false,false,false,1,"Failed 2-vote rule (Got 1)"
36400284146449,NaN,NaN,0.0,-0.21749231219291687,4.906344759464265,2.601998391671388,2.523551893234253,false,false,false,false,0,"Failed 2-vote rule (Got 0)"
36400294139692,NaN,NaN,0.0,-0.3106417655944824,3.950225067138672,2.652915659700833,2.3868050813674926,false,false,false,false,0,"Failed 2-vote rule (Got 0)"
36400304132988,NaN,NaN,0.0,-0.4220554232597351,2.7792699098587033,2.6448791283097317,2.144271159172058,false,false,false,false,0,"Failed 2-vote rule (Got 0)"
36400354099411,NaN,NaN,0.0,-0.48781973123550415,3.1352711081504823,1.915987780116982,0.7027436137199402,false,false,false,false,0,"Failed 2-vote rule (Got 0)"
36400364092641,NaN,NaN,0.0,-0.3012990951538086,3.9008000016212465,1.8378453937678347,1.3579675316810609,false,false,false,false,0,"Failed 2-vote rule (Got 0)"
36400374085881,NaN,NaN,0.0,-0.08166095614433289,4.40637640953064,1.825764092195427,1.8828245162963868,false,false,false,false,0,"Failed 2-vote rule (Got 0)"
36400384079102,NaN,NaN,0.0,0.10442258417606354,4.5646817445755,1.8594630207095793,2.177876663208008,false,false,false,false,0,"Failed 2-vote rule (Got 0)"
36400394072409,NaN,NaN,0.0,0.21718810498714447,4.3686254024505615,1.9132145692745404,2.2243542432785035,false,false,false,false,0,"Failed 2-vote rule (Got 0)"
36400404065532,NaN,NaN,0.0,0.2817968428134918,3.855568766593933,1.9549632367920824,2.065300393104553,false,false,false,false,0,"Failed 2-vote rule (Got 0)"
36400414058772,NaN,NaN,0.0,0.29528331756591797,3.0639237403869632,1.9614795089682304,1.7461694836616517,false,false,false,false,0,"Failed 2-vote rule (Got 0)"
36400474018378,NaN,NaN,0.0,0.08563785254955292,2.773704892396927,1.4595294120022457,0.5958282291889191,false,false,false,false,0,"Failed 2-vote rule (Got 0)"
36400484011623,NaN,NaN,0.0,0.03474526107311249,2.9781909048557282,1.3617336358646663,0.7538366615772247,false,false,false,false,0,"Failed 2-vote rule (Got 0)"
36400494004916,NaN,NaN,0.0,-0.019508399069309235,2.889899158477783,1.2860311000576876,0.82459876537323,false,false,false,false,0,"Failed 2-vote rule (Got 0)"
36400503998147,NaN,NaN,0.0,-0.06380794942378998,2.563891434669495,1.2409603099188213,0.8177219510078431,false,false,false,false,0,"Failed 2-vote rule (Got 0)"
36401673211747,NaN,NaN,0.0,-0.4231352210044861,3.699410104751587,2.061218259439594,1.9855644702911377,false,false,false,false,0,"Failed 2-vote rule (Got 0)"
36401683205205,NaN,NaN,0.0,0.018941938877105713,5.515239644050598,2.5610100334884263,3.4843283176422117,true,false,false,false,1,"Failed 2-vote rule (Got 1)"
36401693198421,NaN,NaN,0.0,0.5146129727363586,7.0928805589675905,2.9700714787351377,4.769705200195313,true,true,false,false,2,"Filtered: Sharp turning / cornering (|yaw| > 0.3)"
36401703191724,NaN,NaN,0.0,0.9953553080558777,8.056370782852174,3.1991998591620185,5.507266712188721,true,true,false,false,2,"Filtered: Sharp turning / cornering (|yaw| > 0.3)"
36401713184964,NaN,NaN,0.0,1.3853541612625122,8.124560403823853,3.2797603616195024,5.528671979904175,true,true,false,false,2,"Filtered: Sharp turning / cornering (|yaw| > 0.3)"
36401723178410,NaN,NaN,0.0,1.5852731466293335,7.267500877380371,3.28503596449825,4.9162585735321045,true,true,false,false,2,"Filtered: Sharp turning / cornering (|yaw| > 0.3)"
36401733171641,NaN,NaN,0.0,1.615463137626648,5.601906275749206,3.263471826270633,3.8280606508255004,true,false,false,false,1,"Failed 2-vote rule (Got 1)"
36401743164871,NaN,NaN,0.0,1.4739580154418945,3.32752340734005,3.2400869317617724,2.4996134132146834,false,false,false,false,0,"Failed 2-vote rule (Got 0)"
36401773144899,NaN,NaN,0.0,0.5671252012252808,4.184052923321723,3.2193539135915223,0.699724605679512,false,false,false,false,0,"Failed 2-vote rule (Got 0)"
36401783138136,NaN,NaN,0.0,0.36364275217056274,6.204470303654671,3.2406746692638784,1.4347651034593583,true,false,false,false,1,"Failed 2-vote rule (Got 1)"
36401793131437,NaN,NaN,0.0,0.21907071769237518,7.5488098740577705,3.2615291800010535,2.041543161869049,true,false,false,false,1,"Failed 2-vote rule (Got 1)"
36401803124665,NaN,NaN,0.0,0.1168733611702919,8.00291337966919,3.264917974446766,2.4742413997650146,true,false,false,false,1,"Failed 2-vote rule (Got 1)"
36401813118119,NaN,NaN,0.0,0.054243382066488266,7.655603265762329,3.2632786645840897,2.7393446922302247,true,false,false,false,1,"Failed 2-vote rule (Got 1)"
36401823111352,NaN,NaN,0.0,-0.029018230736255646,6.6660139799118046,3.284456861003579,2.8379533290863037,true,false,false,false,1,"Failed 2-vote rule (Got 1)"
36401833104583,NaN,NaN,0.0,-0.22226494550704956,5.2586920112371445,3.331982563706211,2.759078598022461,true,false,false,false,1,"Failed 2-vote rule (Got 1)"
36401843097860,NaN,NaN,0.0,-0.5450801849365234,3.7854512423276905,3.385117010366817,2.548429584503174,false,false,false,false,0,"Failed 2-vote rule (Got 0)"
36401893064314,NaN,NaN,0.0,-0.9080079793930054,2.9559912025928496,2.440469697760495,0.4817498028278351,false,false,false,false,0,"Failed 2-vote rule (Got 0)"
36401903057774,NaN,NaN,0.0,-0.6659266352653503,4.257800036668778,2.223187580326211,1.518455344438553,false,false,false,false,0,"Failed 2-vote rule (Got 0)"
36401913051007,NaN,NaN,0.0,-0.4288617968559265,5.211969143152237,2.2012334076810727,2.3740158140659333,true,false,false,false,1,"Failed 2-vote rule (Got 1)"
36401923044232,NaN,NaN,0.0,-0.2127586454153061,5.6736993312835695,2.259061009545256,2.9146207332611085,true,false,false,false,1,"Failed 2-vote rule (Got 1)"
36401933037533,NaN,NaN,0.0,-0.00728277862071991,5.612241935729981,2.3252905764063234,3.0638123512268067,true,false,false,false,1,"Failed 2-vote rule (Got 1)"
36401943030753,NaN,NaN,0.0,0.16863508522510529,5.1517682552337645,2.3708789845423435,2.856348752975464,true,false,false,false,1,"Failed 2-vote rule (Got 1)"
36401953024222,NaN,NaN,0.0,0.2714853286743164,4.261081671714782,2.390549243534511,2.388208103179932,false,false,false,false,0,"Failed 2-vote rule (Got 0)"
36401963017454,NaN,NaN,0.0,0.30334341526031494,3.0481121957302095,2.377905681897975,1.7761680364608765,false,false,false,false,0,"Failed 2-vote rule (Got 0)"
36402002990689,NaN,NaN,0.0,0.23248469829559326,2.9743100702762604,2.0753362758894847,0.6002942562103272,false,false,false,false,0,"Failed 2-vote rule (Got 0)"
36402012983935,NaN,NaN,0.0,0.15699830651283264,3.9498838663101195,2.0045850690315783,1.0352631330490112,false,false,false,false,0,"Failed 2-vote rule (Got 0)"
36402022977262,NaN,NaN,0.0,0.06639200448989868,4.400382804870605,1.938183325840688,1.3365704536437988,false,false,false,false,0,"Failed 2-vote rule (Got 0)"
36402032970478,NaN,NaN,0.0,-0.014842826873064041,4.339809799194336,1.8845361306329869,1.483461046218872,false,false,false,false,0,"Failed 2-vote rule (Got 0)"
36402042963949,NaN,NaN,0.0,-0.06448553502559662,3.8695911169052124,1.8411192325508026,1.4813830137252808,false,false,false,false,0,"Failed 2-vote rule (Got 0)"
36402052957250,NaN,NaN,0.0,-0.0718950629234314,3.160045862197876,1.8089263704041467,1.3838778257369995,false,false,false,false,0,"Failed 2-vote rule (Got 0)"
36403511982179,NaN,NaN,0.0,0.0032621026039123535,3.314607703685761,1.715898350853413,2.6596981406211855,false,false,false,false,0,"Failed 2-vote rule (Got 0)"
36403521975653,NaN,NaN,0.0,0.2624721825122833,3.900565981864929,1.8325216001915436,3.2064531087875365,false,false,false,false,0,"Failed 2-vote rule (Got 0)"
36403531968896,NaN,NaN,0.0,0.4633218050003052,4.236244457960129,1.8801678320159891,3.5548996448516847,false,false,false,false,0,"Failed 2-vote rule (Got 0)"
36403541962189,NaN,NaN,0.0,0.5418484210968018,4.377247643470764,1.9277089090823376,3.7915881633758546,false,false,false,false,0,"Failed 2-vote rule (Got 0)"
36403551955665,NaN,NaN,0.0,0.3713381588459015,3.8089325726032257,1.913942598200931,3.424196720123291,false,false,false,false,0,"Failed 2-vote rule (Got 0)"
36403561948896,NaN,NaN,0.0,-0.054409466683864594,2.6175752937793733,1.8686783137397533,2.5052739143371583,false,false,false,false,0,"Failed 2-vote rule (Got 0)"
36403601922418,NaN,NaN,0.0,-1.4155724048614502,4.11271059513092,2.229166600660139,1.4530124545097352,false,false,false,false,0,"Failed 2-vote rule (Got 0)"
36403611915641,NaN,NaN,0.0,-0.9262263774871826,5.645974791049957,2.472302329070491,2.439521682262421,true,false,false,false,1,"Failed 2-vote rule (Got 1)"
36403621908930,NaN,NaN,0.0,-0.39489877223968506,6.7655223369598385,2.686881056487642,3.210622692108154,true,false,false,false,1,"Failed 2-vote rule (Got 1)"
36403631902386,NaN,NaN,0.0,0.01779809594154358,7.787311458587647,2.9456694376871897,3.995723295211792,true,true,false,false,2,"Filtered: Vision YOLO Rejected (No pothole in photo)"
36403641895617,NaN,NaN,0.0,0.3321174383163452,8.077442646026611,3.2130527801548925,4.65324592590332,true,true,false,false,2,"Filtered: Sharp turning / cornering (|yaw| > 0.3)"
36403651888968,NaN,NaN,0.0,0.5502775311470032,7.53120584487915,3.424326746122262,5.025931930541992,true,true,false,false,2,"Filtered: Sharp turning / cornering (|yaw| > 0.3)"
36403661882418,NaN,NaN,0.0,0.8349783420562744,6.761198627948761,3.5293036945048852,5.026959228515625,true,true,false,false,2,"Filtered: Sharp turning / cornering (|yaw| > 0.3)"
36403671875711,NaN,NaN,0.0,1.0129821300506592,5.565983355045319,3.542706560137347,4.655199146270752,true,true,false,false,2,"Filtered: Sharp turning / cornering (|yaw| > 0.3)"
36403681868930,NaN,NaN,0.0,1.048785924911499,3.509272599220276,3.517816752689063,3.738563024997711,false,false,false,false,0,"Failed 2-vote rule (Got 0)"
36403711848902,NaN,NaN,0.0,1.0171992778778076,4.062029659748077,3.258319248214867,0.8514069676399231,false,false,false,false,0,"Failed 2-vote rule (Got 0)"
36403721842441,NaN,NaN,0.0,0.7922042608261108,6.216053354740143,3.331153696596785,2.220330059528351,true,false,false,false,1,"Failed 2-vote rule (Got 1)"
36403731835685,NaN,NaN,0.0,0.6386907696723938,7.972410082817078,3.474478795956852,3.3191641569137573,true,false,false,false,1,"Failed 2-vote rule (Got 1)"
36403741829155,NaN,NaN,0.0,0.5094256401062012,9.192852640151976,3.6154593267203072,4.166920709609985,true,true,false,false,2,"Filtered: Sharp turning / cornering (|yaw| > 0.3)"
36403751822393,NaN,NaN,0.0,0.3582426905632019,9.79046082496643,3.801315194062868,4.763501596450806,true,true,false,false,2,"Filtered: Sharp turning / cornering (|yaw| > 0.3)"
36403761815714,NaN,NaN,0.0,0.04132664203643799,9.694375324249268,4.010570178085132,5.039176177978516,true,true,false,false,2,"Filtered: Vision YOLO Rejected (No pothole in photo)"
36403771809171,NaN,NaN,0.0,-0.46480077505111694,8.768714582920074,4.137629834586065,5.0301515579223635,true,true,false,false,2,"Filtered: Sharp turning / cornering (|yaw| > 0.3)"
36403781802482,NaN,NaN,0.0,-0.9565907716751099,6.978198182582855,4.172790456662465,4.5828399658203125,true,true,false,false,2,"Filtered: Sharp turning / cornering (|yaw| > 0.3)"
36403791795709,NaN,NaN,0.0,-1.260254979133606,4.51256617307663,4.1369230722092265,3.7093279361724854,false,false,false,false,0,"Failed 2-vote rule (Got 0)"
36403821775938,NaN,NaN,0.0,-1.1073899269104004,4.440055847167969,4.029902399893137,1.1208916902542114,false,false,false,false,0,"Failed 2-vote rule (Got 0)"
36403831769166,NaN,NaN,0.0,-0.7159926891326904,7.0240109205245975,4.091566127485835,2.857090210914612,true,false,false,false,1,"Failed 2-vote rule (Got 1)"
36403841762474,NaN,NaN,0.0,-0.2798572778701782,9.076708531379701,4.145204708786275,4.313206934928894,true,true,false,false,2,"Filtered: Vision YOLO Rejected (No pothole in photo)"
36403851755920,NaN,NaN,0.0,0.16737081110477448,10.260290575027465,4.149530600737108,5.22111439704895,true,true,false,false,2,"Filtered: Vision YOLO Rejected (No pothole in photo)"
36403861749231,NaN,NaN,0.0,0.5980760455131531,10.514665985107422,4.1533538119801054,5.484514427185059,true,true,false,false,2,"Filtered: Sharp turning / cornering (|yaw| > 0.3)"
36403871742703,NaN,NaN,0.0,0.9579389095306396,9.665711879730225,4.170636973440402,5.082871913909912,true,true,false,false,2,"Filtered: Sharp turning / cornering (|yaw| > 0.3)"
36403881736010,NaN,NaN,0.0,1.1887410879135132,7.850016641616821,4.180956913658188,4.140688705444336,true,true,false,false,2,"Filtered: Sharp turning / cornering (|yaw| > 0.3)"
36403891729236,NaN,NaN,0.0,1.3034814596176147,5.144558310508728,4.1784265983202165,2.728326940536499,true,false,false,false,1,"Failed 2-vote rule (Got 1)"
36403921709209,NaN,NaN,0.0,0.9712231159210205,4.8980773210525514,4.1887256783545315,2.0409871101379395,false,false,false,false,0,"Failed 2-vote rule (Got 0)"
36403931702661,NaN,NaN,0.0,0.5781286358833313,7.635691618919373,4.200129947701458,3.3224846839904787,true,false,false,false,1,"Failed 2-vote rule (Got 1)"
36403941695955,NaN,NaN,0.0,0.11704254150390625,9.435141944885254,4.192543072209793,4.214027547836304,true,true,false,false,2,"Filtered: Vision YOLO Rejected (No pothole in photo)"
36403951689419,NaN,NaN,0.0,-0.2776716351509094,10.227496767044068,4.169959409463712,4.742982339859009,true,true,false,false,2,"Filtered: Vision YOLO Rejected (No pothole in photo)"
36403961682656,NaN,NaN,0.0,-0.5607998371124268,9.994089508056641,4.131110615394812,4.911217594146729,true,true,false,false,2,"Filtered: Sharp turning / cornering (|yaw| > 0.3)"
36403971675974,NaN,NaN,0.0,-0.7679774165153503,8.834441328048705,4.098687831371326,4.69375262260437,true,true,false,false,2,"Filtered: Sharp turning / cornering (|yaw| > 0.3)"
36403981669433,NaN,NaN,0.0,-0.9165645837783813,6.894977521896362,4.092832653126036,4.166650581359863,true,true,false,false,2,"Filtered: Sharp turning / cornering (|yaw| > 0.3)"
36403991662751,NaN,NaN,0.0,-0.966062605381012,4.473883879184722,4.093996774253374,3.342558491230011,false,false,false,false,0,"Failed 2-vote rule (Got 0)"
36404021642753,NaN,NaN,0.0,-0.5102466344833374,3.6916553616523746,3.9356553891929855,0.36917067766189576,false,false,false,false,0,"Failed 2-vote rule (Got 0)"
36404031636243,NaN,NaN,0.0,-0.2965050935745239,5.79335743188858,3.771614471067837,1.5793298840522767,true,false,false,false,1,"Failed 2-vote rule (Got 1)"
36404041629543,NaN,NaN,0.0,-0.08107559382915497,7.277681756019593,3.5714101588756666,2.5346994161605836,true,false,false,false,1,"Failed 2-vote rule (Got 1)"
36404051623010,NaN,NaN,0.0,0.10982921719551086,8.014291882514954,3.4131123338199,3.103074288368225,true,false,false,false,1,"Failed 2-vote rule (Got 1)"
36404061616318,NaN,NaN,0.0,0.28562620282173157,7.960835933685303,3.303779087071353,3.2670833110809325,true,false,false,false,1,"Failed 2-vote rule (Got 1)"
36404071609569,NaN,NaN,0.0,0.4321729838848114,7.22038197517395,3.2448168026764237,3.053731393814087,true,false,false,false,1,"Failed 2-vote rule (Got 1)"
36404081603029,NaN,NaN,0.0,0.5573468804359436,5.850133609771728,3.2313101180232597,2.5075751185417174,true,false,false,false,1,"Failed 2-vote rule (Got 1)"
36404091596332,NaN,NaN,0.0,0.6170067191123962,3.9767660856246945,3.2370786375174876,1.7600083470344543,false,false,false,false,0,"Failed 2-vote rule (Got 0)"
36404131569822,NaN,NaN,0.0,0.006774958223104477,3.2352998852729797,2.8071289651478946,0.7006004691123963,false,false,false,false,0,"Failed 2-vote rule (Got 0)"
36404141563117,NaN,NaN,0.0,-0.11316655576229095,4.021938216686249,2.5819894415521314,0.9188639283180237,false,false,false,false,0,"Failed 2-vote rule (Got 0)"
36404151556334,NaN,NaN,0.0,-0.16776923835277557,4.237801599502563,2.317582007075069,0.9707182884216309,false,false,false,false,0,"Failed 2-vote rule (Got 0)"
36404161549790,NaN,NaN,0.0,-0.1799544095993042,3.9529513061046604,2.0427290665618036,0.8992199122905731,false,false,false,false,0,"Failed 2-vote rule (Got 0)"
36404171543103,NaN,NaN,0.0,-0.15514689683914185,3.251568382978439,1.8354663613807716,0.7439932644367218,false,false,false,false,0,"Failed 2-vote rule (Got 0)"
36410287518561,NaN,NaN,0.0,0.4565455913543701,2.62358073592186,1.0527254495473868,0.44618645310401917,false,false,false,false,0,"Failed 2-vote rule (Got 0)"
36410297512013,NaN,NaN,0.0,0.3857922852039337,2.8867240369319913,1.09555498650584,0.36666904091835023,false,false,false,false,0,"Failed 2-vote rule (Got 0)"
36410307505568,NaN,NaN,0.0,0.3588699698448181,2.893705576658249,1.1354441468804595,0.3823086082935333,false,false,false,false,0,"Failed 2-vote rule (Got 0)"
36410317498888,NaN,NaN,0.0,0.38807663321495056,2.6635153770446776,1.171774151310186,0.4147454261779785,false,false,false,false,0,"Failed 2-vote rule (Got 0)"
36411526712957,NaN,NaN,0.0,-0.11658944189548492,2.6954820454120636,1.1941110710341865,2.653016996383667,false,false,false,false,0,"Failed 2-vote rule (Got 0)"
36411536706497,NaN,NaN,0.0,0.20582282543182373,2.8451845705509187,1.1951842014489622,2.4628331899642943,false,false,false,false,0,"Failed 2-vote rule (Got 0)"
36411546699959,NaN,NaN,0.0,0.49921897053718567,2.615159970521927,1.193816034128116,2.030859851837158,false,false,false,false,0,"Failed 2-vote rule (Got 0)"
36411596667433,NaN,NaN,0.0,0.47370511293411255,2.8422737568616867,1.4319566189118913,0.7860747665166855,false,false,false,false,0,"Failed 2-vote rule (Got 0)"
36411606660974,NaN,NaN,0.0,0.3041937053203583,3.465023922920227,1.4636044835243502,0.938189435005188,false,false,false,false,0,"Failed 2-vote rule (Got 0)"
36411616654492,NaN,NaN,0.0,0.15155842900276184,3.5314473867416383,1.4743590806694569,0.8784303903579712,false,false,false,false,0,"Failed 2-vote rule (Got 0)"
36411626648022,NaN,NaN,0.0,0.03199256956577301,3.1607827007770535,1.4599505045512948,0.6979495108127594,false,false,false,false,0,"Failed 2-vote rule (Got 0)"
36411636641560,NaN,NaN,0.0,-0.04222002625465393,2.5134205281734467,1.4295383197784433,0.48256067633628846,false,false,false,false,0,"Failed 2-vote rule (Got 0)"
36412146311266,NaN,NaN,0.0,-0.8264744281768799,2.7514776945114137,1.2934259048791874,3.857232093811035,false,false,false,false,0,"Failed 2-vote rule (Got 0)"
36412156304804,NaN,NaN,0.0,-0.5994095206260681,3.2005462765693666,1.3819867253268798,4.216698169708252,false,true,false,false,1,"Failed 2-vote rule (Got 1)"
36412166298348,NaN,NaN,0.0,-0.3519406020641327,3.3771568894386292,1.4230890919687564,4.251507759094238,false,true,false,false,1,"Failed 2-vote rule (Got 1)"
36412176291900,NaN,NaN,0.0,-0.1576804220676422,3.2340937614440914,1.4259542384373758,3.9825110912322996,false,true,false,false,1,"Failed 2-vote rule (Got 1)"
36412186285468,NaN,NaN,0.0,-0.08118793368339539,2.6950437784194943,1.4240048386112427,3.47985463142395,false,false,false,false,0,"Failed 2-vote rule (Got 0)"
36412236252940,NaN,NaN,0.0,-0.6412804126739502,2.5644563317298887,1.4172496574104738,1.2927757620811462,false,false,false,false,0,"Failed 2-vote rule (Got 0)"
36412246246479,NaN,NaN,0.0,-0.7629948854446411,2.81224182844162,1.4021868963322606,1.404456341266632,false,false,false,false,0,"Failed 2-vote rule (Got 0)"
36412256240017,NaN,NaN,0.0,-0.8052982091903687,2.6689759254455567,1.3804550261842699,1.5825318336486816,false,false,false,false,0,"Failed 2-vote rule (Got 0)"
36412376162482,NaN,NaN,0.0,0.8005271553993225,3.396739971637726,1.6259076988974686,1.2708744406700134,false,false,false,false,0,"Failed 2-vote rule (Got 0)"
36412386155949,NaN,NaN,0.0,0.6794544458389282,4.514682006835937,1.9523405882501894,2.1725175857543944,false,false,false,false,0,"Failed 2-vote rule (Got 0)"
36412396149472,NaN,NaN,0.0,0.5286110639572144,5.684609031677246,2.3266797589238277,3.1148987770080567,true,false,false,false,1,"Failed 2-vote rule (Got 1)"
36412406143008,NaN,NaN,0.0,0.3733927607536316,6.740319490432739,2.716923335167327,4.054998970031738,true,true,false,false,2,"Filtered: Sharp turning / cornering (|yaw| > 0.3)"
36412416136544,NaN,NaN,0.0,0.20797383785247803,7.465559053421021,3.0886062839016457,4.934212589263916,true,true,false,false,2,"Filtered: Vision YOLO Rejected (No pothole in photo)"
36412426130088,NaN,NaN,0.0,0.0361030176281929,7.857762491703033,3.413655461574177,5.752313232421875,true,true,false,false,2,"Filtered: Vision YOLO Rejected (No pothole in photo)"
36412436123631,NaN,NaN,0.0,-0.19324393570423126,7.9723668694496155,3.6969871132138126,6.512593364715576,true,true,false,false,2,"Filtered: Vision YOLO Rejected (No pothole in photo)"
36412446117199,NaN,NaN,0.0,-0.4295464754104614,7.649403727054596,3.8885230573771867,7.033579349517822,true,true,false,false,2,"Filtered: Sharp turning / cornering (|yaw| > 0.3)"
36412456110746,NaN,NaN,0.0,-0.7123591303825378,7.039705669879913,4.021768798415866,7.382105350494385,true,true,false,false,2,"Filtered: Sharp turning / cornering (|yaw| > 0.3)"
36412466104270,NaN,NaN,0.0,-1.0579159259796143,6.315484201908111,4.09009040860467,7.586358642578125,true,true,false,false,2,"Filtered: Sharp turning / cornering (|yaw| > 0.3)"
36412476097822,NaN,NaN,0.0,-1.3368507623672485,5.426793766021729,4.0528378506812075,7.599311351776123,true,true,false,false,2,"Filtered: Sharp turning / cornering (|yaw| > 0.3)"
36412486091332,NaN,NaN,0.0,-1.6148056983947754,4.25349702835083,3.8997991910368546,7.368395805358887,false,true,false,false,1,"Failed 2-vote rule (Got 1)"
36412496084904,NaN,NaN,0.0,-1.9731510877609253,2.8792148590087896,3.6286859733439347,6.9342138290405275,false,true,false,false,1,"Failed 2-vote rule (Got 1)"
36412506078443,NaN,NaN,0.0,-2.324718713760376,1.2001674652099608,3.270396462866023,6.134380054473877,false,true,false,false,1,"Failed 2-vote rule (Got 1)"
36412516071981,NaN,NaN,0.0,-2.3784751892089844,0.9873699069023125,2.993706423481499,4.764943325519562,false,true,false,false,1,"Failed 2-vote rule (Got 1)"
36412526065520,NaN,NaN,0.0,-2.2921741008758545,3.507753765583038,2.9939926917968136,3.004839599132538,false,false,false,false,0,"Failed 2-vote rule (Got 0)"
36412536059053,NaN,NaN,0.0,-1.9776991605758667,6.107352364063263,3.327629542299842,0.9262269854545593,true,false,false,false,1,"Failed 2-vote rule (Got 1)"
36412546052582,NaN,NaN,0.0,-1.4245659112930298,8.709211647510529,3.9073064182561823,1.3271062970161438,true,false,false,false,1,"Failed 2-vote rule (Got 1)"
36412556046130,NaN,NaN,0.0,-0.7658627033233643,11.02391835451126,4.53536457699343,3.437559711933136,true,false,false,false,1,"Failed 2-vote rule (Got 1)"
36412566039649,NaN,NaN,0.0,-0.07506009936332703,12.605335640907288,5.081169564104974,5.006024289131164,true,true,true,false,3,"Filtered: Vision YOLO Rejected (No pothole in photo)"
36412576033192,NaN,NaN,0.0,0.5956481099128723,13.298361015319824,5.465560049429131,5.929965209960938,true,true,true,false,3,"Filtered: Sharp turning / cornering (|yaw| > 0.3)"
36412586026740,NaN,NaN,0.0,1.2378730773925781,13.049621486663819,5.68239893626986,6.115407657623291,true,true,true,false,3,"Filtered: Sharp turning / cornering (|yaw| > 0.3)"
36412596020293,NaN,NaN,0.0,1.7859610319137573,11.7518159866333,5.764289413178669,5.617435932159424,true,true,true,false,3,"Filtered: Sharp turning / cornering (|yaw| > 0.3)"
36412606013831,NaN,NaN,0.0,2.163024663925171,9.440837490558625,5.739823588723042,4.675894165039063,true,true,true,false,3,"Filtered: Sharp turning / cornering (|yaw| > 0.3)"
36412616007370,NaN,NaN,0.0,2.340972423553467,6.466356742382049,5.625257718379835,3.4615171432495115,true,false,true,false,2,"Filtered: Sharp turning / cornering (|yaw| > 0.3)"
36412626000894,NaN,NaN,0.0,2.296426296234131,3.105414804816246,5.442289184911881,2.1791878193616867,false,false,true,false,1,"Failed 2-vote rule (Got 1)"
36412635994404,NaN,NaN,0.0,2.0383613109588623,0.36602560579776766,5.197189460602322,0.9610806912183761,false,false,true,false,1,"Failed 2-vote rule (Got 1)"
36412645987942,NaN,NaN,0.0,1.6448509693145752,3.6438966423273085,4.951182780040574,0.20633693039417267,false,false,false,false,0,"Failed 2-vote rule (Got 0)"
36412655981491,NaN,NaN,0.0,1.2030588388442993,6.2162159234285355,4.683112951200598,1.2101916342973709,true,false,false,false,1,"Failed 2-vote rule (Got 1)"
36412665975029,NaN,NaN,0.0,0.7895156741142273,7.899867489933968,4.385666690611468,1.9699022799730301,true,false,false,false,1,"Failed 2-vote rule (Got 1)"
36412675968549,NaN,NaN,0.0,0.35078537464141846,8.683670902252198,4.112685669983442,2.5682632446289064,true,false,false,false,1,"Failed 2-vote rule (Got 1)"
36412685962086,NaN,NaN,0.0,0.03693385049700737,8.606511116027832,3.8886256283500678,2.989075183868408,true,false,false,false,1,"Failed 2-vote rule (Got 1)"
36412695955612,NaN,NaN,0.0,-0.14169618487358093,7.836357593536377,3.745468482907532,3.1604634284973145,true,false,false,false,1,"Failed 2-vote rule (Got 1)"
36412705949163,NaN,NaN,0.0,-0.35583755373954773,6.691204309463501,3.717464607708448,3.2296871662139894,true,false,false,false,1,"Failed 2-vote rule (Got 1)"
36412715942693,NaN,NaN,0.0,-0.6298807263374329,5.458328101038933,3.803576923726136,3.279140281677246,true,false,false,false,1,"Failed 2-vote rule (Got 1)"
36412725936217,NaN,NaN,0.0,-0.9195117354393005,4.218429467082023,3.893160141099434,3.2573487758636475,false,false,false,false,0,"Failed 2-vote rule (Got 0)"
36412735929756,NaN,NaN,0.0,-1.2504221200942993,2.9577436417341234,3.8926912262371665,3.164080572128296,false,false,false,false,0,"Failed 2-vote rule (Got 0)"
36412785897448,NaN,NaN,0.0,-2.34384822845459,3.160208487510681,2.4020275351783527,2.5494098663330077E-4,false,false,false,false,0,"Failed 2-vote rule (Got 0)"
36412795891001,NaN,NaN,0.0,-1.5896952152252197,4.96757276058197,2.6839308246525633,1.737885594367981,false,false,false,false,0,"Failed 2-vote rule (Got 0)"
36412805884558,NaN,NaN,0.0,-0.6423013210296631,6.826419758796692,3.0747614033916455,3.547279477119446,true,false,false,false,1,"Failed 2-vote rule (Got 1)"
36412815878097,NaN,NaN,0.0,0.28484275937080383,8.073638534545898,3.4113879790750326,4.816289758682251,true,true,false,false,2,"Filtered: Vision YOLO Rejected (No pothole in photo)"
36412825871635,NaN,NaN,0.0,1.1460597515106201,8.647186613082887,3.6491745308727035,5.48310604095459,true,true,false,false,2,"Filtered: Sharp turning / cornering (|yaw| > 0.3)"
36412835865159,NaN,NaN,0.0,1.8711131811141968,8.58840970993042,3.7770900604262736,5.5191878318786625,true,true,false,false,2,"Filtered: Sharp turning / cornering (|yaw| > 0.3)"
36412845858707,NaN,NaN,0.0,2.342128276824951,7.94205994606018,3.8008312010624588,4.981038427352905,true,true,false,false,2,"Filtered: Sharp turning / cornering (|yaw| > 0.3)"
36412855852260,NaN,NaN,0.0,2.4699325561523438,6.485302925109863,3.754340920106231,4.08018729686737,true,true,false,false,2,"Filtered: Sharp turning / cornering (|yaw| > 0.3)"
36412865845803,NaN,NaN,0.0,2.3393850326538086,4.354329633712768,3.6804454231215944,2.9536051988601684,false,false,false,false,0,"Failed 2-vote rule (Got 0)"
36412895826424,NaN,NaN,0.0,0.9376913905143738,4.71331627368927,3.605436123887152,1.1660367965698242,false,false,false,false,0,"Failed 2-vote rule (Got 0)"
36412905819962,NaN,NaN,0.0,0.4834522008895874,7.285261702537536,3.6939704149059978,2.4689719438552857,true,false,false,false,1,"Failed 2-vote rule (Got 1)"
36412915813500,NaN,NaN,0.0,0.08695203065872192,8.978998351097108,3.791688196397406,3.495892310142517,true,false,false,false,1,"Failed 2-vote rule (Got 1)"
36412925807024,NaN,NaN,0.0,-0.22358794510364532,9.64968376159668,3.8687808362383835,4.130495929718018,true,true,false,false,2,"Filtered: Vision YOLO Rejected (No pothole in photo)"
36412935800625,NaN,NaN,0.0,-0.4243541359901428,9.434339141845703,3.9418956169055446,4.453300714492798,true,true,false,false,2,"Filtered: Sharp turning / cornering (|yaw| > 0.3)"
36412945794166,NaN,NaN,0.0,-0.5810765624046326,8.58967559337616,4.006395380464333,4.509488296508789,true,true,false,false,2,"Filtered: Sharp turning / cornering (|yaw| > 0.3)"
36412955787718,NaN,NaN,0.0,-0.7351759672164917,7.27601191997528,4.050495156306574,4.3224067211151125,true,true,false,false,2,"Filtered: Sharp turning / cornering (|yaw| > 0.3)"
36412965781257,NaN,NaN,0.0,-0.906938374042511,5.596265411376953,4.107294571786046,3.9570735454559327,true,true,false,false,2,"Filtered: Sharp turning / cornering (|yaw| > 0.3)"
36412975774791,NaN,NaN,0.0,-1.0701080560684204,3.634290337562561,4.102094365487999,3.390151619911194,false,false,false,false,0,"Failed 2-vote rule (Got 0)"
36413005755387,NaN,NaN,0.0,-0.7738497853279114,3.3233960986137387,3.502485844947816,0.1724962115287781,false,false,false,false,0,"Failed 2-vote rule (Got 0)"
36413015748925,NaN,NaN,0.0,-0.2833872437477112,5.332804024219513,3.3287830449638656,1.2023080945014955,true,false,false,false,1,"Failed 2-vote rule (Got 1)"
36413025742464,NaN,NaN,0.0,0.243506520986557,6.83743976354599,3.243770856227829,2.384139049053192,true,false,false,false,1,"Failed 2-vote rule (Got 1)"
36413035736002,NaN,NaN,0.0,0.7253633141517639,7.719568252563477,3.219648387853883,3.2100799560546873,true,false,false,false,1,"Failed 2-vote rule (Got 1)"
36413045729541,NaN,NaN,0.0,1.1142305135726929,7.902725315093994,3.217803078944564,3.5803185939788817,true,false,false,false,1,"Failed 2-vote rule (Got 1)"
36413055723061,NaN,NaN,0.0,1.3568049669265747,7.4277484893798835,3.2345303769942824,3.4706749439239504,true,false,false,false,1,"Failed 2-vote rule (Got 1)"
36413065716590,NaN,NaN,0.0,1.425003170967102,6.360804653167724,3.263219529011947,2.970653033256531,true,false,false,false,1,"Failed 2-vote rule (Got 1)"
36413075710133,NaN,NaN,0.0,1.3262982368469238,4.8142600655555725,3.275937898449833,2.252542996406555,false,false,false,false,0,"Failed 2-vote rule (Got 0)"
36413085703677,NaN,NaN,0.0,1.0993891954421997,2.900568124651909,3.242454565796517,1.4290163844823838,false,false,false,false,0,"Failed 2-vote rule (Got 0)"
36413115684287,NaN,NaN,0.0,0.08909941464662552,3.065065959095955,2.8475386905639195,0.6809269100427627,false,false,false,false,0,"Failed 2-vote rule (Got 0)"
36413125677840,NaN,NaN,0.0,-0.21787936985492706,4.283764520287514,2.681261462094206,1.0736845642328263,false,false,false,false,0,"Failed 2-vote rule (Got 0)"
36413135671378,NaN,NaN,0.0,-0.46178871393203735,4.816657447814942,2.496922426601177,1.2363388538360596,false,false,false,false,0,"Failed 2-vote rule (Got 0)"
36413145664917,NaN,NaN,0.0,-0.6339142918586731,4.65424416065216,2.294471653827969,1.1835692167282104,false,false,false,false,0,"Failed 2-vote rule (Got 0)"
36413155658684,NaN,NaN,0.0,-0.7407179474830627,3.9200137197971348,2.100309810924898,0.9493606865406037,false,false,false,false,0,"Failed 2-vote rule (Got 0)"
36413165652217,NaN,NaN,0.0,-0.7623216509819031,2.8390469193458556,1.9425699579864815,0.5865039229393005,false,false,false,false,0,"Failed 2-vote rule (Got 0)"
36413215619886,NaN,NaN,0.0,-0.47272738814353943,3.044928541779518,1.7861383725255693,1.971243977546692,false,false,false,false,0,"Failed 2-vote rule (Got 0)"
36413225613424,NaN,NaN,0.0,-0.29674971103668213,3.644702911376953,1.6950991548257124,2.4083640575408936,false,false,false,false,0,"Failed 2-vote rule (Got 0)"
36413235606944,NaN,NaN,0.0,-0.06659205257892609,3.8003869771957395,1.595534934715824,2.616817760467529,false,false,false,false,0,"Failed 2-vote rule (Got 0)"
36413245600477,NaN,NaN,0.0,0.17784257233142853,3.472504979372024,1.5170756807697507,2.5231442928314207,false,false,false,false,0,"Failed 2-vote rule (Got 0)"
36413255594016,NaN,NaN,0.0,0.3463091254234314,2.76101268529892,1.4767594297152247,2.1745087623596193,false,false,false,false,0,"Failed 2-vote rule (Got 0)"
36413525419878,NaN,NaN,0.0,0.24015164375305176,2.776975309848785,1.6620066444637904,2.927127408981323,false,false,false,false,0,"Failed 2-vote rule (Got 0)"
36413535413402,NaN,NaN,0.0,-0.1035350039601326,3.2916516423225404,1.8020801158191833,3.5207963943481446,false,false,false,false,0,"Failed 2-vote rule (Got 0)"
36413545406945,NaN,NaN,0.0,-0.47574251890182495,3.749627470970154,1.8985273389521373,4.020825672149658,false,true,false,false,1,"Failed 2-vote rule (Got 1)"
36413555400464,NaN,NaN,0.0,-0.7905152440071106,4.02362596988678,1.9391327344089835,4.348067283630371,false,true,false,false,1,"Failed 2-vote rule (Got 1)"
36413565393984,NaN,NaN,0.0,-1.028887152671814,3.9801078557968137,1.9129144931949889,4.455061531066894,false,true,false,false,1,"Failed 2-vote rule (Got 1)"
36413575387541,NaN,NaN,0.0,-1.1992229223251343,3.529190063476562,1.8419272735483225,4.258966541290283,false,true,false,false,1,"Failed 2-vote rule (Got 1)"
36413585381093,NaN,NaN,0.0,-1.1893001794815063,2.6710432171821594,1.7633857580282335,3.789744520187378,false,false,false,false,0,"Failed 2-vote rule (Got 0)"
36413625355596,NaN,NaN,0.0,-0.24726319313049316,3.5600381374359134,1.9914619713634132,0.03924174308776855,false,false,false,false,0,"Failed 2-vote rule (Got 0)"
36413635349144,NaN,NaN,0.0,0.08002857118844986,4.878076100349426,2.1332369137317335,0.857250428199768,false,false,false,false,0,"Failed 2-vote rule (Got 0)"
36413645342678,NaN,NaN,0.0,0.44273167848587036,5.746502757072449,2.2433359711318688,1.3984354734420776,true,false,false,false,1,"Failed 2-vote rule (Got 1)"
36413655336192,NaN,NaN,0.0,0.779098629951477,6.0674005270004265,2.3223087757060705,1.6123389959335328,true,false,false,false,1,"Failed 2-vote rule (Got 1)"
36413665329741,NaN,NaN,0.0,1.0506569147109985,5.820059871673584,2.383460816863493,1.5610933303833008,true,false,false,false,1,"Failed 2-vote rule (Got 1)"
36413675323276,NaN,NaN,0.0,1.223956823348999,5.131522679328919,2.431157771949015,1.3417781591415405,true,false,false,false,1,"Failed 2-vote rule (Got 1)"
36413685316818,NaN,NaN,0.0,1.271968960762024,4.0647671818733215,2.4598499798291433,1.0147037386894227,false,false,false,false,0,"Failed 2-vote rule (Got 0)"
36413695310415,NaN,NaN,0.0,1.1580020189285278,2.705389910936356,2.465102697797029,0.6457217752933502,false,false,false,false,0,"Failed 2-vote rule (Got 0)"
36413745278362,NaN,NaN,0.0,0.06468509137630463,2.7292914628982547,1.8913532788771483,1.1169524669647217,false,false,false,false,0,"Failed 2-vote rule (Got 0)"
36413755271891,NaN,NaN,0.0,-0.019152682274580002,2.7825079441070555,1.6451567500658977,1.221414613723755,false,false,false,false,0,"Failed 2-vote rule (Got 0)"
36413765265191,NaN,NaN,0.0,-0.0792359709739685,2.537481164932251,1.3977588502981213,1.1957030057907105,false,false,false,false,0,"Failed 2-vote rule (Got 0)"
36417922601917,NaN,NaN,0.0,-0.06311870366334915,2.6174795746803285,1.079536418290648,0.6891591906547546,false,false,false,false,0,"Failed 2-vote rule (Got 0)"
36417932595689,NaN,NaN,0.0,-0.053438637405633926,2.7463227033615114,1.204418850770217,0.9939401626586915,false,false,false,false,0,"Failed 2-vote rule (Got 0)"
36417942589228,NaN,NaN,0.0,-0.02327878773212433,2.8050549030303955,1.3177351461413427,1.251339840888977,false,false,false,false,0,"Failed 2-vote rule (Got 0)"
36417952582830,NaN,NaN,0.0,0.0038742274045944214,2.760662865638733,1.4126641911372273,1.45421404838562,false,false,false,false,0,"Failed 2-vote rule (Got 0)"
36417962576602,NaN,NaN,0.0,0.027222802862524986,2.647579336166382,1.4848925007876705,1.6297162532806397,false,false,false,false,0,"Failed 2-vote rule (Got 0)"
36418582182516,NaN,NaN,0.0,0.11187847703695297,2.540281283855438,1.1480021685815667,0.20308479070663452,false,false,false,false,0,"Failed 2-vote rule (Got 0)"
36418592176049,NaN,NaN,0.0,0.06295417994260788,3.014291155338287,1.2613642285707072,0.6547167420387268,false,false,false,false,0,"Failed 2-vote rule (Got 0)"
36418602169819,NaN,NaN,0.0,0.039445169270038605,3.3164817810058596,1.3730285841779337,1.0667059898376465,false,false,false,false,0,"Failed 2-vote rule (Got 0)"
36418612163362,NaN,NaN,0.0,0.032408785074949265,3.412262332439423,1.476276386146455,1.3892507433891297,false,false,false,false,0,"Failed 2-vote rule (Got 0)"
36418622156995,NaN,NaN,0.0,0.02308349870145321,3.298190474510193,1.5540990917209891,1.5827561378479005,false,false,false,false,0,"Failed 2-vote rule (Got 0)"
36418632150762,NaN,NaN,0.0,0.02217717096209526,3.0482683181762695,1.6118908168910584,1.6685219287872315,false,false,false,false,0,"Failed 2-vote rule (Got 0)"
36418642144279,NaN,NaN,0.0,0.025035658851265907,2.7173593640327454,1.650867029461213,1.6867345809936523,false,false,false,false,0,"Failed 2-vote rule (Got 0)"
36420221143440,NaN,NaN,0.0,-0.5930792689323425,2.560483253002167,1.1818441405845297,1.5764596939086915,false,false,false,false,0,"Failed 2-vote rule (Got 0)"
36421020638527,NaN,NaN,0.0,-0.10459060221910477,2.5054749429225924,1.0439203446840657,2.128430461883545,false,false,false,false,0,"Failed 2-vote rule (Got 0)"
36421110581844,NaN,NaN,0.0,0.15962082147598267,2.8158814668655396,1.1093913218788085,0.6874510049819946,false,false,false,false,0,"Failed 2-vote rule (Got 0)"
36421120575455,NaN,NaN,0.0,0.07992095500230789,3.0617907762527468,1.1647128120280494,0.8820451021194458,false,false,false,false,0,"Failed 2-vote rule (Got 0)"
36421130569224,NaN,NaN,0.0,-0.04230574518442154,3.0675433635711666,1.224947202658583,1.008782434463501,false,false,false,false,0,"Failed 2-vote rule (Got 0)"
36421140562833,NaN,NaN,0.0,-0.1480499804019928,2.8809743165969848,1.284220491069049,1.0876379013061523,false,false,false,false,0,"Failed 2-vote rule (Got 0)"
36421150556679,NaN,NaN,0.0,-0.19147105515003204,2.510154277086258,1.3350843144717224,1.108090305328369,false,false,false,false,0,"Failed 2-vote rule (Got 0)"
36421370418107,NaN,NaN,0.0,-0.1182183176279068,2.6509990751743313,1.102501251269707,2.726427125930786,false,false,false,false,0,"Failed 2-vote rule (Got 0)"
36421380411722,NaN,NaN,0.0,-0.31619012355804443,2.700106883049011,1.1919065707813539,2.9626331329345703,false,false,false,false,0,"Failed 2-vote rule (Got 0)"
36421390405497,NaN,NaN,0.0,-0.4738205671310425,2.624427425861359,1.278899562427162,3.1432642459869387,false,false,false,false,0,"Failed 2-vote rule (Got 0)"
36421400399135,NaN,NaN,0.0,-0.5569337010383606,2.5392239034175876,1.37977559462021,3.3496570110321047,false,false,false,false,0,"Failed 2-vote rule (Got 0)"
36421430380304,NaN,NaN,0.0,-0.8283485770225525,2.2740516901016234,1.535071553287399,4.003555059432983,false,true,false,false,1,"Failed 2-vote rule (Got 1)"
36421440373919,NaN,NaN,0.0,-1.005123257637024,2.0201781034469604,1.486456595080827,4.099946784973144,false,true,false,false,1,"Failed 2-vote rule (Got 1)"
36421480348686,NaN,NaN,0.0,-2.093071222305298,3.0924310207366945,2.258733194457826,0.05083322525024414,false,false,false,false,0,"Failed 2-vote rule (Got 0)"
36421490342460,NaN,NaN,0.0,-2.219251871109009,5.894187021255494,3.3250535191175925,2.5445300102233888,true,false,false,false,1,"Failed 2-vote rule (Got 1)"
36421500336084,NaN,NaN,0.0,-1.9307242631912231,9.186477136611938,4.531267335320499,5.621190166473388,true,true,false,false,2,"Filtered: Sharp turning / cornering (|yaw| > 0.3)"
36421510329919,NaN,NaN,0.0,-1.0501388311386108,12.06675753593445,5.384985876815387,8.262354183197022,true,true,true,false,3,"Filtered: Sharp turning / cornering (|yaw| > 0.3)"
36421520323684,NaN,NaN,0.0,0.30628594756126404,13.764850950241089,5.777608198645655,9.761295890808105,true,true,true,false,3,"Filtered: Sharp turning / cornering (|yaw| > 0.3)"
36421530317284,NaN,NaN,0.0,1.7814480066299438,14.047440719604491,5.8835547640446455,9.947493934631348,true,true,true,false,3,"Filtered: Sharp turning / cornering (|yaw| > 0.3)"
36421540311029,NaN,NaN,0.0,3.025831460952759,12.661723423004151,5.858473313525319,8.762317657470703,true,true,true,false,3,"Filtered: Sharp turning / cornering (|yaw| > 0.3)"
36421550304645,NaN,NaN,0.0,3.5655484199523926,9.709568524360655,5.790849900054949,6.497261261940002,true,true,true,false,3,"Filtered: Sharp turning / cornering (|yaw| > 0.3)"
36421560298427,NaN,NaN,0.0,3.287529945373535,5.701564836502076,5.732114085356049,3.786934804916382,true,false,true,false,2,"Filtered: Sharp turning / cornering (|yaw| > 0.3)"
36421570292041,NaN,NaN,0.0,2.5333330631256104,1.646237850189209,5.673215929999843,1.5954046249389648,false,false,true,false,1,"Failed 2-vote rule (Got 1)"
36421580285790,NaN,NaN,0.0,1.6051137447357178,2.6916607856750487,5.652614128248019,0.14713077545166015,false,false,true,false,1,"Failed 2-vote rule (Got 1)"
36421590279400,NaN,NaN,0.0,0.7090588212013245,7.277712821960449,5.698129450219045,1.6565226554870605,true,false,true,false,2,"Filtered: Sharp turning / cornering (|yaw| > 0.3)"
36421600273167,NaN,NaN,0.0,0.24038386344909668,11.069284653663637,5.732005570565514,2.8069304704666136,true,false,true,false,2,"Filtered: Vision YOLO Rejected (No pothole in photo)"
36421610266768,NaN,NaN,0.0,0.1588619351387024,13.265485429763793,5.751768866486709,3.5041895389556883,true,false,true,false,2,"Filtered: Vision YOLO Rejected (No pothole in photo)"
36421620260537,NaN,NaN,0.0,0.24036121368408203,14.102462482452392,5.763393851284691,4.154968547821045,true,true,true,false,3,"Filtered: Vision YOLO Rejected (No pothole in photo)"
36421630254168,NaN,NaN,0.0,0.35651153326034546,13.317510223388672,5.7862618375385075,4.555192565917968,true,true,true,false,3,"Filtered: Sharp turning / cornering (|yaw| > 0.3)"
36421640248026,NaN,NaN,0.0,0.3906858563423157,11.125557351112366,5.827591563167405,4.6282960891723635,true,true,true,false,3,"Filtered: Sharp turning / cornering (|yaw| > 0.3)"
36421650241805,NaN,NaN,0.0,0.32625800371170044,8.496819257736206,5.919497947661189,4.709884452819824,true,true,true,false,3,"Filtered: Sharp turning / cornering (|yaw| > 0.3)"
36421660235420,NaN,NaN,0.0,0.034102536737918854,6.398009490966797,6.06064204192487,4.802604866027832,true,true,true,false,3,"Filtered: Vision YOLO Rejected (No pothole in photo)"
36421670229182,NaN,NaN,0.0,-0.5237159132957458,4.691838836669922,6.181349093866883,4.838969612121582,false,true,true,false,2,"Filtered: Sharp turning / cornering (|yaw| > 0.3)"
36421680222783,NaN,NaN,0.0,-1.2419166564941406,3.137364673614502,6.178545014763326,4.793887329101563,false,true,true,false,2,"Filtered: Sharp turning / cornering (|yaw| > 0.3)"
36421690216566,NaN,NaN,0.0,-1.957665205001831,1.7508612394332888,5.864495974440002,4.557791709899902,false,true,true,false,2,"Filtered: Hard braking / acceleration"
36421700210185,NaN,NaN,0.0,-2.3820958137512207,0.40531885623931885,5.048022752430973,3.909508395195007,false,false,true,false,1,"Failed 2-vote rule (Got 1)"
36421720197571,NaN,NaN,0.0,-2.008120536804199,3.11772186756134,3.176424992831742,1.4374706983566283,false,false,false,false,0,"Failed 2-vote rule (Got 0)"
36421730191321,NaN,NaN,0.0,-1.3276171684265137,5.182925915718079,3.1087642367384314,0.5546298265457154,true,false,false,false,1,"Failed 2-vote rule (Got 1)"
36421740185165,NaN,NaN,0.0,-0.5322774648666382,7.4306978464126585,3.5616316193768345,2.7208133935928345,true,false,false,false,1,"Failed 2-vote rule (Got 1)"
36421750178780,NaN,NaN,0.0,0.23436303436756134,9.37978458404541,4.080279024081898,4.577179718017578,true,true,false,false,2,"Filtered: Vision YOLO Rejected (No pothole in photo)"
36421760172559,NaN,NaN,0.0,0.8346601724624634,10.854129219055176,4.520478214563966,6.015159606933594,true,true,false,false,2,"Filtered: Sharp turning / cornering (|yaw| > 0.3)"
36421770166175,NaN,NaN,0.0,1.2702953815460205,11.551851177215577,4.805431763014622,6.757963848114014,true,true,false,false,2,"Filtered: Sharp turning / cornering (|yaw| > 0.3)"
36421780159941,NaN,NaN,0.0,1.562778115272522,11.134262371063233,4.93690923912249,6.57647066116333,true,true,false,false,2,"Filtered: Sharp turning / cornering (|yaw| > 0.3)"
36421790153547,NaN,NaN,0.0,1.711238980293274,9.635797619819641,4.914955561599122,5.726289224624634,true,true,false,false,2,"Filtered: Sharp turning / cornering (|yaw| > 0.3)"
36421800147305,NaN,NaN,0.0,1.706606388092041,7.382214808464051,4.818698118441067,4.48430986404419,true,true,false,false,2,"Filtered: Sharp turning / cornering (|yaw| > 0.3)"
36421810141151,NaN,NaN,0.0,1.5255169868469238,4.431347668170929,4.698974876557401,2.9938769698143006,false,false,false,false,0,"Failed 2-vote rule (Got 0)"
36421830128153,NaN,NaN,0.0,0.8176402449607849,2.705043351650238,4.4860028052024665,0.015770041942596437,false,false,false,false,0,"Failed 2-vote rule (Got 0)"
36421840121982,NaN,NaN,0.0,0.4339427053928375,5.746265995502472,4.394170533075316,1.1690862774848938,true,false,false,false,1,"Failed 2-vote rule (Got 1)"
36421850115737,NaN,NaN,0.0,0.09057797491550446,8.027390730381011,4.281303457637819,2.0122311234474184,true,false,false,false,1,"Failed 2-vote rule (Got 1)"
36421860109348,NaN,NaN,0.0,-0.18170160055160522,9.248952865600586,4.147794833911423,2.490989017486572,true,false,false,false,1,"Failed 2-vote rule (Got 1)"
36421870103132,NaN,NaN,0.0,-0.41425058245658875,9.228254652023315,4.010683862057929,2.651783990859985,true,false,false,false,1,"Failed 2-vote rule (Got 1)"
36421880096729,NaN,NaN,0.0,-0.5599859952926636,8.336275005340577,3.8916424279759223,2.6099857807159426,true,false,false,false,1,"Failed 2-vote rule (Got 1)"
36421890090499,NaN,NaN,0.0,-0.5889712572097778,6.970104122161866,3.8242595184356523,2.485794258117676,true,false,false,false,1,"Failed 2-vote rule (Got 1)"
36421900084114,NaN,NaN,0.0,-0.5206912755966187,5.315586507320404,3.8373205025681663,2.3217095375061034,true,false,false,false,1,"Failed 2-vote rule (Got 1)"
36421910077987,NaN,NaN,0.0,-0.3814055919647217,3.6090745568275455,3.8877250764831564,2.1681700468063356,false,false,false,false,0,"Failed 2-vote rule (Got 0)"
36424638367670,NaN,NaN,0.0,-0.10639265179634094,3.083949512243271,1.6735915278364115,2.4033052921295166,false,false,false,false,0,"Failed 2-vote rule (Got 0)"
36424648361267,NaN,NaN,0.0,0.08535413444042206,3.460763782262802,1.6279803187623958,2.293778109550476,false,false,false,false,0,"Failed 2-vote rule (Got 0)"
36424658355098,NaN,NaN,0.0,0.30859309434890747,3.3410424113273622,1.5334874248204076,1.9628552198410034,false,false,false,false,0,"Failed 2-vote rule (Got 0)"
36424668348867,NaN,NaN,0.0,0.5179896354675293,2.879870539903641,1.4525580824920818,1.5960994839668274,false,false,false,false,0,"Failed 2-vote rule (Got 0)"
36426037495099,NaN,NaN,0.0,-0.40052735805511475,2.571667569503188,1.4263429713170352,2.988615083694458,false,false,false,false,0,"Failed 2-vote rule (Got 0)"
36426047488948,NaN,NaN,0.0,-0.6009652614593506,2.732662034034729,1.522183020577727,3.340406036376953,false,false,false,false,0,"Failed 2-vote rule (Got 0)"
36426057482732,NaN,NaN,0.0,-0.6455275416374207,2.8812345743179324,1.608401043810596,3.6888365268707277,false,false,false,false,0,"Failed 2-vote rule (Got 0)"
36426067476574,NaN,NaN,0.0,-0.6340757012367249,2.9781907916069033,1.6515352648480341,4.023563098907471,false,true,false,false,1,"Failed 2-vote rule (Got 1)"
36426077470195,NaN,NaN,0.0,-0.65474933385849,2.890139925479889,1.6365447891743912,4.2209254741668705,false,true,false,false,1,"Failed 2-vote rule (Got 1)"
36426087464055,NaN,NaN,0.0,-0.7302367091178894,2.53147931098938,1.569389559418,4.194926166534424,false,true,false,false,1,"Failed 2-vote rule (Got 1)"
36426127439334,NaN,NaN,0.0,-1.3473682403564453,3.666242933273315,2.7112712945739115,0.6776278495788575,false,false,false,false,0,"Failed 2-vote rule (Got 0)"
36426137432945,NaN,NaN,0.0,-1.3160403966903687,6.625575733184815,3.6670890883795066,3.2851696968078614,true,false,false,false,1,"Failed 2-vote rule (Got 1)"
36426147426791,NaN,NaN,0.0,-1.0713696479797363,9.796918153762817,4.6058042171188545,6.10808162689209,true,true,false,false,2,"Filtered: Sharp turning / cornering (|yaw| > 0.3)"
36426157420576,NaN,NaN,0.0,-0.38659995794296265,12.617844772338866,5.300114561760856,8.594281673431396,true,true,true,false,3,"Filtered: Sharp turning / cornering (|yaw| > 0.3)"
36426167414406,NaN,NaN,0.0,0.4615921676158905,13.870256567001343,5.664255698888507,9.649331092834473,true,true,true,false,3,"Filtered: Sharp turning / cornering (|yaw| > 0.3)"
36426177408252,NaN,NaN,0.0,1.1935316324234009,13.975961780548095,5.834554998110798,9.781035614013671,true,true,true,false,3,"Filtered: Sharp turning / cornering (|yaw| > 0.3)"
36426187401863,NaN,NaN,0.0,1.7597017288208008,12.753178691864015,5.857727682019517,8.867679882049561,true,true,true,false,3,"Filtered: Sharp turning / cornering (|yaw| > 0.3)"
36426197395629,NaN,NaN,0.0,2.107084035873413,10.243169736862182,5.8002777088396025,7.053960657119751,true,true,true,false,3,"Filtered: Sharp turning / cornering (|yaw| > 0.3)"
36426207389463,NaN,NaN,0.0,2.1652724742889404,6.316228967905045,5.724960926050388,4.828469377756119,true,true,true,false,3,"Filtered: Sharp turning / cornering (|yaw| > 0.3)"
36426217383324,NaN,NaN,0.0,1.929986596107483,1.9408179104328156,5.687726637517143,2.618445760011673,false,false,true,false,1,"Failed 2-vote rule (Got 1)"
36426227376922,NaN,NaN,0.0,1.3980205059051514,2.73741928935051,5.681619068090144,0.5477504074573517,false,false,true,false,1,"Failed 2-vote rule (Got 1)"
36426237370776,NaN,NaN,0.0,0.7196422815322876,7.512087792158127,5.7413470640732,1.404006165266037,true,false,true,false,2,"Filtered: Sharp turning / cornering (|yaw| > 0.3)"
36426247364622,NaN,NaN,0.0,0.23031732439994812,11.573295801877975,5.812862200008081,2.979014128446579,true,false,true,false,2,"Filtered: Vision YOLO Rejected (No pothole in photo)"
36426257358381,NaN,NaN,0.0,-0.2267608642578125,13.848570132255555,5.888846532925342,4.199239039421082,true,true,true,false,3,"Filtered: Vision YOLO Rejected (No pothole in photo)"
36426267352219,NaN,NaN,0.0,-0.4745810329914093,14.921394777297973,6.004976719889898,5.140359163284302,true,true,true,false,3,"Filtered: Sharp turning / cornering (|yaw| > 0.3)"
36426277346065,NaN,NaN,0.0,-0.5968145132064819,14.74090223312378,6.145915851515375,5.873222351074219,true,true,true,false,3,"Filtered: Sharp turning / cornering (|yaw| > 0.3)"
36426287339694,NaN,NaN,0.0,-0.6222018003463745,13.189764547348023,6.272304233084553,6.135803890228272,true,true,true,false,3,"Filtered: Sharp turning / cornering (|yaw| > 0.3)"
36426297333550,NaN,NaN,0.0,-0.6932394504547119,10.965495878458023,6.387663721879451,6.1370265007019045,true,true,true,false,3,"Filtered: Sharp turning / cornering (|yaw| > 0.3)"
36426307327322,NaN,NaN,0.0,-0.8433511853218079,8.457360345125199,6.481640018137106,5.838914585113526,true,true,true,false,3,"Filtered: Sharp turning / cornering (|yaw| > 0.3)"
36426317321195,NaN,NaN,0.0,-1.00395667552948,5.661200839281083,6.48946814540371,5.113450431823731,true,true,true,false,3,"Filtered: Sharp turning / cornering (|yaw| > 0.3)"
36426327315041,NaN,NaN,0.0,-1.0621347427368164,2.51885923743248,6.336120704946619,3.922865402698517,false,true,true,false,2,"Filtered: Sharp turning / cornering (|yaw| > 0.3)"
36426337308651,NaN,NaN,0.0,-1.056105375289917,0.4215279757976531,5.963379619435455,2.557486152648926,false,false,true,false,1,"Failed 2-vote rule (Got 1)"
36426347302497,NaN,NaN,0.0,-0.9008215665817261,3.1032422780990605,5.350552052757221,1.0959967613220214,false,false,true,false,1,"Failed 2-vote rule (Got 1)"
36426357296286,NaN,NaN,0.0,-0.6687332987785339,5.516524839401245,4.667664180553611,0.37616567611694335,true,false,false,false,1,"Failed 2-vote rule (Got 1)"
36426367290122,NaN,NaN,0.0,-0.3922230899333954,7.614972114562988,4.193992273784126,1.7417497634887695,true,false,false,false,1,"Failed 2-vote rule (Got 1)"
36426377283725,NaN,NaN,0.0,-0.05573423206806183,8.880022823810577,3.9170420770022316,2.7442189335823057,true,false,false,false,1,"Failed 2-vote rule (Got 1)"
36426387277584,NaN,NaN,0.0,0.23717409372329712,9.59672145843506,3.863310370552698,3.4596949577331544,true,false,false,false,1,"Failed 2-vote rule (Got 1)"
36426397271416,NaN,NaN,0.0,0.4618699252605438,9.710605239868164,3.953815668874873,3.8716906547546386,true,false,false,false,1,"Failed 2-vote rule (Got 1)"
36426407265196,NaN,NaN,0.0,0.6193050742149353,9.014633178710938,4.069042693743491,3.901182746887207,true,false,false,false,1,"Failed 2-vote rule (Got 1)"
36426417259031,NaN,NaN,0.0,0.7077473402023315,7.470415222644807,4.14224780030108,3.547549819946289,true,false,false,false,1,"Failed 2-vote rule (Got 1)"
36426427252877,NaN,NaN,0.0,0.7541305422782898,5.475132989883424,4.152014693463559,2.9176468372344972,true,false,false,false,1,"Failed 2-vote rule (Got 1)"
36426437246490,NaN,NaN,0.0,0.7197262048721313,3.1861049234867096,4.066576956436066,2.090108162164688,false,false,false,false,0,"Failed 2-vote rule (Got 0)"
36426467227896,NaN,NaN,0.0,0.2804133892059326,3.2912196099758146,3.477018014832423,0.5470006763935089,false,false,false,false,0,"Failed 2-vote rule (Got 0)"
36426477221747,NaN,NaN,0.0,0.09111455827951431,4.661664086580276,3.174410959457614,1.2019691288471221,false,false,false,false,0,"Failed 2-vote rule (Got 0)"
36426487215363,NaN,NaN,0.0,-0.07878966629505157,5.558798730373383,2.894236833309905,1.687108075618744,true,false,false,false,1,"Failed 2-vote rule (Got 1)"
36426497209189,NaN,NaN,0.0,-0.2080215960741043,5.889389157295227,2.6449838140368667,1.98820641040802,true,false,false,false,1,"Failed 2-vote rule (Got 1)"
36426507202960,NaN,NaN,0.0,-0.27756983041763306,5.700758004188538,2.4836263842834003,2.1532081842422484,true,false,false,false,1,"Failed 2-vote rule (Got 1)"
36426517196820,NaN,NaN,0.0,-0.29261621832847595,5.113847255706787,2.431354595524452,2.19620041847229,true,false,false,false,1,"Failed 2-vote rule (Got 1)"
36426527190656,NaN,NaN,0.0,-0.28309366106987,4.203374606370926,2.4687960658376076,2.113266444206238,false,false,false,false,0,"Failed 2-vote rule (Got 0)"
36426537184264,NaN,NaN,0.0,-0.26159632205963135,3.0868376433849334,2.5034876458336224,1.9240337133407592,false,false,false,false,0,"Failed 2-vote rule (Got 0)"
36426607140844,NaN,NaN,0.0,0.05350315570831299,2.7465335488319393,1.3295377485181255,0.5503331303596497,false,false,false,false,0,"Failed 2-vote rule (Got 0)"
36426617134610,NaN,NaN,0.0,0.12445549666881561,2.8481311917304994,1.2161873783605268,0.7348647475242615,false,false,false,false,0,"Failed 2-vote rule (Got 0)"
36426627128454,NaN,NaN,0.0,0.17891588807106018,2.743614876270294,1.1914282052289444,0.8195811629295349,false,false,false,false,0,"Failed 2-vote rule (Got 0)"
36427686471421,NaN,NaN,0.0,0.40036019682884216,2.5053422331809996,1.069145057982438,1.2223148465156555,false,false,false,false,0,"Failed 2-vote rule (Got 0)"
36427696465192,NaN,NaN,0.0,0.42623764276504517,2.6693422198295593,1.248867556789561,1.6337690353393555,false,false,false,false,0,"Failed 2-vote rule (Got 0)"
36427706459021,NaN,NaN,0.0,0.33920788764953613,2.866265988349914,1.448087569034228,2.1213822841644285,false,false,false,false,0,"Failed 2-vote rule (Got 0)"
36427716452867,NaN,NaN,0.0,0.12424664199352264,3.0033389776945114,1.6102130364001965,2.5840356826782225,false,false,false,false,0,"Failed 2-vote rule (Got 0)"
36427726446704,NaN,NaN,0.0,-0.23807737231254578,3.1651864498853683,1.7565649394280494,3.056937599182129,false,false,false,false,0,"Failed 2-vote rule (Got 0)"
36427736440325,NaN,NaN,0.0,-0.632672131061554,3.3372523158788683,1.8726207914885178,3.493490791320801,false,false,false,false,0,"Failed 2-vote rule (Got 0)"
36427746434153,NaN,NaN,0.0,-0.9221117496490479,3.3936781615018843,1.9255141910683853,3.783217430114746,false,false,false,false,0,"Failed 2-vote rule (Got 0)"
36427756428001,NaN,NaN,0.0,-1.0519859790802002,3.2758303731679916,1.9173935682984504,3.9093132495880125,false,false,false,false,0,"Failed 2-vote rule (Got 0)"
36427766421843,NaN,NaN,0.0,-1.0980942249298096,3.0018054842948914,1.8482874989202231,3.9031301498413087,false,false,false,false,0,"Failed 2-vote rule (Got 0)"
36427816390992,NaN,NaN,0.0,-0.8176151514053345,4.839755189418793,2.6526121145840644,1.7828175902366639,false,false,false,false,0,"Failed 2-vote rule (Got 0)"
36427826384617,NaN,NaN,0.0,-0.6802923679351807,7.169863450527192,3.208077355788904,3.6763726592063906,true,false,false,false,1,"Failed 2-vote rule (Got 1)"
36427836378477,NaN,NaN,0.0,-0.3669372797012329,8.90017809867859,3.6411212180606927,5.116960668563843,true,true,false,false,2,"Filtered: Sharp turning / cornering (|yaw| > 0.3)"
36427846372323,NaN,NaN,0.0,0.06051914393901825,9.871187925338745,3.9073087105337163,5.961874675750733,true,true,false,false,2,"Filtered: Vision YOLO Rejected (No pothole in photo)"
36427856366151,NaN,NaN,0.0,0.49351003766059875,10.014263534545899,4.057614634475205,6.11113338470459,true,true,false,false,2,"Filtered: Sharp turning / cornering (|yaw| > 0.3)"
36427866360016,NaN,NaN,0.0,0.8466892242431641,9.283157110214233,4.127241312860797,5.659635734558106,true,true,false,false,2,"Filtered: Sharp turning / cornering (|yaw| > 0.3)"
36427876353777,NaN,NaN,0.0,1.1178457736968994,7.568460762500763,4.129761934757118,4.727111673355102,true,true,false,false,2,"Filtered: Sharp turning / cornering (|yaw| > 0.3)"
36427886347621,NaN,NaN,0.0,1.301774263381958,5.173654615879059,4.091706324683708,3.488993787765503,true,false,false,false,1,"Failed 2-vote rule (Got 1)"
36427916328922,NaN,NaN,0.0,0.9916425943374634,4.376009893417359,3.9954050571407476,0.699637234210968,false,false,false,false,0,"Failed 2-vote rule (Got 0)"
36427926322756,NaN,NaN,0.0,0.6880401968955994,7.113640320301056,4.012094196796647,1.9966796517372132,true,false,false,false,1,"Failed 2-vote rule (Got 1)"
36427936316597,NaN,NaN,0.0,0.3406020998954773,9.044671499729157,4.044415386227933,3.0827968239784242,true,false,false,false,1,"Failed 2-vote rule (Got 1)"
36427946310448,NaN,NaN,0.0,0.023468181490898132,9.971311664581298,4.081509370580036,3.860178279876709,true,false,false,false,1,"Failed 2-vote rule (Got 1)"
36427956304284,NaN,NaN,0.0,-0.23710520565509796,9.974637031555176,4.119511194096038,4.31500129699707,true,true,false,false,2,"Filtered: Vision YOLO Rejected (No pothole in photo)"
36427966298054,NaN,NaN,0.0,-0.42793792486190796,9.241620302200317,4.175528283762389,4.514508628845215,true,true,false,false,2,"Filtered: Sharp turning / cornering (|yaw| > 0.3)"
36427976291965,NaN,NaN,0.0,-0.5671666860580444,8.022164869308472,4.2574619125740245,4.533171081542969,true,true,false,false,2,"Filtered: Sharp turning / cornering (|yaw| > 0.3)"
36427986285840,NaN,NaN,0.0,-0.6746826171875,6.4822570204734795,4.35257894234907,4.336453485488891,true,true,false,false,2,"Filtered: Sharp turning / cornering (|yaw| > 0.3)"
36427996279626,NaN,NaN,0.0,-0.7378568649291992,4.684309709072113,4.390061691182175,3.9492936611175535,false,true,false,false,1,"Failed 2-vote rule (Got 1)"
36428006273467,NaN,NaN,0.0,-0.7472610473632812,2.6769400000572205,4.307350210991743,3.3765772342681886,false,false,false,false,0,"Failed 2-vote rule (Got 0)"
36428036254761,NaN,NaN,0.0,-0.4439096748828888,4.294833290576935,3.50589388977236,0.43465501070022583,false,false,false,false,0,"Failed 2-vote rule (Got 0)"
36428046248607,NaN,NaN,0.0,-0.3768516182899475,6.437681019306183,3.4842725498612657,2.1226797223091127,true,false,false,false,1,"Failed 2-vote rule (Got 1)"
36428056242439,NaN,NaN,0.0,-0.2309785634279251,8.191711723804474,3.600625350693206,3.677203094959259,true,false,false,false,1,"Failed 2-vote rule (Got 1)"
36428066236268,NaN,NaN,0.0,-0.017321951687335968,9.224485063552857,3.7345011193716315,4.691313982009888,true,true,false,false,2,"Filtered: Vision YOLO Rejected (No pothole in photo)"
36428076230037,NaN,NaN,0.0,0.21483275294303894,9.527550268173218,3.853853545340781,5.191096782684326,true,true,false,false,2,"Filtered: Vision YOLO Rejected (No pothole in photo)"
36428086223887,NaN,NaN,0.0,0.46340060234069824,9.002731323242188,3.9452925558824536,5.053437662124634,true,true,false,false,2,"Filtered: Sharp turning / cornering (|yaw| > 0.3)"
36428096217747,NaN,NaN,0.0,0.7085015773773193,7.746432447433472,3.9886227166621477,4.369855213165283,true,true,false,false,2,"Filtered: Sharp turning / cornering (|yaw| > 0.3)"
36428106211603,NaN,NaN,0.0,0.8979215621948242,5.7970907330513,3.9774701032274824,3.404054570198059,true,false,false,false,1,"Failed 2-vote rule (Got 1)"
36428116205451,NaN,NaN,0.0,0.9959166049957275,3.501530110836029,3.9053982427748237,2.3673680305480955,false,false,false,false,0,"Failed 2-vote rule (Got 0)"
36428146186734,NaN,NaN,0.0,0.42043691873550415,3.7739921867847444,3.4470269821874906,0.09678909182548523,false,false,false,false,0,"Failed 2-vote rule (Got 0)"
36428156180594,NaN,NaN,0.0,0.14112940430641174,5.305528658628464,3.2738215053063717,0.6142146766185761,true,false,false,false,1,"Failed 2-vote rule (Got 1)"
36428166174411,NaN,NaN,0.0,-0.048729363828897476,6.169652932882309,3.0955453676409763,0.9785561501979828,true,false,false,false,1,"Failed 2-vote rule (Got 1)"
36428176168172,NaN,NaN,0.0,-0.15404535830020905,6.245393443107606,2.9113862780652684,1.1919557809829713,true,false,false,false,1,"Failed 2-vote rule (Got 1)"
36428186162016,NaN,NaN,0.0,-0.2023872435092926,5.657589840888977,2.752197816324235,1.2877346277236938,true,false,false,false,1,"Failed 2-vote rule (Got 1)"
36428196155857,NaN,NaN,0.0,-0.20692852139472961,4.655544424057007,2.645280686474544,1.2514898538589478,false,false,false,false,0,"Failed 2-vote rule (Got 0)"
36428206149685,NaN,NaN,0.0,-0.17815247178077698,3.469872295856476,2.59414908092784,1.10250426530838,false,false,false,false,0,"Failed 2-vote rule (Got 0)"
36428885729807,NaN,NaN,0.0,-0.6267960667610168,2.724673789739609,1.3203506892945505,3.290082883834839,false,false,false,false,0,"Failed 2-vote rule (Got 0)"
36428895723646,NaN,NaN,0.0,-0.7724993228912354,3.038492441177368,1.4636394674674,3.7304062366485597,false,false,false,false,0,"Failed 2-vote rule (Got 0)"
36428905717474,NaN,NaN,0.0,-0.8692074418067932,3.2065187454223634,1.5423544792226165,4.035571336746216,false,true,false,false,1,"Failed 2-vote rule (Got 1)"
36428915711320,NaN,NaN,0.0,-0.925905168056488,2.9686292171478272,1.5169600373177892,3.9739763259887697,false,true,false,false,1,"Failed 2-vote rule (Got 1)"
36428955686488,NaN,NaN,0.0,-1.1974173784255981,4.837183344364166,3.081658069364498,2.506612265110016,false,false,false,false,0,"Failed 2-vote rule (Got 0)"
36428965680551,NaN,NaN,0.0,-1.0244380235671997,7.678610646724701,3.767413468216373,4.876666510105133,true,true,false,false,2,"Filtered: Sharp turning / cornering (|yaw| > 0.3)"
36428975674389,NaN,NaN,0.0,-0.6250852346420288,10.015153169631958,4.298895649969171,6.725070285797119,true,true,false,false,2,"Filtered: Sharp turning / cornering (|yaw| > 0.3)"
36428985668002,NaN,NaN,0.0,-0.041435182094573975,11.538744115829468,4.632972411068929,7.808337879180908,true,true,false,false,2,"Filtered: Vision YOLO Rejected (No pothole in photo)"
36428995661824,NaN,NaN,0.0,0.5388301610946655,12.078198289871215,4.818701205821171,8.042626953125,true,true,false,false,2,"Filtered: Sharp turning / cornering (|yaw| > 0.3)"
36429005655656,NaN,NaN,0.0,0.9824726581573486,11.53065996170044,4.910328718643166,7.55668363571167,true,true,false,false,2,"Filtered: Sharp turning / cornering (|yaw| > 0.3)"
36429015649503,NaN,NaN,0.0,1.2835909128189087,9.830490529537201,4.9222692085468625,6.561992359161377,true,true,false,false,2,"Filtered: Sharp turning / cornering (|yaw| > 0.3)"
36429025643349,NaN,NaN,0.0,1.4327385425567627,7.130609929561615,4.884748819753514,5.225694274902343,true,true,false,false,2,"Filtered: Sharp turning / cornering (|yaw| > 0.3)"
36429035637209,NaN,NaN,0.0,1.444659948348999,3.6602068901062013,4.830067847698657,3.7413976311683657,false,false,false,false,0,"Failed 2-vote rule (Got 0)"
36429055624901,NaN,NaN,0.0,1.0110254287719727,4.314021444320679,4.788649703914439,0.5626450657844544,false,false,false,false,0,"Failed 2-vote rule (Got 0)"
36429065618758,NaN,NaN,0.0,0.6746792197227478,7.715741908550262,4.820030477927125,0.9906716227531434,true,false,false,false,1,"Failed 2-vote rule (Got 1)"
36429075612614,NaN,NaN,0.0,0.35353517532348633,10.16180008649826,4.8634805432812005,2.353462207317352,true,false,false,false,1,"Failed 2-vote rule (Got 1)"
36429085606489,NaN,NaN,0.0,0.05542362108826637,11.516259717941285,4.914205173060253,3.4736327648162844,true,false,false,false,1,"Failed 2-vote rule (Got 1)"
36429095600335,NaN,NaN,0.0,-0.17919732630252838,11.899397468566894,4.980300866022374,4.342713832855225,true,true,false,false,2,"Filtered: Vision YOLO Rejected (No pothole in photo)"
36429105594181,NaN,NaN,0.0,-0.2932712733745575,11.453258037567139,5.054375534082918,4.8912656784057615,true,true,true,false,3,"Filtered: Vision YOLO Rejected (No pothole in photo)"
36429115587949,NaN,NaN,0.0,-0.3584050238132477,10.458412551879881,5.196704929892994,5.232718276977539,true,true,true,false,3,"Filtered: Sharp turning / cornering (|yaw| > 0.3)"
36429125581785,NaN,NaN,0.0,-0.42621833086013794,9.16737495660782,5.398088018061469,5.425977325439453,true,true,true,false,3,"Filtered: Sharp turning / cornering (|yaw| > 0.3)"
36429135575636,NaN,NaN,0.0,-0.5420531034469604,7.600731194019318,5.545323180116688,5.411122131347656,true,true,true,false,3,"Filtered: Sharp turning / cornering (|yaw| > 0.3)"
36429145569472,NaN,NaN,0.0,-0.7038542032241821,5.742924988269806,5.53526639849527,5.180279922485352,true,true,true,false,3,"Filtered: Sharp turning / cornering (|yaw| > 0.3)"
36429155563318,NaN,NaN,0.0,-0.8679620027542114,3.7855353474617006,5.290943969979574,4.776206970214844,false,true,true,false,2,"Filtered: Sharp turning / cornering (|yaw| > 0.3)"
36429165557180,NaN,NaN,0.0,-0.9300495386123657,1.5862401127815247,4.84423096112149,3.9397023200988768,false,true,false,false,1,"Failed 2-vote rule (Got 1)"
36429185544883,NaN,NaN,0.0,-1.05525541305542,3.1158998131752016,3.869770994122492,1.2268140196800232,false,false,false,false,0,"Failed 2-vote rule (Got 0)"
36429195538735,NaN,NaN,0.0,-1.0573996305465698,5.468536341190338,3.683985875866077,0.5772706627845764,true,false,false,false,1,"Failed 2-vote rule (Got 1)"
36429205532581,NaN,NaN,0.0,-0.8872326612472534,7.647116911411285,3.7163715448418597,2.4143986344337462,true,false,false,false,1,"Failed 2-vote rule (Got 1)"
36429215526182,NaN,NaN,0.0,-0.6029623746871948,9.354454004764555,3.9158780325605687,3.9284766793251036,true,true,false,false,2,"Filtered: Sharp turning / cornering (|yaw| > 0.3)"
36429225520258,NaN,NaN,0.0,-0.25641512870788574,10.459800386428832,4.17340757179683,5.048678255081176,true,true,false,false,2,"Filtered: Vision YOLO Rejected (No pothole in photo)"
36429235513872,NaN,NaN,0.0,0.07641777396202087,10.763640880584717,4.404613684799557,5.583360958099365,true,true,false,false,2,"Filtered: Vision YOLO Rejected (No pothole in photo)"
36429245507718,NaN,NaN,0.0,0.35126546025276184,10.299721336364746,4.564692845294152,5.523514366149902,true,true,false,false,2,"Filtered: Sharp turning / cornering (|yaw| > 0.3)"
36429255501569,NaN,NaN,0.0,0.5805662274360657,8.953757953643798,4.627966204053584,5.014055633544922,true,true,false,false,2,"Filtered: Sharp turning / cornering (|yaw| > 0.3)"
36429265495411,NaN,NaN,0.0,0.736175537109375,6.931255567073822,4.595917647895057,4.1732542514801025,true,true,false,false,2,"Filtered: Sharp turning / cornering (|yaw| > 0.3)"
36429275489250,NaN,NaN,0.0,0.8210517168045044,4.335020339488983,4.491898910307612,3.10820631980896,false,false,false,false,0,"Failed 2-vote rule (Got 0)"
36429305470807,NaN,NaN,0.0,0.5165542364120483,4.213445019721985,3.9841891125021576,0.2849683403968811,false,false,false,false,0,"Failed 2-vote rule (Got 0)"
36429315464677,NaN,NaN,0.0,0.2999216616153717,6.253589403629302,3.804760333256529,1.2049111485481263,true,false,false,false,1,"Failed 2-vote rule (Got 1)"
36429325458537,NaN,NaN,0.0,0.07599225640296936,7.467825424671172,3.619352999234558,1.8844644665718078,true,false,false,false,1,"Failed 2-vote rule (Got 1)"
36429335452392,NaN,NaN,0.0,-0.091451495885849,7.8660513877868645,3.46399755563785,2.342537021636963,true,false,false,false,1,"Failed 2-vote rule (Got 1)"
36429345446238,NaN,NaN,0.0,-0.19836527109146118,7.590072917938233,3.3476748490241426,2.5760172843933105,true,false,false,false,1,"Failed 2-vote rule (Got 1)"
36429355440084,NaN,NaN,0.0,-0.25315359234809875,6.773464107513428,3.280894904282192,2.600209856033325,true,false,false,false,1,"Failed 2-vote rule (Got 1)"
36429365433868,NaN,NaN,0.0,-0.26179778575897217,5.595718145370483,3.309549859178009,2.4875118255615236,true,false,false,false,1,"Failed 2-vote rule (Got 1)"
36429375427715,NaN,NaN,0.0,-0.248581662774086,4.24493283033371,3.365118016148712,2.290912389755249,false,false,false,false,0,"Failed 2-vote rule (Got 0)"
36429385421545,NaN,NaN,0.0,-0.23700900375843048,2.81476172208786,3.3834367934410654,2.0202286720275877,false,false,false,false,0,"Failed 2-vote rule (Got 0)"
36429445384596,NaN,NaN,0.0,-0.3073731064796448,2.6281294226646423,1.6206578414701118,0.027919566631317137,false,false,false,false,0,"Failed 2-vote rule (Got 0)"
36429455378437,NaN,NaN,0.0,-0.24886706471443176,2.8328462839126587,1.383955880347139,0.34533445835113524,false,false,false,false,0,"Failed 2-vote rule (Got 0)"
36429465372278,NaN,NaN,0.0,-0.16560202836990356,2.8765556871891023,1.280743294699697,0.5856432974338531,false,false,false,false,0,"Failed 2-vote rule (Got 0)"
36429475366119,NaN,NaN,0.0,-0.08230756223201752,2.7611152350902555,1.296751196860649,0.7408865630626679,false,false,false,false,0,"Failed 2-vote rule (Got 0)"
36429485359951,NaN,NaN,0.0,-0.0097237229347229,2.543754053115845,1.3575189125093383,0.832773995399475,false,false,false,false,0,"Failed 2-vote rule (Got 0)"
36433422945543,NaN,NaN,0.0,0.5849764347076416,2.640584523975849,1.0351440637329947,0.6327520206570625,false,false,false,false,0,"Failed 2-vote rule (Got 0)"
36433432939608,NaN,NaN,0.0,0.5736386179924011,2.9043528199195863,1.1644489713059727,0.9314891934394837,false,false,false,false,0,"Failed 2-vote rule (Got 0)"
36433442933465,NaN,NaN,0.0,0.5864492058753967,3.081370747089386,1.3055497896205464,1.2399606585502625,false,false,false,false,0,"Failed 2-vote rule (Got 0)"
36433452927312,NaN,NaN,0.0,0.6081132292747498,3.148708164691925,1.4486019816379658,1.565665590763092,false,false,false,false,0,"Failed 2-vote rule (Got 0)"
36433462921259,NaN,NaN,0.0,0.6177736520767212,3.1165844857692715,1.5778526462357394,1.8975072145462035,false,false,false,false,0,"Failed 2-vote rule (Got 0)"
36433472915105,NaN,NaN,0.0,0.619462788105011,3.0512314781546594,1.6982919766815379,2.2487366914749147,false,false,false,false,0,"Failed 2-vote rule (Got 0)"
36433482908937,NaN,NaN,0.0,0.5673554539680481,3.0141835436224937,1.8161094796347506,2.6298524856567385,false,false,false,false,0,"Failed 2-vote rule (Got 0)"
36433492903017,NaN,NaN,0.0,0.43183743953704834,3.0330203041434287,1.9232561899604703,3.035125398635864,false,false,false,false,0,"Failed 2-vote rule (Got 0)"
36433502896879,NaN,NaN,0.0,0.2011280357837677,3.193567882478237,2.0515803498835763,3.5320271492004394,false,false,false,false,0,"Failed 2-vote rule (Got 0)"
36433512890725,NaN,NaN,0.0,-0.10709777474403381,3.5065817043185232,2.1898193706128257,4.139333724975586,false,true,false,false,1,"Failed 2-vote rule (Got 1)"
36433522884663,NaN,NaN,0.0,-0.3959510028362274,3.8614258170127873,2.309037404575302,4.792915010452271,false,true,false,false,1,"Failed 2-vote rule (Got 1)"
36433532878485,NaN,NaN,0.0,-0.601479709148407,4.2203337311744695,2.4111753101912927,5.460294389724732,false,true,false,false,1,"Failed 2-vote rule (Got 1)"
36433542872533,NaN,NaN,0.0,-0.7247822284698486,4.531877171993256,2.487904253686313,6.097542762756348,false,true,false,false,1,"Failed 2-vote rule (Got 1)"
36433552866398,NaN,NaN,0.0,-0.8047478795051575,4.627968096733094,2.505086577462191,6.525475311279297,false,true,false,false,1,"Failed 2-vote rule (Got 1)"
36433562860314,NaN,NaN,0.0,-0.8180339932441711,4.4087705373764035,2.4575187330764923,6.657507228851318,false,true,false,false,1,"Failed 2-vote rule (Got 1)"
36433572854176,NaN,NaN,0.0,-0.8677799105644226,3.707236576080322,2.332820214345921,6.3370890617370605,false,true,false,false,1,"Failed 2-vote rule (Got 1)"
36433582848022,NaN,NaN,0.0,-0.8638577461242676,1.65785071849823,2.461425060845839,4.692976117134094,false,true,false,false,1,"Failed 2-vote rule (Got 1)"
36433602835936,NaN,NaN,0.0,-1.300492763519287,4.988163924217224,3.9334653701120184,0.8488301992416382,false,false,false,false,0,"Failed 2-vote rule (Got 0)"
36433612829873,NaN,NaN,0.0,-1.2754042148590088,9.009609055519103,4.876920161077363,4.216694045066833,true,true,false,false,2,"Filtered: Sharp turning / cornering (|yaw| > 0.3)"
36433622823720,NaN,NaN,0.0,-0.9179546236991882,12.9662255525589,5.749726156726469,7.505931162834168,true,true,true,false,3,"Filtered: Sharp turning / cornering (|yaw| > 0.3)"
36433632817566,NaN,NaN,0.0,-0.36577922105789185,15.581322765350341,6.3891402773750166,9.483780002593994,true,true,true,false,3,"Filtered: Sharp turning / cornering (|yaw| > 0.3)"
36433642811632,NaN,NaN,0.0,0.30220097303390503,17.027292251586914,6.826836546759707,10.501816940307616,true,true,true,false,3,"Filtered: Sharp turning / cornering (|yaw| > 0.3)"
36433652805555,NaN,NaN,0.0,1.0105303525924683,17.269884967803954,7.093754680016924,10.612377738952636,true,true,true,false,3,"Filtered: Sharp turning / cornering (|yaw| > 0.3)"
36433662799407,NaN,NaN,0.0,1.5834128856658936,16.346116256713866,7.227380489387652,10.009027194976806,true,true,true,false,3,"Filtered: Sharp turning / cornering (|yaw| > 0.3)"
36433672793239,NaN,NaN,0.0,1.9575862884521484,13.504820466041565,7.25042852258938,8.81184434890747,true,true,true,false,3,"Filtered: Sharp turning / cornering (|yaw| > 0.3)"
36433682787085,NaN,NaN,0.0,2.129631280899048,9.570143628120423,7.18806223628965,7.3492560386657715,true,true,true,false,3,"Filtered: Sharp turning / cornering (|yaw| > 0.3)"
36433692781142,NaN,NaN,0.0,2.1127514839172363,4.86149480342865,7.072102427562284,5.710325002670288,false,true,true,false,2,"Filtered: Sharp turning / cornering (|yaw| > 0.3)"
36433702774993,NaN,NaN,0.0,1.9503105878829956,0.25369485020637494,6.915983479122976,3.9629991948604584,false,true,true,false,2,"Filtered: Hard braking / acceleration"
36433712768932,NaN,NaN,0.0,1.678882122039795,5.371031981706619,6.741657314870108,2.1348991811275484,true,false,true,false,2,"Filtered: Sharp turning / cornering (|yaw| > 0.3)"
36433722762808,NaN,NaN,0.0,1.348280668258667,9.1475153028965,6.576270006770114,0.3362646996974945,true,false,true,false,2,"Filtered: Sharp turning / cornering (|yaw| > 0.3)"
36433732756882,NaN,NaN,0.0,0.9826905727386475,11.810660368204116,6.414991359615907,1.3088434278964995,true,false,true,false,2,"Filtered: Sharp turning / cornering (|yaw| > 0.3)"
36433742750730,NaN,NaN,0.0,0.6298866271972656,13.327793365716934,6.2610862778586664,2.7154156267642975,true,false,true,false,2,"Filtered: Sharp turning / cornering (|yaw| > 0.3)"
36433752744572,NaN,NaN,0.0,0.26363706588745117,13.972135782241821,6.192074657833221,3.9631085872650145,true,true,true,false,3,"Filtered: Vision YOLO Rejected (No pothole in photo)"
36433762738494,NaN,NaN,0.0,-0.048503369092941284,13.711185884475707,6.192008177499415,4.8993415355682375,true,true,true,false,3,"Filtered: Vision YOLO Rejected (No pothole in photo)"
36433772732369,NaN,NaN,0.0,-0.18412747979164124,13.03872652053833,6.363145031157082,5.689470481872559,true,true,true,false,3,"Filtered: Vision YOLO Rejected (No pothole in photo)"
36433782726446,NaN,NaN,0.0,-0.3805082440376282,12.050882863998414,6.739698033051605,6.340557861328125,true,true,true,false,3,"Filtered: Sharp turning / cornering (|yaw| > 0.3)"
36433792720288,NaN,NaN,0.0,-0.5449894666671753,10.76971611380577,7.010065797941191,6.8067169189453125,true,true,true,false,3,"Filtered: Sharp turning / cornering (|yaw| > 0.3)"
36433802714205,NaN,NaN,0.0,-0.7094433307647705,9.13774065375328,7.069060908981635,7.002841472625732,true,true,true,false,3,"Filtered: Sharp turning / cornering (|yaw| > 0.3)"
36433812708048,NaN,NaN,0.0,-0.8188955783843994,7.341921323537827,6.86756114010756,7.005656623840332,true,true,true,false,3,"Filtered: Sharp turning / cornering (|yaw| > 0.3)"
36433822702108,NaN,NaN,0.0,-0.9404154419898987,5.363291066884994,6.401784730976305,6.672134494781494,true,true,true,false,3,"Filtered: Sharp turning / cornering (|yaw| > 0.3)"
36433832695956,NaN,NaN,0.0,-1.1110613346099854,3.3388294637203213,5.801705373822895,6.054245090484619,false,true,true,false,2,"Filtered: Sharp turning / cornering (|yaw| > 0.3)"
36433842689873,NaN,NaN,0.0,-1.2246592044830322,1.122948408126831,5.117490353840444,5.0860569953918455,false,true,true,false,2,"Filtered: Hard braking / acceleration"
36433862677581,NaN,NaN,0.0,-1.2066624164581299,5.219481372833252,4.5095768167058,0.46998910903930663,true,false,false,false,1,"Failed 2-vote rule (Got 1)"
36433872671437,NaN,NaN,0.0,-1.09384024143219,8.642439270019532,4.777722286011409,2.3018814086914063,true,false,false,false,1,"Failed 2-vote rule (Got 1)"
36433882665504,NaN,NaN,0.0,-0.9718775153160095,11.892550563812256,5.276071949477305,5.085833644866943,true,true,true,false,3,"Filtered: Sharp turning / cornering (|yaw| > 0.3)"
36433892659351,NaN,NaN,0.0,-0.6185372471809387,14.458540725708009,5.790281949646173,7.455699253082275,true,true,true,false,3,"Filtered: Sharp turning / cornering (|yaw| > 0.3)"
36433902653249,NaN,NaN,0.0,-0.21683141589164734,15.40305290222168,6.168358934985596,8.397396278381347,true,true,true,false,3,"Filtered: Vision YOLO Rejected (No pothole in photo)"
36433912647056,NaN,NaN,0.0,0.20109090209007263,15.135956478118896,6.420610130554989,8.463821983337402,true,true,true,false,3,"Filtered: Vision YOLO Rejected (No pothole in photo)"
36433922641133,NaN,NaN,0.0,0.6639059782028198,13.922182559967041,6.548011532773995,7.867937469482422,true,true,true,false,3,"Filtered: Sharp turning / cornering (|yaw| > 0.3)"
36433932634979,NaN,NaN,0.0,1.0302610397338867,11.884756660461425,6.568674216789964,6.79869966506958,true,true,true,false,3,"Filtered: Sharp turning / cornering (|yaw| > 0.3)"
36433942628900,NaN,NaN,0.0,1.2893588542938232,8.500006914138794,6.504490494398611,5.482256460189819,true,true,true,false,3,"Filtered: Sharp turning / cornering (|yaw| > 0.3)"
36433952622744,NaN,NaN,0.0,1.3831443786621094,4.661950612068176,6.349486474198086,4.191961503028869,false,true,true,false,2,"Filtered: Sharp turning / cornering (|yaw| > 0.3)"
36433962616790,NaN,NaN,0.0,1.324424386024475,0.5886602699756622,6.150593781204023,2.8905416786670686,false,false,true,false,1,"Failed 2-vote rule (Got 1)"
36433972610647,NaN,NaN,0.0,1.1256513595581055,3.4905624330043787,5.889600106974353,1.595271211862564,false,false,true,false,1,"Failed 2-vote rule (Got 1)"
36433982604574,NaN,NaN,0.0,0.8374170660972595,7.1274483621120455,5.601336232701841,0.3282508909702301,true,false,true,false,2,"Filtered: Sharp turning / cornering (|yaw| > 0.3)"
36433992598422,NaN,NaN,0.0,0.5542465448379517,9.254758590459822,5.342152901122772,0.8573623120784759,true,false,true,false,2,"Filtered: Sharp turning / cornering (|yaw| > 0.3)"
36434002592507,NaN,NaN,0.0,0.3086414635181427,10.387784785032272,5.118933696358074,1.92396280169487,true,false,true,false,2,"Filtered: Sharp turning / cornering (|yaw| > 0.3)"
36434012586350,NaN,NaN,0.0,0.07538029551506042,10.68528254032135,4.969386683935699,2.817345070838928,true,false,false,false,1,"Failed 2-vote rule (Got 1)"
36434022580285,NaN,NaN,0.0,-0.10159497708082199,10.335301399230957,4.9117406518957525,3.536601734161377,true,false,false,false,1,"Failed 2-vote rule (Got 1)"
36434032574136,NaN,NaN,0.0,-0.17994099855422974,9.52065043449402,4.929800178274883,4.038393974304199,true,true,false,false,2,"Filtered: Vision YOLO Rejected (No pothole in photo)"
36434042567984,NaN,NaN,0.0,-0.18839401006698608,8.530135083198548,5.047991481705092,4.338173580169678,true,true,true,false,3,"Filtered: Vision YOLO Rejected (No pothole in photo)"
36434052562049,NaN,NaN,0.0,-0.1673489660024643,7.343936568498611,5.210756000374172,4.453394889831543,true,true,true,false,3,"Filtered: Vision YOLO Rejected (No pothole in photo)"
36434062555897,NaN,NaN,0.0,-0.1304928958415985,5.938201147317886,5.199666538552788,4.342929935455322,true,true,true,false,3,"Filtered: Vision YOLO Rejected (No pothole in photo)"
36434072549824,NaN,NaN,0.0,-0.10162927210330963,4.299976259469986,4.97178847809749,3.9717253684997558,false,true,false,false,1,"Failed 2-vote rule (Got 1)"
36434082543692,NaN,NaN,0.0,-0.11027191579341888,2.5108583748340605,4.532262501107239,3.3682206869125366,false,false,false,false,0,"Failed 2-vote rule (Got 0)"
36434112525505,NaN,NaN,0.0,-0.36566251516342163,2.587871253490448,2.972389374729462,0.9487304806709289,false,false,false,false,0,"Failed 2-vote rule (Got 0)"
36434122519432,NaN,NaN,0.0,-0.3724311590194702,3.853405487537384,2.6038293200573412,0.18498848676681517,false,false,false,false,0,"Failed 2-vote rule (Got 0)"
36434132513269,NaN,NaN,0.0,-0.3070930540561676,4.743596732616425,2.351646031115076,0.4054231524467468,false,false,false,false,0,"Failed 2-vote rule (Got 0)"
36434142507375,NaN,NaN,0.0,-0.18521401286125183,5.3247707962989805,2.2352824696374967,0.8713759064674378,true,false,false,false,1,"Failed 2-vote rule (Got 1)"
36434152501216,NaN,NaN,0.0,-0.0368344709277153,5.554358458518982,2.2346588742351523,1.2114285230636597,true,false,false,false,1,"Failed 2-vote rule (Got 1)"
36434162495130,NaN,NaN,0.0,0.08974415063858032,5.409411239624023,2.3163787140805128,1.4376858711242675,true,false,false,false,1,"Failed 2-vote rule (Got 1)"
36434172488971,NaN,NaN,0.0,0.15798205137252808,4.927285099029541,2.425365461293686,1.5590644121170043,false,false,false,false,0,"Failed 2-vote rule (Got 0)"
36434182482817,NaN,NaN,0.0,0.16594760119915009,4.191861772537232,2.5004719502402235,1.568919563293457,false,false,false,false,0,"Failed 2-vote rule (Got 0)"
36434192476899,NaN,NaN,0.0,0.14363719522953033,3.243361032009125,2.5175870215521745,1.4605377197265625,false,false,false,false,0,"Failed 2-vote rule (Got 0)"
36442257621207,NaN,NaN,0.0,0.4474475681781769,2.92086880505085,1.3592829745587036,2.517086887359619,false,false,false,false,0,"Failed 2-vote rule (Got 0)"
36442267615369,NaN,NaN,0.0,0.2566538155078888,3.3269886255264285,1.552220782011838,3.0705189228057863,false,false,false,false,0,"Failed 2-vote rule (Got 0)"
36442277609296,NaN,NaN,0.0,-0.05137304216623306,3.5508194506168365,1.665103292138643,3.438200044631958,false,false,false,false,0,"Failed 2-vote rule (Got 0)"
36442287603389,NaN,NaN,0.0,-0.3868376314640045,3.5106147825717926,1.7009954392365845,3.5538304805755616,false,false,false,false,0,"Failed 2-vote rule (Got 0)"
36442297597555,NaN,NaN,0.0,-0.6983797550201416,3.1167964220047,1.6786416329816238,3.3497201919555666,false,false,false,false,0,"Failed 2-vote rule (Got 0)"
36442347567699,NaN,NaN,0.0,-0.6243669390678406,4.243162488937378,2.2724553031742847,1.7260756015777587,false,false,false,false,0,"Failed 2-vote rule (Got 0)"
36442357561620,NaN,NaN,0.0,-0.3818148672580719,6.2170085430145265,2.7001828520835436,3.1464896202087402,true,false,false,false,1,"Failed 2-vote rule (Got 1)"
36442367555778,NaN,NaN,0.0,-0.14092567563056946,7.81559796333313,3.0847739550371758,4.377397918701172,true,true,false,false,2,"Filtered: Cooldown period active"
36442377549830,NaN,NaN,0.0,0.1257302612066269,8.769078540802003,3.3589405771191694,5.215248060226441,true,true,false,false,2,"Filtered: Cooldown period active"
36442387543756,NaN,NaN,0.0,0.3721672296524048,8.812803173065186,3.5082615602920573,5.463082981109619,true,true,false,false,2,"Filtered: Sharp turning / cornering (|yaw| > 0.3)"
36442397537923,NaN,NaN,0.0,0.5914915800094604,8.001372289657592,3.569022535871814,5.16843695640564,true,true,false,false,2,"Filtered: Sharp turning / cornering (|yaw| > 0.3)"
36442407531998,NaN,NaN,0.0,0.7862607836723328,6.396769094467164,3.572429769056517,4.376628589630127,true,true,false,false,2,"Filtered: Sharp turning / cornering (|yaw| > 0.3)"
36442417525913,NaN,NaN,0.0,0.9536516666412354,4.1917845726013185,3.5497975291527815,3.2208858489990235,false,false,false,false,0,"Failed 2-vote rule (Got 0)"
36442447508055,NaN,NaN,0.0,0.8302707672119141,3.8461952447891234,3.4873001962651857,0.6997056245803833,false,false,false,false,0,"Failed 2-vote rule (Got 0)"
36442457502109,NaN,NaN,0.0,0.5713533163070679,6.181287932395936,3.4741077527833992,1.803890013694763,true,false,false,false,1,"Failed 2-vote rule (Got 1)"
36442467496261,NaN,NaN,0.0,0.3042944669723511,7.909083008766174,3.474780090416856,2.6938349485397337,true,false,false,false,1,"Failed 2-vote rule (Got 1)"
36442477490156,NaN,NaN,0.0,0.07984637469053268,8.786733603477478,3.5018084572059474,3.323650622367859,true,false,false,false,1,"Failed 2-vote rule (Got 1)"
36442487484235,NaN,NaN,0.0,-0.08872838318347931,8.909010028839111,3.564685964676635,3.7405730724334716,true,false,false,false,1,"Failed 2-vote rule (Got 1)"
36442497478391,NaN,NaN,0.0,-0.22995536029338837,8.300859498977662,3.6461363940829172,3.9242309093475343,true,true,false,false,2,"Filtered: Cooldown period active"
36442507472319,NaN,NaN,0.0,-0.37272727489471436,7.091026020050049,3.7269922703543052,3.8701401710510255,true,false,false,false,1,"Failed 2-vote rule (Got 1)"
36442517466396,NaN,NaN,0.0,-0.49772876501083374,5.483123540878296,3.7880772686440176,3.602167272567749,true,false,false,false,1,"Failed 2-vote rule (Got 1)"
36442527460321,NaN,NaN,0.0,-0.6035380959510803,3.7033215761184692,3.803143156585519,3.1490819454193115,false,false,false,false,0,"Failed 2-vote rule (Got 0)"
36442567436581,NaN,NaN,0.0,-0.7389992475509644,3.886000955104828,3.060050608781518,0.562350332736969,false,false,false,false,0,"Failed 2-vote rule (Got 0)"
36442577430733,NaN,NaN,0.0,-0.6196981072425842,5.472659885883331,2.8971567351428043,1.7320868134498597,true,false,false,false,1,"Failed 2-vote rule (Got 1)"
36442587424872,NaN,NaN,0.0,-0.40012162923812866,6.757020258903504,2.913030429103755,2.832789349555969,true,false,false,false,1,"Failed 2-vote rule (Got 1)"
36442597418720,NaN,NaN,0.0,-0.13961732387542725,7.60857880115509,3.048592592236332,3.738438630104065,true,false,false,false,1,"Failed 2-vote rule (Got 1)"
36442607412872,NaN,NaN,0.0,0.10076451301574707,7.912241792678833,3.217154250354468,4.310074520111084,true,true,false,false,2,"Filtered: Vision YOLO Rejected (No pothole in photo)"
36442617407022,NaN,NaN,0.0,0.32133108377456665,7.592315149307251,3.3396896806938594,4.44323320388794,true,true,false,false,2,"Filtered: Sharp turning / cornering (|yaw| > 0.3)"
36442627400960,NaN,NaN,0.0,0.5062538385391235,6.625786554813384,3.396251063263777,4.153559255599975,true,true,false,false,2,"Filtered: Sharp turning / cornering (|yaw| > 0.3)"
36442637395042,NaN,NaN,0.0,0.6472218632698059,5.098992359638214,3.386922733700597,3.4932352542877196,true,false,false,false,1,"Failed 2-vote rule (Got 1)"
36442647388955,NaN,NaN,0.0,0.7188339233398438,3.1445012390613556,3.31811439818226,2.570278114080429,false,false,false,false,0,"Failed 2-vote rule (Got 0)"
36442677371106,NaN,NaN,0.0,0.5563688278198242,3.2066745340824125,2.9517208353513342,0.3738851845264435,false,false,false,false,0,"Failed 2-vote rule (Got 0)"
36442687365260,NaN,NaN,0.0,0.4406950771808624,4.939944940805435,2.8524713559736927,1.2015063107013702,false,false,false,false,0,"Failed 2-vote rule (Got 0)"
36442697359342,NaN,NaN,0.0,0.3124307692050934,6.2309571504592896,2.804152371419884,1.9208826303482056,true,false,false,false,1,"Failed 2-vote rule (Got 1)"
36442707353260,NaN,NaN,0.0,0.19477294385433197,6.999261808395386,2.8249041129944494,2.5560286045074463,true,false,false,false,1,"Failed 2-vote rule (Got 1)"
36442717347419,NaN,NaN,0.0,0.09565233439207077,7.252747344970703,2.9186466756072917,3.0991880893707275,true,false,false,false,1,"Failed 2-vote rule (Got 1)"
36442727341503,NaN,NaN,0.0,-0.013011440634727478,7.058590936660766,3.072342687560983,3.565355682373047,true,false,false,false,1,"Failed 2-vote rule (Got 1)"
36442737335428,NaN,NaN,0.0,-0.1662011742591858,6.513029569387436,3.253279635933336,3.9427514553070067,true,true,false,false,2,"Filtered: Vision YOLO Rejected (No pothole in photo)"
36442747329592,NaN,NaN,0.0,-0.3676959276199341,5.729133003950119,3.4100375382439965,4.182565212249756,true,true,false,false,2,"Filtered: Sharp turning / cornering (|yaw| > 0.3)"
36442757323676,NaN,NaN,0.0,-0.5599420070648193,4.80580660700798,3.495729427687861,4.256587123870849,false,true,false,false,1,"Failed 2-vote rule (Got 1)"
36442767317606,NaN,NaN,0.0,-0.6664343476295471,3.7867847144603726,3.4811559022469303,4.160669898986816,false,true,false,false,1,"Failed 2-vote rule (Got 1)"
36442777311764,NaN,NaN,0.0,-0.7645303010940552,2.6380726993083954,3.34211667688261,3.8395790100097655,false,false,false,false,0,"Failed 2-vote rule (Got 0)"
36442807293918,NaN,NaN,0.0,-1.3023161888122559,2.542138469219208,2.6812066232612737,0.5570496201515198,false,false,false,false,0,"Failed 2-vote rule (Got 0)"
36442817287963,NaN,NaN,0.0,-1.2795910835266113,4.979498136043548,2.9790560815666587,1.4141424536705016,false,false,false,false,0,"Failed 2-vote rule (Got 0)"
36442827282113,NaN,NaN,0.0,-1.000916838645935,7.45631388425827,3.48778002842546,3.5135624289512633,true,false,false,false,1,"Failed 2-vote rule (Got 1)"
36442837275975,NaN,NaN,0.0,-0.5944281220436096,9.569055736064911,3.999450108588643,5.386490523815155,true,true,false,false,2,"Filtered: Sharp turning / cornering (|yaw| > 0.3)"
36442847270127,NaN,NaN,0.0,-0.09637365490198135,10.988158226013184,4.396017540743801,6.731571102142334,true,true,false,false,2,"Filtered: Vision YOLO Rejected (No pothole in photo)"
36442857264281,NaN,NaN,0.0,0.46134111285209656,11.41406316757202,4.6318317062747765,7.253393268585205,true,true,false,false,2,"Filtered: Sharp turning / cornering (|yaw| > 0.3)"
36442867258134,NaN,NaN,0.0,0.9329705834388733,10.786991786956786,4.73787236298163,6.947412776947021,true,true,false,false,2,"Filtered: Sharp turning / cornering (|yaw| > 0.3)"
36442877252266,NaN,NaN,0.0,1.3046797513961792,9.194686365127563,4.746393810938631,6.020928955078125,true,true,false,false,2,"Filtered: Sharp turning / cornering (|yaw| > 0.3)"
36442887246425,NaN,NaN,0.0,1.5334604978561401,6.734728538990021,4.692115116509006,4.62993483543396,true,true,false,false,2,"Filtered: Sharp turning / cornering (|yaw| > 0.3)"
36442897240319,NaN,NaN,0.0,1.567413091659546,3.5332905888557438,4.616713493807717,2.9762409687042237,false,false,false,false,0,"Failed 2-vote rule (Got 0)"
36442917228191,NaN,NaN,0.0,1.2170324325561523,3.787893259525299,4.50663574306992,0.2743308305740356,false,false,false,false,0,"Failed 2-vote rule (Got 0)"
36442927222341,NaN,NaN,0.0,0.9355272650718689,7.113706982135772,4.494699076298502,1.7272164583206178,true,false,false,false,1,"Failed 2-vote rule (Got 1)"
36442937216495,NaN,NaN,0.0,0.6507490873336792,9.665142703056336,4.5130618429964375,2.9335716009140014,true,false,false,false,1,"Failed 2-vote rule (Got 1)"
36442947210336,NaN,NaN,0.0,0.35246410965919495,11.03424003124237,4.539903284336344,3.7808467626571653,true,false,false,false,1,"Failed 2-vote rule (Got 1)"
36442957204490,NaN,NaN,0.0,0.060883864760398865,11.465451526641846,4.639979928693738,4.518038749694824,true,true,false,false,2,"Filtered: Vision YOLO Rejected (No pothole in photo)"
36442967198634,NaN,NaN,0.0,-0.12801361083984375,11.088284587860107,4.7817870322252976,5.067355632781982,true,true,false,false,2,"Filtered: Vision YOLO Rejected (No pothole in photo)"
36442977192719,NaN,NaN,0.0,-0.360442578792572,10.051197576522828,4.9445226622787875,5.421262741088867,true,true,false,false,2,"Filtered: Sharp turning / cornering (|yaw| > 0.3)"
36442987186667,NaN,NaN,0.0,-0.6358597278594971,8.588073873519898,5.12421546479816,5.611832904815674,true,true,true,false,3,"Filtered: Sharp turning / cornering (|yaw| > 0.3)"
36442997180755,NaN,NaN,0.0,-0.8692038655281067,7.0532784223556515,5.274646245864073,5.729911422729492,true,true,true,false,3,"Filtered: Sharp turning / cornering (|yaw| > 0.3)"
36443007174893,NaN,NaN,0.0,-1.0491331815719604,5.264310431480408,5.299188884755979,5.538641262054443,true,true,true,false,3,"Filtered: Sharp turning / cornering (|yaw| > 0.3)"
36443017168816,NaN,NaN,0.0,-1.2384706735610962,3.2762607336044307,5.101456808541644,5.0034771919250485,false,true,true,false,2,"Filtered: Sharp turning / cornering (|yaw| > 0.3)"
36443027162986,NaN,NaN,0.0,-1.3403801918029785,1.019107806682587,4.70542682264514,3.9526794075965883,false,true,false,false,1,"Failed 2-vote rule (Got 1)"
36443047150981,NaN,NaN,0.0,-1.5448540449142456,3.9120731234550474,3.897656227108122,0.6059656262397766,false,false,false,false,0,"Failed 2-vote rule (Got 0)"
36443057145150,NaN,NaN,0.0,-1.3984845876693726,6.566094672679901,3.8497243120495557,1.4987390398979188,true,false,false,false,1,"Failed 2-vote rule (Got 1)"
36443067139225,NaN,NaN,0.0,-1.0221335887908936,8.919481551647186,4.034796689564898,3.498218810558319,true,false,false,false,1,"Failed 2-vote rule (Got 1)"
36443077133140,NaN,NaN,0.0,-0.5103716850280762,10.538835954666137,4.294893314989333,4.927003049850464,true,true,false,false,2,"Filtered: Sharp turning / cornering (|yaw| > 0.3)"
36443087127298,NaN,NaN,0.0,-0.039425358176231384,11.435351848602295,4.526571555788389,5.705440425872803,true,true,false,false,2,"Filtered: Vision YOLO Rejected (No pothole in photo)"
36443097121490,NaN,NaN,0.0,0.33894360065460205,11.311413860321045,4.688145384990881,5.772772598266601,true,true,false,false,2,"Filtered: Sharp turning / cornering (|yaw| > 0.3)"
36443107115642,NaN,NaN,0.0,0.6450493931770325,10.18943347930908,4.763305803500316,5.185956287384033,true,true,false,false,2,"Filtered: Sharp turning / cornering (|yaw| > 0.3)"
36443117109546,NaN,NaN,0.0,0.8461620807647705,8.144913327693938,4.763783938148105,4.192233920097351,true,true,false,false,2,"Filtered: Sharp turning / cornering (|yaw| > 0.3)"
36443127103639,NaN,NaN,0.0,0.9274774789810181,5.523072028160096,4.700799050223947,3.0416237473487855,true,false,false,false,1,"Failed 2-vote rule (Got 1)"
36443157085801,NaN,NaN,0.0,0.39712515473365784,3.5787398338317873,4.29362786089161,0.08052102327346802,false,false,false,false,0,"Failed 2-vote rule (Got 0)"
36443167079716,NaN,NaN,0.0,0.14736011624336243,5.772629201412201,4.091972929477129,0.845626151561737,true,false,false,false,1,"Failed 2-vote rule (Got 1)"
36443177073845,NaN,NaN,0.0,-0.030748754739761353,7.151603865623475,3.8802909617286563,1.4461634397506713,true,false,false,false,1,"Failed 2-vote rule (Got 1)"
36443187067910,NaN,NaN,0.0,-0.12334877252578735,7.641684985160827,3.6649350049801988,1.8689123868942261,true,false,false,false,1,"Failed 2-vote rule (Got 1)"
36443197062064,NaN,NaN,0.0,-0.15192948281764984,7.341632795333862,3.4616970643433604,2.155676507949829,true,false,false,false,1,"Failed 2-vote rule (Got 1)"
36443207055992,NaN,NaN,0.0,-0.1427912712097168,6.478829026222229,3.3056317850730434,2.286595106124878,true,false,false,false,1,"Failed 2-vote rule (Got 1)"
36443217050071,NaN,NaN,0.0,-0.13378547132015228,5.332903349399567,3.237497026920441,2.291279602050781,true,false,false,false,1,"Failed 2-vote rule (Got 1)"
36443227044214,NaN,NaN,0.0,-0.14495283365249634,4.065443241596222,3.2730127558491007,2.172536516189575,false,false,false,false,0,"Failed 2-vote rule (Got 0)"
36443237038127,NaN,NaN,0.0,-0.18388500809669495,2.7498505473136903,3.303536224398541,1.911438226699829,false,false,false,false,0,"Failed 2-vote rule (Got 0)"
36443287008521,NaN,NaN,0.0,-0.3199799358844757,3.101209825277328,1.9400091226426923,0.9455333173274993,false,false,false,false,0,"Failed 2-vote rule (Got 0)"
36443297002685,NaN,NaN,0.0,-0.2547161281108856,3.6499748468399047,1.7146915093193726,1.3633797407150268,false,false,false,false,0,"Failed 2-vote rule (Got 0)"
36443306996618,NaN,NaN,0.0,-0.15621384978294373,3.9137274265289306,1.617315303703978,1.6224478244781495,false,false,false,false,0,"Failed 2-vote rule (Got 0)"
36443316990682,NaN,NaN,0.0,-0.055865492671728134,3.9018833160400392,1.6064684829078617,1.729346799850464,false,false,false,false,0,"Failed 2-vote rule (Got 0)"
36443326984834,NaN,NaN,0.0,0.03622181713581085,3.5886053800582887,1.6343520859056848,1.6771671533584596,false,false,false,false,0,"Failed 2-vote rule (Got 0)"
36443336978752,NaN,NaN,0.0,0.09925246238708496,3.0142070829868315,1.6688081748658061,1.5344975471496582,false,false,false,false,0,"Failed 2-vote rule (Got 0)"
