timestampNs,vertAccel,smoothedVert,accelMag,zDiff,stdevZ,zThreshDiff,yaw,roll,pitch,speedMps,speedAgeMs,rawAccelX,rawAccelY,rawAccelZ,gravUnitX,gravUnitY,gravUnitZ,linAccelX,linAccelY,linAccelZ,gyroX,gyroY,gyroZ,label
36502112526453,-0.1617024689912796,-0.1617024689912796,9.730509051102638,0.0,0.0,0.1617024689912796,0.26357564330101013,0.27857500314712524,-0.13015852868556976,0.0,1791183704761,-0.37995002,9.03405,3.59505,-0.188467,8.834863,4.236712,-0.26665,0.185624,-0.772982,0.2992,0.278575,0.042075,
36502122520686,-0.08300304412841797,-0.12235275655984879,9.748860808450775,0.0,0.0,0.12235275655984879,0.3378416895866394,0.3605250120162964,-0.09140562266111374,0.0,1791183704773,-0.41895002,8.941051,3.86295,-0.199435,8.847273,4.210227,-0.181461,0.1373,-0.490318,0.210925,0.360525,0.038775,
36502132515059,-0.056536003947257996,-0.10041383902231853,9.823944664359518,0.0,0.04466428981182439,0.10041383902231853,0.325945109128952,0.35103750228881836,-0.07578248530626297,0.0,1791183704780,-0.55005,8.86005,4.20795,-0.212345,8.856134,4.19092,-0.269108,0.011122,-0.169341,0.175725,0.3510375,0.0292875,
36502142509199,0.0679156482219696,-0.05833146721124649,10.006531318358515,0.0,0.08251637498116304,0.05833146721124649,0.24613532423973083,0.26372501254081726,-0.08275765180587769,0.0,1791183704790,-0.60795003,8.934,4.46595,-0.22361,8.86365,4.174411,-0.372764,-0.01794,0.177566,0.192775,0.263725,0.0281875,
36502152503414,0.2396889328956604,0.0012726128101348878,10.05837522097944,0.0,0.14020608807325904,0.0012726128101348878,0.16476896405220032,0.17008750140666962,-0.10301094502210617,0.0,1791183704800,-0.61695004,8.983951,4.4809504,-0.230336,8.872191,4.155864,-0.401952,0.088439,0.354131,0.2407625,0.1700875,0.038775,
36502162497575,0.1616908311843872,0.02800898253917694,9.854736468289447,0.0,0.14126437369501757,0.06595127284526825,0.1367272585630417,0.13392500579357147,-0.12295029312372208,0.0,1791183704811,-0.591,8.922001,4.143,-0.233396,8.883129,4.13226,-0.360585,0.08229,0.186198,0.28861248,0.133925,0.0526625,
36502172491960,-0.08660085499286652,0.011636148606027876,9.616869416922116,0.0,0.13679633802261223,0.06523171067237854,0.15001051127910614,0.14024999737739563,-0.13058510422706604,0.0,1791183704820,-0.63195,8.778001,3.8770502,-0.23447,8.896189,4.104005,-0.282896,-0.036113,-0.144676,0.307725,0.14025,0.071775,
36502182486107,-0.35475999116897583,-0.03416336886584759,9.327058200197282,0.0,0.17623068387469748,0.0055869132280349735,0.20777444541454315,0.19346250593662262,-0.12759263813495636,0.0,1791183704831,-0.771,8.536051,3.6790502,-0.236461,8.909563,4.074772,-0.503566,-0.269754,-0.292613,0.3014,0.1934625,0.0941875,
36502192480329,-0.5815548896789551,-0.09498464895619287,9.204701325292513,0.0,0.23916578526276175,0.12430719435214996,0.31513142585754395,0.29452499747276306,-0.11838163435459137,0.0,1791183704844,-0.63900006,8.47395,3.5370002,-0.240247,8.9225,4.046145,-0.468654,-0.426342,-0.496224,0.2789875,0.294525,0.13035,
36502202474717,-0.5215277075767517,-0.13763895481824875,9.378460234113723,0.11484805345535276,0.2604894505224395,0.27655052244663236,0.3844369947910309,0.3562625050544739,-0.11100989580154419,0.0,1791183704850,-0.47595003,8.63895,3.6190503,-0.242466,8.934758,4.018865,-0.310813,-0.383535,-0.43782,0.260975,0.3562625,0.16115,
36502212468871,-0.3522641956806183,-0.15715034035119144,9.475207220847777,0.2569887712597847,0.2559161610816551,0.3793415278196335,0.37288108468055725,0.34031251072883606,-0.10438317060470581,0.0,1791183704862,-0.58395004,8.694,3.7219503,-0.24231,8.94615,3.993459,-0.248719,-0.251275,-0.316646,0.2459875,0.3403125,0.1676125,
36502222463104,-0.31246277689933777,-0.17009304339687029,9.549371353526418,0.32410007317860917,0.24875283695726746,0.4245139122009277,0.34112054109573364,0.2956250011920929,-0.10346860438585281,0.0,1791183704870,-0.74700004,8.71395,3.834,-0.240496,8.956737,3.969766,-0.454041,-0.276227,-0.175637,0.243925,0.295625,0.1898875,
36502232457274,-0.2354038953781128,-0.17511695508773512,9.588600089450997,0.34231122583150864,0.2396268057056757,0.4006426930427551,0.32494568824768066,0.2657875120639801,-0.11070849746465683,0.0,1791183704880,-0.60495,8.75205,3.8700001,-0.235207,8.967515,3.945679,-0.437782,-0.219967,-0.110848,0.2619375,0.2657875,0.218625,
36502242451657,-0.2502613067626953,-0.1804844087788037,9.556801200468652,0.3356565892696381,0.2317197226216656,0.3343839764595032,0.29739609360694885,0.22756250202655792,-0.12092737853527069,0.0,1791183704891,-0.55305004,8.754001,3.79395,-0.225265,8.979136,3.919743,-0.328014,-0.241166,-0.092095,0.28861248,0.2275625,0.2388375,
36502252445877,-0.24933533370494843,-0.18507447044054667,9.528884526236292,0.3458967745304108,0.2245203536131145,0.27994550168514254,0.2543657720088959,0.1732500046491623,-0.12775138020515442,0.0,1791183704901,-0.59595,8.766001,3.6880503,-0.211666,8.991663,3.891682,-0.391891,-0.227355,-0.123889,0.307725,0.17325,0.2569875,
36502262440023,-0.27717840671539307,-0.19083096645772457,9.500023068847907,0.330160054564476,0.21853114436696405,0.26492834389209746,0.23612380027770996,0.14767499268054962,-0.1300225704908371,0.0,1791183704911,-0.54300004,8.77305,3.6040502,-0.19551,9.004948,3.8617,-0.36974,-0.21191,-0.227982,0.31625,0.147675,0.270875,
36502272434406,-0.33502936363220215,-0.1993132251150468,9.474520797862068,0.2750285744667053,0.21470415028979117,0.26944166123867036,0.20432797074317932,0.10944999754428864,-0.1270083785057068,0.0,1791183704921,-0.46395,8.800051,3.4800003,-0.176648,9.018299,3.831329,-0.321564,-0.239626,-0.307745,0.3119875,0.10945,0.2794,
36502282428545,-0.3190704584121704,-0.20596640474266475,9.540619611367712,0.1618677794933319,0.21045042371072029,0.28617497384548185,0.1647775024175644,0.06572499871253967,-0.11640238016843796,0.0,1791183704933,-0.29895002,8.89305,3.4420502,-0.154883,9.03108,3.802053,-0.240378,-0.206918,-0.340718,0.28861248,0.065725,0.2803625,
36502292422768,-0.31096136569976807,-0.2114924553193544,8.925827856304197,0.02176446318626407,0.20617475845840197,0.29831498563289643,0.14817273616790771,0.052937500178813934,-0.10042127966880798,0.0,1791183704940,0.22905001,8.397,3.0180001,-0.131962,9.042619,3.775396,-0.114859,-0.170573,-0.402647,0.25135,0.0529375,0.2666125,
36502302417156,-0.5984051823616028,-0.23083809167146682,9.465231241409919,0.011212572455406189,0.2179299170504286,0.3681289553642273,0.09880869090557098,-0.006599999964237213,-0.07919558882713318,0.0,1791183704951,-0.282,8.907001,3.1900501,-0.102042,9.0526,3.752337,0.338849,-0.455886,-0.453808,0.1992375,-0.0066,0.2794,
36502312411305,-0.17886251211166382,-0.23169609382748604,9.811268805232809,0.07604813575744629,0.2176896848848538,0.3484657764434814,0.13242347538471222,0.02419999986886978,-0.05910559743642807,0.0,1791183704961,-0.29895002,9.319051,3.0540001,-0.076909,9.061234,3.732039,-0.31117,0.090933,-0.696871,0.1491875,0.0242,0.29205,
36502322405478,0.02592521905899048,-0.22624968066811563,9.554145020339066,0.12436783313751221,0.22264790899577633,0.2762748599052429,0.1618252545595169,0.06792499870061874,-0.03579273819923401,0.0,1791183704971,0.18405001,9.121051,2.838,-0.053688,9.068137,3.715644,-0.059057,0.294719,-0.651746,0.0906125,0.067925,0.26235,
36502332399710,-0.9572685956954956,-0.2712863102555275,8.218058708356097,0.06953051090240475,0.26985753552325076,0.40391448736190794,0.06214005500078201,-0.012924999929964542,-0.008688575588166714,0.0,1791183704981,-0.273,7.9189506,2.17995,-0.029239,9.073847,3.701957,0.493495,-0.460374,-1.40181,0.02145,-0.012925,0.19635,
36502342393864,-1.790470838546753,-0.3642056345939636,8.759803740922916,0.41987088024616237,0.41693197498080453,0.6998163819313049,-0.05204533785581589,-0.15771250426769257,0.053926944732666016,0.0,1791183704991,-0.87600005,8.244,2.8290002,-0.009496,9.074068,3.701515,-0.852634,-1.425459,-1.248138,-0.1434125,-0.1577125,0.2484625,
36502352388259,-0.8956085443496704,-0.4209705084562302,9.373994076131558,0.494328710436821,0.4080380387285759,0.7592570543289184,0.01837732642889023,-0.12691250443458557,0.1043587252497673,0.0,1791183705002,-0.97200006,8.742001,3.2410502,0.017323,9.067046,3.718654,-1.08775,-0.635533,-0.805591,-0.27335,-0.1269125,0.35915,
36502362382483,0.11022443324327469,-0.4235438283532858,10.290228656099142,0.4319980040192604,0.40450229979931795,0.7014396652579308,0.08803357183933258,-0.089649997651577,0.11914446949958801,0.0,1791183705010,0.00405,9.475051,4.0140004,0.054568,9.05631,3.744368,-0.5863,0.126982,-0.010094,-0.30525,-0.08965,0.45168748,
36502372376639,0.8460541367530823,-0.37691107876598834,10.980025833334219,0.25123890787363057,0.4861737533990592,0.5374138817191124,0.12907427549362183,-0.031075000762939453,0.09951427578926086,0.0,1791183705021,0.78900003,9.922951,4.63395,0.09893,9.045443,3.769643,0.401238,0.688515,0.536845,-0.247775,-0.031075,0.416625,
36502382371004,1.3525505065917969,-0.2915455538779497,11.166932835335295,0.22286492437124253,0.6153088499948994,0.0754500612616539,0.12271067500114441,0.01251249946653843,0.05212558060884476,0.0,1791183705032,0.73395,9.82905,5.2489505,0.13663,9.037011,3.78864,0.732245,0.955521,1.193013,-0.1243,0.0125124995,0.29205,
36502392365151,1.154190182685852,-0.20475830025970937,10.777592759194798,0.8816110983490943,0.686567748840379,0.513482142984867,0.14457109570503235,0.08387500047683716,-0.01299329660832882,0.0,1791183705040,0.47100002,9.457951,5.1460505,0.158422,9.032885,3.797619,0.437514,0.614882,1.497674,0.0407,0.083875,0.171875,
36502402359389,0.7227498292922974,-0.1425444234162569,10.43787913836732,1.185619594156742,0.7109860272357729,0.8371538177132607,0.1665061116218567,0.13392500579357147,-0.07245341688394547,0.0,1791183705051,0.16005,9.324,4.689,0.16819,9.035143,3.791821,0.128471,0.313348,1.115611,0.1918125,0.133925,0.1027125,
36502412353772,0.1458689570426941,-0.11763776578009129,9.467430345522565,1.1205575823783875,0.71192751322544,0.8442827224731445,0.13338185846805573,0.11371249705553055,-0.11787443608045578,0.0,1791183705061,-1.18005,8.27805,4.44,0.168783,9.042853,3.773371,-0.559257,-0.158836,0.784508,0.308825,0.1137125,0.0600875,
36502422347920,-0.41638797521591187,-0.12283402569591999,9.693483242363795,0.9957087874412537,0.7137075928587719,0.5917943000793457,0.08110815286636353,0.008249999955296516,-0.161034494638443,0.0,1791183705070,-0.62700003,8.733001,4.1599503,0.168486,9.054489,3.745378,-1.327499,-0.682831,0.620965,0.4291375,0.00825,0.172975,
36502432342151,0.19654430449008942,-0.10123661570250989,10.3113314466571,1.0604094415903091,0.7165044362022096,0.36059305965900423,0.11373022943735123,0.026399999856948853,-0.1679963916540146,0.0,1791183705081,0.13095,9.34605,4.35405,0.184294,9.069437,3.708284,-0.184513,0.020481,0.478493,0.454575,0.0264,0.2134,
36502442336316,0.6789798736572266,-0.054774556681513785,10.463240992711187,1.0248080521821976,0.735218576176594,0.2655509978532791,0.16472887992858887,0.08813749998807907,-0.17030452191829681,0.0,1791183705091,-0.45000002,9.52005,4.3180504,0.199568,9.084222,3.671114,-0.321891,0.419893,0.790997,0.4653,0.0881375,0.19635,
36502452330701,0.48613113164901733,-0.018001233413815498,10.208876101633672,0.9196669235825539,0.7429201375899064,0.2182272583246231,0.1689407229423523,0.08167500048875809,-0.18288375437259674,0.0,1791183705101,-0.37605003,9.475051,3.7819502,0.211114,9.10099,3.628693,-0.759606,0.381577,0.400067,0.506825,0.081675,0.221925,
36502462324925,0.3143334984779358,0.011574361845850945,10.029807313231204,0.7893340483307838,0.7437871290528564,0.25192016661167144,0.17952683568000793,0.09350000321865082,-0.175475612282753,0.0,1791183705111,0.093,9.465,3.31695,0.226127,9.118949,3.582409,-0.305354,0.346858,-0.003758,0.4940375,0.0935,0.221925,
36502472319100,0.11966918408870697,0.0343092892318964,9.807850097457823,0.4345816597342491,0.7397837074614877,0.35913159847259524,0.15778040885925293,0.08703749626874924,-0.1538241058588028,0.0,1791183705120,0.094950005,9.34305,2.982,0.240919,9.136264,3.537042,-0.138187,0.286448,-0.398925,0.438625,0.087037496,0.1824625,
36502482313263,-0.08696138858795166,0.04591474272310734,9.722355719068178,0.21105168312788003,0.7359597229722715,0.302430459856987,0.1314859390258789,0.0625625029206276,-0.13023655116558075,0.0,1791183705131,0.061950002,9.22605,3.0660002,0.254942,9.151608,3.496158,-0.183335,0.096327,-0.482538,0.3779875,0.0625625,0.1772375,
36502492307639,-0.12714283168315887,0.0551056694239378,9.66536816026166,0.6959478989243508,0.7325855984583772,0.14120591878890992,0.1343274563550949,0.06146249920129776,-0.11543440818786621,0.0,1791183705141,0.049950004,9.166051,3.0660002,0.26988,9.164815,3.460253,-0.243763,0.020871,-0.396356,0.341825,0.0614625,0.1909875,
36502502301863,-0.1734803020954132,0.07635191343724727,9.635860524768857,0.8349990904331207,0.7193670911521076,0.009283632040023804,0.11489362269639969,0.04235000163316727,-0.10437577217817307,0.0,1791183705151,0.034950003,9.135,3.0660002,0.285781,9.176638,3.427488,-0.178261,-0.041229,-0.370773,0.3141875,0.04235,0.188925,
36502512296247,-0.21107947826385498,0.07474106512963771,9.547786090702854,0.6875932633876801,0.7199725946844943,0.09579896330833435,0.07199220359325409,0.0030249999836087227,-0.09877845644950867,0.0,1791183705161,-0.124050006,9.05805,3.01605,0.300397,9.187657,3.39657,-0.358077,-0.083374,-0.351826,0.3003,0.003025,0.172975,
36502522290405,-0.32132092118263245,0.05737875811755657,9.425226743786853,0.5445900440216065,0.7251090903447859,0.18399698436260223,-0.02485724538564682,-0.09597499668598175,-0.10419565439224243,0.0,1791183705171,-0.27705002,8.910001,3.0610502,0.314795,9.198834,3.364873,-0.535281,-0.199895,-0.339282,0.31845,-0.095975,0.1601875,
36502532284559,-0.369966059923172,0.08674388490617276,9.524464204113855,0.5061489164829254,0.6946773346487223,0.2405979186296463,-0.15191829204559326,-0.22907499969005585,-0.12156639993190765,0.0,1791183705180,-0.15105,8.92695,3.31695,0.331339,9.210904,3.330087,-0.614074,-0.312521,-0.163239,0.372625,-0.229075,0.1494625,
36502542278788,-0.23231063783168793,0.164651894941926,9.640161726313739,0.4798587381839752,0.5526300523618616,0.2616314798593521,-0.22019702196121216,-0.28971248865127563,-0.14196288585662842,0.0,1791183705191,0.010950001,8.994,3.4699502,0.349629,9.224055,3.291591,-0.361819,-0.270606,0.105099,0.4343625,-0.2897125,0.1101375,
36502552273172,-0.16081789135932922,0.20139142759144307,9.58409420324091,0.5110191643238067,0.5031293080785274,0.2590989977121353,-0.27536749839782715,-0.3312374949455261,-0.16170786321163177,0.0,1791183705201,-0.31605002,8.757,3.8820002,0.364731,9.238581,3.24894,-0.400863,-0.256401,0.289009,0.4940375,-0.3312375,0.055825,
36502562267338,-0.16683773696422577,0.18753831908106805,9.632735107012973,0.6093822479248048,0.5092261352981815,0.2502506494522095,-0.3128996193408966,-0.3876124918460846,-0.19953960180282593,0.0,1791183705211,0.094950005,8.806951,3.90105,0.380727,9.254964,3.200106,-0.388129,-0.3901,0.663454,0.6216375,-0.3876125,0.088825,
36502572261583,-0.08172905445098877,0.1411491595208645,9.815217091530629,0.5047627359628677,0.4889809756649541,0.20233227610588073,-0.2936849594116211,-0.37908750772476196,-0.2218860238790512,0.0,1791183705220,0.61200005,9.288,3.114,0.403735,9.274483,3.14022,-0.016093,-0.230053,0.426459,0.7068875,-0.3790875,0.1122,
36502582255739,0.02012622356414795,0.07452794536948204,9.877690677448816,0.26551973819732666,0.402519160729476,0.12431381940841675,-0.25096991658210754,-0.31735000014305115,-0.19762644171714783,0.0,1791183705231,0.79395,9.609,2.1460502,0.426277,9.295523,3.074341,0.279793,0.160708,-0.460553,0.6397875,-0.31735,0.0708125,
36502592250124,-0.002660512924194336,0.01668541058897972,9.830068424209319,0.08766742646694184,0.31731733563558473,0.07838379442691804,-0.27551528811454773,-0.3119874894618988,-0.14413683116436005,0.0,1791183705240,0.78000003,9.616051,1.88505,0.443011,9.314239,3.01475,0.334885,0.331134,-1.080916,0.4684625,-0.3119875,-5.5E-4,
36502602244337,-0.11793440580368042,-0.025348801165819168,9.619924256592824,0.025991865992546076,0.2736844773043515,0.06980709731578827,-0.23900137841701508,-0.24392500519752502,-0.08858127892017365,0.0,1791183705251,0.70305,9.34605,2.1679502,0.451975,9.327576,2.971876,0.371411,0.195693,-1.059589,0.28215,-0.243925,-0.06545,
36502612238507,-0.2630710005760193,-0.045795799046754834,9.523711122684496,0.09494323432445526,0.27539958163246503,0.08905375003814697,-0.1442326158285141,-0.13007499277591705,-0.05231214314699173,0.0,1791183705260,0.65805006,9.16395,2.5080001,0.4528,9.335252,2.94755,0.191021,-0.111258,-0.551634,0.159775,-0.130075,-0.092125,
36502622232910,-0.30438295006752014,-0.04019554778933525,9.474200920417847,0.10701338946819305,0.2688680055918755,0.13358452916145325,-0.040310002863407135,-0.015124999918043613,-0.030128823593258858,0.0,1791183705271,0.63600004,9.06495,2.6800501,0.449038,9.339578,2.934397,0.185205,-0.218534,-0.34934,0.0853875,-0.015125,-0.09955,
36502632227078,-0.33058056235313416,-0.06655179113149642,9.433426612140025,0.05790559351444241,0.2702022165326152,0.20372588634490968,0.06173812597990036,0.09556250274181366,-0.013586271554231644,0.0,1791183705281,0.54795,8.991,2.802,0.441375,9.341489,2.929465,0.154561,-0.311425,-0.136112,0.029975,0.0955625,-0.1027125,
36502642221316,-0.4246422052383423,-0.12173289507627487,9.331027444626278,0.029023227095603954,0.2204197079668744,0.28812222480773925,0.1409744918346405,0.18067499995231628,-7.669434417039156E-4,0.0,1791183705290,0.52095,8.955001,2.56995,0.430079,9.341928,2.929746,0.079666,-0.386084,-0.201037,-0.0125124995,0.180675,-0.1027125,
36502652215469,-0.4751005172729492,-0.1697944775223732,9.349823757823494,0.10930479764938356,0.1845086231710901,0.35955544710159304,0.16996890306472778,0.2147749960422516,0.014821380376815796,0.0,1791183705301,0.48105,9.02505,2.39505,0.417289,9.341775,2.932083,0.099639,-0.342836,-0.509831,-0.0647625,0.214775,-0.106975,
36502662209854,-0.4441012144088745,-0.2077162131667137,9.338404999356717,0.19342921376228334,0.15699868925558041,0.39576148986816406,0.19793584942817688,0.25093749165534973,0.02938239648938179,0.0,1791183705310,0.423,9.018001,2.388,0.402296,9.34046,2.938367,0.107449,-0.298425,-0.54724,-0.114675,0.2509375,-0.121825,
36502672204054,-0.4703485667705536,-0.23721710070967675,9.364745762918444,0.304640793800354,0.14787837503610152,0.42895461320877076,0.2191040962934494,0.2796750068664551,0.040321219712495804,0.0,1791183705321,0.16905001,9.063001,2.352,0.383249,9.338146,2.948253,-0.127289,-0.305688,-0.578673,-0.1519375,0.279675,-0.137775,
36502682198229,-0.43582451343536377,-0.25466025695204736,9.366699540918848,0.3716196089982986,0.14969020132206842,0.45000340342521666,0.1983264684677124,0.2605625092983246,0.04900064691901207,0.0,1791183705331,0.09,9.04905,2.4169502,0.361969,9.335157,2.960383,-0.213747,-0.259604,-0.597986,-0.1797125,0.2605625,-0.1431375,
36502692192618,-0.42532017827033997,-0.2695691242814064,9.49560419806109,0.38033190071582795,0.15108966806719418,0.4501389980316162,0.1471552550792694,0.2073500007390976,0.057344693690538406,0.0,1791183705340,0.10005,9.075001,2.7930002,0.341315,9.331076,2.975665,-0.284073,-0.284253,-0.476799,-0.20515,0.20735,-0.1420375,
36502702186852,-0.20119380950927734,-0.2709547996520996,9.648680483576095,0.30630390644073485,0.150327222406578,0.3953576564788818,0.13000574707984924,0.1891999989748001,0.05673299357295036,0.0,1791183705352,0.13800001,9.087001,3.2410502,0.322547,9.325331,2.995692,-0.157567,-0.240201,0.106512,-0.2008875,0.1892,-0.1420375,
36502712180998,-0.08439213037490845,-0.2646204322576523,9.844076355177053,0.1898313105106354,0.15530350401395712,0.32341583967208865,0.1283358633518219,0.18713749945163727,0.04424207657575607,0.0,1791183705360,0.058950003,9.16395,3.59505,0.303436,9.31955,3.015612,-0.191127,-0.210477,0.395443,-0.1584,0.1871375,-0.14533749,
36502722175247,0.11218040436506271,-0.24294536598026753,10.00233510501361,0.003184159100055678,0.1748930133328558,0.20691004544496536,0.13297198712825775,0.18809999525547028,0.026231195777654648,0.0,1791183705370,-0.040050004,9.19995,3.9250503,0.283944,9.31457,3.032844,-0.274587,-0.112124,0.732554,-0.0977625,0.1881,-0.138875,
36502732169401,0.20280368626117706,-0.21430687867105008,10.071930522229172,0.20893781930208205,0.1972189169463891,0.0791844055056572,0.14289641380310059,0.19139999151229858,0.005226206034421921,0.0,1791183705381,-0.081,9.228001,4.0350003,0.26478,9.310843,3.045997,-0.353584,-0.096426,0.977974,-0.0275,0.19139999,-0.122925,
36502742163631,0.22716876864433289,-0.19133290834724903,10.055142981737111,0.4108688309788704,0.21930875149090368,0.05131338387727737,0.155178964138031,0.19456249475479126,-0.01516693364828825,0.0,1791183705390,-0.07395,9.27105,3.8920503,0.24776,9.309124,3.052678,-0.331776,-0.0564,0.928198,0.0407,0.1945625,-0.09845,
36502752158016,0.182052344083786,-0.17418939657509327,9.934386288612941,0.5237241044640542,0.23393737945907156,0.12796261459589003,0.17710211873054504,0.21051250398159027,-0.03047482669353485,0.0,1791183705401,-0.10305001,9.279,3.5470502,0.232637,9.309614,3.052371,-0.278345,-0.025765,0.684297,0.0917125,0.2105125,-0.0804375,
36502762152146,0.09825997799634933,-0.1609345108270645,9.891699062387568,0.5934476494789124,0.24137053724978766,0.1644930362701416,0.18923160433769226,0.21793749928474426,-0.036247141659259796,0.0,1791183705411,-0.17400001,9.349951,3.2239501,0.218117,9.311987,3.046203,-0.347623,0.012562,0.302604,0.111925,0.2179375,-0.06545,
36502772146290,0.09115976840257645,-0.15229006968438624,9.895683098180022,0.610292312502861,0.24708077819735472,0.16028890907764434,0.17177961766719818,0.19456249475479126,-0.03342730179429054,0.0,1791183705420,-0.18900001,9.39105,3.114,0.205148,9.31508,3.037634,-0.384932,0.066931,0.114848,0.104499996,0.1945625,-0.0495,
36502782140524,0.06029792129993439,-0.15028148479759693,9.857478656685853,0.581926754117012,0.2486326413165058,0.1317877560853958,0.1560501754283905,0.17531250417232513,-0.027186444029211998,0.0,1791183705431,-0.17895001,9.40305,2.9530501,0.193867,9.317911,3.029679,-0.383228,0.066493,0.015064,0.0853875,0.1753125,-0.039875,
36502792134912,0.03024670109152794,-0.14863612409681082,9.84698340354553,0.4877609990537166,0.2497106462375304,0.09240334257483482,0.116849884390831,0.13282500207424164,-0.020409399643540382,0.0,1791183705440,-0.15105,9.456,2.74305,0.184429,9.320661,3.021797,-0.349848,0.097263,-0.18056,0.064075,0.132825,-0.034649998,
36502802129055,0.03583647310733795,-0.1409475801512599,9.861078723793801,0.38657600805163383,0.25288469767270827,0.06316016837954522,0.05764014273881912,0.07218749821186066,-0.010878604836761951,0.0,1791183705452,-0.09105001,9.492001,2.67105,0.177226,9.323008,3.014982,-0.289972,0.140406,-0.300638,0.0331375,0.0721875,-0.0378125,
36502812123276,0.04839690774679184,-0.12537418473511935,9.821287470591715,0.26009759977459906,0.2544700374037899,0.053187554329633714,0.003882337361574173,0.017875000834465027,-0.0031222007237374783,0.0,1791183705460,-0.060000002,9.448951,2.6779501,0.171875,9.324723,3.009982,-0.231949,0.172209,-0.362675,0.0077,0.017875,-0.043175,
36502822117663,-0.011853203177452087,-0.11074769739061593,9.753536948322909,0.11176936551928521,0.2521571128555501,0.032584960013628005,-0.03036123514175415,-0.016224998980760574,4.394305287860334E-4,0.0,1791183705470,-0.08595,9.325951,2.8549502,0.167304,9.325766,3.007014,-0.239349,0.075399,-0.259151,-0.004125,-0.016224999,-0.0484,
36502832111809,-0.06396352499723434,-0.09741684552282096,9.72951980201119,0.04358071312308311,0.24718133316569588,0.00773267075419426,-0.017840726301074028,-0.006599999964237213,-0.0013464851072058082,0.0,1791183705480,-0.08595,9.219001,3.10905,0.163142,9.326134,3.006095,-0.266312,-0.051861,-0.033177,0.0023375,-0.0066,-0.0378125,
36502842106055,-0.05153116211295128,-0.0787612933665514,9.756793916733077,0.13658551648259162,0.23558869844363794,0.008622901886701584,0.03349917009472847,0.03918749839067459,-0.005827495362609625,0.0,1791183705491,-0.13605,9.22095,3.186,0.159775,9.326115,3.006341,-0.291675,-0.111698,0.194025,0.0182875,0.0391875,-0.0133375,
36502852100201,-0.011484380811452866,-0.05558048654347658,9.810426912608404,0.18258010894060137,0.21757011549661337,0.018087072670459746,0.08447987586259842,0.08387500047683716,-0.010621516034007072,0.0,1791183705503,-0.16305001,9.316951,3.0679502,0.15721,9.326602,3.004956,-0.303475,-0.047541,0.125978,0.0353375,0.083875,0.0133375,
36502862094586,0.03317279741168022,-0.031716785952448846,9.819682612028688,0.1814208038151264,0.19903195327107598,0.02113189473748207,0.10464238375425339,0.0976250022649765,-0.008598913438618183,0.0,1791183705510,-0.12195001,9.328951,3.0630002,0.15605,9.327432,3.002447,-0.316681,0.023454,0.051873,0.029975,0.097625,0.0367125,
36502872088733,0.018437819555401802,-0.007277466636151075,9.814012099236383,0.1468614462763071,0.17182060516642098,0.015073690190911293,0.11004110425710678,0.0976250022649765,-0.006026599556207657,0.0,1791183705520,-0.040050004,9.328951,3.04695,0.157247,9.327969,3.00071,-0.229293,0.001369,0.067976,0.02255,0.097625,0.054725,
36502882082960,0.04735742136836052,0.01688163010403514,9.859042967958061,0.08521284349262714,0.14108606730574214,0.007190499082207679,0.11497186869382858,0.10188750177621841,-0.003347576828673482,0.0,1791183705532,-0.024,9.38895,3.00795,0.159622,9.328311,2.999524,-0.190965,0.03694,0.050007,0.014025,0.1018875,0.058025,
36502892077348,0.08637551218271255,0.042466414626687765,9.899464215618076,0.028388334438204772,0.09856492887721127,0.034771833941340445,0.09189838916063309,0.07741250097751617,-0.0020083868876099586,0.0,1791183705540,-0.10005,9.427051,3.0199502,0.162558,9.328647,2.998318,-0.213055,0.09646,-0.006246,0.0097624995,0.0774125,0.0589875,
36502902071636,0.074944406747818,0.05627332543954253,9.869879084994583,0.0011299628764390932,0.08129354325951824,0.05205759145319462,0.0746162161231041,0.05719999969005585,-0.0015414922963827848,0.0,1791183705551,-0.15795001,9.37005,3.0970502,0.16593,9.328819,2.997604,-0.300224,0.062768,0.066293,0.0086624995,0.0572,0.06545,
36502912065869,0.030771777033805847,0.062031520809978244,9.818736724713153,0.01899242736399174,0.07495773000393753,0.05157738737761974,0.08151739835739136,0.060499999672174454,-0.004591790959239006,0.0,1791183705560,-0.15300001,9.313951,3.1039503,0.169868,9.328968,2.996918,-0.318527,0.002764,0.110075,0.0193875,0.0605,0.0771375,
36502922060023,-0.004213044419884682,0.05621184837073088,9.829446375067612,0.03931454382836819,0.07535558569261251,0.04704721458256245,0.08771917223930359,0.06572499871253967,-0.00903335865586996,0.0,1791183705570,-0.06705,9.35505,3.01605,0.174484,9.329531,2.994903,-0.253712,-0.024134,0.076176,0.0342375,0.065725,0.0803,
36502932054407,0.020899755880236626,0.04711665185168386,9.839977449983971,0.05037858337163925,0.06770251503714247,0.04175568148493767,0.08223532885313034,0.06146249920129776,-0.01201188936829567,0.0,1791183705580,-0.043050002,9.37395,2.9920502,0.179475,9.330702,2.990951,-0.220396,0.027366,-0.003668,0.0438625,0.0614625,0.075075,
36502942048645,-0.004539946094155312,0.03553121611475944,9.786587278308339,0.04165966250002384,0.054423250441620205,0.023572589829564096,0.07982712239027023,0.06146249920129776,-0.015343121252954006,0.0,1791183705591,-0.025950002,9.331051,2.9509501,0.183738,9.33219,2.986049,-0.239024,-4.56E-4,0.001233,0.054449998,0.0614625,0.06655,
36502952042801,-0.03592132776975632,0.024632532522082327,9.804536042240526,0.0225313376635313,0.04499955709660557,0.0013994429260492324,0.07008770108222961,0.055137500166893005,-0.01845609024167061,0.0,1791183705602,0.0139500005,9.35805,2.9250002,0.187214,9.334097,2.979864,-0.206587,-0.019124,-0.045253,0.064075,0.0551375,0.0537625,
36502962037185,0.054329581558704376,0.02243601270020008,9.851978184596282,0.02118469402194023,0.04234596957543435,0.006111003831028939,0.05241241306066513,0.04235000163316727,-0.01908300630748272,0.0,1791183705611,0.022950001,9.393001,2.97195,0.189845,9.336189,2.973139,-0.178093,0.072157,-0.036134,0.065175,0.04235,0.0356125,
36502972031405,0.029830938205122948,0.019369571190327405,9.849151080736954,0.005729301273822785,0.03937466942107977,0.012919800356030464,0.04297134652733803,0.03698749840259552,-0.01672821119427681,0.0,1791183705620,0.20805001,9.34095,3.11595,0.191565,9.337859,2.967777,-0.110381,0.010632,0.072178,0.056649998,0.0369875,0.0218625,
36502982025565,-0.1325095295906067,0.009729198645800352,9.898787620821482,0.05253389067947864,0.05026961686534493,0.017762056738138198,0.02013826183974743,0.02419999986886978,-0.017079366371035576,0.0,1791183705630,1.47195,8.87205,4.13595,0.196657,9.338355,2.965885,0.775169,-0.305897,0.473902,0.05555,0.0242,-0.0133375,
36502992019948,0.18511201441287994,0.01747246431186795,10.080532349426555,0.031889256089925766,0.06311881197077633,0.02016833536326885,-0.03133255988359451,0.013612499460577965,-0.046978190541267395,0.0,1791183705641,-0.012,9.298051,3.8940003,0.195578,9.338247,2.966299,0.414723,-0.219598,1.275545,0.144925,0.013612499,-0.155925,
36503002014112,-0.13339123129844666,0.009011079091578722,10.020576265539288,0.05090303272008896,0.07094730633691576,6.743546575307847E-4,0.06527289003133774,0.10092499852180481,-0.06787411123514175,0.0,1791183705652,-1.7740501,9.298051,3.288,0.174042,9.342484,2.954268,-1.220528,-0.266931,0.473548,0.21835,0.100925,-0.1155,
36503012008344,0.1766359508037567,0.015423031244426965,10.08740746561805,0.021911586076021193,0.07949685435246522,0.025135628506541254,0.07655031979084015,0.043449997901916504,-0.07694215327501297,0.0,1791183705660,-0.19395001,9.846001,2.18505,0.163247,9.350198,2.930383,-1.513796,0.242503,-0.098723,0.2630375,0.043449998,0.1027125,
36503022002488,0.2089880406856537,0.026465093437582254,9.933660513558916,0.01921136751770973,0.08963254827486945,0.0609670490026474,0.055632781237363815,0.03698749840259552,-0.035571448504924774,0.0,1791183705670,0.60300004,9.70005,2.055,0.172343,9.357826,2.905414,0.385286,0.524573,-1.007492,0.1236125,0.0369875,0.0611875,
36503031996866,-0.0478389635682106,0.02727132150903344,9.642155656816906,0.05432857237756252,0.08888493460265429,0.07790116220712662,0.019103333353996277,0.02956249937415123,0.0019380145240575075,0.0,1791183705680,0.034950003,9.23805,2.76195,0.174657,9.36034,2.89716,0.145946,0.103074,-0.503638,-0.0083875,0.0295625,-0.0303875,
36503041991025,-0.16850334405899048,0.021422712411731482,9.685476502306322,0.0057786475867033,0.09732532960955749,0.007178090512752533,-0.034876756370067596,-0.04166249930858612,-0.005742303561419249,0.0,1791183705690,-0.37605003,9.085051,3.3360002,0.174717,9.360217,2.897554,-0.40478,-0.255933,0.281264,0.02035,-0.0416625,0.0154,
36503051985263,-0.19842028617858887,0.012075917143374682,9.563025943914079,0.011938724294304849,0.10838478013106659,0.00582772046327591,0.0017538638785481453,-0.012924999929964542,-0.016560303047299385,0.0,1791183705701,-0.15495001,9.12495,2.8570502,0.17596,9.360537,2.896443,-0.499396,-0.284983,0.279981,0.0587125,-0.012925,0.0441375,
36503061979645,-0.2554585039615631,-0.0023556479252874853,9.565914643579127,0.10516641177237034,0.12286362317493964,0.09224661141633987,-0.00557812349870801,-0.010862499475479126,-0.003859533928334713,0.0,1791183705710,-0.0019500001,9.286051,2.29695,0.177675,9.361894,2.891952,-0.192259,-0.1379,-0.407451,0.014025,-0.0108624995,0.0154,
36503071973794,-0.2729111909866333,-0.01692309845238924,9.542372383123675,0.1708644010126591,0.13609429071192322,0.18862645775079728,-0.06499259173870087,-0.07369999587535858,0.011611360125243664,0.0,1791183705720,-0.16305001,9.21195,2.4840002,0.180683,9.362706,2.889135,-0.250334,-0.112376,-0.545892,-0.0380875,-0.073699996,0.0207625,
36503081968025,-0.2940019965171814,-0.03399106934666633,9.495263201773437,0.2580273997038603,0.1478593144179705,0.23785906434059143,-0.0737045407295227,-0.0906125009059906,0.023154575377702713,0.0,1791183705731,-0.11895001,9.144,2.5560002,0.185787,9.361677,2.89214,-0.346417,-0.202326,-0.319054,-0.07535,-0.0906125,0.0484,
36503091962181,-0.31069302558898926,-0.05384449623525143,9.526758822970145,0.26697135530412197,0.15675462108944302,0.2662970006465912,-0.04595004767179489,-0.059812501072883606,0.03927120566368103,0.0,1791183705741,0.18105,9.21195,2.42205,0.191812,9.359248,2.899603,-0.187243,-0.195109,-0.407919,-0.1296625,-0.0598125,0.0463375,
36503101956570,-0.23563337326049805,-0.06937338523566723,9.616094476937302,0.2988752465695143,0.15859979682595282,0.27373961806297303,-0.023354556411504745,-0.027912499383091927,0.06147995963692665,0.0,1791183705751,0.30795002,9.267,2.5489502,0.198114,9.355042,2.912727,0.069816,-0.102317,-0.468928,-0.20515,-0.0279125,0.025024999,
36503111950813,-0.11686664074659348,-0.0767553061246872,9.775617526774678,0.3069882944226265,0.1571964712926919,0.2460212454199791,-0.009302344173192978,-0.006599999964237213,0.07815705984830856,0.0,1791183705760,0.36795002,9.32205,2.9200501,0.202855,9.348493,2.933352,0.134508,-0.057461,-0.216614,-0.2605625,-0.0066,0.007975,
36503121944959,0.03924766182899475,-0.07458227081224322,9.896041387506564,0.2614906370639801,0.15847941174312116,0.18358947485685348,0.02296013943850994,0.030662499368190765,0.08281775563955307,0.0,1791183705770,0.29895002,9.291,3.3940501,0.205953,9.340035,2.95996,0.155352,-0.034639,0.228436,-0.2743125,0.0306625,-0.00165,
36503131939344,0.12044748663902283,-0.06960488427430392,9.943372787731247,0.10787766873836517,0.162901623727965,0.10069957822561264,0.04977468401193619,0.05939999967813492,0.07184923440217972,0.0,1791183705780,0.19095,9.252001,3.6379502,0.206774,9.331198,2.987643,0.075522,-0.052137,0.5527,-0.2360875,0.0594,-0.0059125,
36503141933588,0.129502534866333,-0.0629027602262795,9.964593691519244,0.006832745671272278,0.16811465270842788,0.012660466134548187,0.031489502638578415,0.04028749838471413,0.04974342882633209,0.0,1791183705790,0.0019500001,9.219001,3.7819502,0.205925,9.323701,3.011014,-0.107982,-0.099707,0.737625,-0.1626625,0.0402875,-0.0111375,
36503151927753,0.1125401183962822,-0.05547968791797757,9.860385975461995,0.14922084361314775,0.17236601971061258,0.05697423219680786,-0.008391473442316055,-0.0034374999813735485,0.024698613211512566,0.0,1791183705801,-0.08400001,9.18795,3.5779502,0.204306,9.318539,3.027064,-0.235649,-0.094545,0.671297,-0.0807125,-0.0034375,-0.0111375,
36503161922126,-0.05160856246948242,-0.06077659511938691,9.659152080009962,0.2586523056030273,0.17052810038946867,0.07002584785223007,-0.05522823706269264,-0.06187500059604645,0.003151196986436844,0.0,1791183705810,-0.10005,9.06495,3.3340502,0.205445,9.316268,3.033968,-0.255942,-0.178465,0.398635,-0.00935,-0.061875,0.0122375,
36503171916271,-0.21560662984848022,-0.07304847352206707,9.555297225763104,0.2569140538573265,0.17238725228642499,0.019054989516735076,-0.08045483380556107,-0.10023749619722366,-0.010949167422950268,0.0,1791183705822,-0.10005,9.003,3.1999502,0.210377,9.316065,3.034254,-0.351854,-0.295578,0.235544,0.0385,-0.100237496,0.0452375,
36503181910504,-0.21361671388149261,-0.07710383273661137,9.625718295620555,0.21853915005922317,0.1746771578167922,0.04775785058736801,-0.07718608528375626,-0.10339999943971634,-0.01540677435696125,0.0,1791183705830,0.105000004,9.118051,3.08295,0.218438,9.316909,3.031091,-0.230628,-0.253326,0.104632,0.054449998,-0.1034,0.06435,
36503191904867,-0.11481767147779465,-0.0921003170311451,9.729537329617726,0.17711772620677949,0.1640745991266468,0.09662189185619355,-0.05412311106920242,-0.08318749815225601,-0.013357539661228657,0.0,1791183705841,0.26295,9.23505,3.051,0.229179,9.318017,3.026884,-0.047439,-0.134724,0.046589,0.0490875,-0.0831875,0.0771375,
36503201899011,-0.020217658951878548,-0.08644163841381669,9.811458522591503,0.12284779809415342,0.16450398864906346,0.12317344732582569,-0.02386781945824623,-0.05444999784231186,-0.008401528000831604,0.0,1791183705851,0.33705002,9.31005,3.078,0.241463,9.318805,3.023507,0.055198,-0.03735,0.045178,0.0342375,-0.054449998,0.087725,
36503211893239,0.07184626162052155,-0.09168112287297844,9.862872583468537,0.08510699234902858,0.15756386689685842,0.0984824825078249,0.017506975680589676,-0.010862499475479126,-0.0030006607994437218,0.0,1791183705860,0.39900002,9.319051,3.2050502,0.253704,9.318947,3.022065,0.162667,0.031939,0.12084,0.0171875,-0.0108624995,0.088825,
36503221887632,0.04740342125296593,-0.09976035384461283,9.847655358116745,0.05481910593807697,0.14563044463085875,0.04588047228753567,0.07933785021305084,0.05623750016093254,8.90464405529201E-4,0.0,1791183705870,0.34395,9.286051,3.2599502,0.263925,9.318353,3.02302,0.140475,-0.022533,0.210865,0.0044,0.0562375,0.0834625,
36503231881794,0.02277315780520439,-0.09622974777594209,9.79712943060742,0.014057968184351921,0.14768782197466232,0.0013975020498037337,0.1418635994195938,0.12223749607801437,0.007517423015087843,0.0,1791183705881,0.23595001,9.279,3.1350002,0.270868,9.317103,3.026258,0.004245,-0.042831,0.205233,-0.016775,0.122237496,0.0845625,
36503241876040,-0.010571949183940887,-0.08833317803218961,9.811072871360107,0.03472758568823338,0.14783445549972019,0.022246646508574486,0.17266112565994263,0.1508374959230423,0.015536000952124596,0.0,1791183705890,0.17595,9.295051,3.1350002,0.276691,9.315517,3.030609,-0.06622,-0.031668,0.069201,-0.041249998,0.1508375,0.09845,
36503251870196,0.07611794769763947,-0.07460626633837819,9.910318374797434,0.02851208001375198,0.1497092121311765,0.041513767838478086,0.16858892142772675,0.1424500048160553,0.023650476709008217,0.0,1791183705900,0.20505,9.37005,3.2209501,0.283529,9.313011,3.03767,-0.094606,0.030692,0.160302,-0.065725,0.14245,0.113299996,
36503261864581,0.15096211433410645,-0.054285235423594716,10.014783754578403,0.038281948864459986,0.1513558126561141,0.057336938381195066,0.13526561856269836,0.10724999755620956,0.026189547032117844,0.0,1791183705910,0.26700002,9.42195,3.384,0.291903,9.309896,3.046411,-0.067067,0.079297,0.249723,-0.0732875,0.10725,0.1144,
36503271858810,0.22196805477142334,-0.02954127313569188,10.037118891170635,0.14000771567225456,0.15402028096966194,0.09224986508488656,0.09344667196273804,0.0668250024318695,0.020306643098592758,0.0,1791183705920,0.20805001,9.4129505,3.4780502,0.300717,9.306781,3.055062,-0.090246,0.111143,0.38233,-0.0551375,0.066825,0.1016125,
36503281852960,0.1929105818271637,-0.0051956442184746265,9.955671788334763,0.22289924174547196,0.1486835733389755,0.1262773498892784,0.06533411145210266,0.04028749838471413,0.009370647370815277,0.0,1791183705930,0.19095,9.34605,3.4249501,0.30882,9.304477,3.061267,-0.107926,0.07514,0.400068,-0.0210375,0.0402875,0.088825,
36503291847090,0.07532001286745071,0.014105007704347371,9.834040473521382,0.2666291896253824,0.13187871650417057,0.14345574229955674,0.05036378279328346,0.027499999850988388,-0.0022772112861275673,0.0,1791183705940,0.17400001,9.26895,3.28095,0.315881,9.303502,3.063502,-0.131747,-0.014864,0.29967,0.015125,0.0275,0.0760375,
36503301841497,-0.010916763916611671,0.02534083817154169,9.769090132306191,0.2245312824845314,0.11907389926808191,0.1260487999767065,0.03687575086951256,0.0147124994546175,-0.011745695024728775,0.0,1791183705951,0.126,9.291,3.01605,0.322358,9.303988,3.061364,-0.154983,-0.036898,0.093512,0.044825,0.014712499,0.0686125,
36503311835718,-0.04564587026834488,0.02890187669545412,9.75312275371321,0.1326076753437519,0.11578739040707504,0.08672720305621624,0.010931231081485748,-0.010862499475479126,-0.014890855178236961,0.0,1791183705960,0.12900001,9.307051,2.913,0.328338,9.305645,3.055679,-0.225606,-0.007431,-0.099521,0.054449998,-0.0108624995,0.0622875,
36503321829874,-0.10022827982902527,0.02192807961255312,9.644892304197326,0.020890434086322785,0.11910694368603071,0.022287936136126518,-0.0011437442153692245,-0.023649999871850014,-0.015496060252189636,0.0,1791183705970,0.25095,9.192,2.91,0.335159,9.307526,3.049208,-0.143842,-0.064378,-0.109808,0.056649998,-0.02365,0.0622875,
36503331824234,-0.1441899836063385,0.008696206100285053,9.645094013782154,0.0673788234591484,0.12208946893946282,0.04513217695057392,-0.009520325809717178,-0.031075000762939453,-0.015558653511106968,0.0,1791183705980,0.32505003,9.18,2.94105,0.342966,9.309333,3.042814,-0.04391,-0.111675,-0.11778,0.056649998,-0.031075,0.058025,
36503341818463,-0.1452707052230835,-0.005042455904185772,9.673334388031604,0.13076408840715886,0.12317739089570515,0.08925032056868076,0.003337208181619644,-0.01718750037252903,-0.012501445598900318,0.0,1791183705990,0.22005,9.17595,3.0540001,0.35036,9.310754,3.037614,-0.111159,-0.134644,-0.043149,0.047025,-0.0171875,0.058025,
36503351812610,-0.144583597779274,-0.01789864171296358,9.661963396089757,0.1733206257224083,0.12365149226417547,0.11598368734121323,0.03781740739941597,0.015812499448657036,-0.0077195740304887295,0.0,1791183706000,0.26295,9.192,2.9650502,0.357189,9.311543,3.034398,-0.113199,-0.142615,-0.01599,0.0331375,0.0158125,0.0697125,
36503361807012,-0.12460982799530029,-0.021548704989254475,9.691107443704206,0.22402634397149088,0.12565394742408675,0.13177647888660432,0.04323267191648483,0.02213750034570694,2.496214583516121E-4,0.0,1791183706010,0.28395,9.24705,2.8860002,0.364284,9.311916,3.032412,-0.070016,-0.090316,-0.116955,0.0077,0.0221375,0.0708125,
36503371801165,-0.11176029592752457,-0.01635638829320669,9.698231508275455,0.26036023199558256,0.11952379260017791,0.13408288210630417,0.039088860154151917,0.02213750034570694,0.009505813010036945,0.0,1791183706022,0.294,9.252001,2.8930502,0.370813,9.311628,3.032506,-0.083728,-0.063693,-0.155356,-0.0232375,0.0221375,0.0611875,
36503381795403,-0.12037786841392517,-0.01169444601982832,9.69265036789067,0.27277620136737823,0.1134003743624132,0.1293204590678215,0.04396573454141617,0.030662499368190765,0.01918020471930504,0.0,1791183706030,0.282,9.262051,2.84295,0.37619,9.310383,3.035666,-0.132201,-0.072024,-0.151334,-0.0551375,0.0306625,0.054725,
36503391789795,-0.0748085081577301,-0.009693987853825092,9.732641180363057,0.24127681963145733,0.1119066232767129,0.11522801965475082,0.052854906767606735,0.04441250115633011,0.031462036073207855,0.0,1791183706040,0.26505002,9.288,2.8960502,0.380635,9.30817,3.041886,-0.07679,-0.014744,-0.186284,-0.0955625,0.0444125,0.0463375,
36503401783940,-0.09570440649986267,-0.013468325231224298,9.72342413747658,0.1921793844550848,0.11346012045503938,0.10545218139886856,0.06985020637512207,0.06366249918937683,0.04421057552099228,0.0,1791183706051,0.28395,9.255,2.9680502,0.383886,9.304552,3.052529,-0.135108,-0.051828,-0.132284,-0.1359875,0.0636625,0.0473,
36503411778173,-4.2488332837820053E-4,-0.017081882478669284,9.867063166679968,0.10290312860161066,0.11182449986492639,0.08061519246548414,0.05664920061826706,0.05197500064969063,0.05027730390429497,0.0,1791183706060,0.35805002,9.32205,3.21405,0.387598,9.299804,3.066504,-0.045446,-0.006378,0.023729,-0.1552375,0.051975,0.0430375,
36503421772540,0.09557536244392395,-0.014673285419121385,9.897127634337439,0.0059841161593794795,0.11369073160137134,0.03914806079119444,0.009814748540520668,0.006187499966472387,0.04500269144773483,0.0,1791183706071,0.22395001,9.337951,3.2719502,0.39153,9.294756,3.081272,-0.082897,0.041765,0.188526,-0.1392875,0.0061875,0.03025,
36503431766685,-0.03903868794441223,-0.017763877706602215,9.75264540333924,0.06637009587138891,0.11347071220306569,0.02288022469729185,-0.007052860222756863,-0.016224998980760574,0.035167813301086426,0.0,1791183706080,-0.48795003,8.92905,3.8920503,0.393275,9.29011,3.095027,-0.577848,-0.169066,0.457287,-0.1062875,-0.016224999,0.039875,
36503441760922,-0.026483982801437378,-0.01855947938747704,9.929248719409847,0.10276836771517991,0.11347328040418081,0.013215319626033306,0.04473293572664261,-0.007699999958276749,0.007347966078668833,0.0,1791183706090,0.30600002,9.25905,3.5730002,0.401535,9.28634,3.105263,-0.509493,-0.253882,0.741538,-0.001925,-0.0077,0.16445,
36503451755076,0.22748130559921265,-0.010991311492398381,10.089517143956552,0.1831983016803861,0.12408674721447167,0.051421822793781755,0.019961051642894745,-0.03217500075697899,-0.006317425053566694,0.0,1791183706100,0.44205,9.55605,3.2070003,0.419339,9.285641,3.105004,0.068858,0.149043,0.262957,0.0407,-0.032175,0.153725,
36503461749475,0.29602357745170593,-0.003738238336518407,9.942932782952543,0.24479439705610276,0.13691740305339062,0.11071151494979858,-0.025409633293747902,-0.059812501072883606,-0.011469947174191475,0.0,1791183706110,0.26505002,9.457951,3.0559502,0.432547,9.28655,3.100472,-0.085607,0.270237,0.138202,0.0490875,-0.0598125,0.0919875,
36503471743728,0.020015481859445572,-0.013835866982117296,9.79003664223436,0.22491999790072442,0.12698605662965995,0.09559953883290291,-0.04898184910416603,-0.07466249912977219,-0.012047839350998402,0.0,1791183706120,0.11895001,9.34305,2.9220002,0.440593,9.28821,3.09436,-0.292372,0.077041,-0.126231,0.047025,-0.0746625,0.0622875,
36503481737869,-0.01431933045387268,-0.024197362596169114,9.862056986906207,0.21577142998576165,0.1178172524254202,0.10054341033101082,-0.07009705901145935,-0.09171249717473984,-0.004110846668481827,0.0,1791183706130,0.28395,9.37395,3.051,0.447559,9.289494,3.089496,-0.220329,0.044632,-0.147703,0.02035,-0.0917125,0.0504625,
36503491732264,0.13917064666748047,-0.021004830906167626,9.973357159699749,0.23912651762366294,0.1212847172238265,0.13367433622479438,-0.0617544986307621,-0.07369999587535858,0.004201298579573631,0.0,1791183706141,0.43695003,9.4129505,3.2670002,0.453731,9.289356,3.089015,-0.106791,0.11899,0.09938,-0.00935,-0.073699996,0.0270875,
36503501726492,0.19430401921272278,-0.010743791749700905,9.995835707178076,0.20765407141298053,0.13006729142905094,0.1270388789474964,-0.015531518496572971,-0.016224998980760574,0.013635668903589249,0.0,1791183706150,0.43500003,9.441,3.255,0.457507,9.287851,3.092974,0.00196,0.149226,0.167248,-0.04235,-0.016224999,0.005775,
36503511720633,0.16398750245571136,-2.621231134980917E-4,9.912241979294514,0.13977972473949196,0.13517869072741956,0.1006316639482975,0.04002860188484192,0.04867500066757202,0.023812035098671913,0.0,1791183706160,0.33705002,9.38595,3.1690502,0.457376,9.285471,3.100138,-0.081706,0.137241,0.119382,-0.07645,0.048675,-0.007975,
36503521715018,0.051663838326931,0.007332482794299722,9.81104782389209,0.12984155993908644,0.13360671404175978,0.10696133524179459,0.09142355620861053,0.10518749803304672,0.03150777518749237,0.0,1791183706170,0.24795002,9.295051,3.1300502,0.453979,9.282485,3.10956,-0.169288,0.049247,0.040528,-0.100925,0.1051875,-0.0111375,
36503531709266,-0.06518848240375519,0.011282557854428887,9.702221015335859,0.1100028244778514,0.13019279001738981,0.09678750485181808,0.12849615514278412,0.1434125006198883,0.03519178554415703,0.0,1791183706180,0.12900001,9.184951,3.1230001,0.448605,9.27911,3.120401,-0.274047,-0.055116,-0.001436,-0.1115125,0.1434125,-0.006875,
36503541703412,-0.1121261715888977,0.012939784536138177,9.670279949144353,0.004893681593239302,0.1283879109899665,0.04652814120054245,0.14892128109931946,0.16046249866485596,0.03422444313764572,0.0,1791183706190,0.093,9.139951,3.1570501,0.442656,9.275641,3.131536,-0.327954,-0.111502,0.025734,-0.1062875,0.1604625,0.005775,
36503551697579,-0.12693384289741516,0.013822272280231118,9.671170276042986,0.12843094617128373,0.12735865768574878,0.017719431221485137,0.14914746582508087,0.15619999170303345,0.028989464044570923,0.0,1791183706200,0.117000006,9.12495,3.2020502,0.437488,9.272541,3.141435,-0.339545,-0.127555,0.027807,-0.0881375,0.15619999,0.0165,
36503561691984,-0.0806625485420227,0.016019636252894997,9.793640730859844,0.16224898025393486,0.125313989753911,0.06664944142103195,0.11843767017126083,0.12113749980926514,0.021382013335824013,0.0,1791183706211,0.14805001,9.154051,3.4780502,0.434073,9.269826,3.149913,-0.305005,-0.129629,0.172557,-0.0636625,0.1211375,0.0207625,
36503571686213,0.054992564022541046,0.024357279250398278,9.894279239311539,0.16652710661292075,0.12203949622493022,0.06598369628190995,0.08104699850082397,0.07961250096559525,0.007692613173276186,0.0,1791183706220,0.13800001,9.219001,3.58995,0.432393,9.267577,3.156746,-0.279383,-0.062737,0.393174,-0.0210375,0.0796125,0.0207625,
36503581680354,0.08353938162326813,0.034553141752257946,9.865777298572635,0.16991245970129965,0.11797201337720274,0.03623812347650528,0.05426822602748871,0.04661250114440918,-0.009487521834671497,0.0,1791183706230,0.11400001,9.24705,3.4369502,0.431862,9.266893,3.158832,-0.333918,-0.02614,0.381511,0.0331375,0.0466125,0.0270875,
36503591674752,-0.041208475828170776,0.03623314336873591,9.653831112615515,0.1490934632718563,0.11663432662045917,0.022054584324359895,0.032661132514476776,0.018975000828504562,-0.022105775773525238,0.0,1791183706240,0.23400001,9.147,3.078,0.43322,9.26825,3.15466,-0.277816,-0.070592,0.117533,0.0735625,0.018975,0.0356125,
36503601668972,-0.19533765316009521,0.03125148103572428,9.712231408195665,0.1363670103251934,0.12405492744583434,0.035735346376895905,-0.009995374828577042,-0.02474999986588955,-0.02535121701657772,0.0,1791183706253,0.21195,9.262051,2.9149501,0.437053,9.271195,3.145458,-0.123632,-0.099874,-0.297039,0.0831875,-0.02475,0.03025,
36503611663123,-0.08363834023475647,0.02709080819040537,9.719259043685447,0.14329183995723724,0.12642044048996678,0.036330504715442656,-0.06911585479974747,-0.07796250283718109,-0.027198240160942078,0.0,1791183706260,0.22395001,9.303,2.805,0.439711,9.274607,3.13502,-0.253182,0.01403,-0.267447,0.0853875,-0.0779625,0.0026125,
36503621657506,-0.12520694732666016,0.016051692701876164,9.655599952351594,0.169157911837101,0.12955882567822147,0.0723704069852829,-0.10196998715400696,-0.10339999943971634,-0.02623586170375347,0.0,1791183706270,0.16695,9.24705,2.77395,0.441029,9.278268,3.123976,-0.206616,-0.018361,-0.309076,0.078925,-0.1034,-0.023924999,
36503631651660,-0.18065020442008972,0.00897111687809229,9.584302890465809,0.17173646539449694,0.1360815530176842,0.12520832419395447,-0.1145298182964325,-0.10986249893903732,-0.019842686131596565,0.0,1791183706280,0.076050006,9.168,2.7930002,0.4398,9.281507,3.11452,-0.351433,-0.062301,-0.333138,0.056649998,-0.1098625,-0.040975,
36503641645907,-0.2762214243412018,-0.003515755198895931,9.51812077748532,0.15449148267507554,0.14955317840530638,0.17221091389656068,-0.09961894899606705,-0.09487500041723251,-0.010401996783912182,0.0,1791183706290,0.112050004,9.07695,2.8620002,0.438002,9.283647,3.108385,-0.347241,-0.184151,-0.271937,0.0279125,-0.094875,-0.034649998,
36503651640289,-0.29231107234954834,-0.02950537409633398,9.564415188631072,0.12495615631341934,0.15229198119479037,0.1916055977344513,-0.06540676206350327,-0.06297499686479568,0.002925181994214654,0.0,1791183706300,0.19095,9.099,2.94105,0.437127,9.28434,3.10644,-0.32003,-0.218363,-0.224501,-0.01155,-0.062975,-0.0165,
36503661634429,-0.16052302718162537,-0.052332704328000544,9.736356295982059,0.14099883884191514,0.13502439367362254,0.20698253512382508,-0.03158411383628845,-0.031075000762939453,0.01651625707745552,0.0,1791183706310,0.31305,9.195001,3.186,0.437846,9.283268,3.109543,-0.201039,-0.140677,-0.057616,-0.051975,-0.031075,5.5E-4,
36503671628662,0.03871389850974083,-0.05139778349548578,9.88439105768722,0.13796024248003957,0.13558567034222435,0.17419836595654486,-0.011150785721838474,-0.008662499487400055,0.024386471137404442,0.0,1791183706319,0.411,9.283051,3.3700502,0.439501,9.280564,3.117367,-0.054253,-0.025445,0.205104,-0.07645,-0.0086624995,0.0015125,
36503681623049,0.1036015972495079,-0.045501737110316756,9.873160681770617,0.09529342129826546,0.1395751068663137,0.11734800562262535,-0.0023491575848311186,0.003987499978393316,0.02504076063632965,0.0,1791183706330,0.624,9.274051,3.3289502,0.440648,9.277416,3.126565,0.004453,0.037556,0.212665,-0.0796125,0.0039875,-0.007975,
36503691617203,-0.05785755068063736,-0.055353146977722645,9.793568579625457,0.03793988451361656,0.13299097345424535,0.07367523089051246,-0.032571904361248016,-0.021449999883770943,0.029104337096214294,0.0,1791183706340,-0.08400001,9.20205,3.351,0.442344,9.273943,3.136612,0.072189,-0.121775,0.169099,-0.0944625,-0.02145,-0.025024999,
36503701611460,0.01700586825609207,-0.06421805452555418,9.895050089703805,0.02451866194605827,0.12146344617721161,0.011811842769384384,-0.03109685145318508,-0.02681249938905239,0.0350499227643013,0.0,1791183706350,0.076050006,9.31005,3.351,0.43829,9.270009,3.148783,-0.668353,-0.046015,0.281426,-0.10945,-0.0268125,-0.0026125,
36503711605614,0.13578936457633972,-0.06562796141952276,9.898443124166514,0.11982104256749153,0.11894385437141454,0.04745063558220863,0.02847614698112011,0.026399999856948853,0.031214110553264618,0.0,1791183706360,0.49695003,9.33405,3.2569501,0.44008,9.266438,3.159031,0.028964,0.101206,0.120344,-0.0935,0.0264,0.023924999,
36503721599997,0.024456113576889038,-0.06698834765702485,9.79585334820293,0.16980740278959275,0.11774412323348851,0.044599078595638275,0.021257977932691574,0.023237500339746475,0.026494506746530533,0.0,1791183706370,0.25305,9.255,3.1999502,0.442014,9.263546,3.167228,-0.102256,0.022696,0.023561,-0.0807125,0.0232375,0.009075,
36503731594238,-0.01788913458585739,-0.06462338026612997,9.754399275947065,0.1925118461251259,0.11823053812669057,0.020300932228565216,-0.037265852093696594,-0.03959999978542328,0.02031547576189041,0.0,1791183706382,0.20805001,9.160951,3.3439503,0.443554,9.261242,3.173747,-0.216324,-0.03246,0.069715,-0.0614625,-0.0396,0.009075,
36503741588387,-0.03766351193189621,-0.0609002472832799,9.786820954464595,0.21594533771276475,0.1178478442415307,0.024339739978313447,-0.08412956446409225,-0.09171249717473984,0.010860656388103962,0.0,1791183706390,0.23400001,9.154051,3.45405,0.446363,9.259315,3.178971,-0.305324,-0.102359,0.224902,-0.0317625,-0.0917125,0.0122375,
36503751582756,0.036778904497623444,-0.052714609913527964,9.89446635105051,0.2352768823504448,0.1186598027150403,0.02829434722661972,-0.09483309090137482,-0.10670000314712524,-9.739878587424755E-4,0.0,1791183706400,0.50205004,9.23505,3.5160003,0.451904,9.258156,3.181562,-0.069051,-0.062892,0.306108,0.0055,-0.1067,0.0176,
36503761576992,0.07019725441932678,-0.04517161976546049,9.83383623778514,0.189374291151762,0.12140660622885496,0.015175925195217132,-0.07416993379592896,-0.08538749814033508,-0.012184458784759045,0.0,1791183706413,0.45900002,9.196951,3.4510503,0.458719,9.258017,3.180995,0.058209,-0.036417,0.313858,0.0396,-0.0853875,0.0143,
36503771571127,-6.539002060890198E-4,-0.047953942976892,9.815730736071348,0.12750192806124686,0.11970493262851739,0.01015392243862152,-0.0543232262134552,-0.06517499685287476,-0.019431961700320244,0.0,1791183706419,0.40395,9.204,3.387,0.463816,9.258899,3.177687,-0.057021,-0.080394,0.240552,0.061875,-0.065175,0.0133375,
36503781565532,-0.0020821429789066315,-0.05223501920700073,9.728446445981877,0.08699055165052413,0.11641146705948899,0.013315320760011674,-0.011815116740763187,-0.02474999986588955,-0.022307489067316055,0.0,1791183706431,0.43305,9.148951,3.279,0.468457,9.260382,3.17268,-0.042508,-0.057935,0.168945,0.0726,-0.02475,0.025024999,
36503791559684,-0.1439683586359024,-0.057373013347387314,9.568250263401003,0.0038661941885948185,0.11806736096123466,0.007945648580789565,0.0356370247900486,0.023237500339746475,-0.019810417667031288,0.0,1791183706439,0.32700002,9.0390005,3.1210501,0.472355,9.262063,3.16719,-0.084713,-0.160173,0.03557,0.0661375,0.0232375,0.032449998,
36503801553931,-0.24325159192085266,-0.059768710285425186,9.599169560489596,0.11140238344669343,0.12128475818182448,0.06395174786448479,0.06894546002149582,0.055137500166893005,-0.012626026757061481,0.0,1791183706450,0.37800002,9.08205,3.08505,0.475409,9.263483,3.162578,-0.123681,-0.223842,-0.079527,0.045925,0.0551375,0.0452375,
36503811548310,-0.15833930671215057,-0.06350375860929489,9.699048205423162,0.15425813868641852,0.12309899326778478,0.10965906009078026,0.08558551967144012,0.07108750194311142,-0.004290990065783262,0.0,1791183706461,0.294,9.130051,3.2599502,0.478747,9.264057,3.160389,-0.160538,-0.159773,0.00167,0.02145,0.0710875,0.0537625,
36503821542452,-0.0774768739938736,-0.06111725494265556,9.840041015877715,0.14532458707690238,0.12233995654149235,0.12502365484833716,0.09906942397356033,0.07851249724626541,0.0016157622449100018,0.0,1791183706470,0.19605,9.1710005,3.561,0.482668,9.26345,3.161575,-0.224313,-0.144801,0.218357,0.0066,0.0785125,0.0760375,
36503831536655,0.09901565313339233,-0.04713396206498146,9.956621374068357,0.12914383560419082,0.12385174039462381,0.10480409562587738,0.12539488077163696,0.09350000321865082,0.0028559172060340643,0.0,1791183706481,0.39900002,9.231001,3.7099502,0.489054,9.261746,3.165579,-0.201968,-0.0593,0.511233,0.0086624995,0.0935,0.113299996,
36503841531040,-6.999149918556213E-4,-0.03335788659751415,9.776094032672557,0.10444475412368774,0.11239762502501313,0.07615040689706802,0.1699921190738678,0.13062499463558197,-0.001177438534796238,0.0,1791183706489,0.6,9.142051,3.4110003,0.499513,9.260347,3.16804,0.055721,-0.10818,0.305265,0.0257125,0.130625,0.139975,
36503851525208,0.06001847982406616,-0.015741408988833427,10.025569209872547,0.03067231774330139,0.09698456319267926,0.01549639254808426,0.17472556233406067,0.12966249883174896,0.0012956350110471249,0.0,1791183706500,0.624,9.292951,3.7099502,0.510738,9.259119,3.169837,-0.2452,-0.068644,0.425573,0.02145,0.1296625,0.1579875,
36503861519433,0.2922922372817993,0.006899354234337807,10.065821994590431,0.0644759938120842,0.11220317220007636,0.07462991625070572,0.24554063379764557,0.2008875012397766,-0.004602092318236828,0.0,1791183706510,1.0669501,9.3820505,3.48705,0.526196,9.257624,3.171675,0.503091,0.102839,0.519503,0.0416625,0.2008875,0.1654125,
36503871513589,0.17343264818191528,0.01363529171794653,9.91817395645504,0.11149649992585182,0.11781442032389684,0.1248118206858635,0.276467502117157,0.2605625092983246,-0.01299795787781477,0.0,1791183706520,0.79695004,9.40095,3.0589502,0.534411,9.257949,3.16935,0.389531,0.116879,0.129178,0.054449998,0.2605625,0.0845625,
36503881507960,0.09063106030225754,0.01298676487058401,9.907576658502993,0.1310805507004261,0.11735219495871653,0.12313490211963654,0.27715322375297546,0.2796750068664551,-0.008508596569299698,0.0,1791183706530,0.55695003,9.549001,2.5819502,0.533797,9.259759,3.164162,0.16509,0.21802,-0.385174,0.032175,0.279675,0.0345125,
36503891502189,0.08429338037967682,0.02009431142359972,9.909274832809542,0.2040853090584278,0.11715078429996685,0.14013356119394302,0.21337993443012238,0.2307250052690506,0.0058718156069517136,0.0,1791183706540,0.588,9.56595,2.5180502,0.528017,9.261724,3.159382,0.008064,0.3214,-0.682064,-0.020075,0.230725,-0.0111375,
36503901496345,0.12069086730480194,0.025278561376035215,9.992253487796873,0.26192709878087045,0.11917607244420365,0.15226803869009017,0.0965857207775116,0.1274625062942505,0.017507381737232208,0.0,1791183706549,0.52605003,9.51105,3.0180001,0.521264,9.262081,3.159451,0.084249,0.273159,-0.440319,-0.0647625,0.1274625,-0.0633875,
36503911490714,0.22189971804618835,0.029584079049527645,9.985830630339505,0.26321318969130514,0.12452614521499468,0.13818953484296798,0.02697701007127762,0.07108750194311142,0.01638665795326233,0.0,1791183706560,0.48105,9.37395,3.4080002,0.511136,9.260569,3.165533,0.003398,0.193268,0.121025,-0.069025,0.0710875,-0.113299996,
36503921484938,0.08144155144691467,0.032433350943028925,9.793332084676976,0.22459541112184522,0.1250271473019388,0.11979131549596786,0.02755133807659149,0.07644999772310257,0.004577579442411661,0.0,1791183706571,0.045,9.18,3.4110003,0.497394,9.259027,3.172222,-0.200732,-0.011092,0.315448,-0.034925,0.07645,-0.13255,
36503931479052,-0.001462407410144806,0.03325468730181456,9.881126374544573,0.17752302885055543,0.12474751085000868,0.1013726219534874,0.05461781099438667,0.08387500047683716,-0.004156159237027168,0.0,1791183706581,0.47595003,9.23505,3.4819503,0.483104,9.258596,3.175689,-0.464169,-0.075304,0.285645,0.0012375,0.083875,-0.076175,
36503941473450,0.08649491518735886,0.03946260865777731,9.841026111684497,0.11730932146310806,0.12415176084070993,0.1018129289150238,0.03560733050107956,0.06998749822378159,-0.009583212435245514,0.0,1791183706589,0.68205005,9.219001,3.3750002,0.475819,9.258515,3.177023,0.227857,0.008573,0.207697,0.015125,0.0699875,-0.0963875,
36503951467670,0.2439000904560089,0.04981866795569658,10.0619449910836,0.05182485729455946,0.1318930848849399,0.1264547735452652,-0.003684740513563156,0.047712501138448715,-0.01033740770071745,0.0,1791183706599,0.19305001,9.23805,3.9829502,0.463249,9.257978,3.180445,-0.2025,0.013898,0.740576,0.0097624995,0.0477125,-0.1516625,
36503961461802,0.1553487330675125,0.05407624188810587,9.909783806205793,0.011667244136333466,0.13384216188290018,0.11314457654953003,0.06364857405424118,0.10944999754428864,-0.029608312994241714,0.0,1791183706609,-0.117000006,9.07995,3.96795,0.445744,9.257996,3.182894,-0.386108,-0.096251,0.812347,0.0726,0.10945,-0.13255,
36503971456161,0.07832780480384827,0.058025327138602735,9.883242122304921,0.010613074898719793,0.13333329110047135,0.11252182722091675,0.12532548606395721,0.1381874978542328,-0.042617470026016235,0.0,1791183706620,1.14795,9.255,3.2719502,0.435906,9.259779,3.17907,0.023561,-0.121976,0.593511,0.126775,0.1381875,-0.03355,
36503981450315,-0.04365457594394684,0.055946705490350725,10.233801123173926,0.03605016767978668,0.1345724361972909,0.10408339351415634,0.05581006780266762,0.08703749626874924,-0.04571808874607086,0.0,1791183706630,0.60300004,9.8560505,2.6880002,0.435118,9.264643,3.164976,0.824012,0.086243,-0.50091,0.127875,0.087037496,-0.09955,
36503991444559,0.40985769033432007,0.08363800793886185,10.080370442378468,0.01648790985345841,0.14699414943871145,0.16875594854354858,0.031522102653980255,0.09129999577999115,-0.026520900428295135,0.0,1791183706639,-0.048,9.762,2.5129502,0.419766,9.269871,3.15171,0.020547,0.638864,-0.607355,0.0587125,0.091299996,-0.1783375,
36504001438941,0.36931467056274414,0.11426632106304169,10.278695644935802,0.055649329721927654,0.1393086632552017,0.19383886456489563,0.09338127076625824,0.14561249315738678,-0.015050115063786507,0.0,1791183706650,0.69105005,9.74505,3.1950002,0.399094,9.273148,3.144756,-0.334669,0.429686,-0.073676,0.028875,0.1456125,-0.1420375,
36504011433117,0.5025408267974854,0.14731032773852348,10.294627446681705,0.14348596781492232,0.14878561911761795,0.2632772833108902,0.149428129196167,0.23182499408721924,-0.02895185351371765,0.0,1791183706661,0.92295,9.793051,3.0370502,0.380487,9.275942,3.138814,0.624858,0.529842,-0.072522,0.062975,0.231825,-0.2261875,
36504021427363,0.35077959299087524,0.16872315108776093,9.782511858704899,0.21639501899480817,0.14567832455245278,0.31776764094829557,0.1333361268043518,0.25519999861717224,-0.04478968679904938,0.0,1791183706671,0.08805001,9.42195,2.62995,0.347649,9.28068,3.1286,0.166884,0.410182,-0.136529,0.1013375,0.2552,-0.350625,
36504031421504,-0.2015099674463272,0.15369687005877494,9.690105276090607,0.1843836337327957,0.16615371335684495,0.2861965626478195,0.08033148944377899,0.19882500171661377,-0.047503940761089325,0.0,1791183706680,-0.37995002,9.42,2.2399502,0.305344,9.287778,3.111906,-0.52583,0.082262,-0.828518,0.1150875,0.198825,-0.351725,
36504041415903,-0.12081967294216156,0.14769088216125964,9.76295936038263,0.053606316447257996,0.17362900918050594,0.18006108999252318,0.02883586287498474,0.12636250257492065,-0.034679774194955826,0.0,1791183706689,-0.35205,9.453,2.4150002,0.26719,9.294294,3.095919,-0.676818,0.137994,-0.738311,0.0842875,0.1263625,-0.29535,
36504051410148,-0.07086485624313354,0.14114671535789966,9.840213542089222,0.02111939191818238,0.17918765231664194,0.09202518463134765,-0.012534309178590775,0.06146249920129776,-0.026758462190628052,0.0,1791183706700,-0.13095,9.52995,2.4480002,0.238455,9.299428,3.082818,-0.456546,0.156803,-0.662961,0.0672375,0.0614625,-0.23045,
36504061404307,0.06584186851978302,0.12982419691979885,9.878618035768742,0.10783643424510955,0.17641232348379698,0.00468539297580719,-0.05958564206957817,-0.0034374999813735485,-0.025525204837322235,0.0,1791183706709,-0.040050004,9.613951,2.2710001,0.218556,9.304196,3.06988,-0.300178,0.288504,-0.64284,0.0683375,-0.0034375,-0.1846625,
36504071398677,-1.2972933053970337,0.056287899240851404,8.709310667654512,0.42901258021593097,0.35700399748532613,0.3249291867017746,-0.12952086329460144,-0.09487500041723251,-0.016071707010269165,0.0,1791183706720,-0.11505,8.635051,1.12905,0.208554,9.31025,3.052171,0.121626,-0.763815,-1.84378,0.0427625,-0.094875,-0.1293875,
36504081392907,-1.0379542112350464,-1.4136433601379393E-4,9.128571489285708,0.6609739840030671,0.42904185065565376,0.4922180354595184,-0.09680352360010147,-0.08318749815225601,0.02958245947957039,0.0,1791183706730,-0.19605,9.0060005,1.4779501,0.202617,9.31424,3.04037,-0.559572,-0.473319,-1.858315,-0.098725,-0.0831875,-0.0506,
36504091387305,-0.4986788332462311,-0.029289975017309188,9.54737812391867,0.761628732085228,0.4419250922939188,0.5677898675203323,0.04272780194878578,0.05087500065565109,0.06229867413640022,0.0,1791183706739,0.58095,9.33405,1.9210501,0.201218,9.313095,3.043969,0.011646,-0.103466,-1.2897,-0.2008875,0.050875,-0.0048125,
36504101381478,-0.1488429307937622,-0.04276666492223739,9.875947891935981,0.8466627657413482,0.44125514029499635,0.5833854824304581,0.0801180824637413,0.11261250078678131,0.0815548375248909,0.0,1791183706749,0.813,9.58695,2.22795,0.200649,9.308752,3.05727,0.586823,0.164238,-1.015696,-0.265925,0.1126125,-0.0686125,
36504111375762,0.17454245686531067,-0.04513452798128128,10.137979688702968,0.8794130057096481,0.4399536794575252,0.5616453647613525,0.01672055572271347,0.08813749998807907,0.09210763871669769,0.0,1791183706760,0.44700003,9.68805,2.9530501,0.189965,9.302139,3.078011,0.492163,0.350416,-0.533655,-0.30525,0.0881375,-0.1942875,
36504121369928,0.3783750832080841,-0.03028785139322281,10.109249511477945,0.5127082496881485,0.448893930240566,0.22651168704032898,0.02305097132921219,0.12856249511241913,0.09378756582736969,0.0,1791183706771,0.12105001,9.456,3.5730002,0.164995,9.293202,3.106313,0.143638,0.335411,0.182639,-0.311575,0.1285625,-0.29535,
36504131364331,-0.16305066645145416,-0.038367264345288275,9.55513502947067,0.23159206807613372,0.44975575219805736,0.05153097808361053,0.08554235845804214,0.2073500007390976,0.09174899011850357,0.0,1791183706779,-0.555,8.658,4.00395,0.127839,9.282286,3.140516,-0.4824,-0.417422,0.744592,-0.2998875,0.20735,-0.3337125,
36504141358574,-0.13831782341003418,-0.04960790127515793,9.89349689757887,0.0714839607477188,0.4493037527504492,0.020541223883628845,0.14716926217079163,0.2615250051021576,0.08657094836235046,0.0,1791183706789,-0.30105,9.04605,3.9949503,0.087386,9.270615,3.176172,-0.465889,-0.424904,0.826252,-0.2754125,0.261525,-0.301675,
36504151352745,0.2305685132741928,-0.050274480134248734,10.126678015322117,0.09173811972141266,0.44887750223334294,0.09642351269721985,0.18179111182689667,0.29782500863075256,0.0781831294298172,0.0,1791183706801,-0.12195001,9.32205,3.9540002,0.049131,9.260243,3.2071,-0.255252,-0.024278,0.778564,-0.2435125,0.297825,-0.3007125,
36504161347129,0.34851330518722534,-0.04061625152826309,10.10600592161927,0.4561468690633774,0.4552310075413896,0.13121768236160278,0.18533354997634888,0.3104749917984009,0.06418387591838837,0.0,1791183706809,-0.09105001,9.39795,3.7150502,0.010372,9.2517,3.232019,-0.075235,0.149464,0.629147,-0.1956625,0.310475,-0.32615,
36504171341343,0.18755368888378143,-0.035154957324266434,9.8592794921308,0.5852714389562607,0.45727577691291627,0.09305340349674225,0.13207343220710754,0.26688748598098755,0.04869891330599785,0.0,1791183706820,-0.40695003,9.25905,3.3630002,-0.031094,9.245625,3.249224,-0.201361,0.093289,0.298302,-0.1434125,0.2668875,-0.36245,
36504181335499,-0.09646490961313248,-0.03779547400772572,9.58087059776828,0.6741604223847389,0.45746966802139427,0.10637055486440658,0.045543111860752106,0.17861250042915344,0.03961695358157158,0.0,1791183706830,-0.80895007,9.01305,3.147,-0.074822,9.241505,3.260218,-0.538312,-0.096519,-0.028726,-0.11055,0.1786125,-0.37193748,
36504191329870,-0.3361439108848572,-0.07509555406868458,9.462220599738203,0.6501908197999,0.44979786893573626,0.06680533736944198,-0.03438204526901245,0.08071249723434448,0.03659581393003464,0.0,1791183706840,-1.1179501,8.83605,3.1950002,-0.116751,9.23804,3.268793,-0.88185,-0.31811,-0.140252,-0.0977625,0.0807125,-0.33467498,
36504201324084,-0.4384606182575226,-0.11548431850969791,9.476931034603945,0.49464487582445144,0.44431245392387797,0.0670004889369011,-0.07446847856044769,0.01251249946653843,0.03679022192955017,0.0,1791183706851,-1.2060001,8.7300005,3.48495,-0.152416,9.233919,3.278944,-1.020961,-0.495948,0.038738,-0.0977625,0.0125124995,-0.26235,
36504211318244,-0.35650697350502014,-0.1584367085248232,9.61912280794893,0.0185071423649788,0.4235274381941484,0.20800454467535018,-0.11000865697860718,-0.05664999783039093,0.02951132133603096,0.0,1791183706860,-1.2060001,8.74005,3.83205,-0.178252,9.229201,3.290914,-1.05498,-0.527143,0.359562,-0.0785125,-0.056649998,-0.172975,
36504221312614,-0.19943872094154358,-0.18594762422144412,9.729040669355484,0.23387204855680463,0.40710887559162395,0.28540302664041517,-0.1440293788909912,-0.12155000120401382,0.01354164443910122,0.0,1791183706870,-1.13205,8.74905,4.1020503,-0.193228,9.224837,3.302279,-0.984938,-0.467713,0.657049,-0.034925,-0.12155,-0.089925,
36504231306828,-0.12794452905654907,-0.18226935230195523,9.778225004969402,0.31224017441272733,0.4072839495085285,0.2916989505290985,-0.17139950394630432,-0.17476250231266022,-0.010117161087691784,0.0,1791183706880,-1.0680001,8.74905,4.2340503,-0.198571,9.221918,3.310103,-0.919739,-0.469582,0.87428,0.031075,-0.1747625,-0.0187,
36504241300984,-0.13566571474075317,-0.1830116543918848,9.75111072878825,0.3480268239974975,0.4071847938122181,0.2516033113002777,-0.18157024681568146,-0.20776249468326569,-0.0358915850520134,0.0,1791183706889,-1.01505,8.710951,4.263,-0.195663,9.221225,3.312212,-0.83885,-0.497619,0.934421,0.1034,-0.2077625,0.0473,
36504251295366,-0.15520209074020386,-0.18722851611673832,9.706029649513793,0.3261692881584167,0.40643756933121483,0.19495160579681398,-0.18240618705749512,-0.22907499969005585,-0.059975095093250275,0.0,1791183706902,-1.02405,8.706,4.1670003,-0.186021,9.222885,3.308143,-0.855675,-0.513645,0.924124,0.1716,-0.229075,0.1079375,
36504261289520,-0.1873117983341217,-0.19988619945943356,9.68123106065341,0.25416597425937654,0.40227981578007943,0.16111257076263427,-0.1721908450126648,-0.23539999127388,-0.08123955875635147,0.0,1791183706910,-0.94095004,8.793,3.9400501,-0.171297,9.227104,3.297155,-0.848851,-0.491527,0.774701,0.2332,-0.23539999,0.1590875,
36504271283741,-0.17070186138153076,-0.14355662725865842,9.693193052604883,0.2617357537150383,0.3138208054783297,0.1553651988506317,-0.16019964218139648,-0.23759999871253967,-0.09333128482103348,0.0,1791183706919,-0.80205005,8.887951,3.7840502,-0.151474,9.23358,3.279951,-0.753753,-0.397446,0.574032,0.2695,-0.2376,0.202675,
36504281277887,-0.1276247352361679,-0.09804015345871449,9.695723710098392,0.2221065774559975,0.2375438652373861,0.1553012400865555,-0.14393460750579834,-0.2311374992132187,-0.09724106639623642,0.0,1791183706929,-0.675,8.955001,3.6550503,-0.127197,9.241192,3.25948,-0.593676,-0.30929,0.470005,0.28325,-0.2311375,0.2336125,
36504291272277,-0.15371769666671753,-0.08079209662973881,9.603923253646096,0.09191114753484726,0.21967936703598637,0.15891163647174836,-0.09616012871265411,-0.18754999339580536,-0.09830868989229202,0.0,1791183706940,-0.615,8.965051,3.38895,-0.101002,9.249426,3.236962,-0.526497,-0.284006,0.329717,0.2897125,-0.18755,0.253825,
36504301266496,-0.2853021025657654,-0.08761505521833897,9.504352516172515,0.023072905838489532,0.22376805594701532,0.18493163883686065,-0.047637082636356354,-0.14176249504089355,-0.09385784715414047,0.0,1791183706949,-0.53805,9.00105,3.0040503,-0.074638,9.258335,3.212108,-0.488217,-0.297703,-0.023712,0.2800875,-0.1417625,0.269775,
36504311260652,-0.3002076745033264,-0.11135256178677082,9.554044796895228,0.07789221256971357,0.21984568832671786,0.2075108140707016,-0.0341041162610054,-0.13007499277591705,-0.0830683782696724,0.0,1791183706959,-0.44700003,9.13305,2.769,-0.04766,9.267453,3.18623,-0.467312,-0.208659,-0.323445,0.25135,-0.130075,0.27719998,
36504321255027,-0.2418457269668579,-0.14236360229551792,9.669870631811351,0.06995936334133146,0.19034234168134723,0.22173958718776704,-0.03674064576625824,-0.13433749973773956,-0.06759211421012878,0.0,1791183706970,-0.29205,9.276,2.7160501,-0.019267,9.275792,3.162167,-0.361629,-0.106864,-0.438246,0.2077625,-0.1343375,0.2814625,
36504331249270,-0.04076974093914032,-0.13624955601990224,9.823078534642503,0.047234722971916165,0.19153979580487637,0.20436858832836152,-0.04764586687088013,-0.1428624987602234,-0.053997527807950974,0.0,1791183706980,0.034950003,9.417001,2.7949502,0.010893,9.282869,3.141375,-0.118851,0.096747,-0.412666,0.1694,-0.1428625,0.2729375,
36504341243436,0.09264170378446579,-0.12470157966017723,9.92299492913741,0.03985489755868912,0.1979229248298707,0.15509670823812485,-0.06495688855648041,-0.14918750524520874,-0.045897677540779114,0.0,1791183706989,0.17400001,9.493951,2.88105,0.041249,9.288667,3.123938,0.095001,0.181929,-0.251576,0.147125,-0.1491875,0.237875,
36504351237820,0.1217251867055893,-0.1301437459886074,9.926171903791696,0.08742132037878036,0.18939200778084314,0.0736912503838539,-0.07859402894973755,-0.14918750524520874,-0.04259467124938965,0.0,1791183707000,0.20805001,9.505951,2.8500001,0.068323,9.293852,3.107993,0.118205,0.203081,-0.226054,0.13859999,-0.1491875,0.19525,
36504361232068,0.12020828574895859,-0.14155899696052074,9.972119501398863,0.1657571405172348,0.16558140902361704,0.010391941666603089,-0.10905732959508896,-0.1662375032901764,-0.03759787604212761,0.0,1791183707010,0.27195,9.540001,2.8909502,0.091994,9.298711,3.09281,0.17833,0.210192,-0.256362,0.1236125,-0.1662375,0.1505625,
36504371226224,0.18279701471328735,-0.14179683066904544,9.993744179024704,0.25062173008918764,0.16511126419974476,0.09532049000263214,-0.14655226469039917,-0.19181250035762787,-0.0332752950489521,0.0,1791183707020,0.26295,9.5130005,3.051,0.112476,9.302783,3.079868,0.157849,0.225274,-0.104556,0.1098625,-0.1918125,0.109037496,
36504381220613,0.17827796936035156,-0.12805968672037124,9.922769001601118,0.2980416685342789,0.17914425798538244,0.13913003206253052,-0.1545061320066452,-0.18754999339580536,-0.03278202936053276,0.0,1791183707029,0.28905,9.424951,3.0900002,0.129099,9.306191,3.068903,0.141225,0.176376,0.028513,0.1076625,-0.18755,0.0708125,
36504391214856,0.0663374811410904,-0.10793561711907387,9.833256290511919,0.31880082637071605,0.17723500703342007,0.13386918753385543,-0.14363960921764374,-0.1662375032901764,-0.031332872807979584,0.0,1791183707039,0.32700002,9.35295,3.0180001,0.142438,9.309375,3.058637,0.173377,0.065453,0.005259,0.1023,-0.1662375,0.040975,
36504401209007,0.029361486434936523,-0.08454451188445092,9.822008994236475,0.3229072615504265,0.16231232185936073,0.11539644747972488,-0.13629639148712158,-0.14918750524520874,-0.026020050048828125,0.0,1791183707049,0.30600002,9.337951,3.0300002,0.152889,9.312202,3.049511,0.19405,0.038683,-0.033497,0.0842875,-0.1491875,0.0133375,
36504411203378,0.01733734831213951,-0.06585229579359293,9.79838998203072,0.31656184718012814,0.15105200273518152,0.09482225999236107,-0.12166067957878113,-0.12691250443458557,-0.02098608762025833,0.0,1791183707059,0.22005,9.307051,3.0559502,0.159978,9.314407,3.042407,0.105559,0.012537,0.011913,0.0672375,-0.1269125,-0.006875,
36504421197607,-0.05608642101287842,-0.058684680797159675,9.683584927421157,0.2514141611754894,0.14791157761275273,0.04704557284712792,-0.10216128081083298,-0.1013374999165535,-0.01791924610733986,0.0,1791183707069,0.18405001,9.204,3.0040503,0.164003,9.316232,3.036595,0.048861,-0.053931,-0.018187,0.056649998,-0.1013375,-0.0218625,
36504431191767,-0.09125743061304092,-0.056850325874984266,9.695128293759092,0.14823520109057428,0.14726735146119652,0.006861507147550583,-0.10018577426671982,-0.09707500040531158,-0.01566367782652378,0.0,1791183707079,0.061950002,9.195001,3.0730503,0.166228,9.317789,3.031699,-0.051526,-0.096189,0.003467,0.0490875,-0.097075,-0.0281875,
36504441186152,-0.09655945003032684,-0.05489501263946295,9.658203790213724,0.03425035700201988,0.14646534404937803,0.03944089338183403,-0.10894663631916046,-0.10766249895095825,-0.015278765931725502,0.0,1791183707089,-0.025950002,9.121051,3.17595,0.167722,9.318988,3.027931,-0.141605,-0.130907,0.098215,0.048125,-0.1076625,-0.023924999,
36504451180383,-0.1746857762336731,-0.05586919691413641,9.633203052110478,0.09064228758215905,0.14719226823705941,0.08025034591555595,-0.10784930735826492,-0.10986249893903732,-0.019683968275785446,0.0,1791183707099,-0.060000002,9.075001,3.2310002,0.16948,9.32013,3.024312,-0.219977,-0.244577,0.199996,0.062975,-0.1098625,-0.0144375,
36504461174746,-0.1803208291530609,-0.05551964845508337,9.621301000225682,0.21510247141122818,0.14688769250549613,0.11978198140859604,-0.1026151105761528,-0.10876250267028809,-0.023712078109383583,0.0,1791183707109,-0.16995001,9.087001,3.1570501,0.171686,9.321612,3.019614,-0.284432,-0.243664,0.183146,0.0768625,-0.1087625,-0.00165,
36504471168895,-0.24414634704589844,-0.05919187273830175,9.536590462618147,0.2965239986777306,0.15059270712997616,0.15739396661520005,-0.08817977458238602,-0.09913749992847443,-0.02399677410721779,0.0,1791183707119,-0.21795002,9.027,3.0679502,0.174067,9.323511,3.013608,-0.380187,-0.274293,0.076625,0.078925,-0.0991375,0.0154,
36504481163113,-0.25907281041145325,-0.06576427649706602,9.541825803118408,0.3248262301087379,0.15619997944410513,0.1909570425748825,-0.05560494214296341,-0.07150000333786011,-0.01900448277592659,0.0,1791183707132,-0.17895001,9.03405,3.0660002,0.177518,9.32514,3.008366,-0.371667,-0.283105,0.055531,0.064075,-0.0715,0.0367125,
36504491157491,-0.2649070620536804,-0.07132374476641416,9.567627968744082,0.34002301245927813,0.16113233113464973,0.22462656497955322,-0.007979227229952812,-0.02681249938905239,-0.011465396732091904,0.0,1791183707141,-0.13095,9.05805,3.078,0.181823,9.32608,3.005188,-0.354425,-0.288834,0.053921,0.0407,-0.0268125,0.054725,
36504501151645,-0.18827369809150696,-0.06647232454270124,9.661677244196934,0.32216640934348106,0.15599557544209727,0.22734414935112,0.026582792401313782,0.005087499972432852,-0.0046129655092954636,0.0,1791183707150,0.0,9.16395,3.0610502,0.187039,9.326262,3.004308,-0.287814,-0.224372,0.10029,0.0193875,0.0050875,0.0697125,
36504511145863,-0.12255057692527771,-0.05758946966379881,9.7010679614956,0.2628356717526913,0.1472458565636562,0.21579009890556336,0.0461512953042984,0.025299999862909317,3.584561636671424E-4,0.0,1791183707159,-0.057000004,9.168,3.1710002,0.192853,9.32597,3.004845,-0.250533,-0.164225,0.126089,0.0034375,0.0253,0.071775,
36504521140236,-0.09163393080234528,-0.050078879855573175,9.787224312665765,0.17842610850930216,0.14136960834932502,0.18528761565685273,0.07681664824485779,0.05403750017285347,3.2405892852693796E-4,0.0,1791183707169,0.13605,9.292951,3.0679502,0.198821,9.325433,3.006126,-0.153551,-0.130169,0.115231,0.0044,0.0540375,0.082499996,
36504531134377,0.03232664242386818,-0.046424060687422754,9.888875956538511,0.08756683170795442,0.142503364744236,0.12700772508978844,0.050560057163238525,0.030662499368190765,-0.0035313195548951626,0.0,1791183707179,0.28695002,9.43395,2.9509501,0.206275,9.325559,3.005238,0.020954,0.027721,0.017957,0.016224999,0.0306625,0.0686125,
36504541128610,0.0872361958026886,-0.04669433608651161,9.866222276793073,0.023671272397041317,0.14224424340014605,0.056579073518514635,9.245006367564201E-4,-0.012924999929964542,-0.008624504320323467,0.0,1791183707190,0.24300002,9.463051,2.7810001,0.213392,9.326681,3.001252,0.044961,0.136733,-0.143255,0.031075,-0.012925,0.040975,
36504551122759,0.056029193103313446,-0.0499791357666254,9.851589043219949,0.11206348612904549,0.1390395061165215,0.0077184952795505525,-0.05578762665390968,-0.06407500058412552,-0.011109910905361176,0.0,1791183707199,0.18105,9.489,2.6419501,0.218875,9.328615,2.994841,-0.010798,0.149164,-0.280497,0.0374,-0.064075,0.0143,
36504561117143,-0.0014737248420715332,-0.05606323629617691,9.738721869451881,0.17389084175229075,0.1340314097673167,0.016496875137090684,-0.09777425229549408,-0.1013374999165535,-0.007010369095951319,0.0,1791183707209,0.049950004,9.38595,2.59695,0.222802,9.330646,2.988218,-0.105705,0.123191,-0.381613,0.02255,-0.1013375,-0.0059125,
36504571111363,-0.11483995616436005,-0.07094508484005928,9.650299462609361,0.20281271263957024,0.12273130632580767,0.01185567006468773,-0.09771041572093964,-0.10023749619722366,0.0020611772779375315,0.0,1791183707219,-0.13095,9.286051,2.6230502,0.225065,9.331899,2.984132,-0.254015,0.007016,-0.379921,-0.0072875,-0.100237496,-0.006875,
36504581105523,-0.17659196257591248,-0.08868858143687249,9.662867365739322,0.19469851404428482,0.11045631934151973,0.029928050935268402,-0.0647585541009903,-0.07150000333786011,0.013896096497774124,0.0,1791183707230,-0.18405001,9.24495,2.805,0.226279,9.331848,2.984197,-0.41564,-0.079124,-0.300978,-0.04455,-0.0715,0.0143,
36504591099936,-0.10919108986854553,-0.09746500998735427,9.74858294701629,0.15813064128160476,0.10460849116134067,0.06921350806951523,-0.022961053997278214,-0.0364375002682209,0.02368083782494068,0.0,1791183707239,-0.14295001,9.264001,3.0319502,0.228953,9.3301,2.989452,-0.394372,-0.07977,-0.078783,-0.07425,-0.0364375,0.0441375,
36504601094179,0.012258674949407578,-0.09832015056163072,9.86057513734498,0.13782248720526696,0.10363359252538694,0.0779676117002964,0.018606338649988174,-0.0034374999813735485,0.02820516750216484,0.0,1791183707250,-0.045,9.307051,3.2569501,0.234356,9.327139,2.99826,-0.33992,-0.028924,0.156616,-0.086075,-0.0034375,0.0782375,
36504611088335,0.10215684026479721,-0.09407917596399784,9.941163713139828,0.12804611697793006,0.1098301141510576,0.057241498678922656,0.05044044554233551,0.021037500351667404,0.024071302264928818,0.0,1791183707261,0.0019500001,9.35505,3.3630002,0.242408,9.323898,3.007687,-0.264175,0.015016,0.307601,-0.0699875,0.0210375,0.104775,
36504621082725,0.17111875116825104,-0.08271891735494137,10.009916764992001,0.126957967877388,0.12400775401196891,4.97572124004364E-5,0.07365384697914124,0.03698749840259552,0.014683245681226254,0.0,1791183707269,0.126,9.429001,3.35805,0.252637,9.321237,3.015083,-0.19779,0.070351,0.355272,-0.0369875,0.0369875,0.12815,
36504631076983,0.20691728591918945,-0.06781018152832985,10.01949126997849,0.13323116600513457,0.13909156643400433,0.07665209248661994,0.07989922165870667,0.03698749840259552,0.0038939048536121845,0.0,1791183707279,0.22005,9.4800005,3.2359502,0.26567,9.31983,3.01831,-0.083929,0.129219,0.280219,1.375E-4,0.0369875,0.1452,
36504641071158,0.215171217918396,-0.05222364813089371,10.090013303589807,0.1492430493235588,0.15187534832680066,0.14152455404400827,0.060945503413677216,0.01251249946653843,-0.006741584278643131,0.0,1791183707289,0.351,9.5779505,3.15405,0.281282,9.319845,3.016849,0.024956,0.172299,0.164363,0.0364375,0.0125124995,0.155925,
36504651065542,0.34628161787986755,-0.026175278425216674,10.15623159806343,0.19183226749300955,0.17198278278945744,0.20832914263010024,0.007729634642601013,-0.04386249929666519,-0.017605924978852272,0.0,1791183707299,0.45405003,9.658951,3.1060503,0.299585,9.321197,3.010906,0.131152,0.324176,0.110452,0.0726,-0.0438625,0.153725,
36504661059752,0.36985504627227783,0.0013335153460502624,10.163166831436083,0.25001311376690866,0.18834888426745783,0.2618687838315964,-0.05660238862037659,-0.10766249895095825,-0.02977927401661873,0.0,1791183707310,0.54,9.69495,3.0010502,0.319309,9.323901,3.000489,0.197619,0.366961,0.046649,0.111925,-0.1076625,0.137775,
36504671053908,0.32164645195007324,0.029623155295848847,10.114060419714907,0.3219023749232292,0.1918124062778608,0.2919743239879608,-0.10410849750041962,-0.15138749778270721,-0.03823792189359665,0.0,1791183707319,0.59505004,9.68595,2.8500001,0.338849,9.327841,2.986066,0.21878,0.351051,-0.065821,0.13859999,-0.1513875,0.1155,
36504681048297,0.2326110452413559,0.0542073480784893,9.947780322766116,0.3663265839219093,0.18460918939687693,0.2971130758523941,-0.1283522993326187,-0.16940000653266907,-0.038936909288167953,0.0,1791183707329,0.61005,9.55095,2.7139502,0.357388,9.332375,2.969687,0.267279,0.296238,-0.195488,0.1395625,-0.1694,0.0919875,
36504691042542,0.06838370859622955,0.0708718866109848,9.803343602853463,0.3457231856882572,0.16947328428825373,0.2677555739879608,-0.11434511840343475,-0.14602500200271606,-0.032451871782541275,0.0,1791183707340,0.61005,9.451051,2.532,0.373281,9.336699,2.9541,0.244203,0.167415,-0.33313,0.1161875,-0.146025,0.0675125,
36504701036915,-0.05059248208999634,0.07775594741106033,9.767918691879844,0.2456222526729107,0.16141146717010135,0.18838075399398804,-0.09296636283397675,-0.11508750170469284,-0.019631903618574142,0.0,1791183707350,0.60705,9.4459505,2.4120002,0.386068,9.340312,2.941008,0.217051,0.096765,-0.504391,0.0715,-0.1150875,0.0463375,
36504711031069,-0.07401478290557861,0.0801827371120453,9.751140022482495,0.0996565453708172,0.15872414740740928,0.09960678815841675,-0.08285414427518845,-0.09597499668598175,-0.005367721430957317,0.0,1791183707360,0.61905,9.427051,2.4150002,0.395993,9.342684,2.932147,0.197549,0.080028,-0.529049,0.02145,-0.095975,0.0259875,
36504721025307,-0.02692374587059021,0.08341824635863304,9.830203588141021,0.04675934389233589,0.1558217828684729,0.029892748594284056,-0.09393476694822311,-0.09817499667406082,0.005731012672185898,0.0,1791183707369,0.73695004,9.468,2.53905,0.40409,9.343738,2.927681,0.275644,0.107705,-0.471911,-0.018975,-0.098175,0.0015125,
36504731019703,0.061133839190006256,0.08485860619693994,9.890017354413501,0.14592724665999413,0.15547561069298693,0.0044026926159858705,-0.12908971309661865,-0.12155000120401382,0.012011154554784298,0.0,1791183707379,0.77295005,9.469951,2.7450001,0.4104,9.343589,2.927274,0.367495,0.13419,-0.275179,-0.0455125,-0.12155,-0.0378125,
36504741013857,0.07345309108495712,0.08416945096105337,9.847472593399893,0.2117179587483406,0.15549409065154177,0.0033888161182403565,-0.14758843183517456,-0.12691250443458557,0.014700623229146004,0.0,1791183707389,0.70095,9.38895,2.8860002,0.412893,9.342556,2.930218,0.314724,0.099309,-0.115318,-0.0605,-0.1269125,-0.0804375,
36504751008095,-0.003749833209440112,0.0811804996454157,9.782017943128256,0.25588907017372553,0.15657705680724823,0.005979713657870889,-0.140300914645195,-0.10876250267028809,0.016583655029535294,0.0,1791183707399,0.57900006,9.292951,2.9989502,0.411012,9.340916,2.935704,0.232809,-0.011577,-0.008276,-0.0710875,-0.1087625,-0.1123375,
36504761002459,-0.05693487077951431,0.07840744234854355,9.706755380127733,0.28257862790487703,0.15849571479301225,0.009395696083083748,-0.11482906341552734,-0.07686249911785126,0.01931200921535492,0.0,1791183707411,0.43995002,9.196951,3.0730503,0.405315,9.338737,2.943422,0.118796,-0.090801,0.082168,-0.0818125,-0.0768625,-0.1271875,
36504770996598,-0.11251839995384216,0.07852352015906945,9.646182036579818,0.3048363105859607,0.15835493091480704,0.007723234733566642,-0.08644002676010132,-0.04592499881982803,0.022271187976002693,0.0,1791183707419,0.32205,9.111,3.1519501,0.397025,9.336002,2.953206,-0.004595,-0.171863,0.170546,-0.091299996,-0.045925,-0.1293875,
36504780990826,-0.19489938020706177,0.07760814927751199,9.566835829404916,0.32668545260094106,0.15987262081688264,0.05892987861298025,-0.05121809244155884,-0.010862499475479126,0.023425962775945663,0.0,1791183707429,0.16005,9.042001,3.1210501,0.38703,9.332946,2.964172,-0.131069,-0.259786,0.190705,-0.0935,-0.0108624995,-0.122925,
36504790985180,-0.2711089849472046,0.06951225452357904,9.516869212019342,0.3162230478134006,0.17271130702073223,0.1278422938194126,-0.0291166752576828,0.008249999955296516,0.02382821962237358,0.0,1791183707440,-0.01905,9.019951,3.0349503,0.375416,9.330066,2.974718,-0.346904,-0.300002,0.091573,-0.0924,0.00825,-0.1101375,
36504800979296,-0.30672723054885864,0.05356295924866572,9.505243016827471,0.28804456144571305,0.19102021997872137,0.1884377732872963,-0.013839934021234512,0.01677500084042549,0.027218099683523178,0.0,1791183707452,-0.009000001,9.027,2.97705,0.36462,9.327229,2.98494,-0.355262,-0.309136,0.002342,-0.099825,0.016775,-0.0856625,
36504810973528,-0.30293944478034973,0.03330814499640837,9.507044290832019,0.26753143668174745,0.20570633651066397,0.23763868808746338,-0.005181659013032913,0.021037500351667404,0.030252505093812943,0.0,1791183707460,-0.012,9.042001,2.937,0.355462,9.324235,2.995382,-0.370046,-0.289382,-0.046406,-0.10725,0.0210375,-0.0697125,
36504820967658,-0.25266915559768677,0.012118749658111484,9.5761824656377,0.26126614660024644,0.2121453960610921,0.2656688392162323,-0.009400580078363419,0.0147124994546175,0.03195350244641304,0.0,1791183707470,0.0019500001,9.1369505,2.86695,0.347438,9.321232,3.00565,-0.335686,-0.221736,-0.097375,-0.1115125,0.014712499,-0.0633875,
36504830962047,-0.20332249999046326,-0.008393239637371153,9.687868068211127,0.2639646470546722,0.2121517157156493,0.2673534631729126,-0.03243210166692734,-0.008662499487400055,0.03368814289569855,0.0,1791183707479,0.022950001,9.24705,2.8890002,0.340224,9.318385,3.015285,-0.309318,-0.144669,-0.178836,-0.116875,-0.0086624995,-0.06545,
36504840956295,-0.052052952349185944,-0.021754448150750248,9.792844195089945,0.22952197031117977,0.20597593009803203,0.22354225665330887,-0.08772565424442291,-0.06407500058412552,0.033561140298843384,0.0,1791183707489,0.021000002,9.274051,3.14505,0.333901,9.315317,3.02545,-0.300601,-0.036256,-0.023802,-0.116875,-0.064075,-0.073975,
36504850950694,0.030698038637638092,-0.03753362711286172,9.849943077907904,0.16545289889909326,0.18852622407660075,0.15605720281600952,-0.12869282066822052,-0.10559999942779541,0.026239443570375443,0.0,1791183707499,0.042000003,9.25905,3.3600001,0.328338,9.312057,3.036077,-0.285462,-0.035391,0.238509,-0.0935,-0.1056,-0.0814,
36504860944838,0.01935083419084549,-0.05505883771693334,9.827045018190649,0.08387591228820383,0.1646162801627745,0.09159914702177048,-0.1346224993467331,-0.11192499846220016,0.016310498118400574,0.0,1791183707510,0.006,9.23805,3.351,0.323047,9.309292,3.045118,-0.275382,-0.073327,0.31566,-0.0614625,-0.111925,-0.0845625,
36504870939057,-0.023354560136795044,-0.07230888832127676,9.754855507564633,0.013193650683388118,0.14055557529484702,0.04573622792959213,-0.1330510973930359,-0.11096250265836716,0.010109718888998032,0.0,1791183707519,-0.11895001,9.19005,3.2689502,0.317002,9.307349,3.051678,-0.3675,-0.097721,0.261216,-0.041249998,-0.1109625,-0.0845625,
36504880933430,-0.08419349789619446,-0.08814911547815427,9.681442351716703,0.10593186630867421,0.12191476880644658,0.02191042751073837,-0.11533966660499573,-0.09707500040531158,0.008307171985507011,0.0,1791183707530,-0.19605,9.1369505,3.1950002,0.310462,9.305903,3.056759,-0.485458,-0.134582,0.189098,-0.033825,-0.097075,-0.0708125,
36504890927575,-0.17015491425991058,-0.10007604662096128,9.65089402117488,0.142906953394413,0.11760986552028985,0.0455308198928833,-0.0873173177242279,-0.07576250284910202,0.011178821325302124,0.0,1791183707540,-0.22995001,9.118051,3.15405,0.304809,9.304523,3.061527,-0.537266,-0.197845,0.110108,-0.0402875,-0.0757625,-0.0452375,
36504900921807,-0.1718597561120987,-0.10613941032206639,9.685752103814718,0.15159630924463274,0.11802766615421012,0.08604237884283066,-0.0672421082854271,-0.06407500058412552,0.01579420454800129,0.0,1791183707549,-0.17895001,9.12495,3.2430003,0.301372,9.302726,3.067328,-0.497915,-0.205624,0.123461,-0.051975,-0.064075,-0.0154,
36504910916175,-0.08377749472856522,-0.10662754591321573,9.774200224668835,0.1590007945895195,0.11791392996831405,0.1066680446267128,-0.0492698960006237,-0.05348749831318855,0.017260530963540077,0.0,1791183707560,-0.10695001,9.183001,3.3460503,0.300709,9.300399,3.074436,-0.461339,-0.148231,0.226486,-0.0540375,-0.0534875,0.0100375,
36504920910344,-0.023928366601467133,-0.10647777694975957,9.77942266091676,0.16057065725326536,0.11801692834381917,0.10678280591964721,-0.029153190553188324,-0.03959999978542328,0.015624437481164932,0.0,1791183707569,-0.028050002,9.204,3.3049502,0.302564,9.298018,3.081451,-0.365032,-0.100359,0.262567,-0.0466125,-0.0396,0.03135,
36504930904576,-0.013155773282051086,-0.11019225757336244,9.798914564929959,0.13096699565649034,0.11377594268818697,0.09257526099681854,-0.017743144184350967,-0.03217500075697899,0.012726234272122383,0.0,1791183707581,0.021000002,9.24495,3.24795,0.306133,9.296096,3.086888,-0.318323,-0.064919,0.185305,-0.036025,-0.032175,0.0441375,
36504940898958,-0.02059793472290039,-0.11489480886375532,9.802229452260958,0.09339333772659301,0.1078792268052876,0.0626638650894165,-0.0058480966836214066,-0.022549999877810478,0.01234029047191143,0.0,1791183707589,0.08505,9.26895,3.1879501,0.310887,9.294478,3.091287,-0.270405,-0.056119,0.130626,-0.033825,-0.02255,0.0526625,
36504950893112,-0.04361922666430473,-0.11688827853649855,9.793846615106203,0.05458338782191277,0.10616168708627492,0.03701575919985771,0.009895515628159046,-0.007699999958276749,0.012902981601655483,0.0,1791183707599,0.15,9.286051,3.10905,0.316398,9.293082,3.094925,-0.189724,-0.052329,0.038404,-0.034925,-0.0077,0.058025,
36504960887345,0.03595876693725586,-0.11224359665066004,9.87973972467327,0.032667721062898634,0.1106215220723461,0.013068506866693497,0.014667151495814323,-0.0012374999932944775,0.015886075794696808,0.0,1791183707610,0.21195,9.35295,3.17595,0.322119,9.291563,3.098891,-0.142773,0.030592,0.036832,-0.04455,-0.0012375,0.054725,
36504970881504,0.08035468310117722,-0.10259994249790907,9.87429571301377,0.029698530584573744,0.11831661832773223,0.007788103073835373,0.016211433336138725,0.0019249999895691872,0.016799932345747948,0.0,1791183707619,0.22200002,9.319051,3.2569501,0.32784,9.289682,3.103918,-0.110187,0.049232,0.117996,-0.0477125,0.001925,0.0504625,
36504980875963,0.07173933833837509,-0.08926800657063723,9.866074820766627,0.07029794529080391,0.12212629360213846,0.024767125397920607,0.02831868641078472,0.015812499448657036,0.014356132596731186,0.0,1791183707629,0.26700002,9.304951,3.2689502,0.332929,9.287726,3.109228,-0.081757,0.020064,0.174936,-0.0402875,0.0158125,0.0463375,
36504990870143,0.045036431401968,-0.0734607357531786,9.80892873183721,0.12393637746572495,0.11795566459652859,0.03789399862289429,0.02709079161286354,0.015812499448657036,0.009797066450119019,0.0,1791183707639,0.16905001,9.279,3.17595,0.337423,9.286275,3.113082,-0.112587,0.014332,0.111226,-0.0264,0.0158125,0.040975,
36505000864562,-0.042404089123010635,-0.06024457868188619,9.720543955963114,0.14480507075786592,0.1051971239528823,0.03813702613115311,0.008746842853724957,-0.004537499975413084,0.004436680115759373,0.0,1791183707649,0.078,9.23295,3.039,0.341264,9.28565,3.114522,-0.209802,-0.03532,-0.005135,-0.00935,-0.0045375,0.042075,
36505010858723,-0.10200060158967972,-0.05019763652235269,9.671559660533136,0.11732795834541321,0.09004239119507726,0.01054515242576599,-0.02202850580215454,-0.040699999779462814,4.236052045598626E-4,0.0,1791183707659,0.054,9.21405,2.93895,0.346183,9.285862,3.113348,-0.264999,-0.052291,-0.135642,0.0044,-0.0407,0.0515625,
36505020852961,-0.16134503483772278,-0.045631430484354495,9.631098363860984,0.05478046983480453,0.081576549205798,0.03779479116201401,-0.06375138461589813,-0.08855000138282776,-0.0012037355918437243,0.0,1791183707669,0.054,9.207001,2.8260002,0.353024,9.286628,3.110296,-0.314936,-0.076999,-0.242723,0.0108624995,-0.08855,0.0622875,
36505030847331,-0.154649555683136,-0.043197783268988134,9.681653194270204,0.02040870487689972,0.07745795409479236,0.08307256996631622,-0.10512497276067734,-0.13323749601840973,0.002067097695544362,0.0,1791183707679,0.09,9.255,2.841,0.362168,9.287428,3.106849,-0.27859,-0.053857,-0.294342,0.0012375,-0.1332375,0.06655,
36505040841483,-0.10468950867652893,-0.045829611085355285,9.766320836194804,0.0760019987821579,0.07859993033459911,0.1130177579820156,-0.1219855397939682,-0.15138749778270721,0.0076634446159005165,0.0,1791183707689,0.25800002,9.31005,2.93895,0.372995,9.287586,3.105097,-0.184072,-0.032467,-0.211188,-0.0158125,-0.1513875,0.0697125,
36505050835735,0.001792367547750473,-0.047274894639849664,9.829311419549102,0.09110995978116988,0.07743661141792867,0.10417846664786339,-0.11822996288537979,-0.1438249945640564,0.013120483607053757,0.0,1791183707699,0.33,9.33405,3.0630002,0.3845,9.286877,3.105814,-0.080655,0.040067,-0.104166,-0.033825,-0.143825,0.0611875,
36505060830127,0.08314058184623718,-0.04408540725708008,9.893771844300899,0.07493833303451539,0.08133090677208771,0.06715022996068001,-0.10369224101305008,-0.12264999747276306,0.016258783638477325,0.0,1791183707709,0.30105,9.37005,3.1620002,0.394527,9.285461,3.108787,-0.061952,0.086973,0.010176,-0.0455125,-0.12265,0.0452375,
36505070824374,0.09620566666126251,-0.0381073959171772,9.887965869588715,0.040407215058803556,0.08684221696117549,0.01564008966088295,-0.0783163383603096,-0.0906125009059906,0.01740150898694992,0.0,1791183707719,0.32205,9.37395,3.1300502,0.401942,9.283716,3.113042,-0.064578,0.088718,0.046623,-0.050875,-0.0906125,0.03025,
36505080818547,0.031095445156097412,-0.032342948764562604,9.83255840364262,0.01638508811593056,0.08741622856544552,0.02150891050696373,-0.058246564120054245,-0.06517499685287476,0.01931767351925373,0.0,1791183707729,0.28395,9.33405,3.078,0.407117,9.281964,3.117601,-0.122426,0.04498,-0.020184,-0.0583,-0.065175,0.0185625,
36505090812932,0.04309584200382233,-0.02168041095137596,9.894436862492263,0.012928954511880877,0.08284232595680689,0.051065980643033984,-0.05989335477352142,-0.06297499686479568,0.02162971720099449,0.0,1791183707739,0.30795002,9.337951,3.2569501,0.410835,9.279982,3.123005,-0.111778,0.044568,0.017506,-0.066825,-0.062975,0.007975,
36505100807151,0.17942100763320923,-0.004116372764110565,9.994511036946294,0.07604655623435974,0.08630615722346567,0.08659170866012574,-0.06874042749404907,-0.06833750009536743,0.018766967579722404,0.0,1791183707749,0.38205,9.38595,3.4129503,0.413951,9.277565,3.129772,-0.05504,0.111628,0.238188,-0.0594,-0.0683375,-0.0048125,
36505110801302,0.19003508985042572,0.009574256464838981,9.97459761146534,0.14576540142297745,0.0939615040861597,0.10797061026096344,-0.056292783468961716,-0.050187498331069946,0.012624237686395645,0.0,1791183707759,0.36795002,9.37905,3.3750002,0.415602,9.275434,3.135859,-0.044719,0.111366,0.270408,-0.04235,-0.0501875,-0.0218625,
36505120795701,0.14511162042617798,0.018026255816221238,9.906909464547434,0.20082437098026273,0.09808019943373338,0.11775180101394653,-0.0496203750371933,-0.03849999979138374,0.0065041352063417435,0.0,1791183707769,0.31305,9.349951,3.2599502,0.415111,9.274123,3.139799,-0.063382,0.093522,0.185066,-0.0253,-0.0385,-0.0378125,
36505130789930,0.08788622915744781,0.023078355938196182,9.880495865384752,0.2421277157962322,0.09894244110666575,0.1291099578142166,-0.05114857107400894,-0.0364375002682209,0.003999253734946251,0.0,1791183707779,0.20805001,9.361951,3.1519501,0.41261,9.273536,3.141865,-0.149466,0.082139,0.051319,-0.018975,-0.0364375,-0.0495,
36505140784086,0.08353100717067719,0.02828480303287506,9.859054408436153,0.24137545749545097,0.09924638428956746,0.13719699084758757,-0.053954415023326874,-0.03739999979734421,0.00516715832054615,0.0,1791183707789,0.069000006,9.34305,3.147,0.408334,9.273267,3.143211,-0.262506,0.101561,-0.005093,-0.0232375,-0.0374,-0.0548625,
36505150778450,0.0484669953584671,0.03288911413401365,9.792655927388818,0.1781564183533192,0.09793110682441583,0.11100618839263916,-0.05595507472753525,-0.04166249930858612,0.008241427130997181,0.0,1791183707799,0.010950001,9.264001,3.1740003,0.403587,9.272675,3.145569,-0.327191,0.059058,0.018884,-0.0317625,-0.0416625,-0.0474375,
36505160772698,-0.030874377116560936,0.029547456931322814,9.729074701009548,0.08246438466012479,0.09890476739470822,0.06682429499924183,-0.049548834562301636,-0.03849999979138374,0.011805364862084389,0.0,1791183707810,-0.048,9.19005,3.1930501,0.399206,9.271594,3.149317,-0.406608,-0.03084,0.04626,-0.041249998,-0.0385,-0.0356125,
36505170767078,-0.10054871439933777,0.020502287056297065,9.71984142963951,0.0038166824728250517,0.10206625247124711,0.01769222803413868,-0.04529419541358948,-0.040699999779462814,0.014026486314833164,0.0,1791183707819,-0.08595,9.148951,3.28095,0.395854,9.270075,3.154204,-0.477476,-0.117907,0.094046,-0.0455125,-0.0407,-0.0154,
36505180761232,-0.07456876337528229,0.013186881970614194,9.763255561648403,0.06586475111544132,0.1033666687199544,0.014798770472407342,-0.046117547899484634,-0.050187498331069946,0.012999261729419231,0.0,1791183707829,-0.061950002,9.156,3.38895,0.394745,9.268341,3.159438,-0.46679,-0.116173,0.167821,-0.0391875,-0.0501875,0.009075,
36505190755451,-0.0582992285490036,0.008020098973065614,9.759095640207054,0.12975652627646922,0.10422459434139901,0.0431648176163435,-0.04928072541952133,-0.06187500059604645,0.008416063152253628,0.0,1791183707839,0.028050002,9.109051,3.5020502,0.396469,9.266632,3.164229,-0.442177,-0.136012,0.273163,-0.0221375,-0.061875,0.03135,
36505200749818,-0.015873461961746216,0.009346630331128836,9.843874761198611,0.1640035193413496,0.10374209153296994,0.05603290908038616,-0.061850421130657196,-0.08112499862909317,7.595133502036333E-5,0.0,1791183707849,0.17895001,9.151951,3.6210003,0.401584,9.265227,3.167697,-0.282093,-0.14179,0.401377,0.0055,-0.081125,0.0452375,
36505210743953,0.028596840798854828,0.015876502450555562,9.867334526997617,0.16189046651124955,0.10059026072672402,0.04413866549730301,-0.06202622503042221,-0.08428750187158585,-0.010738293640315533,0.0,1791183707859,0.30600002,9.18795,3.5850003,0.408873,9.264619,3.168548,-0.167278,-0.112451,0.438832,0.0396,-0.0842875,0.0495,
36505220738181,0.0584762841463089,0.026867568399757145,9.865407884311368,0.1414436236023903,0.09229279727289598,0.012333665788173676,-0.04640565812587738,-0.0672374963760376,-0.017404356971383095,0.0,1791183707869,0.39000002,9.204,3.5299501,0.416614,9.264898,3.166717,-0.060097,-0.06724,0.385597,0.0598125,-0.0672375,0.0452375,
36505230732555,0.021507568657398224,0.03567542461678386,9.803788709689508,0.13031539022922514,0.08242812178141479,0.006881600618362427,-0.01905819959938526,-0.035337500274181366,-0.019812939688563347,0.0,1791183707879,0.40905002,9.166051,3.45405,0.423179,9.265642,3.163671,-0.037932,-0.094321,0.347941,0.0661375,-0.0353375,0.0356125,
36505240726707,0.004114717245101929,0.0411156359128654,9.762166135331205,0.09164179861545563,0.07635108086356061,0.019364389777183532,0.011628041043877602,-2.749999985098839E-4,-0.019429616630077362,0.0,1791183707889,0.363,9.168,3.3340502,0.4281,9.266667,3.160005,-0.021305,-0.076192,0.239079,0.064075,-2.75E-4,0.0281875,
36505250720950,-0.08514976501464844,0.03676852928474546,9.668824513626772,0.06131516583263875,0.08081102532960015,0.005509129166603089,0.03354744240641594,0.025299999862909317,-0.01794654317200184,0.0,1791183707899,0.31995,9.12495,3.18105,0.430736,9.267929,3.155939,-0.105344,-0.115761,0.089917,0.0587125,0.0253,0.0218625,
36505260715335,-0.1530839055776596,0.024957304913550617,9.600902920986817,0.04851924814283848,0.08991994095802927,0.0308270201086998,0.04370935261249542,0.03698749840259552,-0.016640396788716316,0.0,1791183707909,0.22905001,9.115951,3.0040503,0.43228,9.269515,3.151067,-0.152377,-0.136501,-0.05365,0.054449998,0.0369875,0.0196625,
36505270709540,-0.22131037712097168,0.009081502724438906,9.55331307636624,0.07198558188974857,0.10301517749775443,0.08678435236215591,0.04650004953145981,0.038087498396635056,-0.014296256005764008,0.0,1791183707919,0.15705001,9.13305,2.79795,0.43302,9.271519,3.145069,-0.253674,-0.138504,-0.246371,0.048125,0.0380875,0.0259875,
36505280703709,-0.26121312379837036,-0.005533925723284483,9.51112620158121,0.10016367323696612,0.11843666923495173,0.14332849085330962,0.02077976055443287,0.008249999955296516,-0.009734813123941422,0.0,1791183707929,0.20505,9.13305,2.6470501,0.435081,9.273756,3.138182,-0.234187,-0.119194,-0.431021,0.0353375,0.00825,0.0356125,
36505290698088,-0.27293041348457336,-0.021335238497704266,9.554704885740543,0.14270460791885853,0.13127971854771914,0.1987375169992447,-0.026911934837698936,-0.042762499302625656,-0.004056145437061787,0.0,1791183707940,0.22905001,9.172951,2.664,0.439428,9.275713,3.131779,-0.228958,-0.116362,-0.47729,0.0182875,-0.0427625,0.039875,
36505300692330,-0.22983418405056,-0.04179799808189273,9.599075105122688,0.18353573530912398,0.13028459989182103,0.227674400806427,-0.06720712035894394,-0.08538749814033508,5.096914246678352E-4,0.0,1791183707952,0.29595003,9.20205,2.7160501,0.445697,9.277108,3.126756,-0.206495,-0.089027,-0.426777,0.0044,-0.0853875,0.042075,
36505310686699,-0.20931437611579895,-0.06176547138020396,9.605330379864284,0.22658682912588118,0.12365732809470432,0.23892049491405487,-0.09747207164764404,-0.11618749797344208,0.005577240139245987,0.0,1791183707959,0.28695002,9.18,2.81205,0.453482,9.277855,3.123422,-0.164003,-0.080197,-0.394712,-0.01155,-0.1161875,0.040975,
36505320680852,-0.15091657638549805,-0.07656688122078777,9.70725714032097,0.23172333538532258,0.11545363778903789,0.22484173476696015,-0.11203198879957199,-0.13007499277591705,0.01023815292865038,0.0,1791183707969,0.33195,9.23805,2.9629502,0.461609,9.277752,3.122538,-0.143399,-0.072912,-0.235811,-0.0264,-0.130075,0.038775,
36505330675083,-0.02623140625655651,-0.08227276299148797,9.831813085626218,0.1972097810357809,0.10987004650167888,0.17784539125859739,-0.11405979841947556,-0.13007499277591705,0.01239072997123003,0.0,1791183707979,0.44505003,9.312,3.1230001,0.469943,9.276908,3.123801,-0.079907,0.002152,-0.076663,-0.033825,-0.130075,0.03355,
36505340669472,0.09850762784481049,-0.08152393195778132,9.938137660717508,0.1090669121593237,0.11104233132418859,0.1035577829927206,-0.12275486439466476,-0.13323749601840973,0.013307441957294941,0.0,1791183707989,0.507,9.37695,3.25305,0.478123,9.275545,3.126607,0.029228,0.080129,0.066577,-0.0391875,-0.1332375,0.0165,
36505350663713,0.162258118391037,-0.07583437580615282,9.979950986742134,0.005687697604298592,0.12010258382355943,0.025139322504401207,-0.11156336963176727,-0.11192499846220016,0.012979965656995773,0.0,1791183707999,0.492,9.393001,3.3360002,0.483472,9.273861,3.130775,0.004725,0.110544,0.179724,-0.04235,-0.111925,-0.0111375,
36505360657861,0.1659207046031952,-0.06599462172016501,9.924744651740676,0.13669204600155355,0.13095425060570012,0.04990769363939762,-0.08597642928361893,-0.07686249911785126,0.014619646593928337,0.0,1791183708009,0.39705002,9.336,3.3439503,0.485222,9.271955,3.136152,-0.049696,0.107662,0.207866,-0.050875,-0.0768625,-0.03355,
36505370652246,0.09073013067245483,-0.05643067946657539,9.84955819437484,0.2415655259042978,0.13500362919141423,0.0982370350509882,-0.05125761777162552,-0.0364375002682209,0.019357426092028618,0.0,1791183708019,0.25995,9.267,3.3270001,0.48351,9.269646,3.143232,-0.182059,0.038145,0.198392,-0.066825,-0.0364375,-0.042075,
36505380646400,-5.332045257091522E-4,-0.052728901524096726,9.8189119477255,0.30211419239640236,0.13546975166346814,0.10337667539715767,-0.01910741627216339,-0.0012374999932944775,0.02451193332672119,0.0,1791183708029,0.16695,9.22095,3.3700502,0.479502,9.266824,3.152153,-0.242695,-0.050012,0.182288,-0.082775,-0.0012375,-0.043175,
36505390640619,0.011138193309307098,-0.049257030431181195,9.801265325137198,0.313577189296484,0.136170476204795,0.08590278849005699,0.019921481609344482,0.03698749840259552,0.028918426483869553,0.0,1791183708040,0.07395,9.192,3.4009502,0.473881,9.26344,3.162927,-0.356784,-0.051417,0.238553,-0.0944625,0.0369875,-0.032449998,
36505400635015,-0.047012947499752045,-0.050814004708081485,9.803232138574382,0.2829690702259541,0.1359577253566865,0.04404857531189919,0.039945948868989944,0.05087500065565109,0.03006516769528389,0.0,1791183708049,0.054,9.172951,3.45795,0.468625,9.259798,3.17436,-0.413777,-0.112419,0.243878,-0.0944625,0.050875,-0.0111375,
36505410629183,0.028032831847667694,-0.05084220515564084,9.847824222098781,0.24131273552775384,0.13594130848066407,0.016471000760793685,0.027809277176856995,0.02956249937415123,0.026046793907880783,0.0,1791183708059,0.07095,9.192,3.5329502,0.465924,9.256248,3.18509,-0.396711,-0.058589,0.314551,-0.0785125,0.0295625,0.0111375,
36505420623411,0.07662743330001831,-0.04993464769795537,9.899598673408063,0.19149585254490376,0.13672642217996445,0.01365046128630638,0.01125679723918438,0.003987499978393316,0.017660142853856087,0.0,1791183708069,0.093,9.21195,3.624,0.465983,9.253231,3.193841,-0.384799,-0.036419,0.39678,-0.049775,0.0039875,0.03025,
36505430617792,0.10992300510406494,-0.045513875875622035,9.92466016510341,0.1392994862049818,0.14034634032531468,0.0357417032122612,-0.009147847071290016,-0.02474999986588955,0.005934670101851225,0.0,1791183708079,0.16005,9.252001,3.588,0.46879,9.251173,3.199384,-0.34451,-0.008026,0.410391,-0.01155,-0.02475,0.0452375,
36505440612016,0.10080812871456146,-0.04067920530214906,9.921819956080563,0.07881501279771327,0.1436004101378628,0.053675690293312074,-0.025420617312192917,-0.04702499881386757,-0.004719470627605915,0.0,1791183708090,0.22200002,9.25695,3.5640001,0.473935,9.250283,3.201193,-0.296983,-0.011924,0.387034,0.02255,-0.047025,0.054725,
36505450606185,0.08226591348648071,-0.0323084213770926,9.86348219916097,0.029623768851160998,0.14562932859105948,0.07953146249055862,-0.03221932053565979,-0.05664999783039093,-0.01251133717596531,0.0,1791183708099,0.27495003,9.216001,3.5040002,0.480417,9.250308,3.200155,-0.253187,-0.021526,0.352159,0.047025,-0.056649998,0.058025,
36505460600556,0.014881215989589691,-0.023910165298730135,9.74220924462411,0.021335895732045182,0.14324586505470555,0.07690113931894302,-0.018517768010497093,-0.042762499302625656,-0.016269046813249588,0.0,1791183708109,0.28695002,9.139951,3.3600001,0.487274,9.251001,3.197117,-0.204977,-0.058132,0.245063,0.0587125,-0.0427625,0.058025,
36505470594785,-0.14358088374137878,-0.02002369062975049,9.601056409148335,0.07051719948649407,0.13882357519950989,0.032859475910663606,0.011687785387039185,-0.011962499469518661,-0.014247400686144829,0.0,1791183708119,0.23400001,9.054001,3.186,0.493388,9.252034,3.193185,-0.235033,-0.169298,0.08619,0.05335,-0.0119624995,0.0622875,
36505480589174,-0.2615686357021332,-0.02004146622493863,9.483882929361663,0.127341640740633,0.13885447636318107,0.041438852250576017,0.048062779009342194,0.02419999986886978,-0.008206368423998356,0.0,1791183708129,0.20295002,8.995951,2.9959502,0.498674,9.253048,3.189427,-0.264261,-0.227772,-0.101588,0.0364375,0.0242,0.071775,
36505490583327,-0.3533800542354584,-0.02406394826248288,9.473019070037688,0.17632506415247917,0.14704582610495573,0.13227648884058,0.0628691166639328,0.03698749840259552,0.001531355082988739,0.0,1791183708141,0.15300001,8.998051,2.9580002,0.50392,9.253677,3.186777,-0.338939,-0.273892,-0.237801,0.0086624995,0.0369875,0.0845625,
36505500577556,-0.2921600043773651,-0.027180239278823137,9.550101315757368,0.22363267317414284,0.15195219305292706,0.20716167241334915,0.05864500254392624,0.026399999856948853,0.009946309030056,0.0,1791183708149,0.22695,9.027,3.10905,0.510936,9.253331,3.186666,-0.326801,-0.240027,-0.149104,-0.013612499,0.0264,0.105875,
36505510571710,-0.22338157892227173,-0.027883599419146775,9.635171726173887,0.26846469268202783,0.15282369041458754,0.25481423139572146,0.06149068847298622,0.023237500339746475,0.013485085219144821,0.0,1791183708159,0.28905,9.07695,3.219,0.520599,9.252038,3.188852,-0.283792,-0.217185,-0.010033,-0.0210375,0.0232375,0.1249875,
36505520566080,-0.1163531094789505,-0.026155426073819397,9.714691664937755,0.28511037975549697,0.1516132606610423,0.24936867654323577,0.06356226652860641,0.021037500351667404,0.012215757742524147,0.0,1791183708169,0.40395,9.166051,3.1930501,0.532405,9.250616,3.191025,-0.168705,-0.117602,0.011736,-0.014712499,0.0210375,0.136675,
36505530560308,-0.03037373721599579,-0.026362542621791364,9.839766193939306,0.2568053871393204,0.15161605234870054,0.2031296968460083,0.053530871868133545,0.008249999955296516,0.01095503568649292,0.0,1791183708179,0.43500003,9.307051,3.1639502,0.545724,9.249472,3.192093,-0.143717,-0.018295,-0.015668,-0.00935,0.00825,0.1420375,
36505540554445,0.07185984402894974,-0.0276949318125844,9.865209203585318,0.1976131796836853,0.15062671063658875,0.11808171719312668,0.029485205188393593,-0.018287500366568565,0.005301292985677719,0.0,1791183708190,0.54495,9.349951,3.0990002,0.560378,9.248974,3.190998,-0.060209,0.094729,-0.043303,0.0086624995,-0.0182875,0.1420375,
36505550548840,0.034603387117385864,-0.034077668376266954,9.81314588296124,0.1296301782131195,0.14504348518340737,0.05272903889417648,-9.534396231174469E-4,-0.04702499881386757,-9.719561785459518E-5,0.0,1791183708199,0.61005,9.316951,3.0199502,0.575872,9.249235,3.187483,0.012881,0.080102,-0.128373,0.02365,-0.047025,0.12925,
36505560543071,0.048299893736839294,-0.03995870891958475,9.841103214946735,0.03125222027301788,0.13907681918112916,0.0016072556376457215,-0.030466768890619278,-0.07259999960660934,-0.0037374505773186684,0.0,1791183708209,0.62205005,9.372001,2.937,0.591133,9.250134,3.182072,0.047899,0.115118,-0.194789,0.032175,-0.0726,0.111237496,
36505570537467,0.060783229768276215,-0.04145605396479368,9.865029451784917,0.07847337573766708,0.13781722628971252,0.03703452348709106,-0.05323251709342003,-0.0906125009059906,-0.0035390653647482395,0.0,1791183708219,0.67005,9.405001,2.901,0.605394,9.251342,3.175875,0.048003,0.149823,-0.258023,0.028875,-0.0906125,0.0941875,
36505580531621,0.06690409034490585,-0.03808418922126293,9.85005043065445,0.1887665778398514,0.1395907606318248,0.056490088999271396,-0.06551990658044815,-0.09707500040531158,7.560960948467255E-4,0.0,1791183708229,0.64605004,9.37695,2.946,0.618522,9.252234,3.170744,0.032481,0.153719,-0.248104,0.012925,-0.097075,0.0782375,
36505590525849,0.04830625653266907,-0.036225786060094835,9.870866839994049,0.2589410439133644,0.140478290494442,0.051779371500015256,-0.05967253819108009,-0.08635000139474869,0.006055840756744146,0.0,1791183708241,0.61200005,9.36495,3.0589502,0.630065,9.252416,3.167944,0.001784,0.110441,-0.173478,-0.0050875,-0.08635,0.0686125,
36505600520232,0.10038676112890244,-0.02885580062866211,9.914636584878641,0.31975027769804004,0.14355195810179094,0.06493604630231857,-0.04431210458278656,-0.06833750009536743,0.01083725318312645,0.0,1791183708249,0.62895006,9.35295,3.2290502,0.640228,9.251691,3.168015,-0.027531,0.11356,-0.015532,-0.020075,-0.0683375,0.06655,
36505610514467,0.12028095126152039,-0.024243394657969475,9.916781610314771,0.3287009343504906,0.146752046319587,0.0793322578072548,-0.011292895302176476,-0.033137500286102295,0.010118652135133743,0.0,1791183708259,0.61200005,9.33405,3.2929502,0.649355,9.2504,3.169931,-0.051024,0.086121,0.130991,-0.017875,-0.0331375,0.06545,
36505620508618,0.12672767043113708,-0.021738382801413537,9.921200433477827,0.29565084278583526,0.14886488821292007,0.09252114593982697,0.019930392503738403,-2.749999985098839E-4,0.005576003342866898,0.0,1791183708269,0.60495,9.36495,3.219,0.657139,9.249447,3.171101,-0.03726,0.101439,0.103485,-0.004125,-2.75E-4,0.06325,
36505630502993,0.1726103127002716,-0.018604017421603204,9.984929738332989,0.2317441076040268,0.15222603396006718,0.11366239041090012,0.01896476559340954,-2.749999985098839E-4,-1.1496245861053467E-5,0.0,1791183708279,0.67005,9.4459505,3.1660502,0.664183,9.249318,3.170013,-0.010785,0.178182,0.015988,0.0119624995,-2.75E-4,0.056925,
36505640497222,0.2523837983608246,-0.011025233939290047,10.047583676036663,0.20720693767070772,0.16147471702723018,0.15447789877653123,-0.008624644950032234,-0.023649999871850014,-0.00615090923383832,0.0,1791183708289,0.74595004,9.54405,3.051,0.670795,9.249997,3.166638,0.054428,0.275666,-0.035703,0.0268125,-0.02365,0.0367125,
36505650491606,0.2547524571418762,-0.0024009067565202713,10.037504444277596,0.18374378234148026,0.17057676384575227,0.18535103797912597,-0.039029743522405624,-0.04496249929070473,-0.010121767409145832,0.0,1791183708298,0.78000003,9.571051,2.9220002,0.675919,9.251579,3.160922,0.111554,0.326756,-0.190399,0.032175,-0.0449625,0.0037125,
36505660485755,0.20095983147621155,0.006903024017810821,9.992299016595297,0.16445229053497312,0.17624617766247724,0.2014868140220642,-0.0734882801771164,-0.06833750009536743,-0.009151211939752102,0.0,1791183708310,0.68895006,9.55095,2.8549502,0.678286,9.253478,3.154848,0.056514,0.300915,-0.270516,0.02145,-0.0683375,-0.032449998,
36505670479974,0.1458238661289215,0.021373261511325837,9.935523157320944,0.1488159641623497,0.17517421916890044,0.2053060531616211,-0.0869736522436142,-0.07150000333786011,-0.0035334022250026464,0.0,1791183708319,0.56205004,9.489,2.8909502,0.677211,9.255067,3.150423,-0.042967,0.253836,-0.28285,-0.001925,-0.0715,-0.0600875,
36505680474376,0.11673233658075333,0.04028831012547016,9.891094057356302,0.14235108643770217,0.16364623367901193,0.19413045793771744,-0.08520668745040894,-0.06091250106692314,0.00475922180339694,0.0,1791183708329,0.47595003,9.4150505,2.9940002,0.672952,9.255747,3.149334,-0.129688,0.205272,-0.212329,-0.0317625,-0.0609125,-0.0793375,
36505690468530,0.05603340268135071,0.06075898297131062,9.842520699547133,0.08992433249950409,0.13647233306649947,0.15486037880182266,-0.07081349194049835,-0.040699999779462814,0.013487501069903374,0.0,1791183708340,0.37305,9.319051,3.14505,0.666283,9.255192,3.152377,-0.218786,0.107665,-0.095661,-0.0605,-0.0407,-0.0878625,
36505700462762,0.04154592379927635,0.07744427938014269,9.87814631651255,0.0328868143260479,0.11016880264820732,0.11221907213330269,-0.050218962132930756,-0.018287500366568565,0.01811007224023342,0.0,1791183708348,0.34395,9.274051,3.384,0.657814,9.253556,3.158954,-0.315662,0.032686,0.098873,-0.07425,-0.0182875,-0.0867625,
36505710457152,0.08613510429859161,0.09292011354118586,9.966650497616982,0.0032670192420482663,0.08588731166289047,0.0892541266977787,-0.037878960371017456,-0.005499999970197678,0.015117553994059563,0.0,1791183708359,0.294,9.280951,3.6210003,0.648691,9.251214,3.167692,-0.330481,-8.84E-4,0.336738,-0.0647625,-0.0055,-0.0878625,
36505720451390,0.16784247756004333,0.10712989289313554,9.992623397867627,0.02000454142689706,0.0725645672025563,0.09365784898400306,-0.015881773084402084,0.013612499460577965,0.006365868728607893,0.0,1791183708368,0.279,9.279,3.6979501,0.639147,9.24906,3.175908,-0.337696,0.03,0.49851,-0.036025,0.013612499,-0.0814,
36505730445542,0.1435754895210266,0.11582735422998666,9.959708334961782,0.05545141920447351,0.06565837525104468,0.09902647957205772,0.009023981168866158,0.03492499887943268,-0.005154401529580355,0.0,1791183708379,0.31305,9.267,3.6360002,0.629624,9.247904,3.181172,-0.328174,0.004819,0.493246,0.0012375,0.034925,-0.073975,
36505740439940,0.13914130628108978,0.11919142734259366,9.921040253197596,0.06970297768712043,0.06504018121936757,0.11564806029200554,0.02690434828400612,0.04867500066757202,-0.017430344596505165,0.0,1791183708389,0.31500003,9.312,3.4080002,0.620757,9.248231,3.181966,-0.302548,0.042799,0.363165,0.0407,0.048675,-0.06655,
36505750434176,0.0738726481795311,0.12115489039570093,9.832734640741021,0.0793734088540077,0.06301827310924751,0.1221134051680565,0.03448328375816345,0.055137500166893005,-0.023126620799303055,0.0,1791183708399,0.246,9.313951,3.1420503,0.611789,9.250127,3.178187,-0.331887,0.072029,0.082034,0.0587125,0.0551375,-0.06545,
36505760428573,-0.004020754247903824,0.11853885799646377,9.753967515331937,0.10122381970286369,0.06695157723195784,0.1040822334587574,0.033211562782526016,0.052937500178813934,-0.023611631244421005,0.0,1791183708410,0.22695,9.295051,2.9479501,0.602501,9.252926,3.171812,-0.360905,0.064441,-0.131857,0.0609125,0.0529375,-0.0633875,
36505770422727,-0.08997467160224915,0.11100096292793751,9.662954566137275,0.14161165431141853,0.08020475549159624,0.052518803626298904,0.02869981899857521,0.047712501138448715,-0.019845427945256233,0.0,1791183708418,0.16695,9.23805,2.8290002,0.593493,9.255974,3.164607,-0.375839,0.02548,-0.282669,0.0501875,0.0477125,-0.0600875,
36505780416950,-0.15093591809272766,0.10010896250605583,9.661775789758943,0.1612438566982746,0.0982216213653489,0.00638347789645195,0.023255005478858948,0.04028749838471413,-0.01310040708631277,0.0,1791183708429,0.17205001,9.24495,2.802,0.584897,9.258668,3.158321,-0.427098,-0.010732,-0.357785,0.031075,0.0402875,-0.0517,
36505790411094,-0.16152121126651764,0.08961758911609649,9.675014295831451,0.17873505353927613,0.113250869145166,0.06651598140597344,0.013706939294934273,0.028462499380111694,-0.006394659169018269,0.0,1791183708440,0.21195,9.23805,2.86695,0.577664,9.260671,3.153773,-0.391135,-0.029494,-0.343661,0.0119624995,0.0284625,-0.043175,
36505800405474,-0.13399845361709595,0.07789832837879658,9.713378602203893,0.19734432846307753,0.12321861168264016,0.10809020176529885,-9.241001680493355E-4,0.01251249946653843,-0.002723968354985118,0.0,1791183708449,0.23205002,9.243,2.97705,0.571669,9.261926,3.151184,-0.370775,-0.040326,-0.230938,0.0012375,0.0125124995,-0.039875,
36505810399700,-0.07155671715736389,0.06830644495785236,9.754370496131699,0.21525524333119392,0.12695608781435458,0.12159739434719086,-0.016366342082619667,-0.002337499987334013,-0.004735385999083519,0.0,1791183708460,0.303,9.240001,3.111,0.566344,9.262819,3.149515,-0.307989,-0.022066,-0.102376,0.0066,-0.0023375,-0.0452375,
36505820394082,-0.03833416476845741,0.06005335319787264,9.786623258056025,0.2102957725524902,0.1282485622234316,0.1112692929804325,-0.024314753711223602,-0.00976249948143959,-0.009436006657779217,0.0,1791183708468,0.30600002,9.24705,3.1900501,0.561586,9.263711,3.147745,-0.238588,-0.03014,0.01192,0.02035,-0.0097624995,-0.0506,
36505830388222,-0.03093782812356949,0.04987594615668058,9.760772875429659,0.2029177352786064,0.12698279566771098,0.08726967498660088,-0.022637542337179184,-0.007699999958276749,-0.015819933265447617,0.0,1791183708479,0.25305,9.23505,3.15,0.556035,9.265082,3.144694,-0.307257,-0.029117,0.043701,0.0396,-0.0077,-0.0548625,
36505840382455,-0.10591645538806915,0.0319609334692359,9.670351575584315,0.19826212897896767,0.12233877073411191,0.07614872381091117,-0.009184474125504494,0.005087499972432852,-0.01938791014254093,0.0,1791183708489,0.21705002,9.192,2.9959502,0.549928,9.267051,3.139965,-0.313121,-0.076576,-0.049731,0.0512875,0.0050875,-0.0526625,
36505850376835,-0.1796269416809082,0.010241963528096676,9.626545251878941,0.18935665488243103,0.1193806075706532,0.08527442142367363,0.009368719533085823,0.02419999986886978,-0.016067860648036003,0.0,1791183708498,0.162,9.21195,2.7900002,0.543229,9.269425,3.134119,-0.3567,-0.083739,-0.25218,0.0416625,0.0242,-0.0495,
36505860371058,-0.21078643202781677,-0.01034534964710474,9.612157163491952,0.16563916802406312,0.12021607348658422,0.11312036439776421,0.014598694629967213,0.027499999850988388,-0.005890564061701298,0.0,1791183708510,0.12900001,9.216001,2.7280502,0.536741,9.271492,3.129113,-0.390914,-0.066652,-0.395615,0.0119624995,0.0275,-0.0378125,
36505870365453,-0.17839007079601288,-0.02655604649335146,9.669267757166034,0.13474806770682335,0.11992342494186309,0.1411315456032753,0.004563101567327976,0.0147124994546175,0.006716478615999222,0.0,1791183708519,0.13605,9.243,2.83605,0.531363,9.272437,3.127227,-0.421449,-0.038866,-0.372182,-0.0253,0.014712499,-0.025024999,
36505880359611,-0.09315964579582214,-0.03705064561218023,9.773862828834762,0.0870599277317524,0.11604617690783432,0.15357590913772584,-0.012443010695278645,-0.005499999970197678,0.014807317405939102,0.0,1791183708528,0.17895001,9.286051,3.04395,0.527948,9.272038,3.128993,-0.377333,-0.007342,-0.206353,-0.0488125,-0.0055,-0.0144375,
36505890353849,0.015402540564537048,-0.03908218871802092,9.891525834424323,0.021221908181905752,0.11474721278620381,0.1293121099472046,-0.026431970298290253,-0.022549999877810478,0.016909996047616005,0.0,1791183708539,0.22695,9.298051,3.3670502,0.526271,9.270551,3.133677,-0.344531,0.013298,0.066689,-0.0540375,-0.02255,-0.006875,
36505900348217,0.11747155338525772,-0.035285907238721846,9.950245636468589,0.051704983413219455,0.11854501326945038,0.0698924109339714,-0.031298670917749405,-0.03217500075697899,0.010315912775695324,0.0,1791183708549,0.28905,9.267,3.6120002,0.5262,9.268554,3.139591,-0.286999,0.015295,0.369627,-0.0317625,-0.032175,0.0026125,
36505910342366,0.14931118488311768,-0.03212710320949554,9.982886690197944,0.11339640542864798,0.12251364555433746,0.0021271124482154847,-0.023369446396827698,-0.027912499383091927,-0.0023495240602642298,0.0,1791183708559,0.39000002,9.274051,3.6739502,0.527759,9.266997,3.143921,-0.16406,-0.009485,0.52092,0.0086624995,-0.0279125,0.007975,
36505920336599,0.19688566029071808,-0.030674944072961806,10.027133400330307,0.16445193365216254,0.1250217389556672,0.07718225866556168,-0.010654008015990257,-0.016224998980760574,-0.014366811141371727,0.0,1791183708568,0.39900002,9.32205,3.6720002,0.529516,9.266523,3.145023,-0.141874,0.026902,0.558125,0.045925,-0.016224999,0.006875,
36505930330955,0.1983877420425415,-0.027934331446886063,9.97780573369937,0.21164046004414558,0.12933773340394758,0.1354917362332344,0.0170639306306839,0.01251249946653843,-0.023742616176605225,0.0,1791183708579,0.44700003,9.328951,3.5110502,0.530423,9.267237,3.142767,-0.116446,0.059707,0.462219,0.0746625,0.0125124995,0.0037125,
36505940325178,0.13794587552547455,-0.027994102984666824,9.87248821630453,0.24527482464909556,0.12926076135696815,0.16000040322542192,0.05032920092344284,0.04977500066161156,-0.026484066620469093,0.0,1791183708588,0.39705002,9.312,3.255,0.530096,9.268931,3.137821,-0.080205,0.062801,0.25887,0.0820875,0.049775,-0.0037125,
36505950319549,0.026962948963046074,-0.030339587945491076,9.77931214813462,0.25501904673874376,0.12780851010470062,0.14189868234097958,0.0782584398984909,0.08071249723434448,-0.022814085707068443,0.0,1791183708598,0.31995,9.288,3.04395,0.527636,9.271205,3.131511,-0.180696,0.038979,-5.76E-4,0.0704,0.0807125,-0.0059125,
36505960313713,-0.050499819219112396,-0.0326635411940515,9.749259177386538,0.24306802712380884,0.12773136730017456,0.10193648152053356,0.09423351287841797,0.09872499853372574,-0.012129166163504124,0.0,1791183708610,0.294,9.303,2.901,0.524011,9.273198,3.126215,-0.229743,0.025015,-0.193998,0.0374,0.098725,-0.0037125,
36505970307950,-0.039862144738435745,-0.030157914850860834,9.836521401502551,0.20816282965242863,0.1270723681223286,0.0545869205147028,0.08963541686534882,0.09446249902248383,-3.652383456937969E-4,0.0,1791183708620,0.34905002,9.34095,3.0630002,0.52063,9.274209,3.123784,-0.228756,0.028793,-0.172414,0.0012375,0.0944625,5.5E-4,
36505980302342,0.07902636379003525,-0.01865980075672269,9.899796392219772,0.16002675481140616,0.12602330794046315,0.030714644864201546,0.07399765402078629,0.07741250097751617,0.0028706975281238556,0.0,1791183708629,0.38205,9.328951,3.2910001,0.518745,9.274062,3.12453,-0.150257,0.074429,0.051894,-0.0083875,0.0774125,0.0037125,
36505990296573,0.11900113523006439,-0.004633683431893587,9.907036453015166,0.09681810773909091,0.12494878835443918,0.026925696805119515,0.05989319086074829,0.0625625029206276,-0.003085025819018483,0.0,1791183708640,0.43005002,9.295051,3.4009502,0.51762,9.273617,3.126038,-0.106036,0.050932,0.239528,0.0097624995,0.0625625,5.5E-4,
36506000290734,0.1120075210928917,0.007666615303605795,9.897830827270349,0.041807498782873154,0.12371094819641484,0.04393461123108864,0.05324822664260864,0.055137500166893005,-0.013832629658281803,0.0,1791183708648,0.40605003,9.303,3.35505,0.516633,9.27395,3.125209,-0.081108,0.036234,0.257117,0.0427625,0.0551375,-0.0037125,
36506010285124,0.08679594844579697,0.015584248583763838,9.842762921610937,0.005788493901491165,0.12345430545251267,0.07139376476407051,0.05126544460654259,0.052937500178813934,-0.02284088172018528,0.0,1791183708659,0.402,9.280951,3.25305,0.515302,9.275381,3.12118,-0.079777,0.030014,0.196502,0.0704,0.0529375,-0.007975,
36506020279377,-0.020064525306224823,0.016497730556875468,9.734954835416676,0.060138447582721716,0.12311910117653972,0.07535328865051269,0.061086270958185196,0.06366249918937683,-0.027022624388337135,0.0,1791183708668,0.37995002,9.23505,3.0559502,0.513251,9.277669,3.114716,-0.118427,-0.029733,0.044949,0.0831875,0.0636625,-0.0111375,
36506030273761,-0.15120087563991547,0.010484578181058168,9.603738367114063,0.13069256246089936,0.12812411790008643,0.02930784076452255,0.07757576555013657,0.08167500048875809,-0.025656530633568764,0.0,1791183708678,0.29895002,9.160951,2.86695,0.510243,9.280548,3.106619,-0.160909,-0.09965,-0.152854,0.078925,0.081675,-0.0122375,
36506040267924,-0.23471271991729736,0.004044764954596758,9.57953827948025,0.18333361260592937,0.13675870762851694,0.0414349302649498,0.08271195739507675,0.08813749998807907,-0.019544098526239395,0.0,1791183708688,0.27,9.166051,2.77095,0.506213,9.283438,3.09864,-0.223916,-0.133664,-0.305287,0.0598125,0.0881375,-0.0122375,
36506050262162,-0.24244752526283264,9.03735775500536E-4,9.546306761493675,0.21426242105662824,0.14157766671982544,0.11232593953609467,0.08321084827184677,0.08923749625682831,-0.012018628418445587,0.0,1791183708699,0.246,9.147,2.7210002,0.501958,9.285785,3.092285,-0.257969,-0.126434,-0.346817,0.0364375,0.089237496,-0.010175,
36506060256546,-0.3032090663909912,-0.003717395942658186,9.501692952319294,0.2449138630181551,0.1496879230944212,0.1903269425034523,0.0827806293964386,0.08813749998807907,-0.005010220222175121,0.0,1791183708710,0.24795002,9.1060505,2.70195,0.498143,9.287487,3.087792,-0.249365,-0.183203,-0.371053,0.015125,0.0881375,-0.0048125,
36506070250693,-0.2992280125617981,-0.009759293030947446,9.534414621298186,0.2768742848187685,0.15877899376052804,0.24615963995456697,0.07374781370162964,0.07644999772310257,-5.481404368765652E-4,0.0,1791183708719,0.23595001,9.1369505,2.7139502,0.495266,9.288672,3.084685,-0.260853,-0.1796,-0.367946,0.0023375,0.07645,0.0037125,
36506080244935,-0.25375717878341675,-0.017789169680327177,9.570989959568864,0.2935965973883867,0.1666591053951749,0.2666709005832672,0.05058834329247475,0.04977500066161156,0.001166768604889512,0.0,1791183708729,0.22905001,9.160951,2.76195,0.493937,9.289591,3.082135,-0.259525,-0.139817,-0.343849,-0.001925,0.049775,0.0111375,
36506090239334,-0.24225547909736633,-0.030672070663422348,9.5678606864613,0.31211406365036964,0.17341701183879318,0.268179452419281,0.01710924506187439,0.01251249946653843,4.430721455719322E-4,0.0,1791183708739,0.31095,9.16395,2.733,0.494124,9.29044,3.079546,-0.242952,-0.131089,-0.336472,0.0012375,0.0125124995,0.0165,
36506100233512,-0.23548278212547302,-0.048319787438958886,9.601939427448086,0.33818026855587957,0.17539117080649272,0.26678650379180907,-0.022339100018143654,-0.029012499377131462,-0.0012913229875266552,0.0,1791183708749,0.342,9.196951,2.73795,0.496512,9.291503,3.075947,-0.173514,-0.120182,-0.359209,0.0066,-0.0290125,0.0154,
36506110227772,-0.16924072802066803,-0.06424738308414817,9.679553898970381,0.31534612476825713,0.17113318826675747,0.23999283611774444,-0.05754624307155609,-0.06407500058412552,1.2427382171154022E-4,0.0,1791183708758,0.43305,9.255,2.802,0.50014,9.292436,3.072543,-0.093344,-0.07323,-0.303133,0.0012375,-0.064075,0.0100375,
36506120222157,-0.12293115258216858,-0.0802382237277925,9.7225725873285,0.2340413048863411,0.1606036334111681,0.20473346412181853,-0.07571306079626083,-0.0789249986410141,0.004237037617713213,0.0,1791183708768,0.49995002,9.264001,2.90805,0.504231,9.292813,3.070729,-0.047157,-0.049666,-0.23428,-0.013612499,-0.078925,-5.5E-4,
36506130216386,-0.03774140030145645,-0.0920446808449924,9.815932698111348,0.12009537816047669,0.14786078653653406,0.16153030842542648,-0.06420227885246277,-0.06297499686479568,0.009486239403486252,0.0,1791183708779,0.591,9.283051,3.1350002,0.507734,9.29222,3.071951,0.011588,-0.022736,-0.053543,-0.0317625,-0.062975,-0.009075,
36506140210523,0.08922615647315979,-0.09448066679760814,9.939470783468018,0.017091958224773413,0.14441278056239518,0.09523398131132126,-0.03911670297384262,-0.031075000762939453,0.011703012511134148,0.0,1791183708789,0.58305,9.360001,3.2929502,0.510013,9.290702,3.07616,0.102683,0.038636,0.150542,-0.041249998,-0.031075,-0.023924999,
36506150204907,0.17035159468650818,-0.08731123451143503,9.98797619925167,0.1762598365545273,0.15353510730821462,0.014067105948925018,-0.0028221402317285538,0.01251249946653843,0.010899861343204975,0.0,1791183708798,0.528,9.396001,3.3460503,0.50913,9.288913,3.081702,0.050893,0.090703,0.259922,-0.041249998,0.0125124995,-0.039875,
36506160199157,0.15946418046951294,-0.07681303452700376,9.942954967663958,0.29783351570367816,0.1626037153031616,0.05167387574911118,0.02508322335779667,0.047712501138448715,0.008358672261238098,0.0,1791183708809,0.423,9.3820505,3.2650502,0.504844,9.287394,3.086983,-0.011858,0.094617,0.223516,-0.036025,0.0477125,-0.058025,
36506170193512,0.0845167264342308,-0.07059409096837044,9.862449650584471,0.3598343521356583,0.1662359442093925,0.09316345155239106,0.03969749063253403,0.06572499871253967,0.008691875264048576,0.0,1791183708818,0.26295,9.33405,3.1740003,0.497666,9.286233,3.091634,-0.157908,0.05747,0.120703,-0.0380875,0.065725,-0.06545,
36506180187748,0.03729308396577835,-0.07268075495958329,9.822204873937027,0.376349800825119,0.16459861203009588,0.10817034840583802,0.038178324699401855,0.06366249918937683,0.01021664123982191,0.0,1791183708828,0.15,9.295051,3.1710002,0.489053,9.285179,3.096173,-0.280977,0.0274,0.080251,-0.04235,0.0636625,-0.0633875,
36506190181917,0.03823714330792427,-0.07671895455569029,9.818436108349403,0.3647590495646,0.16079315185270257,0.09797254577279091,0.03577931970357895,0.05719999969005585,0.01296577975153923,0.0,1791183708838,0.09,9.276,3.21705,0.480729,9.283852,3.10145,-0.351661,0.028727,0.089339,-0.0488125,0.0572,-0.0506,
36506200176302,0.035439249128103256,-0.08054736815392971,9.853324142466796,0.31098291277885437,0.15712374083565192,0.07099007666110993,0.027361422777175903,0.043449997901916504,0.01234984677284956,0.0,1791183708849,0.09705,9.280951,3.3079503,0.473753,9.282324,3.107097,-0.363838,0.001524,0.162701,-0.04455,0.043449998,-0.0367125,
36506210170523,0.056990183889865875,-0.08203765638172626,9.88723366946773,0.25522874146699903,0.15566402476412902,0.050495277345180514,0.018181288614869118,0.02956249937415123,0.008839055895805359,0.0,1791183708858,0.105000004,9.3,3.35505,0.468339,9.280815,3.112416,-0.375184,6.38E-4,0.233997,-0.0317625,0.0295625,-0.026124999,
36506220164677,0.09655784070491791,-0.07620653808116913,9.92883277629708,0.21443380862474443,0.1600002212353111,0.05290350019931793,0.007950859144330025,0.013612499460577965,0.004046510439366102,0.0,1791183708868,0.08505,9.312,3.4440002,0.464528,9.279637,3.116496,-0.373767,0.023365,0.289772,-0.014712499,0.013612499,-0.0133375,
36506230159057,0.12369614094495773,-0.06246168725192547,9.896557813998871,0.16541809290647508,0.16470578736592018,0.07018411159515381,0.00475228950381279,0.005087499972432852,-0.0031848708167672157,0.0,1791183708878,0.15495001,9.267,3.4699502,0.462205,9.278917,3.118986,-0.347502,0.031267,0.347137,0.0097624995,0.0050875,-0.00165,
36506240153271,0.07559999823570251,-0.04694605134427547,9.839126148919988,0.09172378852963448,0.1623477501275544,0.07765668258070946,0.005167502909898758,0.0019249999895691872,-0.012027010321617126,0.0,1791183708888,0.19305001,9.23505,3.38895,0.46153,9.278908,3.119112,-0.277396,-0.021395,0.342222,0.0385,0.001925,0.0048125,
36506250147672,0.029298532754182816,-0.0333587484434247,9.818781259714674,0.024754663556814195,0.15669013270260607,0.07642853930592537,0.014004998840391636,0.009349999949336052,-0.017289111390709877,0.0,1791183708899,0.21495001,9.267,3.2380502,0.461379,9.279847,3.116342,-0.255696,-0.01994,0.189369,0.05555,0.00935,0.007975,
36506260141834,-0.004433181136846542,-0.018419954180717468,9.817347515374795,0.029019585251808172,0.14397744555907718,0.06414386630058289,0.017189525067806244,0.011549999937415123,-0.017770715057849884,0.0,1791183708909,0.23595001,9.274051,3.21195,0.46167,9.281262,3.112083,-0.212892,-0.033327,0.117014,0.0576125,0.01155,0.0111375,
36506270136062,0.025351956486701965,-0.002190955728292465,9.819559300791,0.05826765894889832,0.12891572892604855,0.049902689456939694,0.025435084477066994,0.01993750035762787,-0.017388053238391876,0.0,1791183708918,0.20505,9.267,3.2410502,0.461761,9.282709,3.107744,-0.253684,-0.003648,0.128535,0.056649998,0.0199375,0.0122375,
36506280130444,-0.004841577261686325,0.010254824347794057,9.7963613473691,0.07377739995718002,0.11532753696947992,0.024195145815610886,0.04466897249221802,0.03918749839067459,-0.01721612550318241,0.0,1791183708928,0.25305,9.262051,3.18105,0.461415,9.284086,3.103687,-0.250944,-0.031362,0.115833,0.056649998,0.0391875,0.0154,
36506290124663,-0.03211238235235214,0.020761979185044764,9.761985000295503,0.06833740696310997,0.1004575374153333,0.002652669697999954,0.06211835891008377,0.05623750016093254,-0.016642479225993156,0.0,1791183708939,0.22200002,9.252001,3.1060503,0.461268,9.285559,3.099298,-0.234038,-0.040017,0.053184,0.05555,0.0562375,0.0196625,
36506300118802,-0.0385398231446743,0.0306091271340847,9.750115824478165,0.061410278826951985,0.08299106460243928,0.010915001481771469,0.06671719253063202,0.06146249920129776,-0.014273093082010746,0.0,1791183708948,0.16395001,9.276,2.9989502,0.460659,9.287111,3.094733,-0.257371,-0.017627,-0.030835,0.048125,0.0614625,0.0196625,
36506310113196,-0.0780639573931694,0.035167965665459634,9.712831554926325,0.07854465693235396,0.07389335240639515,0.02564115673303604,0.06294981390237808,0.05623750016093254,-0.010617897845804691,0.0,1791183708958,0.20505,9.25905,2.9269502,0.460062,9.288695,3.090066,-0.295081,-0.021606,-0.138696,0.0374,0.0562375,0.025024999,
36506320107441,-0.0964437797665596,0.03649233430624008,9.705185707851104,0.12018441557884216,0.07123755747362678,0.050000303983688356,0.05687600374221802,0.04867500066757202,-0.006675620563328266,0.0,1791183708968,0.17400001,9.250051,2.9320502,0.460486,9.289998,3.086078,-0.285928,-0.030091,-0.173015,0.0257125,0.048675,0.03025,
36506330101841,-0.09769143164157867,0.03349483273923397,9.718433526162377,0.14622695744037628,0.07543564385402121,0.06857027485966682,0.04078945890069008,0.030662499368190765,-0.00412641791626811,0.0,1791183708978,0.25305,9.240001,3.0010502,0.461965,9.290911,3.083115,-0.23234,-0.050157,-0.124562,0.0182875,0.0306625,0.0345125,
36506340095985,-0.07304591685533524,0.02538122907280922,9.739484945647746,0.15318552106618882,0.07769783358090984,0.07675698176026344,0.022269580513238907,0.010449999943375587,-0.006047835573554039,0.0,1791183708989,0.28395,9.23295,3.0870001,0.464752,9.291623,3.080539,-0.206397,-0.053264,-0.040583,0.0246125,0.01045,0.0356125,
36506350090221,-0.019924011081457138,0.015867448784410952,9.783798295683624,0.1371776856482029,0.07069829716304456,0.07303381934762002,-9.750351309776306E-4,-0.014024999924004078,-0.010140856727957726,0.0,1791183708999,0.279,9.262051,3.13995,0.468487,9.292449,3.077491,-0.155066,-0.022965,0.029502,0.0374,-0.014025,0.03355,
36506360084600,-0.022051090374588966,0.006791685242205858,9.76709025272461,0.11173393540084361,0.06290285725581635,0.06183124594390392,-0.014511783607304096,-0.027912499383091927,-0.014626702293753624,0.0,1791183709008,0.32205,9.243,3.13995,0.472268,9.293604,3.073415,-0.168424,-0.036091,0.064702,0.0512875,-0.0279125,0.03025,
36506370078819,-0.053717240691185,-1.2001311406493187E-4,9.749298461665296,0.0774810839444399,0.06156301877948369,0.053285938128829,-0.0207936093211174,-0.033137500286102295,-0.016824692487716675,0.0,1791183709020,0.32700002,9.195001,3.2239501,0.47624,9.294935,3.068777,-0.150848,-0.078124,0.088494,0.0576125,-0.0331375,0.025024999,
36506380073185,-0.05277538299560547,-0.0046234364621341225,9.74948604536032,0.04695539809763431,0.061954554849534105,0.04430272839963436,-0.005119930021464825,-0.015124999918043613,-0.018733667209744453,0.0,1791183709029,0.25305,9.17805,3.279,0.479009,9.296091,3.064843,-0.201501,-0.115193,0.212137,0.062975,-0.015125,0.0196625,
36506390067357,-0.08496367186307907,-0.01078347722068429,9.679398017878919,0.035771277919411655,0.06349249538929476,0.046686279401183126,0.03310401365160942,0.023237500339746475,-0.019431645050644875,0.0,1791183709038,0.22695,9.12495,3.2209501,0.480377,9.297263,3.061071,-0.238782,-0.149884,0.220698,0.0661375,0.0232375,0.025024999,
36506400061590,-0.15038935840129852,-0.020074907597154378,9.629610137796394,0.04713819213211536,0.06937311708272788,0.0727793488651514,0.07122473418712616,0.060499999672174454,-0.019666068255901337,0.0,1791183709048,0.22905001,9.139951,3.0229502,0.481206,9.298731,3.056476,-0.23961,-0.175293,0.088824,0.0683375,0.0605,0.03355,
36506410055985,-0.1591981053352356,-0.030884322058409453,9.604741851238458,0.050208447873592375,0.07325706603411715,0.10020875185728073,0.08913114666938782,0.07741250097751617,-0.018623683601617813,0.0,1791183709059,0.19800001,9.17805,2.8240502,0.481802,9.300803,3.050069,-0.271332,-0.110328,-0.132218,0.0661375,0.0774125,0.039875,
36506420050214,-0.19942939281463623,-0.04568368373438716,9.615805185624374,0.06078090742230416,0.07586747273523718,0.12935118228197098,0.07953538745641708,0.0668250024318695,-0.015127421356737614,0.0,1791183709069,0.21195,9.23295,2.6779501,0.482669,9.303174,3.042693,-0.296141,-0.095939,-0.302013,0.05555,0.066825,0.0430375,
36506430044598,-0.20420709252357483,-0.06207884540781379,9.648215046438576,0.08288054242730142,0.07286342977942416,0.15963752418756486,0.05435647815465927,0.04028749838471413,-0.008654004894196987,0.0,1791183709078,0.23400001,9.27105,2.661,0.484882,9.305313,3.035797,-0.255257,-0.078925,-0.37652,0.0353375,0.0402875,0.0463375,
36506440038736,-0.11077255755662918,-0.07139747319743037,9.722517364298305,0.09176548197865486,0.06627988575827853,0.16479930132627488,0.02209629863500595,0.006187499966472387,-0.003187201451510191,0.0,1791183709089,0.33195,9.298051,2.8219502,0.488686,9.306764,3.030733,-0.227937,-0.013338,-0.280476,0.0182875,0.0061875,0.0495,
36506450032974,-0.015225987881422043,-0.07362369922921061,9.813942075063736,0.07593538127839565,0.06355190540956139,0.13776662722229957,-0.0019182832911610603,-0.016224998980760574,-8.961455896496773E-4,0.0,1791183709098,0.41295,9.35505,2.937,0.493795,9.307457,3.027775,-0.120518,0.036246,-0.141048,0.0097624995,-0.016224999,0.042075,
36506460027359,0.0871950015425682,-0.06904229009523988,9.934812923373167,0.03520206771790981,0.07121531933323523,0.08848800584673881,-0.021611446514725685,-0.031075000762939453,2.1163735073059797E-4,0.0,1791183709108,0.45705003,9.4459505,3.04395,0.498568,9.307708,3.026216,-0.075013,0.103034,-0.022173,0.0034375,-0.031075,0.025024999,
36506470021582,0.14851532876491547,-0.0628841214813292,9.930363842892222,0.025403666868805883,0.08339514886295078,0.018899061530828477,-0.03503086045384407,-0.03739999979734421,0.00204449612647295,0.0,1791183709120,0.44700003,9.39105,3.1969502,0.502054,9.307535,3.026173,-0.03301,0.129542,0.088001,-0.0061875,-0.0374,0.0026125,
36506480015738,0.1593565195798874,-0.05467421663925052,9.96387669408459,0.10049994029104709,0.09585638526644066,0.053813660889863967,-0.026873357594013214,-0.022549999877810478,0.0034161554649472237,0.0,1791183709128,0.45405003,9.36495,3.3720002,0.503314,9.306618,3.028787,-0.04624,0.080182,0.276924,-0.013612499,-0.02255,-0.0154,
36506490010113,0.137568861246109,-0.04619015445932746,9.91333621183223,0.17626129351556302,0.10458912714378032,0.1034819446504116,0.020121999084949493,0.0317624993622303,0.004374179057776928,0.0,1791183709141,0.40905002,9.313951,3.3700502,0.501661,9.305195,3.033431,-0.075712,0.031326,0.360866,-0.018975,0.0317625,-0.0292875,
36506500004328,0.11258037388324738,-0.038634144607931374,9.86094430542207,0.2292519688606262,0.1101783548927432,0.12904321700334548,0.0730830654501915,0.08923749625682831,0.0058441199362277985,0.0,1791183709148,0.291,9.303,3.2569501,0.497022,9.303819,3.038417,-0.145293,0.03749,0.272083,-0.0243375,0.089237496,-0.03355,
36506509998489,0.006527934223413467,-0.03440455002710223,9.796580805465792,0.24226098582148553,0.11020719385755895,0.11290980353951455,0.11085270345211029,0.12856249511241913,0.00932708103209734,0.0,1791183709158,0.21195,9.279,3.1350002,0.489998,9.302518,3.043528,-0.262768,-0.028245,0.149655,-0.034925,0.1285625,-0.0303875,
36506519992953,-0.032742489129304886,-0.031219485495239497,9.753553488355175,0.23629576414823533,0.10928483775379633,0.07665823996067048,0.12324262410402298,0.14024999737739563,0.01194276474416256,0.0,1791183709169,0.14295001,9.243,3.111,0.482372,9.301239,3.048653,-0.298238,-0.038938,0.060734,-0.04235,0.14025,-0.025024999,
36506529987123,-0.08210579305887222,-0.030440203566104173,9.714262879811148,0.19316507875919342,0.10886281879593901,0.02836577743291855,0.11558707803487778,0.1274625062942505,0.011670267209410667,0.0,1791183709179,0.112050004,9.21405,3.075,0.475481,9.29996,3.053635,-0.346413,-0.085543,0.050963,-0.0391875,0.1274625,-0.0111375,
36506539981520,-0.09980277717113495,-0.03177804658189416,9.718474202577623,0.11865807697176933,0.1095404924348709,0.019108550250530244,0.09061423689126968,0.0966624990105629,0.010325591079890728,0.0,1791183709188,0.117000006,9.231001,3.0370502,0.470506,9.298923,3.057563,-0.355803,-0.086899,-8.48E-4,-0.0328625,0.0966625,0.0015125,
36506549975731,-0.050593301653862,-0.033311511110514405,9.825054638525081,0.03674472048878669,0.10957847759803178,0.05174328535795212,0.04664631932973862,0.04661250114440918,0.007444768212735653,0.0,1791183709198,0.12105001,9.295051,3.18105,0.467996,9.298162,3.060256,-0.353293,-0.043044,0.022794,-0.0221375,0.0466125,0.0111375,
36506559970135,0.06160525232553482,-0.029128693975508213,9.907766460653582,0.021828760206699372,0.11150814561644677,0.04072782173752785,-0.006111384369432926,-0.012924999929964542,8.968304027803242E-4,0.0,1791183709208,0.19305001,9.303,3.4030502,0.468405,9.297451,3.062356,-0.317789,0.003156,0.236172,1.375E-4,-0.012925,0.0196625,
36506569964362,0.09466936439275742,-0.021709363721311093,9.899827228557836,0.06905911192297935,0.1145211256000657,0.015245451033115387,-0.024940963834524155,-0.035337500274181366,-0.010338508524000645,0.0,1791183709219,0.24795002,9.262051,3.48705,0.470694,9.297126,3.062997,-0.262618,-0.025248,0.419885,0.0364375,-0.0353375,0.0218625,
36506579958508,0.037648916244506836,-0.017188148759305476,9.76656210224334,0.09477645382285119,0.11498940045204531,0.008705490827560424,-0.01392006129026413,-0.02681249938905239,-0.020730657503008842,0.0,1791183709228,0.22200002,9.1710005,3.351,0.4736,9.297757,3.060627,-0.239187,-0.071369,0.374371,0.0704,-0.0268125,0.0259875,
36506589952890,-0.06739524006843567,-0.016309727169573306,9.688786839965108,0.1138562187552452,0.11453450185912625,0.01518699824810028,0.014940398745238781,8.249999955296516E-4,-0.024360422044992447,0.0,1791183709238,0.18795002,9.16395,3.13995,0.47596,9.299333,3.055472,-0.279854,-0.120828,0.195173,0.0831875,8.25E-4,0.032449998,
36506599947123,-0.15075546503067017,-0.016328032501041888,9.63533666062364,0.1177552379667759,0.11455595675006165,0.004845434427261352,0.055675387382507324,0.04124999791383743,-0.019852330908179283,0.0,1791183709248,0.25500003,9.17805,2.9220002,0.477931,9.301297,3.049173,-0.272248,-0.134764,-0.030765,0.0704,0.041249998,0.042075,
36506609941487,-0.16620546579360962,-0.01667840052396059,9.64402706707961,0.1270658180117607,0.11500223403963304,0.05040757805109024,0.0768585056066513,0.0625625029206276,-0.010853508487343788,0.0,1791183709258,0.31995,9.22095,2.80695,0.480382,9.303063,3.043398,-0.222027,-0.100617,-0.192584,0.0427625,0.0625625,0.0495,
36506619935641,-0.12710434198379517,-0.013062147982418537,9.691526894133645,0.1231280967593193,0.11023717485433639,0.09476231932640075,0.08002758026123047,0.0668250024318695,-0.0011659269221127033,0.0,1791183709268,0.37500003,9.24705,2.877,0.483641,9.304064,3.039818,-0.158248,-0.053733,-0.220129,0.0119624995,0.066825,0.0515625,
36506629929859,-0.06929826736450195,-0.0063167067244648935,9.792637520545645,0.09704320579767228,0.10216672309062644,0.11615175604820252,0.0698675885796547,0.05829999968409538,0.0032909109722822905,0.0,1791183709278,0.44505003,9.288,3.07095,0.48748,9.304115,3.039051,-0.07829,-0.041814,-0.082893,-0.003025,0.0583,0.0473,
36506639924236,0.0399751178920269,0.0012206770479679108,9.83127900145253,0.042934399098157876,0.09971370299816588,0.09467768445611,0.05428968742489815,0.043449997901916504,8.678296580910683E-6,0.0,1791183709288,0.45900002,9.288,3.1900501,0.491675,9.303715,3.039596,-0.022631,0.004076,0.120069,0.0066,0.043449998,0.040975,
36506649918400,0.07364056259393692,0.005664004571735859,9.864338598671038,0.009070657193660736,0.10085527630165189,0.049798478931188585,0.03981684893369675,0.030662499368190765,-0.008496836759150028,0.0,1791183709298,0.40605003,9.32205,3.1999502,0.495128,9.303826,3.038697,-0.057208,0.023118,0.176035,0.032175,0.0306625,0.0292875,
36506659912647,-0.014763038605451584,5.661025643348694E-4,9.739277340090888,0.004264542460441589,0.09916801996763233,0.019509993493556976,0.030204789713025093,0.021037500351667404,-0.015989691019058228,0.0,1791183709308,0.33405003,9.23805,3.0660002,0.497568,9.304851,3.035163,-0.138657,-0.040155,0.098166,0.05555,0.0210375,0.023924999,
36506669907031,-0.10637077689170837,-0.012178202718496322,9.627341023384028,0.02406877130270004,0.09565147672608622,0.015363280475139619,0.02393030934035778,0.013612499460577965,-0.01853126287460327,0.0,1791183709319,0.279,9.168,2.9250002,0.499713,9.306597,3.029445,-0.186292,-0.09218,-0.03019,0.064075,0.013612499,0.025024999,
36506679901262,-0.17166678607463837,-0.02872936800122261,9.62140790662181,0.05102398246526718,0.09314443778891555,0.0358369842171669,0.024683304131031036,0.01251249946653843,-0.015135657042264938,0.0,1791183709328,0.26700002,9.19005,2.83605,0.501771,9.308526,3.023176,-0.252993,-0.120445,-0.143632,0.054449998,0.0125124995,0.032449998,
36506689895641,-0.1849498450756073,-0.04485530331730843,9.616369460270448,0.07597654238343239,0.09084782507865609,0.08082197681069374,0.0361819863319397,0.021037500351667404,-0.009128769859671593,0.0,1791183709338,0.31305,9.195001,2.79795,0.505018,9.310115,3.017733,-0.215539,-0.117245,-0.202832,0.0374,0.0210375,0.0463375,
36506699889790,-0.1828485131263733,-0.059626747667789456,9.631325510600679,0.08171221390366555,0.08802237458858563,0.1321197919547558,0.042863693088293076,0.026399999856948853,-0.002779556205496192,0.0,1791183709348,0.34395,9.21195,2.7900002,0.509398,9.311123,3.013887,-0.167246,-0.113465,-0.215746,0.0182875,0.0264,0.054725,
36506709884018,-0.12368249893188477,-0.06613726932555437,9.711593088287737,0.059141364693641674,0.08770340017725156,0.15390368402004242,0.03703567385673523,0.021037500351667404,0.0015203666407614946,0.0,1791183709358,0.37995002,9.292951,2.7949502,0.514375,9.311698,3.011267,-0.129128,-0.051791,-0.220308,0.0044,0.0210375,0.054725,
36506719878388,-0.07802070677280426,-0.06840118020772934,9.724513209849812,0.032081913948059065,0.08739600303920679,0.14823366999626159,0.020356804132461548,0.006187499966472387,0.004804158583283424,0.0,1791183709372,0.43500003,9.291,2.838,0.51959,9.311939,3.009619,-0.086459,-0.008936,-0.211478,-0.0072875,0.0061875,0.0484,
36506729872647,-0.07266344875097275,-0.06792906299233437,9.73732369843522,0.03375531807541848,0.08734618468227859,0.12843300253152848,0.004198964685201645,-0.007699999958276749,0.006314991507679224,0.0,1791183709379,0.45195,9.276,2.9269502,0.524731,9.311773,3.009239,-0.0916,-0.02553,-0.141666,-0.013612499,-0.0077,0.039875,
36506739867035,-0.08499668538570404,-0.06718875840306282,9.69092952515034,0.058643891662359234,0.08713539138373316,0.10844237059354782,-0.006508354097604752,-0.015124999918043613,0.006040812470018864,0.0,1791183709388,0.43995002,9.231001,2.9170501,0.529252,9.311338,3.0098,-0.086543,-0.061008,-0.072795,-0.014712499,-0.015125,0.0281875,
36506749861183,-0.12274838984012604,-0.07079651281237602,9.661354829834925,0.07691235244274139,0.08786429145422975,0.09642234593629836,-0.012861791998147964,-0.01718750037252903,0.00797545537352562,0.0,1791183709398,0.41805002,9.243,2.7810001,0.53261,9.310907,3.010533,-0.087507,-0.072548,-0.159719,-0.0232375,-0.0171875,0.0154,
36506759855431,-0.1531863510608673,-0.08153609298169613,9.668624601838975,0.08695983588695526,0.08406954283383179,0.10232311636209487,-0.02109651081264019,-0.020487500354647636,0.01584065891802311,0.0,1791183709409,0.40605003,9.23505,2.83395,0.534374,9.310213,3.012376,-0.173068,-0.074248,-0.238177,-0.050875,-0.0204875,0.0037125,
36506769849814,-0.08105915784835815,-0.09032251909375191,9.741787564482593,0.06709382236003876,0.07374333842046965,0.10293080657720566,-0.010317446663975716,-0.004537499975413084,0.02522856742143631,0.0,1791183709418,0.504,9.262051,2.97705,0.535793,9.308296,3.018043,-0.023653,-0.048389,-0.109769,-0.082775,-0.0045375,-0.0048125,
36506779843982,-0.06597011536359787,-0.09550347067415714,9.804241129095509,0.02077016308903694,0.06798569899149767,0.10159213989973068,-0.010369623079895973,0.0019249999895691872,0.027621787041425705,0.0,1791183709428,0.44205,9.286051,3.114,0.53517,9.305569,3.026549,-0.099644,-0.071998,0.025376,-0.0935,0.001925,-0.0229625,
36506789838234,0.019655920565128326,-0.09115091264247895,9.83396667116268,0.051458173245191585,0.07229585841584786,0.0806616187095642,0.012271485291421413,0.026399999856948853,0.02928853966295719,0.0,1791183709438,0.43005002,9.292951,3.1879501,0.533509,9.302377,3.036636,-0.086012,-0.013739,0.120634,-0.098725,0.0264,-0.023924999,
36506799832629,0.0035004541277885437,-0.083438116684556,9.84046699600946,0.09849183410406114,0.07373949315597389,0.05541184991598129,0.031107738614082336,0.047712501138448715,0.027484524995088577,0.0,1791183709448,0.41595003,9.298051,3.1950002,0.530445,9.2992,3.046885,-0.116467,-0.032111,0.129539,-0.0935,0.0477125,-0.0292875,
36506809826882,0.061000026762485504,-0.07207784205675125,9.867686650546872,0.13565909564495085,0.07751808931775334,0.01257457435131073,0.024848412722349167,0.04441250115633011,0.023961663246154785,0.0,1791183709458,0.27705002,9.307051,3.2670002,0.525914,9.296266,3.056616,-0.181368,0.013918,0.184452,-0.083875,0.0444125,-0.040975,
36506819821286,0.0786156952381134,-0.061791840195655826,9.843824036865893,0.14779339879751205,0.08298965996797202,0.01936039626598358,0.004377538338303566,0.02419999986886978,0.015606867149472237,0.0,1791183709468,0.117000006,9.25695,3.3460503,0.519812,9.293912,3.064803,-0.299764,0.016272,0.252879,-0.0583,0.0242,-0.0495,
36506829815416,-0.03599442541599274,-0.06012664809823036,9.720729711425323,0.13379790484905243,0.08315629143307154,0.02535553425550461,0.012845988385379314,0.027499999850988388,0.006292847916483879,0.0,1791183709478,0.04695,9.151951,3.2760003,0.512921,9.29237,3.070634,-0.422161,-0.094712,0.242259,-0.0264,0.0275,-0.0378125,
36506839809633,-0.10431386530399323,-0.06734109725803136,9.686759444736841,0.09698392301797866,0.08037118798875395,5.615770816802979E-4,0.011606994085013866,0.017875000834465027,-0.0019891755655407906,0.0,1791183709488,0.009000001,9.144,3.1969502,0.507386,9.291844,3.073143,-0.488452,-0.139677,0.170319,0.0034375,0.017875,-0.0176,
36506849804018,-0.09742862731218338,-0.07589455675333738,9.7412245437492,0.08269887715578078,0.07374169608771525,0.019624239206314086,0.0017147669568657875,-0.0012374999932944775,-0.008158725686371326,0.0,1791183709498,0.006,9.20895,3.17595,0.504145,9.29223,3.072512,-0.504364,-0.111331,0.108701,0.0268125,-0.0012375,0.0048125,
36506859798262,-0.06451994180679321,-0.07838240191340447,9.771839728586839,0.05820257365703583,0.07246560795341699,0.04472823292016983,-0.01061343215405941,-0.021449999883770943,-0.014544744044542313,0.0,1791183709509,0.054,9.250051,3.15,0.50365,9.293358,3.069177,-0.453591,-0.071758,0.0857,0.0501875,-0.02145,0.022824999,
36506869792660,-0.04781338945031166,-0.07545453254133463,9.73299018330059,0.03157809004187584,0.07245859290967879,0.07001404985785484,-0.01557290181517601,-0.03217500075697899,-0.019127313047647476,0.0,1791183709518,0.12105001,9.240001,3.0559502,0.505314,9.295057,3.063752,-0.409765,-0.047122,0.057606,0.0672375,-0.032175,0.0367125,
36506879786824,-0.08020254969596863,-0.07088132072240114,9.743897362549728,0.001805943995714182,0.0690479595423132,0.07885567471385002,-0.010317754000425339,-0.027912499383091927,-0.0182063989341259,0.0,1791183709527,0.17400001,9.283051,2.9560502,0.508247,9.297078,3.057125,-0.357631,-0.046748,-0.055477,0.065175,-0.0279125,0.040975,
36506889781057,-0.09766106307506561,-0.06651688162237405,9.712591320819714,0.022113264352083203,0.06429501307190885,0.0775251142680645,0.00727527029812336,-0.00976249948143959,-0.01227806881070137,0.0,1791183709537,0.22200002,9.274051,2.877,0.511658,9.298918,3.050956,-0.310764,-0.039011,-0.142681,0.047025,-0.0097624995,0.0452375,
36506899775432,-0.09174399077892303,-0.061961655505001545,9.718873304735702,0.0638136126101017,0.05889199052789139,0.07638818696141243,0.029212720692157745,0.013612499460577965,-0.002742270240560174,0.0,1791183709548,0.30600002,9.267,2.913,0.515132,9.299967,3.047173,-0.273536,-0.032877,-0.148475,0.0171875,0.013612499,0.0495,
36506909769662,-0.05537774786353111,-0.058546417951583864,9.757599843461879,0.0939201444387436,0.05716902104388574,0.07455974817276001,0.048030514270067215,0.036024998873472214,0.0036763353273272514,0.0,1791183709558,0.363,9.283051,2.9839501,0.518651,9.300087,3.046209,-0.169316,-0.018632,-0.092445,-0.004125,0.036025,0.0452375,
36506919764031,-0.01152240764349699,-0.0552215029951185,9.76736150489333,0.09265708606690168,0.057869183411092484,0.06730155181139708,0.05537160485982895,0.045512501150369644,0.005430001765489578,0.0,1791183709571,0.35595003,9.298051,2.97,0.521687,9.299761,3.046689,-0.153199,0.010423,-0.042646,-0.01045,0.0455125,0.040975,
36506929758247,-0.02118152566254139,-0.05264740684069693,9.767137662190637,0.056058924086391924,0.058180248769724795,0.05549734700471163,0.04912605881690979,0.04124999791383743,0.004401430953294039,0.0,1791183709578,0.33405003,9.31005,2.9340003,0.523945,9.299572,3.046876,-0.169822,0.0154,-0.085929,-0.0083875,0.041249998,0.03355,
36506939752422,-0.05509219318628311,-0.05115218223072589,9.744905711326254,0.02735933382064104,0.05771204993905048,0.046983573026955126,0.03167726844549179,0.02419999986886978,0.0038371304981410503,0.0,1791183709588,0.30600002,9.298051,2.901,0.525955,9.299644,3.046309,-0.188591,9.63E-4,-0.147611,-0.0072875,0.0242,0.0292875,
36506949746792,-0.046361081302165985,-0.04733281680382788,9.762654759296424,0.006821241788566114,0.0553257629057769,0.037906991131603715,0.011065574362874031,0.0019249999895691872,0.004596190992742777,0.0,1791183709597,0.33,9.307051,2.9290502,0.528414,9.299718,3.045657,-0.224569,0.010466,-0.142171,-0.00935,0.001925,0.03135,
36506959741009,-0.0629766434431076,-0.0428223314229399,9.729984667711383,0.03058727961033582,0.0499257798396351,0.03942677024751902,0.0011246474459767342,-0.00976249948143959,0.005821164697408676,0.0,1791183709607,0.31800002,9.264001,2.9580002,0.531807,9.299533,3.045629,-0.206414,-0.02526,-0.08947,-0.0125124995,-0.0097624995,0.0356125,
36506969735382,-0.10508615523576736,-0.04402368129231036,9.65426270638612,0.02071615494787693,0.05110652300951846,0.05813951976597309,0.0077476478181779385,-0.0034374999813735485,0.006296588107943535,0.0,1791183709618,0.32700002,9.207001,2.8860002,0.53532,9.299185,3.046081,-0.202745,-0.070403,-0.087529,-0.013612499,-0.0034375,0.0378125,
36506979729613,-0.21290621161460876,-0.051370486104860905,9.573887794466163,0.01895934268832207,0.06292761164345552,0.09648445695638656,0.017559714615345,0.006187499966472387,0.01017836108803749,0.0,1791183709628,0.31500003,9.168,2.74005,0.538839,9.298847,3.046494,-0.237389,-0.137103,-0.224411,-0.0253,0.0061875,0.042075,
36506989723774,-0.26357460021972656,-0.06553201214410365,9.532227412335718,0.061792751401662835,0.07588561963594037,0.13818093836307527,0.026945576071739197,0.0147124994546175,0.016251318156719208,0.0,1791183709638,0.303,9.166051,2.59905,0.542599,9.298369,3.047279,-0.238754,-0.141413,-0.373636,-0.043449998,0.014712499,0.0495,
36506999718158,-0.2777463495731354,-0.07959435232914984,9.587735390487675,0.10989824384450914,0.08703074190533944,0.18445799201726915,0.025553429499268532,0.01251249946653843,0.02563837729394436,0.0,1791183709648,0.38505003,9.22605,2.5800002,0.547028,9.297471,3.049234,-0.233606,-0.116573,-0.495302,-0.0721875,0.0125124995,0.056925,
36507009712389,-0.15996509790420532,-0.09064260856248438,9.722203315151141,0.1365541310980916,0.08238276480188549,0.2038556829094887,-0.003843158483505249,-0.01718750037252903,0.032346099615097046,0.0,1791183709658,0.45405003,9.32205,2.7229502,0.553111,9.295698,3.05354,-0.163075,-0.031002,-0.389474,-0.0935,-0.0171875,0.056925,
36507019706807,-0.04417428746819496,-0.0967821076977998,9.825478047645413,0.13617596235126259,0.07365305872646138,0.1916733093559742,-0.03657274320721626,-0.048124998807907104,0.033868640661239624,0.0,1791183709668,0.423,9.372001,2.9200501,0.559925,9.293283,3.059637,-0.126794,0.040843,-0.242342,-0.099825,-0.048125,0.0473,
36507029701050,0.057973578572273254,-0.0920837074983865,9.857691687375903,0.09051377829164267,0.0800962364978286,0.1374973513185978,-0.061411067843437195,-0.07259999960660934,0.03162774071097374,0.0,1791183709678,0.45405003,9.36495,3.04395,0.566725,9.290564,3.066634,-0.107257,0.098629,-0.093716,-0.0935,-0.0726,0.040975,
36507039695196,0.07555019855499268,-0.08309050430543721,9.890426239896616,0.03176540043205023,0.08793239950316706,0.06967239156365394,-0.07734797894954681,-0.08855000138282776,0.026707671582698822,0.0,1791183709688,0.43695003,9.349951,3.1950002,0.573493,9.287866,3.073545,-0.128391,0.074991,0.038235,-0.0785125,-0.08855,0.0356125,
36507049689566,0.14806479215621948,-0.07081583333201706,9.989809383489472,0.054916607029736046,0.10120671321816968,0.015489836782217025,-0.07958102226257324,-0.0906125009059906,0.020871184766292572,0.0,1791183709697,0.46395,9.38595,3.38895,0.580123,9.285256,3.080178,-0.091925,0.091966,0.211168,-0.0605,-0.0906125,0.03135,
36507059683795,0.15880045294761658,-0.05964981359429657,9.960142177426881,0.1373824667185545,0.1129261654240475,0.07924294695258141,-0.0722145289182663,-0.08428750187158585,0.011810692958533764,0.0,1791183709709,0.402,9.328951,3.4660501,0.586033,9.282969,3.085944,-0.169661,0.05834,0.361025,-0.0317625,-0.0842875,0.03025,
36507069678179,0.13928775489330292,-0.05029475637711585,9.95108189425741,0.21241981238126756,0.12098183542501212,0.11593535542488098,-0.049972109496593475,-0.06943749636411667,0.0036586534697562456,0.0,1791183709718,0.46095002,9.324,3.4459503,0.592676,9.281433,3.089296,-0.17391,0.038328,0.360067,-0.001925,-0.0694375,0.0504625,
36507079672338,0.15274262428283691,-0.03864749767817557,9.953550752931699,0.27307010293006895,0.12852015779560513,0.1348891645669937,-0.0324312299489975,-0.05664999783039093,-0.004288121126592159,0.0,1791183709728,0.54795,9.34095,3.3940501,0.600914,9.280649,3.090054,-0.083985,0.048688,0.354521,0.0257125,-0.056649998,0.0622875,
36507089666595,0.16727346181869507,-0.025400771433487533,9.99645682888513,0.33769180923700337,0.13523312181772806,0.1532338172197342,-0.016035720705986023,-0.042762499302625656,-0.011957850307226181,0.0,1791183709738,0.555,9.427051,3.279,0.609775,9.280895,3.087582,-0.064116,0.096327,0.254042,0.0512875,-0.0427625,0.0675125,
36507099660995,0.18278555572032928,-0.011674294108524918,9.992078628192672,0.3640336528420448,0.1415859712678122,0.16017796993255615,-0.015473894774913788,-0.042762499302625656,-0.018007881939411163,0.0,1791183709748,0.615,9.457951,3.1639502,0.618786,9.282136,3.082057,-0.01806,0.145364,0.14704,0.0704,-0.0427625,0.06545,
36507109655237,0.22162920236587524,0.002176053402945399,10.056267675289506,0.3644170291721821,0.14993592502637407,0.1727437198162079,-0.04093967378139496,-0.06613750010728836,-0.022074874490499496,0.0,1791183709758,0.64305,9.54195,3.10905,0.62776,9.284143,3.074184,0.011272,0.215183,0.054356,0.081125,-0.0661375,0.0526625,
36507119649622,0.25718677043914795,0.015611512307077646,10.055067680075977,0.33382087424397466,0.1598199329118984,0.1963235229253769,-0.07100612670183182,-0.0906125009059906,-0.024056557565927505,0.0,1791183709768,0.67695004,9.540001,3.1039503,0.635848,9.286552,3.065228,0.048674,0.255869,0.036976,0.0831875,-0.0906125,0.03025,
36507129643776,0.23640409111976624,0.028490793146193027,10.00164926785576,0.2827282078564167,0.16657225711929666,0.21305581629276277,-0.08514544367790222,-0.09487500041723251,-0.02192501910030842,0.0,1791183709778,0.651,9.493951,3.078,0.641648,9.28884,3.057075,0.035691,0.236823,0.030764,0.0704,-0.094875,5.5E-4,
36507139638009,0.17615270614624023,0.0400530381128192,9.924021726467528,0.19934182837605477,0.1683850574738677,0.2148316651582718,-0.07803982496261597,-0.07796250283718109,-0.015808230265975,0.0,1791183709788,0.57900006,9.40995,3.0990002,0.64432,9.290594,3.05118,-0.031623,0.17282,0.046235,0.045925,-0.0779625,-0.0229625,
36507149632407,0.12168864905834198,0.04845552463084459,9.931469437206227,0.1233693368732929,0.16805586704367453,0.20261228382587432,-0.050064221024513245,-0.040699999779462814,-0.0038536670617759228,0.0,1791183709798,0.56700003,9.384001,3.2020502,0.643906,9.291142,3.0496,-0.074305,0.105235,0.086123,0.0044,-0.0407,-0.0378125,
36507159626638,0.13506193459033966,0.05835745353251696,9.95306463285941,0.06936347484588623,0.16702964814681243,0.1852988302707672,-0.025338690727949142,-0.007699999958276749,0.005828110501170158,0.0,1791183709808,0.48795003,9.34305,3.3960001,0.640942,9.290255,3.052928,-0.100071,0.072602,0.23363,-0.0295625,-0.0077,-0.0517,
36507169621006,0.16935299336910248,0.07207941096276045,9.983444809741803,0.03284291028976441,0.16428913864023786,0.16773207485675812,0.0027711577713489532,0.025299999862909317,0.00939186755567789,0.0,1791183709817,0.43005002,9.303,3.5970001,0.635238,9.28826,3.060183,-0.185347,0.038684,0.463401,-0.04235,0.0253,-0.059125,
36507179615222,0.1156829297542572,0.08850886803120375,9.91307758973369,0.009645974636077886,0.15084832483109306,0.1435878425836563,0.03697676956653595,0.06146249920129776,0.004622262436896563,0.0,1791183709828,0.32700002,9.22305,3.6190503,0.627436,9.286096,3.068349,-0.251765,-0.045342,0.558186,-0.0275,0.0614625,-0.0622875,
36507189609377,0.032197073101997375,0.10329745169728995,9.811493649519887,0.045381253957748405,0.12844036506926235,0.11479671597480774,0.05090184882283211,0.07315000146627426,-0.004463831894099712,0.0,1791183709839,0.17205001,9.13305,3.5809503,0.618332,9.284667,3.074514,-0.352795,-0.125316,0.55202,0.0023375,0.07315,-0.059125,
36507199603762,-0.035325974225997925,0.11541847046464682,9.729513600191632,0.08934992849826814,0.10025523462429019,0.08339379131793975,0.06799555569887161,0.08387500047683716,-0.014829147607088089,0.0,1791183709848,0.11400001,9.1060505,3.4249501,0.608586,9.284491,3.076992,-0.491489,-0.15387,0.448985,0.0385,0.083875,-0.0441375,
36507209597974,-0.13450542092323303,0.11669145431369543,9.621092918402422,0.16684320271015166,0.0968544457917986,0.02948032021522522,0.0741351768374443,0.08167500048875809,-0.023252272978425026,0.0,1791183709858,0.042000003,9.075001,3.1950002,0.600234,9.285734,3.074876,-0.509474,-0.188632,0.240412,0.0694375,0.081675,-0.023924999,
36507219592340,-0.19342312216758728,0.10922901257872582,9.60845455506035,0.2561307191848755,0.11331265955904934,0.04307490289211273,0.0694284737110138,0.06902500241994858,-0.026965457946062088,0.0,1791183709868,0.058950003,9.111,3.051,0.593556,9.288095,3.069044,-0.562651,-0.186204,0.054707,0.0853875,0.069025,-0.0037125,
36507229586549,-0.18814261257648468,0.09692320302128792,9.625100626720403,0.3186716765165329,0.13030143538769687,0.10384001135826111,0.053546253591775894,0.045512501150369644,-0.02806255780160427,0.0,1791183709878,0.10695001,9.160951,2.9509501,0.58999,9.290976,3.060999,-0.480076,-0.150778,-0.052167,0.0928125,0.0455125,0.0154,
36507239580938,-0.19194954633712769,0.0835482157766819,9.596948505411921,0.3512816190719604,0.14473806265250153,0.1486693352460861,0.043088771402835846,0.030662499368190765,-0.027273330837488174,0.0,1791183709888,0.15495001,9.16395,2.8459501,0.588591,9.29417,3.051551,-0.452341,-0.118061,-0.169613,0.0928125,0.0306625,0.0270875,
36507249575078,-0.2215459942817688,0.06506767645478248,9.564156115786062,0.3712121695280075,0.15828322989484342,0.1859133392572403,0.030234497040510178,0.01677500084042549,-0.023662017658352852,0.0,1791183709899,0.19095,9.154051,2.7640502,0.588643,9.297361,3.041806,-0.402114,-0.123645,-0.25803,0.0820875,0.016775,0.03025,
36507259569316,-0.23269222676753998,0.04549304246902466,9.548420968152108,0.3732827752828598,0.16930496418936755,0.20555070042610168,0.021025869995355606,0.006187499966472387,-0.017282351851463318,0.0,1791183709908,0.20805001,9.121051,2.8170002,0.589894,9.300055,3.033324,-0.365058,-0.13831,-0.256731,0.062975,0.0061875,0.0367125,
36507269563676,-0.2053689956665039,0.028260204941034317,9.608344611225286,0.35152771770954133,0.1762779507335924,0.20793987512588502,0.020667187869548798,0.003987499978393316,-0.012132015079259872,0.0,1791183709917,0.282,9.160951,2.8840501,0.592257,9.301885,3.027241,-0.343479,-0.142534,-0.159668,0.048125,0.0039875,0.0452375,
36507279557905,-0.19204068183898926,0.011021039634943008,9.619012165059212,0.32351620495319366,0.18007930890007298,0.20871948897838594,0.03053002804517746,0.013612499460577965,-0.008866161108016968,0.0,1791183709928,0.37305,9.166051,2.8930502,0.595651,9.303151,3.022678,-0.258288,-0.148589,-0.114403,0.0385,0.013612499,0.0495,
36507289552280,-0.16955889761447906,-0.005820578336715699,9.613132040170179,0.28763515055179595,0.18042902236879854,0.2042413592338562,0.036568328738212585,0.021037500351667404,-0.007313689682632685,0.0,1791183709938,0.39195,9.18,2.8260002,0.599324,9.304306,3.018399,-0.223653,-0.109043,-0.16998,0.0331375,0.0210375,0.0473,
36507299546497,-0.18503108620643616,-0.02421141043305397,9.63483850857601,0.22641869783401491,0.17900730718077862,0.19693837761878968,0.03729962557554245,0.023237500339746475,-0.0038155606016516685,0.0,1791183709949,0.39195,9.207001,2.81205,0.602838,9.305306,3.01461,-0.200831,-0.114831,-0.206892,0.02145,0.0232375,0.0452375,
36507309540642,-0.16017957031726837,-0.04330184906721115,9.672656218423638,0.13936094343662264,0.17199319130976212,0.18243584632873536,0.039165593683719635,0.025299999862909317,-7.18447845429182E-5,0.0,1791183709958,0.48105,9.243,2.80995,0.606739,9.305959,3.011814,-0.159242,-0.089147,-0.213673,0.0097624995,0.0253,0.0473,
36507319535030,-0.0849248617887497,-0.06040743067860603,9.758065802033832,0.05450700819492339,0.15767374598014516,0.1583470195531845,0.026437420397996902,0.0147124994546175,0.0031461738981306553,0.0,1791183709968,0.51600003,9.295051,2.9250002,0.611049,9.306175,3.010273,-0.101303,-0.034297,-0.149883,-0.001925,0.014712499,0.040975,
36507329529228,6.148242391645908E-4,-0.07219689402263611,9.830438073710553,0.028853416908532367,0.14318991071866866,0.11981591833755374,0.008840166963636875,-2.749999985098839E-4,0.002827636431902647,0.0,1791183709978,0.53295004,9.313951,3.0990002,0.615058,9.30599,3.010028,-0.095735,0.006588,0.001196,-0.003025,-2.75E-4,0.03025,
36507339523393,0.04130379855632782,-0.07893933940213174,9.864157153289343,0.10826996015384793,0.1342316435402547,0.07764337910339236,0.002893487922847271,-0.004537499975413084,-9.852787479758263E-4,0.0,1791183709988,0.56205004,9.312,3.2050502,0.618641,9.305604,3.01049,-0.080165,-2.07E-4,0.151569,0.0077,-0.0045375,0.0218625,
36507349517782,0.06531912833452225,-0.08175781543832272,9.853979297065743,0.177977364230901,0.13053021147746982,0.027573336195200682,0.01348839607089758,0.007287499960511923,-0.006218018010258675,0.0,1791183709998,0.55995005,9.3,3.20895,0.621669,9.305456,3.010322,-0.042491,0.004728,0.206804,0.02365,0.0072875,0.0165,
36507359512013,0.050990112125873566,-0.08596140656154602,9.83694454192927,0.22260047541931272,0.12470375432811406,0.014660600293427705,0.02369874343276024,0.01993750035762787,-0.010679406113922596,0.0,1791183710007,0.55200005,9.32205,3.0919502,0.623471,9.305853,3.008724,-0.051476,0.009119,0.148547,0.0364375,0.0199375,0.007975,
36507369506398,0.034876685589551926,-0.09268522195052356,9.797188600240354,0.24734039874747396,0.11391504174287115,0.03862090976908803,0.030764851719141006,0.02956249937415123,-0.01210952177643776,0.0,1791183710017,0.50205004,9.33405,2.9340003,0.623943,9.30687,3.005466,-0.097437,0.034439,0.027306,0.0396,0.0295625,5.5E-4,
36507379500618,-0.044619061052799225,-0.10070032149087638,9.714933772674003,0.23381549194455145,0.10419716106289692,0.029574132710695266,0.030953358858823776,0.03272499889135361,-0.009953757748007774,0.0,1791183710027,0.43500003,9.291,2.805,0.623084,9.308298,3.001227,-0.161223,0.013857,-0.155202,0.031075,0.032725,-0.006875,
36507389495007,-0.08708015084266663,-0.10666418268810958,9.70613675835158,0.20083572044968606,0.09973800835756162,0.0038973428308963776,0.021810662001371384,0.025299999862909317,-0.004935246426612139,0.0,1791183710038,0.411,9.288,2.7880502,0.621374,9.309545,2.997714,-0.207396,-0.008936,-0.213938,0.014025,0.0253,-0.010175,
36507399489252,-0.08019602298736572,-0.10890768512617796,9.749530477925571,0.15723015889525413,0.0986063293227744,0.025205687433481217,0.008721400052309036,0.01251249946653843,0.0013177178334444761,0.0,1791183710049,0.363,9.312,2.8650002,0.619771,9.310187,2.99605,-0.236918,-0.009579,-0.183543,-0.0061875,0.0125124995,-0.009075,
36507409483418,-0.02236456423997879,-0.10330064229201526,9.769422035480453,0.11847039684653282,0.10016732320425994,0.03987662270665169,0.005435030907392502,0.008249999955296516,0.0059037962928414345,0.0,1791183710058,0.42495003,9.304951,2.946,0.618719,9.310121,2.996473,-0.207135,0.024005,-0.104958,-0.020075,0.00825,-0.0037125,
36507419477797,-0.006584529299288988,-0.09395871264860034,9.82706550917227,0.07164705265313387,0.10003908358796128,0.04816886568441987,0.0016863164491951466,0.003987499978393316,0.007636780850589275,0.0,1791183710068,0.50895,9.325951,3.0559502,0.618508,9.309494,2.998458,-0.166223,0.003085,0.003189,-0.0253,0.0039875,-0.00165,
36507429472042,0.09636730700731277,-0.07973321666941047,9.947991486584167,0.05767178703099489,0.10570299355688571,0.01997159207239747,-0.020545024424791336,-0.0193875003606081,0.006277531385421753,0.0,1791183710078,0.51195,9.384001,3.2620502,0.619425,9.308546,3.001215,-0.128833,0.05431,0.172815,-0.0210375,-0.0193875,-0.0026125,
36507439466425,0.15418946743011475,-0.06242626598104835,9.957494749754277,0.05585566777735949,0.11392961941202669,0.028282331582158805,-0.017316197976469994,-0.01718750037252903,7.61842995416373E-4,0.0,1791183710088,0.59295005,9.34605,3.384,0.620735,9.307493,3.004209,-0.07747,0.060152,0.332627,-0.003025,-0.0171875,-0.0026125,
36507449460570,0.12656170129776,-0.045020881202071907,9.888880602359382,0.05497327614575624,0.11487766951043646,0.06963387643918395,5.328798433765769E-4,8.249999955296516E-4,-0.007923630997538567,0.0,1791183710098,0.64305,9.298051,3.3049502,0.622203,9.306978,3.005498,0.014435,0.017571,0.355279,0.0246125,8.25E-4,-0.0059125,
36507459455045,0.06475004553794861,-0.030148767586797475,9.84067439055872,0.0484358886256814,0.10870673994428273,0.08705679839476943,0.018106281757354736,0.021037500351667404,-0.014717910438776016,0.0,1791183710107,0.55005,9.31005,3.13995,0.622337,9.307474,3.003939,-0.03837,0.00271,0.210792,0.044825,0.0210375,-0.0154,
36507469449199,0.0430326908826828,-0.01772868325933814,9.786849101939422,0.06740610972046852,0.10195865187115564,0.0969802424311638,0.03110496886074543,0.03492499887943268,-0.017151588574051857,0.0,1791183710117,0.46605003,9.319051,2.9530501,0.62069,9.308861,2.99998,-0.130098,0.037237,0.051946,0.0523875,0.034925,-0.0176,
36507479443446,-0.06447724997997284,-0.01135051166638732,9.728498814610276,0.060913988202810285,0.0945776051747688,0.06481133103370666,0.03977973759174347,0.04441250115633011,-0.01377339567989111,0.0,1791183710128,0.43995002,9.304951,2.805,0.618096,9.310623,2.995036,-0.194541,-0.012409,-0.132251,0.0416625,0.0444125,-0.0165,
36507489437829,-0.11885964870452881,-0.008815549220889807,9.70949461051336,0.03540719524025917,0.09091156925338846,0.010201507806777954,0.042802803218364716,0.04661250114440918,-0.008485733531415462,0.0,1791183710138,0.44505003,9.292951,2.778,0.615699,9.312215,2.990587,-0.194539,-0.042731,-0.216388,0.0257125,0.0466125,-0.010175,
36507499432054,-0.10371699929237366,-0.004749844875186681,9.735668608929975,0.0040223903954029125,0.08453461988922213,0.035854232311248777,0.038819313049316406,0.04124999791383743,-0.0038793901912868023,0.0,1791183710147,0.43695003,9.312,2.80695,0.614133,9.313304,2.987507,-0.181002,-0.031849,-0.203731,0.0119624995,0.041249998,-0.0037125,
36507509426463,-0.058809682726860046,3.186495043337345E-4,9.774014914999112,0.012397312279790636,0.07783710972548671,0.06056617796421051,0.02315734699368477,0.023237500339746475,-0.002878981875255704,0.0,1791183710158,0.48105,9.331051,2.86905,0.613617,9.31411,2.985109,-0.170908,8.63E-4,-0.160631,0.0097624995,0.0232375,0.0015125,
36507519420617,-0.007150955498218536,0.004207344818860292,9.809268963278937,0.05063131516799331,0.0753854139620805,0.07060290724039078,9.489011717960238E-4,-0.002337499987334013,-0.004799624439328909,0.0,1791183710167,0.51195,9.349951,2.9220002,0.614828,9.314836,2.98259,-0.097899,0.028867,-0.093469,0.0171875,-0.0023375,0.006875,
36507529414850,0.02891412004828453,0.005622309609316289,9.810610887478806,0.08020696481689811,0.07557006311881775,0.0519246332347393,-0.021440414711833,-0.02681249938905239,-0.009013663977384567,0.0,1791183710178,0.57405,9.34305,2.937,0.617257,9.315771,2.979165,-0.059627,0.047085,-0.039766,0.031075,-0.0268125,0.006875,
36507539409212,0.043799497187137604,0.005747094540856779,9.82054498364877,0.08902668049558997,0.07563091509691511,0.019392804056406022,-0.04354783147573471,-0.048124998807907104,-0.013083201833069324,0.0,1791183710188,0.59805006,9.361951,2.90505,0.62027,9.317098,2.97438,-0.021938,0.062519,-0.046952,0.0427625,-0.048125,-0.00165,
36507549403460,0.014780964702367783,0.0032201863592490553,9.782083393483193,0.08275000965222716,0.07443311919722011,0.004306788742542267,-0.05120862275362015,-0.05238749831914902,-0.01346870418637991,0.0,1791183710198,0.58605003,9.35295,2.805,0.622538,9.318709,2.968862,-0.031389,0.053725,-0.11326,0.0416625,-0.0523875,-0.0133375,
36507559397849,-0.04708220064640045,-0.0016834292793646455,9.704409620660382,0.09032795727252961,0.0743549729583179,0.006652285158634186,-0.04237515106797218,-0.03959999978542328,-0.008764639496803284,0.0,1791183710208,0.50205004,9.288,2.76705,0.623385,9.320211,2.963959,-0.08012,0.013915,-0.182577,0.0246125,-0.0396,-0.0207625,
36507569392016,-0.14078103005886078,-0.01046631506178528,9.645375951438325,0.08488506078720093,0.07970004986280953,0.020073729753494262,-0.01918277144432068,-0.014024999924004078,-2.7473364025354385E-4,0.0,1791183710218,0.47295,9.23295,2.7499502,0.623035,9.321034,2.961443,-0.130049,-0.070704,-0.215974,-0.003025,-0.014025,-0.0187,
36507579386462,-0.1750703752040863,-0.016988880769349634,9.629880773229866,0.07107213661074638,0.0872121460150764,0.06087062880396843,0.013941925019025803,0.01993750035762787,0.008621111512184143,0.0,1791183710228,0.41805002,9.228001,2.7210002,0.621953,9.321003,2.96177,-0.172062,-0.097009,-0.237849,-0.0306625,0.0199375,-0.010175,
36507589380621,-0.1544027328491211,-0.02035500986967236,9.65474967288045,0.06465684249997139,0.0910665504868857,0.10051107481122017,0.03236410394310951,0.038087498396635056,0.01595044881105423,0.0,1791183710238,0.34395,9.252001,2.73795,0.620363,9.320259,2.964447,-0.237509,-0.072323,-0.233344,-0.053075,0.0380875,-0.00165,
36507599374868,-0.13355547189712524,-0.023022982315160333,9.68492490326788,0.06961218416690826,0.09352897106364669,0.13017836213111877,0.03320593014359474,0.036024998873472214,0.020251551643013954,0.0,1791183710249,0.33405003,9.274051,2.77095,0.619137,9.319036,2.968549,-0.293744,-0.056735,-0.201533,-0.0647625,0.036025,0.0100375,
36507609369251,-0.08672117441892624,-0.026240812824107708,9.75626354372883,0.06750324964523316,0.09455244736751382,0.13810615688562394,0.021413268521428108,0.018975000828504562,0.020156841725111008,0.0,1791183710257,0.38505003,9.324,2.8459501,0.619509,9.317656,2.972793,-0.277357,-0.017047,-0.174652,-0.0614625,0.018975,0.023924999,
36507619363481,-0.0175595972687006,-0.026789566222578286,9.846201548616232,0.06153723709285259,0.09446858670462743,0.11346187032759189,-0.0035856394097208977,-0.011962499469518661,0.016752740368247032,0.0,1791183710267,0.42105,9.396001,2.913,0.622319,9.316298,2.976464,-0.234677,0.027405,-0.094526,-0.0477125,-0.0119624995,0.0356125,
36507629357866,0.08341509103775024,-0.027437177021056414,9.928463267830166,0.04237197302281856,0.0936630504901936,0.061764777079224585,-0.03715915232896805,-0.05128749832510948,0.009817546233534813,0.0,1791183710278,0.45195,9.451051,3.00795,0.627417,9.315351,2.978354,-0.17992,0.097784,0.006534,-0.0232375,-0.0512875,0.0430375,
36507639352006,0.16440528631210327,-0.026926386076956986,9.984185217994373,0.0023099619895219805,0.09467455179665289,0.0019968267530202865,-0.07229012250900269,-0.0906125009059906,8.517373353242874E-4,0.0,1791183710288,0.50895,9.481951,3.08505,0.634388,9.315065,2.977769,-0.117459,0.160319,0.06458,0.0066,-0.0906125,0.0441375,
36507649346239,0.22357547283172607,-0.022075697500258683,10.030998972288936,0.06677073054015636,0.10440005266170535,0.07342301569879055,-0.09856554120779037,-0.11935000121593475,-0.007009319961071014,0.0,1791183710298,0.57900006,9.493951,3.186,0.642464,9.315372,2.975074,-0.106382,0.193531,0.153466,0.032175,-0.11935,0.042075,
36507659340608,0.24798652529716492,-0.012913873512297868,10.073036292103568,0.16043828539550303,0.11868098711835817,0.14036455564200878,-0.10167554765939713,-0.12361250072717667,-0.012825554236769676,0.0,1791183710308,0.651,9.525001,3.21195,0.651439,9.316002,2.971156,-0.026772,0.188113,0.233999,0.0512875,-0.1236125,0.040975,
36507669334820,0.25424936413764954,-0.0023530398495495318,10.084571977654027,0.25559697672724724,0.1318558090109635,0.1947263479232788,-0.0879245400428772,-0.10670000314712524,-0.015993954613804817,0.0,1791183710317,0.67395,9.54195,3.1930501,0.659773,9.316945,2.966347,-0.006374,0.189564,0.24599,0.0598125,-0.1067,0.03135,
36507679329218,0.25664788484573364,0.013703216891735792,10.019117794056454,0.32988398149609566,0.14244035265621802,0.22937290668487548,-0.053950294852256775,-0.06517499685287476,-0.015483319759368896,0.0,1791183710328,0.61200005,9.51105,3.0900002,0.665608,9.318068,2.96152,-0.01221,0.212384,0.18378,0.054449998,-0.065175,0.0143,
36507689323449,0.20396408438682556,0.02984440354630351,10.006584765340966,0.3674630284309387,0.14477579347547953,0.23728466629981995,-0.01881842501461506,-0.023649999871850014,-0.011034495197236538,0.0,1791183710337,0.56895,9.516001,3.042,0.668316,9.319077,2.957732,-0.081955,0.187432,0.103771,0.0374,-0.02365,0.0037125,
36507699317604,0.181991845369339,0.044129845779389144,9.990534465153187,0.3670740976929665,0.14498781432559357,0.22896794080734253,0.005796911660581827,0.006187499966472387,-0.004815533757209778,0.0,1791183710349,0.564,9.501,3.0370502,0.669002,9.319596,2.955938,-0.108978,0.172548,0.084017,0.015125,0.0061875,-0.0037125,
36507709312003,0.19293643534183502,0.056717151682823895,10.003477011047206,0.33141979314386844,0.14642530096063328,0.21795792281627654,0.005063245538622141,0.009349999949336052,-0.0033068275079131126,0.0,1791183710357,0.53805,9.49905,3.0900002,0.668455,9.319827,2.955337,-0.10843,0.174711,0.113348,0.0077,0.00935,-0.0144375,
36507719306234,0.19709092378616333,0.06692924564704299,9.995853103915993,0.2682910118252039,0.14871908060924643,0.2065262347459793,-0.006853072438389063,-2.749999985098839E-4,-0.0059312633238732815,0.0,1791183710367,0.46095002,9.481951,3.1300502,0.666672,9.320084,2.954932,-0.15932,0.169666,0.154455,0.014025,-2.75E-4,-0.025024999,
36507729300608,0.17529192566871643,0.07424813592806459,9.926280534585995,0.18825821615755559,0.15026198725783382,0.19025504291057588,-0.02857290580868721,-0.022549999877810478,-0.011094026267528534,0.0,1791183710378,0.44700003,9.40995,3.1279502,0.664436,9.320699,2.953492,-0.192997,0.14032,0.18223,0.029975,-0.02255,-0.0303875,
36507739294830,0.07077619433403015,0.07559697078540921,9.832787121494697,0.09019444920122623,0.15010360488030883,0.16361746490001677,-0.04890225827693939,-0.04386249929666519,-0.01682976260781288,0.0,1791183710388,0.44700003,9.316951,3.111,0.662188,9.321846,2.950377,-0.224268,0.036222,0.170981,0.048125,-0.0438625,-0.034649998,
36507749289213,0.008204516023397446,0.0752681483514607,9.775912042731177,0.0115045566111803,0.15024360848974133,0.12885999903082848,-0.061476822942495346,-0.057750001549720764,-0.020998109132051468,0.0,1791183710397,0.411,9.26895,3.07995,0.660364,9.323458,2.945685,-0.212868,-0.020455,0.139759,0.061875,-0.05775,-0.0356125,
36507759283386,-0.032053347676992416,0.0760195909999311,9.722819418052108,0.11086430549621581,0.14966626876640934,0.083862042427063,-0.058813538402318954,-0.05555000156164169,-0.022171273827552795,0.0,1791183710407,0.37800002,9.219001,3.0660002,0.6582,9.325273,2.940417,-0.256193,-0.060577,0.142633,0.0661375,-0.05555,-0.034649998,
36507769277619,-0.11372199654579163,0.07737254267558455,9.661437228362491,0.20767344832420348,0.1478111280177074,0.021699458360671997,-0.03595004603266716,-0.033137500286102295,-0.021481165662407875,0.0,1791183710417,0.39705002,9.1710005,3.01305,0.655679,9.327044,2.935362,-0.289586,-0.136569,0.118958,0.065175,-0.0331375,-0.0292875,
36507779272003,-0.16962307691574097,0.07764490759000182,9.58847970335111,0.2845682084560394,0.14735001136309936,0.04728354215621948,-0.010199158452451229,-0.005499999970197678,-0.02052485942840576,0.0,1791183710428,0.39195,9.142051,2.8650002,0.652888,9.328873,2.930165,-0.231727,-0.167128,0.016416,0.061875,-0.0055,-0.0303875,
36507789266210,-0.21803519129753113,0.07446328466758131,9.588326495925857,0.33401376008987427,0.15290825287251136,0.10504581928253173,0.00131192896515131,0.008249999955296516,-0.017856134101748466,0.0,1791183710437,0.36600003,9.1710005,2.77395,0.649006,9.33087,2.924667,-0.27573,-0.173913,-0.114555,0.0523875,0.00825,-0.03355,
36507799260597,-0.22536371648311615,0.06987287243828177,9.591587485632612,0.369717388600111,0.16028438254834332,0.15175946578383445,-0.006107216700911522,0.0030249999836087227,-0.014356732368469238,0.0,1791183710449,0.354,9.183001,2.7469501,0.644565,9.332778,2.919554,-0.278471,-0.161457,-0.178873,0.0396,0.003025,-0.0389125,
36507809254750,-0.20554599165916443,0.06393163157626987,9.568913566889854,0.39298422932624816,0.16799546930022763,0.18645799458026885,-0.0189458429813385,-0.008662499487400055,-0.011050794273614883,0.0,1791183710457,0.29595003,9.148951,2.7880502,0.6398,9.334379,2.915475,-0.328773,-0.143904,-0.158035,0.0279125,-0.0086624995,-0.042075,
36507819249222,-0.2699563205242157,0.05131179541349411,9.509728801902295,0.40795990228652956,0.1824972181968483,0.21770485937595369,-0.02642892673611641,-0.016224998980760574,-0.009754493832588196,0.0,1791183710467,0.25500003,9.075001,2.83095,0.634849,9.33562,2.912591,-0.350158,-0.231336,-0.090507,0.02365,-0.016224999,-0.042075,
36507829243434,-0.3137845993041992,0.031451810896396634,9.476749920490084,0.4101546287536621,0.19880657297198367,0.24653716385364532,-0.02332165278494358,-0.015124999918043613,-0.008598601445555687,0.0,1791183710477,0.21195,9.027,2.877,0.630118,9.336556,2.910616,-0.383734,-0.294522,-0.028678,0.02145,-0.015125,-0.034649998,
36507839237604,-0.3659832775592804,0.004932382702827453,9.436163951989288,0.40498678013682365,0.21409034198366736,0.2761267811059952,-0.005716258659958839,-0.0012374999932944775,-0.007296228315681219,0.0,1791183710490,0.13800001,9.007951,2.80695,0.625772,9.337342,2.909032,-0.456003,-0.338403,-0.048641,0.02035,-0.0012375,-0.0196625,
36507849232003,-0.3697993755340576,-0.02473635971546173,9.447010153483681,0.3888759553432465,0.2226777823279874,0.30501391291618346,0.013767862692475319,0.013612499460577965,-0.004521768540143967,0.0,1791183710498,0.10695001,9.04905,2.7109501,0.622032,9.338165,2.907188,-0.509724,-0.310496,-0.140172,0.015125,0.013612499,-5.5E-4,
36507859226219,-0.3534961938858032,-0.05481049567461014,9.485535883114965,0.3563034117221832,0.22442416072367563,0.3346039533615112,0.016502417623996735,0.011549999937415123,-1.9139412324875593E-4,0.0,1791183710507,0.112050004,9.1039505,2.661,0.619739,9.338923,2.905243,-0.52419,-0.26337,-0.233994,0.0044,0.01155,0.0176,
36507869220595,-0.32257717847824097,-0.08365182280540466,9.523076732857998,0.29784458279609677,0.2198713981842227,0.34512812495231626,0.009088537655770779,-2.749999985098839E-4,0.004891116172075272,0.0,1791183710517,0.11895001,9.151951,2.62995,0.619405,9.339349,2.903947,-0.516673,-0.2207,-0.268611,-0.00935,-2.75E-4,0.03355,
36507879214809,-0.23775243759155273,-0.10837183892726898,9.60381498425538,0.22487587332725525,0.20767645019337344,0.329921692609787,-3.5872962325811386E-4,-0.014024999924004078,0.00930098444223404,0.0,1791183710527,0.25095,9.20895,2.7139502,0.621163,9.339327,2.903641,-0.446605,-0.151246,-0.220421,-0.0210375,-0.014025,0.0484,
36507889208964,-0.10474100708961487,-0.12380709350109101,9.797739072736121,0.12591377273201945,0.19497239183671697,0.2776732385158539,-0.015348004177212715,-0.031075000762939453,0.012584039941430092,0.0,1791183710537,0.45195,9.34095,2.9220002,0.625839,9.338593,2.905,-0.262139,-0.064321,-0.090099,-0.0306625,-0.031075,0.054725,
36507899203349,0.09559722244739532,-0.1281268246471882,9.936775618744038,0.0018640756607055664,0.18901544022508543,0.18459391891956328,-0.02476958930492401,-0.03739999979734421,0.011547374539077282,0.0,1791183710547,0.564,9.424951,3.0970502,0.631932,9.337252,2.907992,-0.093456,0.066307,0.129569,-0.0295625,-0.0374,0.0430375,
36507909197580,0.16130445897579193,-0.12970842346549033,9.947326475262438,0.1360710710287094,0.18643706106861946,0.08163378834724426,-0.009135100990533829,-0.015124999918043613,0.008385848253965378,0.0,1791183710557,0.52095,9.4129505,3.1740003,0.636101,9.335791,2.911773,-0.111989,0.098893,0.250286,-0.0232375,-0.015125,0.022824999,
36507919191965,0.13465294241905212,-0.1328303225338459,9.87107000892324,0.2563493996858597,0.1813931845646987,0.009812235832214355,0.020876280963420868,0.01993750035762787,0.004312431439757347,0.0,1791183710567,0.45405003,9.36495,3.0870001,0.637515,9.334625,2.915196,-0.149317,0.073721,0.249257,-0.0125124995,0.0199375,0.009075,
36507929186193,0.01891966164112091,-0.1406489357352257,9.811308283598352,0.3372734367847443,0.1710169394741793,0.061146655678749086,0.04956778883934021,0.05087500065565109,0.003158548614010215,0.0,1791183710577,0.28395,9.34605,2.97195,0.63643,9.333988,2.917476,-0.265547,0.004926,0.10572,-0.00935,0.050875,0.005775,
36507939180564,-0.03582380712032318,-0.14597893580794336,9.780104104718623,0.37994400858879085,0.16593001773204388,0.07493009567260742,0.0679006576538086,0.06572499871253967,0.005398602690547705,0.0,1791183710588,0.18405001,9.348001,2.86905,0.634264,9.333599,2.919185,-0.414216,-0.009049,-0.001333,-0.013612499,0.065725,0.0207625,
36507949174809,-0.03178364038467407,-0.14797834362834691,9.836217903215823,0.3840578764677048,0.1642929535519802,0.049453923106193544,0.0658065676689148,0.05719999969005585,0.006704795639961958,0.0,1791183710597,0.19305001,9.405001,2.874,0.633394,9.333285,2.920381,-0.434894,0.010417,-0.045626,-0.013612499,0.0572,0.040975,
36507959169193,0.07644510269165039,-0.14255342110991479,9.907875639832964,0.3776101768016815,0.1697324622194979,0.032482051849365236,0.044906921684741974,0.030662499368190765,0.00633252551779151,0.0,1791183710607,0.29895002,9.460951,2.9269502,0.634945,9.332984,2.921005,-0.386167,0.111276,-0.015125,-0.00935,0.0306625,0.054725,
36507969163357,0.13221868872642517,-0.13025638684630395,9.965879589565795,0.36191689372062685,0.17997587267322449,0.031995201110839845,0.019965721294283867,0.0019249999895691872,0.0028934748843312263,0.0,1791183710617,0.35595003,9.489,3.0250502,0.639005,9.332781,2.920772,-0.30643,0.144998,0.047357,0.0034375,0.001925,0.0600875,
36507979157589,0.1816285252571106,-0.11269380673766136,10.005622617940157,0.3422102123498917,0.19201300380430694,0.06453697383403778,-0.0031089279800653458,-0.02474999986588955,-0.0031710085459053516,0.0,1791183710627,0.43500003,9.505951,3.0919502,0.644708,9.332818,2.919397,-0.247489,0.164114,0.139711,0.0246125,-0.02475,0.06325,
36507989151974,0.1519806832075119,-0.0941930130124092,9.970651763366545,0.28669179081916807,0.198681914571573,0.1020978718996048,-0.001979360356926918,-0.02474999986588955,-0.00819670595228672,0.0,1791183710637,0.47100002,9.489,3.0250502,0.651126,9.333255,2.916566,-0.206024,0.130159,0.140148,0.0416625,-0.02475,0.06325,
36507999146219,0.14350609481334686,-0.07574952244758607,9.960825369346209,0.21878960728645325,0.20272912088355516,0.13715581893920897,-0.0016933474689722061,-0.02474999986588955,-0.010732444003224373,0.0,1791183710649,0.55005,9.469951,3.039,0.657987,9.334099,2.912325,-0.141059,0.124526,0.115659,0.0501875,-0.02475,0.0622875,
36508009140602,0.204362690448761,-0.05525408834218979,10.043011368505914,0.15292710065841675,0.20918847973716262,0.1627393364906311,4.73707914352417E-5,-0.022549999877810478,-0.012078439816832542,0.0,1791183710657,0.63105005,9.51795,3.1420503,0.665312,9.334901,2.908093,-0.088528,0.159637,0.196506,0.054449998,-0.02255,0.0600875,
36508019134823,0.2190595269203186,-0.030803295969963073,9.99300460734727,0.11896084845066071,0.2112333410184995,0.1801075041294098,0.018939580768346786,-2.749999985098839E-4,-0.016199901700019836,0.0,1791183710668,0.70605004,9.477,3.0900002,0.672126,9.335848,2.903486,0.002819,0.163478,0.213083,0.0661375,-2.75E-4,0.0495,
36508029129223,0.2019059807062149,-0.0050187669694423676,9.976851592960399,0.10923289954662324,0.2065392018304984,0.18416299521923066,0.03896256163716316,0.026399999856948853,-0.018728012219071388,0.0,1791183710677,0.70605004,9.493951,2.9839501,0.677096,9.337201,2.897964,0.048127,0.162125,0.149173,0.0704,0.0264,0.03025,
36508039123467,0.1380286067724228,0.020181827247142792,9.914613014280865,0.1319186568260193,0.19113275649496744,0.18137257993221284,0.051175087690353394,0.045512501150369644,-0.018461205065250397,0.0,1791183710687,0.62895006,9.465,2.8840501,0.679243,9.338901,2.891981,-0.023451,0.13409,0.040234,0.065175,0.0455125,0.0111375,
36508049117642,0.030408721417188644,0.040192232094705106,9.7642285172537,0.12627105340361597,0.16891499887602016,0.1587531052529812,0.06167575344443321,0.060499999672174454,-0.016322171315550804,0.0,1791183710697,0.55005,9.337951,2.80005,0.679089,9.34069,2.886243,-0.092728,0.053292,-0.0474,0.05555,0.0605,5.5E-4,
36508059112042,-0.09233517199754715,0.05325028318911791,9.645473561005453,0.06741833165287972,0.14659608095417365,0.09941353276371956,0.07347190380096436,0.0742499977350235,-0.013615500181913376,0.0,1791183710707,0.44700003,9.252001,2.6899502,0.677296,9.342407,2.881097,-0.172338,-0.041799,-0.138023,0.045925,0.07425,-0.00165,
36508069106288,-0.18203610181808472,0.06027733702212572,9.584205295648987,0.045342566817998885,0.13094541445530664,0.019194407016038896,0.0684087797999382,0.06902500241994858,-0.010333304293453693,0.0,1791183710717,0.402,9.20895,2.6250002,0.674868,9.344093,2.876196,-0.234554,-0.105734,-0.221707,0.0353375,0.069025,5.5E-4,
36508079100667,-0.23725464940071106,0.060302226431667806,9.598350853089013,0.1707355909049511,0.130888799241231,0.06863771900534629,0.05059673637151718,0.04867500066757202,-0.007309406530112028,0.0,1791183710727,0.40605003,9.22605,2.6160002,0.673204,9.345554,2.871832,-0.264015,-0.152685,-0.250862,0.0268125,0.048675,0.007975,
36508089094884,-0.2395133674144745,0.053563608415424825,9.560214640264753,0.2813019327819347,0.14219344170231676,0.14414611384272574,0.02714133821427822,0.023237500339746475,-0.005114695988595486,0.0,1791183710737,0.43695003,9.184951,2.6160002,0.672927,9.346822,2.867762,-0.246978,-0.153952,-0.258763,0.02035,0.0232375,0.0122375,
36508099089252,-0.23213329911231995,0.03717708233743906,9.586418943997904,0.3593938544392586,0.15473607058266034,0.19665451794862748,-0.001603458309546113,-0.006599999964237213,-0.00390031561255455,0.0,1791183710748,0.423,9.204,2.6470501,0.673853,9.347892,2.86406,-0.238327,-0.150234,-0.247878,0.016224999,-0.0066,0.0122375,
36508109083488,-0.21802452206611633,0.01821063328534365,9.601733985930695,0.4018998920917511,0.16146063920555925,0.2217923879623413,-0.020925190299749374,-0.025712499395012856,-0.0021585996728390455,0.0,1791183710758,0.42105,9.19995,2.7160501,0.675249,9.34868,2.861162,-0.225358,-0.153417,-0.192307,0.0097624995,-0.0257125,0.0100375,
36508119077872,-0.1867676079273224,0.0021396057680249216,9.613373769348152,0.4069016844034195,0.1650276446172512,0.22273868918418885,-0.028521796688437462,-0.033137500286102295,1.0935880709439516E-5,0.0,1791183710767,0.44505003,9.18,2.8189502,0.676677,9.348967,2.859882,-0.233968,-0.158492,-0.066529,0.0023375,-0.0331375,0.0100375,
36508129072103,-0.1760154366493225,-0.00760714914649725,9.620537378809328,0.39186342656612394,0.16944617640931034,0.21049084663391113,-0.015596187673509121,-0.0193875003606081,0.0022556865587830544,0.0,1791183710778,0.46905002,9.154051,2.9220002,0.678251,9.34873,2.860287,-0.202024,-0.175014,0.016862,-0.0050875,-0.0193875,0.0111375,
36508139066230,-0.15296581387519836,-0.01346424948424101,9.677264047009372,0.3519344411790371,0.17232048385666077,0.1931813359260559,-0.002700616605579853,-0.006599999964237213,0.0034416483249515295,0.0,1791183710787,0.47100002,9.160951,3.08295,0.679724,9.347986,2.862367,-0.217862,-0.188635,0.144069,-0.0083875,-0.0066,0.0143,
36508149060612,-0.09809358417987823,-0.016779746674001218,9.699679009988975,0.2657869257032871,0.17327631934393556,0.16637339293956757,0.016028394922614098,0.011549999937415123,0.001785854808986187,0.0,1791183710797,0.46605003,9.159,3.1590002,0.680988,9.346951,2.86545,-0.216732,-0.168446,0.265484,-0.001925,0.01155,0.0176,
36508159054831,-0.10861413180828094,-0.026032708398997784,9.694748397619287,0.16368572190403938,0.17299190626264693,0.1444913148880005,0.03766489401459694,0.0317624993622303,-0.002583170309662819,0.0,1791183710807,0.423,9.172951,3.10905,0.681759,9.346192,2.867738,-0.25581,-0.179659,0.275168,0.014025,0.0317625,0.0218625,
36508169049199,-0.10045328736305237,-0.03766630720347166,9.65792133189018,0.0585907317698002,0.16975159765168868,0.1272284507751465,0.04946446791291237,0.04028749838471413,-0.005663534626364708,0.0,1791183710818,0.39900002,9.156,3.04695,0.682732,9.345947,2.8683,-0.268754,-0.153078,0.219539,0.0268125,0.0402875,0.03135,
36508179043373,-0.16585370898246765,-0.05504041891545057,9.624103210142668,0.018950008600950224,0.16410616828464197,0.12519610524177552,0.05516684055328369,0.04235000163316727,-0.007400702219456434,0.0,1791183710827,0.42105,9.16395,2.91,0.684398,9.346136,2.867292,-0.296756,-0.186785,0.112807,0.0353375,0.04235,0.042075,
36508189037615,-0.19737893342971802,-0.07250839974731207,9.595940991459836,0.06257578879594805,0.15967413664780236,0.13407872915267943,0.05521741509437561,0.04028749838471413,-0.006216056644916534,0.0,1791183710837,0.43500003,9.17595,2.77395,0.687135,9.346713,2.864746,-0.258792,-0.177785,-0.033086,0.0331375,0.0402875,0.0495,
36508199031989,-0.18570084869861603,-0.08896874692291021,9.62716000363008,0.0701922059059143,0.15340273894896625,0.151600182056427,0.049160148948431015,0.03272499889135361,-0.004293996375054121,0.0,1791183710847,0.43305,9.228001,2.709,0.690581,9.347437,2.861557,-0.278998,-0.137808,-0.118483,0.0279125,0.032725,0.054725,
36508209026220,-0.19246825575828552,-0.10881029423326254,9.617029411868511,0.05436768233776093,0.1391838860152546,0.16837100684642792,0.03856121748685837,0.01993750035762787,-0.001236878801137209,0.0,1791183710857,0.50205004,9.216001,2.70195,0.695117,9.348049,2.858466,-0.254803,-0.133632,-0.160881,0.0193875,0.0199375,0.0622875,
36508219020591,-0.16958969831466675,-0.1282427554950118,9.634353926674667,0.028292557597160345,0.11749174180544976,0.18219828903675078,0.02722780779004097,0.008249999955296516,7.571212481707335E-4,0.0,1791183710868,0.57105005,9.228001,2.709,0.700949,9.348331,2.856111,-0.176837,-0.121943,-0.139372,0.012925,0.00825,0.06325,
36508229014805,-0.12362615764141083,-0.1445193624123931,9.689876111737586,0.019428557157516485,0.08994741634843804,0.17375277876853942,0.018492605537176132,0.0019249999895691872,0.002426641760393977,0.0,1791183710878,0.58305,9.274051,2.7469501,0.707207,9.34841,2.854317,-0.096905,-0.086109,-0.118425,0.0055,0.001925,0.055825,
36508239009180,-0.1166943609714508,-0.15725551079958677,9.693058959683077,0.00875752866268159,0.06305055132792164,0.15761586427688598,0.014788185246288776,0.0019249999895691872,0.0041695148684084415,0.0,1791183710887,0.61005,9.264001,2.7859502,0.712451,9.348269,2.853473,-0.121302,-0.085968,-0.08885,-0.003025,0.001925,0.0452375,
36508249003386,-0.11031018197536469,-0.16429145596921443,9.66013395797143,0.0019535839557647816,0.04769871581678063,0.1425377309322357,0.024730337783694267,0.0147124994546175,0.006561100482940674,0.0,1791183710897,0.64605004,9.228001,2.7829502,0.716976,9.347794,2.853896,-0.101885,-0.087886,-0.065332,-0.0125124995,0.014712499,0.039875,
36508258997784,-0.12845994532108307,-0.16609769463539123,9.703167055522057,0.0025076180696487205,0.045576468819628874,0.12973606884479522,0.0372314378619194,0.030662499368190765,0.009559161961078644,0.0,1791183710907,0.63105005,9.27105,2.7930002,0.720722,9.346966,2.855657,-0.100842,-0.108607,-0.05991,-0.0243375,0.0306625,0.03355,
36508268992020,-0.10213366150856018,-0.162102572619915,9.715383961138576,0.00895124375820161,0.04746705958519561,0.11624486148357391,0.048680853098630905,0.04441250115633011,0.012098765932023525,0.0,1791183710917,0.59295005,9.292951,2.77095,0.723417,9.345929,2.858376,-0.122691,-0.074051,-0.076994,-0.033825,0.0444125,0.03025,
36508278986171,-0.07477246224880219,-0.15397846326231956,9.727738204631924,0.02760460674762724,0.047812720791213556,0.10647412240505219,0.04603312537074089,0.04235000163316727,0.013610105961561203,0.0,1791183710927,0.57405,9.307051,2.77095,0.725537,9.344848,2.861369,-0.139177,-0.039451,-0.091959,-0.0391875,0.04235,0.0292875,
36508288980566,-0.07168488204479218,-0.14558703899383546,9.732788025483236,0.05412795543670654,0.04678077545604833,0.09747222661972046,0.026407569646835327,0.023237500339746475,0.013915497809648514,0.0,1791183710937,0.57405,9.3,2.81205,0.727649,9.343711,2.864545,-0.146077,-0.038314,-0.083163,-0.041249998,0.0232375,0.025024999,
36508298974787,-0.08392300456762314,-0.1381765242666006,9.762230845248894,0.07617621570825577,0.04414901045105864,0.09219479113817215,0.010067837312817574,0.006187499966472387,0.014259074814617634,0.0,1791183710948,0.54,9.313951,2.874,0.730068,9.342396,2.868217,-0.172438,-0.063335,-0.036557,-0.04235,0.0061875,0.025024999,
36508308969185,-0.0643584132194519,-0.1304932188242674,9.760333467831249,0.10282380431890487,0.042939171854920334,0.07937448471784592,0.0023767072707414627,-0.0034374999813735485,0.013675257563591003,0.0,1791183710957,0.57600003,9.279,2.97195,0.732844,9.340954,2.872201,-0.191973,-0.064288,0.038467,-0.0391875,-0.0034375,0.0292875,
36508318963416,-0.03843411058187485,-0.12307654395699501,9.786103110933478,0.10711820423603058,0.04532294165842149,0.06663457453250884,0.007769402116537094,8.249999955296516E-4,0.012367712333798409,0.0,1791183710967,0.67695004,9.27105,3.0589502,0.736521,9.339288,2.876674,-0.12143,-0.072198,0.134551,-0.033825,8.25E-4,0.032449998,
36508328957795,0.004606816917657852,-0.114045431278646,9.85749106347551,0.10685714557766914,0.05145516260397488,0.050758718699216845,0.013997089117765427,0.007287499960511923,0.009441121481359005,0.0,1791183710979,0.72,9.328951,3.1020002,0.740708,9.337621,2.88101,-0.058579,-0.051378,0.197252,-0.0243375,0.0072875,0.03025,
36508338952015,0.07605035603046417,-0.10259462278336287,9.909432475713535,0.12132605984807013,0.06517356329038844,0.02121167108416557,0.020748678594827652,0.015812499448657036,0.005740102846175432,0.0,1791183710987,0.75105006,9.37905,3.10905,0.744261,9.336261,2.8845,-0.021431,0.009837,0.232069,-0.013612499,0.0158125,0.022824999,
36508348946400,0.09249040484428406,-0.09306542333215476,9.88584059391396,0.1438070796430111,0.07783754327176473,0.014071010798215867,0.03576309233903885,0.03382499888539314,0.0011756805470213294,0.0,1791183710997,0.78495,9.39105,2.9869502,0.746908,9.335423,2.886526,0.033382,0.0418,0.170188,-8.25E-4,0.033825,0.0122375,
36508358940641,0.06708614528179169,-0.08428040947765111,9.838170916574313,0.15660478398203848,0.08515776420193069,0.04035992249846458,0.04545136168599129,0.04867500066757202,-9.719572262838483E-4,0.0,1791183711007,0.78900003,9.39105,2.8240502,0.748055,9.335229,2.886857,0.053783,0.058753,0.023811,0.0023375,0.048675,-0.0037125,
36508368935006,0.022322043776512146,-0.0781416429206729,9.777912882478315,0.15898527577519417,0.08814355564683134,0.052511153370141984,0.052485622465610504,0.06146249920129776,7.206526352092624E-4,0.0,1791183711018,0.71505004,9.37395,2.6880002,0.747175,9.335443,2.88639,0.006778,0.065721,-0.138527,-0.0072875,0.0614625,-0.0187,
36508378929155,-0.03351735696196556,-0.0715248253196478,9.755363964970213,0.14235854521393776,0.08625775411593795,0.0448863185942173,0.04482240229845047,0.05829999968409538,0.0045354003086686134,0.0,1791183711028,0.69105005,9.361951,2.6539502,0.744533,9.335667,2.886344,-0.024097,0.039161,-0.234249,-0.0232375,0.0583,-0.0303875,
36508388923388,-0.045933037996292114,-0.06395253054797649,9.756674678687581,0.1126844309270382,0.08138700540951031,0.020489639788866042,0.0249820314347744,0.04235000163316727,0.008366869762539864,0.0,1791183711037,0.62700003,9.348001,2.7229502,0.740825,9.335515,2.887797,-0.085033,0.022553,-0.206972,-0.0391875,0.04235,-0.042075,
36508398917773,-0.06187963858246803,-0.0577614700421691,9.74889200732988,0.06899011582136154,0.07644996804950711,0.010384368896484374,0.012361111119389534,0.030662499368190765,0.010348563082516193,0.0,1791183711047,0.624,9.325951,2.77095,0.73657,9.334994,2.890566,-0.114297,-0.008049,-0.154674,-0.0466125,0.0306625,-0.0452375,
36508408912008,-0.00844926293939352,-0.048560520401224494,9.791678168890074,0.04114312399178743,0.07052821366690373,0.025491450540721418,-0.007454167120158672,0.010449999943375587,0.011235383339226246,0.0,1791183711057,0.63900006,9.328951,2.90505,0.732838,9.334124,2.894317,-0.084229,0.011974,-0.045898,-0.049775,0.01045,-0.0463375,
36508418906392,0.031135093420743942,-0.03852428081445396,9.861182476547375,0.027029878087341787,0.06677326759867455,0.02372884061187506,-0.02764672040939331,-0.00976249948143959,0.011042810045182705,0.0,1791183711067,0.615,9.325951,3.14505,0.72933,9.332799,2.899475,-0.119028,0.001327,0.130903,-0.049775,-0.0097624995,-0.0495,
36508428900631,0.09703792631626129,-0.027491076616570354,9.896696391636782,0.023593887127935885,0.06995481969861708,0.0023822160437703133,-0.015021446160972118,0.0019249999895691872,0.006444364320486784,0.0,1791183711077,0.63105005,9.328951,3.2430003,0.725696,9.331209,2.905498,-0.103422,0.007705,0.328387,-0.033825,0.001925,-0.0484,
36508438894759,0.018033146858215332,-0.020754701225087047,9.806883084197809,0.0011044422164559354,0.06748377208496328,0.015175453014671802,0.018262341618537903,0.03492499887943268,-0.0010724824387580156,0.0,1791183711087,0.60495,9.279,3.11595,0.721414,9.330195,2.909819,-0.099141,-0.0655,0.295336,-0.0083875,0.034925,-0.0484,
36508448889236,-0.057866185903549194,-0.01813250142149627,9.68304151186256,0.02438177894800901,0.06492331993310753,0.01597814355045557,0.04327060654759407,0.05939999967813492,-0.005346354097127914,0.0,1791183711099,0.54495,9.243,2.83395,0.716083,9.330229,2.911028,-0.158453,-0.067928,0.061889,0.0066,0.0594,-0.0463375,
36508458883621,-0.173603355884552,-0.02038967194966972,9.602897874402402,0.06956382840871811,0.06935340465936904,0.017052675038576125,0.0529075525701046,0.06792499870061874,-0.004602805711328983,0.0,1791183711107,0.46395,9.22605,2.6230502,0.710287,9.331077,2.909724,-0.207723,-0.107083,-0.190592,0.0055,0.067925,-0.040975,
36508468877775,-0.2520785331726074,-0.02788691553287208,9.528279065715475,0.11858171895146369,0.0842826702578247,0.0736954003572464,0.04626353830099106,0.05939999967813492,4.40728385001421E-4,0.0,1791183711118,0.45705003,9.192,2.46705,0.704721,9.332119,2.907736,-0.269195,-0.129673,-0.368169,-0.00935,0.0594,-0.032449998,
36508478872008,-0.3311469554901123,-0.04070564019493759,9.457800156658582,0.17982201650738716,0.10690027441979802,0.15933237671852113,0.03392554819583893,0.04441250115633011,0.0062653073109686375,0.0,1791183711128,0.45900002,9.154051,2.33295,0.700667,9.332966,2.905998,-0.25317,-0.173615,-0.498111,-0.0264,0.0444125,-0.0218625,
36508488866384,-0.3993007242679596,-0.05708643230609596,9.396716807221983,0.23241478204727173,0.13244196602899866,0.2427991509437561,0.014667060226202011,0.02213750034570694,0.013418473303318024,0.0,1791183711138,0.44505003,9.099,2.3040001,0.698406,9.33343,2.905053,-0.248515,-0.212387,-0.604906,-0.0477125,0.0221375,-0.010175,
36508498860610,-0.4272485375404358,-0.0742527089547366,9.367225697921755,0.291184170730412,0.15511667363209955,0.3166756212711334,-0.0031648194417357445,-2.749999985098839E-4,0.019614169374108315,0.0,1791183711147,0.49500003,9.051001,2.36205,0.69839,9.333203,2.905781,-0.195826,-0.252861,-0.581692,-0.0647625,-2.75E-4,0.005775,
36508508855011,-0.46212783455848694,-0.09414118002168834,9.299093523430889,0.3506516763940453,0.17658734936571108,0.3743805170059204,-0.010750537738204002,-0.011962499469518661,0.02584211528301239,0.0,1791183711157,0.51900005,8.989051,2.32395,0.700409,9.33225,2.908358,-0.216999,-0.285427,-0.589057,-0.0818125,-0.0119624995,0.0218625,
36508518849276,-0.4960225820541382,-0.1170206035953015,9.324476203338802,0.4255515428259969,0.1964176497126637,0.4231693267822266,-0.02946600131690502,-0.035337500274181366,0.03042001649737358,0.0,1791183711167,0.61905,9.03195,2.23305,0.705097,9.330901,2.911554,-0.121131,-0.312809,-0.637743,-0.0935,-0.0353375,0.0367125,
36508528843662,-0.4674389958381653,-0.14062289423309265,9.36444214400264,0.465603187866509,0.20838141953007172,0.4504277348518372,-0.07754964381456375,-0.08538749814033508,0.03471853956580162,0.0,1791183711177,0.67905,9.06795,2.2369502,0.712388,9.329313,2.914861,-0.080538,-0.268125,-0.693723,-0.10725,-0.0853875,0.038775,
36508538837893,-0.4644172787666321,-0.16764627597294748,9.358129169800916,0.4794291893020272,0.21351189228821385,0.46345104575157164,-0.10276313871145248,-0.10986249893903732,0.04108612984418869,0.0,1791183711187,0.86100006,9.06105,2.1750002,0.72166,9.327106,2.919641,0.05863,-0.2731,-0.700897,-0.1285625,-0.1098625,0.0378125,
36508548832056,-0.5860729217529297,-0.20157444230280816,9.246150056635875,0.47816324755549433,0.2231741381468542,0.49521592259407043,-0.14487577974796295,-0.1438249945640564,0.04892325401306152,0.0,1791183711197,2.32605,8.46,2.9170501,0.734232,9.323855,2.926884,0.66855,-0.461386,-0.660255,-0.1604625,-0.143825,0.0133375,
36508558826427,-0.3246295154094696,-0.22116022533737123,9.865907130291648,0.3940208584070206,0.21580383459362662,0.467716258764267,-0.28387734293937683,-0.24598750472068787,0.02599693089723587,0.0,1791183711207,1.1700001,9.08205,3.6720002,0.748354,9.318117,2.941541,1.133269,-0.575358,0.452755,-0.1211375,-0.2459875,-0.1357125,
36508568820657,0.26807498931884766,-0.20887257806025444,10.20420094647298,0.15556436777114868,0.2354223497122779,0.3148967444896698,-0.21069815754890442,-0.16733749210834503,-5.9538520872592926E-5,0.0,1791183711217,-0.040050004,9.56595,3.5520003,0.741105,9.315241,2.952467,-0.296002,0.069164,0.745893,-0.0402875,-0.16733749,-0.1612875,
36508578815056,0.2388768047094345,-0.19525286997668445,9.904444764636992,0.06916556656360626,0.2524374954438797,0.17363358438014984,-0.06664897501468658,-0.05238749831914902,-0.006924922578036785,0.0,1791183711228,-0.165,9.496051,2.80995,0.728442,9.315482,2.954851,-0.992023,0.253276,0.238332,0.0086624995,-0.0523875,-0.058025,
36508588809287,-0.12387597560882568,-0.19915001685731112,9.587225950674442,0.21115029752254486,0.2506978535877741,0.10552532374858856,-0.05685556307435036,-0.06833750009536743,0.003620757255703211,0.0,1791183711237,0.651,9.24705,2.4460502,0.72614,9.316751,2.95142,-0.508487,0.041316,-0.416641,-0.0050875,-0.0683375,0.0281875,
36508598803666,-0.2210685908794403,-0.20710946447215975,9.640987488336487,0.34185605943202974,0.24873263626624423,0.032524457573890685,-0.14941459894180298,-0.16087499260902405,0.015122085809707642,0.0,1791183711247,0.96405005,9.19005,2.7499502,0.735802,9.31659,2.949535,0.195323,-0.118932,-0.407573,-0.04455,-0.160875,0.022824999,
36508608797895,-0.03405606374144554,-0.20838980451226236,9.801691417680535,0.4487595595419407,0.24777079179134237,0.025590232759714126,-0.1633564978837967,-0.16197499632835388,0.016311760991811752,0.0,1791183711257,0.73395,9.304951,2.9920502,0.744158,9.31497,2.952554,0.16063,-0.040698,-0.025125,-0.0583,-0.161975,-0.0165,
36508618792299,0.035951897501945496,-0.20814896430820226,9.8609199865896,0.4295933492481709,0.24800572935231555,0.020834385603666305,-0.11406008899211884,-0.10766249895095825,0.016102030873298645,0.0,1791183711267,0.52395004,9.405001,2.9170501,0.746547,9.313287,2.957257,-0.155398,0.039993,0.03242,-0.0594,-0.1076625,-0.023924999,
36508628786516,0.08610649406909943,-0.20869553592056037,9.941952107651687,0.4120625980198383,0.2473436978777445,0.051388447731733324,-0.09397292137145996,-0.089649997651577,0.02063484862446785,0.0,1791183711277,0.58305,9.508051,2.8459501,0.74766,9.311748,2.961823,-0.228337,0.139695,-0.096644,-0.0710875,-0.08965,-0.0111375,
36508638780890,0.21662817895412445,-0.19876578431576492,10.076990839350705,0.5119283057749271,0.25991349186780244,0.016712383180856705,-0.09732037782669067,-0.089649997651577,0.025672005489468575,0.0,1791183711287,0.63900006,9.645,2.84805,0.749515,9.309915,2.967106,-0.112876,0.277997,-0.128263,-0.089237496,-0.08965,-0.0176,
36508648775097,0.34718650579452515,-0.1785131497308612,10.144373165000017,0.5980796612799167,0.2847023258764878,0.1303634025156498,-0.10637817531824112,-0.089649997651577,0.028948547318577766,0.0,1791183711297,0.63600004,9.71205,2.8600502,0.7496,9.307828,2.973631,-0.096202,0.411765,-0.120424,-0.1062875,-0.08965,-0.043175,
36508658769487,0.328270822763443,-0.15341944079846143,10.14730635028954,0.5177255243062973,0.305394850262038,0.2028287798166275,-0.11680334806442261,-0.09281250089406967,0.034036874771118164,0.0,1791183711307,0.60300004,9.690001,2.9509501,0.747473,9.305252,2.982207,-0.141959,0.380822,-0.073932,-0.1274625,-0.0928125,-0.0622875,
36508668763641,0.381426066160202,-0.12174421083182096,10.19158732773391,0.4455571979284286,0.32569771163368955,0.2719236135482788,-0.12686491012573242,-0.09597499668598175,0.04039786010980606,0.0,1791183711317,0.62700003,9.670951,3.15405,0.743737,9.301756,2.994029,-0.123857,0.393895,0.055503,-0.1519375,-0.095975,-0.0793375,
36508678757892,0.41354453563690186,-0.08450963627547026,10.246538709631999,0.44293654561042783,0.3417993745639555,0.3374112218618393,-0.13659793138504028,-0.09913749992847443,0.04421881586313248,0.0,1791183711327,0.63900006,9.646951,3.3940501,0.738544,9.297205,3.009406,-0.125847,0.357745,0.272363,-0.1678875,-0.0991375,-0.09735,
36508688752263,0.48072314262390137,-0.04050844293087721,10.298994923192861,0.4227546721696853,0.3548386121882784,0.39023021459579466,-0.12935228645801544,-0.08538749814033508,0.04251542687416077,0.0,1791183711337,0.591,9.634951,3.58995,0.731422,9.292089,3.026896,-0.113936,0.358072,0.484716,-0.165825,-0.0853875,-0.1166,
36508698746479,0.49084311723709106,0.005396139807999134,10.330936341093468,0.39337130412459376,0.3611669128934559,0.4189615368843079,-0.12151117622852325,-0.07150000333786011,0.038885947316884995,0.0,1791183711349,0.51900005,9.59895,3.7840502,0.721667,9.286847,3.045274,-0.161643,0.325007,0.62675,-0.1573,-0.0715,-0.1357125,
36508708740858,0.5514997243881226,0.05607751775532961,10.363272057797367,0.48444170281291005,0.36311907113581954,0.46360731720924375,-0.10404381901025772,-0.050187498331069946,0.032801464200019836,0.0,1791183711357,0.41805002,9.55605,3.9880502,0.709295,9.281621,3.064056,-0.247433,0.32305,0.8426,-0.1392875,-0.0501875,-0.1485,
36508718735076,0.4996302127838135,0.10586015749722719,10.334679913361484,0.5386365942656994,0.3520985263470143,0.4872481465339661,-0.07065645605325699,-0.016224998980760574,0.022974174469709396,0.0,1791183711367,0.34395,9.501,4.05195,0.694823,9.276832,3.081823,-0.304787,0.234466,0.951725,-0.10725,-0.016224999,-0.1516625,
36508728729447,0.4818558692932129,0.1533249007537961,10.27858471326865,0.4841980300843715,0.3351947392293348,0.5009104132652282,-0.03459975868463516,0.01993750035762787,0.01145897526293993,0.0,1791183711377,0.29595003,9.475051,3.97305,0.678715,9.273087,3.09665,-0.331775,0.221451,0.934505,-0.0699875,0.0199375,-0.1538625,
36508738723676,0.3996775150299072,0.19652964044362306,10.208474808620329,0.3543378852307797,0.3073159191865226,0.48470128774642945,-0.0016441792249679565,0.05197500064969063,0.0025482019409537315,0.0,1791183711387,0.13800001,9.465,3.8220003,0.660884,9.270658,3.107756,-0.455201,0.192756,0.78214,-0.0402875,0.051975,-0.1516625,
36508748718074,0.32900309562683105,0.2422834413126111,10.109856082520439,0.24950450360774995,0.2502074862790414,0.45233328342437745,0.021385557949543,0.06998749822378159,-0.0025841998867690563,0.0,1791183711397,0.061950002,9.4129505,3.6880503,0.642283,9.269307,3.115675,-0.563493,0.177347,0.623386,-0.020075,0.0699875,-0.1368125,
36508758712295,0.25411444902420044,0.2712206395342946,10.044367482289443,0.12093261480331419,0.21378472434054002,0.392856228351593,0.029176287353038788,0.07108750194311142,-0.006250652018934488,0.0,1791183711407,0.042000003,9.35295,3.66195,0.624727,9.268622,3.121277,-0.577062,0.127754,0.533988,-0.004125,0.0710875,-0.1186625,
36508768706685,0.18631775677204132,0.2671327779069543,10.00680280918141,0.007217484712600697,0.2145859454111092,0.3301937371492386,0.03371356427669525,0.06792499870061874,-0.010591624304652214,0.0,1791183711418,0.0,9.325951,3.62805,0.609081,9.26827,3.125411,-0.590147,0.053885,0.53943,0.014025,0.067925,-0.09845,
36508778700911,0.15728092193603516,0.26305298376828434,9.933235757159553,0.12495146691799164,0.2158562826505438,0.265278747677803,0.03200885280966759,0.05829999968409538,-0.01818058080971241,0.0,1791183711427,0.064050004,9.267,3.5760002,0.595594,9.268747,3.126591,-0.543141,0.041437,0.473607,0.0416625,0.0583,-0.0804375,
36508788695300,0.1043427437543869,0.27446391973644496,9.916880164836787,0.2127497434616089,0.2005927998061565,0.20621179342269896,0.015828603878617287,0.036024998873472214,-0.027370085939764977,0.0,1791183711437,0.14295001,9.267,3.528,0.584366,9.270132,3.124606,-0.488817,-0.003043,0.427707,0.0726,0.036025,-0.0708125,
36508798689531,0.07127510011196136,0.289081104286015,9.852318976073878,0.3089411228895187,0.17265708968088167,0.15466619431972503,0.00690726563334465,0.021037500351667404,-0.0350303016602993,0.0,1791183711448,0.19605,9.22605,3.4510503,0.575625,9.272388,3.119538,-0.401067,-0.026845,0.377709,0.0991375,0.0210375,-0.059125,
36508808683682,-0.0015248358249664307,0.290707665681839,9.786938949749105,0.38370980918407444,0.16973371517894326,0.10353833734989167,0.02016739919781685,0.030662499368190765,-0.040462419390678406,0.0,1791183711458,0.26295,9.22605,3.255,0.568217,9.275423,3.111857,-0.355352,-0.070583,0.270469,0.1183875,0.0306625,-0.0495,
36508818678077,-0.04940221086144447,0.28643996026366947,9.696158564788556,0.4445160694420337,0.17700291549570127,0.056394343823194505,0.03800639510154724,0.047712501138448715,-0.042062077671289444,0.0,1791183711467,0.30105,9.20895,3.0199502,0.561554,9.279272,3.101574,-0.296016,-0.055278,0.06288,0.1247125,0.0477125,-0.0452375,
36508828672326,-0.13826493918895721,0.27522138860076667,9.638918731736823,0.48741611614823344,0.19548967604684245,0.00271482840180397,0.0477738119661808,0.05829999968409538,-0.0384814478456974,0.0,1791183711477,0.25995,9.219001,2.802,0.554894,9.283592,3.089828,-0.286962,-0.069175,-0.179159,0.114125,0.0583,-0.0441375,
36508838666721,-0.1863853931427002,0.2550707099959254,9.575125218394147,0.5131937392055989,0.21975565164383612,0.06086045578122139,0.042767997831106186,0.055137500166893005,-0.031053602695465088,0.0,1791183711486,0.25500003,9.19005,2.676,0.548031,9.287833,3.078283,-0.287282,-0.066233,-0.342391,0.0906125,0.0551375,-0.0463375,
36508848660950,-0.2580658495426178,0.22480809222906828,9.543256635305536,0.5195848740637302,0.24518954064208437,0.1267286457121372,0.035005565732717514,0.04867500066757202,-0.02163105458021164,0.0,1791183711498,0.24105,9.17595,2.6110501,0.541289,9.291506,3.068374,-0.292511,-0.105819,-0.452192,0.0609125,0.048675,-0.0463375,
36508858655314,-0.3168260455131531,0.19255324881523847,9.520455283935634,0.5199826247990131,0.2705747328272398,0.18978888764977456,0.022425875067710876,0.036024998873472214,-0.010330885648727417,0.0,1791183711507,0.28905,9.135,2.66595,0.535335,9.294122,3.061485,-0.262615,-0.170684,-0.450092,0.0257125,0.036025,-0.042075,
36508868649550,-0.269585520029068,0.16000266950577496,9.587094176570778,0.4991042971611023,0.2846859864095982,0.23382554948329926,0.005047423765063286,0.018975000828504562,-0.0012742727994918823,0.0,1791183711519,0.34605002,9.144,2.8600502,0.530545,9.295465,3.05825,-0.219518,-0.164844,-0.324752,-0.003025,0.018975,-0.040975,
36508878643706,-0.183157280087471,0.13016757871955634,9.670396384780211,0.449015811085701,0.2878015668337531,0.24280401766300203,-0.004769817925989628,0.009349999949336052,0.0027332953177392483,0.0,1791183711527,0.35805002,9.154051,3.0970502,0.526645,9.295541,3.058693,-0.182099,-0.155344,-0.08338,-0.0158125,0.00935,-0.040975,
36508888638077,-0.1046498566865921,0.10089892875403166,9.703372506528464,0.38112310469150545,0.28033121344309875,0.2264569103717804,-0.0038049761205911636,0.009349999949336052,-8.403346873819828E-4,0.0,1791183711537,0.363,9.139951,3.2380502,0.523138,9.295119,3.060569,-0.140285,-0.142951,0.123038,-0.004125,0.00935,-0.039875,
36508898632316,-0.1400223672389984,0.06935565453022718,9.630339313360173,0.30638655126094816,0.2699813717986568,0.2028482139110565,0.008119402453303337,0.02213750034570694,-0.009781306609511375,0.0,1791183711547,0.31995,9.07995,3.1930501,0.518705,9.295237,3.060968,-0.188524,-0.186164,0.148975,0.02365,0.0221375,-0.0452375,
36508908626701,-0.24229466915130615,0.02966593485325575,9.503029511158676,0.24433628246188163,0.2540626266845076,0.18794193863868713,0.020063895732164383,0.03272499889135361,-0.018960600718855858,0.0,1791183711560,0.19095,9.01305,3.006,0.513299,9.29643,3.05826,-0.250155,-0.261577,0.060704,0.05335,0.032725,-0.0441375,
36508918620947,-0.3758055567741394,-0.014105853624641895,9.421822097304357,0.20647111758589742,0.24455854965808363,0.2091859459877014,0.0300509724766016,0.038087498396635056,-0.02187342941761017,0.0,1791183711566,0.14805001,9.003,2.77395,0.507662,9.298699,3.052291,-0.345075,-0.321308,-0.170353,0.065175,0.0380875,-0.0303875,
36508928615332,-0.4244188666343689,-0.05941959042102098,9.346871959136472,0.19657780751585957,0.23210878133040871,0.25743826329708097,0.02791532501578331,0.02956249937415123,-0.018762771040201187,0.0,1791183711577,0.11400001,8.979,2.59395,0.503696,9.301471,3.044498,-0.36984,-0.30732,-0.366067,0.0587125,0.0295625,-0.010175,
36508938609557,-0.41083014011383057,-0.09994497317820787,9.403168556891128,0.1919456742703915,0.2187878900514608,0.3186743199825287,0.02146235853433609,0.01677500084042549,-0.012041219510138035,0.0,1791183711587,0.16395001,9.06105,2.5080001,0.502045,9.304093,3.036744,-0.346641,-0.254876,-0.4876,0.0407,0.016775,0.0111375,
36508948603947,-0.35011279582977295,-0.13390076775103807,9.510298641000643,0.17090351805090906,0.20160485990181504,0.3606924057006836,0.010583917610347271,0.0019249999895691872,-0.0030035893432796,0.0,1791183711596,0.246,9.148951,2.5849502,0.502853,9.306079,3.030522,-0.294776,-0.18743,-0.507714,0.014025,0.001925,0.0259875,
36508958598182,-0.21408438682556152,-0.15731070954352616,9.643286877562202,0.12122479975223543,0.1813564842437139,0.3550503492355347,-0.008545858785510063,-0.0193875003606081,0.0026090173050761223,0.0,1791183711607,0.303,9.24705,2.7190502,0.505765,9.307106,3.026874,-0.228257,-0.092689,-0.369991,-0.003025,-0.0193875,0.032449998,
36508968592564,-0.1304163932800293,-0.1731474170461297,9.708793626208715,0.06316849887371062,0.16362002365835918,0.30597251653671265,-0.023326624184846878,-0.03423750028014183,0.00451724324375391,0.0,1791183711618,0.37305,9.283051,2.8189502,0.509909,9.307506,3.024957,-0.165362,-0.045205,-0.255546,-0.00935,-0.0342375,0.03135,
36508978586688,-0.053098101168870926,-0.183666368201375,9.795652392524412,0.005251453071832668,0.14806184978096096,0.23170836344361306,-0.0397413969039917,-0.048124998807907104,0.003677563276141882,0.0,1791183711627,0.41805002,9.34095,2.9200501,0.51433,9.307668,3.023707,-0.112323,0.004911,-0.168105,-0.0083875,-0.048125,0.0207625,
36508988581073,0.00831097736954689,-0.188467956520617,9.790515990010913,0.05496807396411896,0.139980565587934,0.14788013994693755,-0.04522838070988655,-0.048124998807907104,0.002046635840088129,0.0,1791183711636,0.38205,9.328951,2.946,0.517533,9.307712,3.023027,-0.115526,0.04078,-0.078839,-0.0061875,-0.048125,0.0026125,
36508998575314,-0.012702800333499908,-0.19266685154289007,9.77109702769261,0.10754379779100418,0.1332226510618302,0.08039814084768296,-0.03640823811292648,-0.035337500274181366,0.0018252625595778227,0.0,1791183711647,0.342,9.32205,2.90805,0.518861,9.307852,3.022366,-0.14319,0.02388,-0.090149,-0.0072875,-0.0353375,-0.007975,
36509008569684,-0.028317665681242943,-0.1940064930357039,9.768778024630052,0.16594114936888216,0.1314163207240511,0.043244796618819234,-0.022370118647813797,-0.018287500366568565,0.004467581864446402,0.0,1791183711657,0.30600002,9.324,2.8980002,0.518588,9.307889,3.022293,-0.183618,0.01666,-0.111624,-0.016775,-0.0182875,-0.0133375,
36509018563914,-0.04273540526628494,-0.19367315275594593,9.786189592566823,0.2317296642810106,0.1317906120157846,0.025708599016070366,-0.010214965790510178,-0.004537499975413084,0.007721424102783203,0.0,1791183711667,0.32700002,9.33405,2.9220002,0.517291,9.307662,3.023212,-0.213446,0.00731,-0.124514,-0.0275,-0.0045375,-0.0144375,
36509028558314,-0.009284031577408314,-0.1872241073753685,9.802635244149796,0.3017285348847509,0.13738136381289037,0.016945785097777843,-0.011989062651991844,-0.005499999970197678,0.008936004713177681,0.0,1791183711677,0.36105,9.324,3.0040503,0.515976,9.307106,3.025154,-0.185796,0.019838,-0.059419,-0.0317625,-0.0055,-0.0165,
36509038552534,0.028508204966783524,-0.17647942746989428,9.82077247850395,0.3477860661223531,0.14520735977960977,0.012906339578330516,-0.021061943843960762,-0.014024999924004078,0.006724894512444735,0.0,1791183711687,0.36105,9.33405,3.0319502,0.514902,9.306417,3.027455,-0.146414,0.032497,0.017288,-0.0253,-0.014025,-0.0207625,
36509048546919,0.004157531075179577,-0.16336825843900443,9.780178537098225,0.34551607593894007,0.14903671664089282,0.00953427329659462,-0.0316433310508728,-0.023649999871850014,0.0031203804537653923,0.0,1791183711696,0.36105,9.303,2.9959502,0.513589,9.306031,3.028866,-0.164255,0.01373,-8.81E-4,-0.014712499,-0.02365,-0.027224999,
36509058541102,-0.07942414283752441,-0.15149816330522298,9.69113174989043,0.28621694780886175,0.14575976761484546,0.019755568727850913,-0.04448216035962105,-0.0364375002682209,0.0013021558988839388,0.0,1791183711708,0.282,9.23805,2.9149501,0.512109,9.30601,3.029181,-0.191505,-0.050891,-0.068234,-0.00935,-0.0364375,-0.0303875,
36509068535335,-0.11651793867349625,-0.1438447842374444,9.674104231663447,0.19719628803431988,0.14335719465322175,0.03451207540929317,-0.052330661565065384,-0.04386249929666519,0.00423336960375309,0.0,1791183711719,0.31305,9.216001,2.9250002,0.510254,9.306031,3.029433,-0.211197,-0.072461,-0.118764,-0.018975,-0.0438625,-0.03135,
36509078529719,-0.12715159356594086,-0.1410444999113679,9.647868479869096,0.08979455213993787,0.1431087110583303,0.05808558780699968,-0.05350993946194649,-0.04386249929666519,0.0071041882038116455,0.0,1791183711730,0.294,9.183001,2.94405,0.508506,9.305674,3.030819,-0.207055,-0.091257,-0.096208,-0.0286,-0.0438625,-0.03355,
36509088523964,-0.1217232495546341,-0.14189816955477,9.710623541418151,0.007733737863600251,0.142939887581847,0.08813187871128321,-0.05357430502772331,-0.042762499302625656,0.011659597977995872,0.0,1791183711736,0.28395,9.22305,3.0250502,0.506581,9.304819,3.033765,-0.212313,-0.097584,-0.058453,-0.043449998,-0.0427625,-0.034649998,
36509098518359,-0.06558414548635483,-0.13817625846713782,9.742263158042253,0.05883541740477086,0.14390613059048651,0.10208021402359009,-0.06009378284215927,-0.04922499880194664,0.013989142142236233,0.0,1791183711748,0.29595003,9.207001,3.1710002,0.50471,9.303389,3.038463,-0.193683,-0.079395,0.06374,-0.050875,-0.049225,-0.034649998,
36509108512590,-0.0404050350189209,-0.12808177676051855,9.780885724313402,0.06856779344379901,0.14332830946871272,0.09427639245986938,-0.0679040253162384,-0.057750001549720764,0.014424998313188553,0.0,1791183711757,0.28905,9.18,3.3630002,0.503176,9.301441,3.044666,-0.20412,-0.096601,0.198796,-0.051975,-0.05775,-0.03355,
36509118506972,0.037076450884342194,-0.10743767637759447,9.858197433540196,0.046611729450523845,0.1356920552695204,0.06355751454830169,-0.06592618674039841,-0.057750001549720764,0.01070303563028574,0.0,1791183711766,0.25800002,9.20895,3.5089502,0.501956,9.299184,3.051759,-0.212476,-0.077584,0.390421,-0.0391875,-0.05775,-0.0292875,
36509128501184,0.0387231707572937,-0.08428057450801134,9.832332068404583,0.01747622210532427,0.11798465327828729,0.030382561683654784,-0.03502066805958748,-0.027912499383091927,0.005343032535165548,0.0,1791183711776,0.25800002,9.20205,3.45405,0.500494,9.29716,3.05816,-0.20862,-0.097108,0.453452,-0.0210375,-0.0279125,-0.023924999,
36509138495556,-4.294291138648987E-4,-0.06376053895801306,9.778050543490671,0.003410475701093674,0.09229911342777096,0.006123797595500946,-5.6354328989982605E-5,0.005087499972432852,0.001542807323858142,0.0,1791183711786,0.20805001,9.207001,3.28605,0.498505,9.295897,3.062323,-0.247333,-0.088663,0.308031,-0.0072875,0.0050875,-0.0144375,
36509148489886,-0.04332604631781578,-0.0484212014824152,9.762586873800698,0.018083390966057777,0.06484465081298413,0.0016721777617931366,0.02500324510037899,0.026399999856948853,0.0013178130611777306,0.0,1791183711797,0.16395001,9.240001,3.147,0.496568,9.29525,3.064595,-0.298069,-0.080833,0.154924,-0.004125,0.0264,5.5E-4,
36509158484270,-0.03818358853459358,-0.0396261615678668,9.751857375885336,0.033284186944365496,0.05254047867122006,0.0012278884649276733,0.04427161067724228,0.043449997901916504,0.0031861141324043274,0.0,1791183711808,0.13605,9.276,3.006,0.494701,9.294962,3.065775,-0.356056,-0.020689,-0.001877,-0.0083875,0.043449998,0.0111375,
36509168478501,-0.04890625178813934,-0.035550654493272306,9.728258205458319,0.0396611588075757,0.04833275117447044,0.01842442899942398,0.04543756693601608,0.04124999791383743,0.004370716866105795,0.0,1791183711816,0.15705001,9.283051,2.90505,0.493672,9.29493,3.066041,-0.350239,0.003284,-0.109882,-0.01045,0.041249998,0.0218625,
36509178472657,-0.09923902899026871,-0.03785770088434219,9.706288575917645,0.04211500976234675,0.05018114368071496,0.04601686894893646,0.020290011540055275,0.011549999937415123,0.004505561664700508,0.0,1791183711829,0.117000006,9.24705,2.9479501,0.494156,9.295073,3.065532,-0.377059,-0.027983,-0.171622,-0.00935,0.01155,0.03135,
36509188467065,-0.07408211380243301,-0.04197735544294119,9.760544648075005,0.04133280813694001,0.0496004908181344,0.060747405886650084,-0.01954157091677189,-0.03423750028014183,0.001346029806882143,0.0,1791183711839,0.16695,9.26895,3.0540001,0.496762,9.295205,3.064699,-0.367694,-0.035298,-0.070234,0.0023375,-0.0342375,0.040975,
36509198461540,-0.04179083928465843,-0.043431757390499114,9.771513860953146,0.03383602797985076,0.049145143859244664,0.06044036448001862,-0.05089328810572624,-0.07150000333786011,-0.004462519660592079,0.0,1791183711849,0.22695,9.26895,3.08505,0.502027,9.295548,3.062804,-0.322681,-0.038036,0.034612,0.02255,-0.0715,0.0504625,
36509208455761,5.495036020874977E-4,-0.04198839892633259,9.795998292937055,0.010863768495619291,0.04998457420849839,0.0526937460526824,-0.05857567489147186,-0.08112499862909317,-0.00894085317850113,0.0,1791183711856,0.303,9.313951,3.0199502,0.508733,9.296391,3.059131,-0.255166,0.011399,0.009554,0.0374,-0.081125,0.0526625,
36509218449931,0.027043074369430542,-0.03849947494454682,9.853220466594422,0.007121319137513637,0.05219697675727772,0.03750388082116842,-0.05290289223194122,-0.07466249912977219,-0.008298695087432861,0.0,1791183711867,0.37995002,9.39105,2.9580002,0.516041,9.297538,3.05442,-0.166706,0.065319,-0.083897,0.0353375,-0.0746625,0.0515625,
36509228444301,0.10549499094486237,-0.032760523818433286,9.903258579203149,0.009566720761358737,0.06070940640752269,0.003442923165857792,-0.04590476304292679,-0.06297499686479568,-0.0021216347813606262,0.0,1791183711877,0.42105,9.444,2.9509501,0.522781,9.298337,3.05084,-0.123168,0.153105,-0.106653,0.014025,-0.062975,0.042075,
36509238438751,0.1538751721382141,-0.026492175459861756,9.941119308962323,0.050706558115780356,0.07211304409829497,0.04903438035398722,-0.025833360850811005,-0.0364375002682209,0.005523838568478823,0.0,1791183711887,0.41295,9.484051,2.9509501,0.528092,9.298427,3.049658,-0.099749,0.198506,-0.093499,-0.0125124995,-0.0364375,0.03025,
36509248432982,0.11344890296459198,-0.021027606865391135,9.908098661999514,0.08131021726876497,0.07811936165378407,0.0800823288038373,-0.009310083463788033,-0.014024999924004078,0.013266649097204208,0.0,1791183711896,0.39705002,9.451051,2.9479501,0.531507,9.29778,3.051035,-0.122317,0.160845,-0.104453,-0.0391875,-0.014025,0.0196625,
36509258427119,0.13113926351070404,-0.010499436547979713,9.950951135137034,0.12462470978498459,0.08354054312899707,0.10620028078556061,-0.0102394949644804,-0.008662499487400055,0.020452145487070084,0.0,1791183711907,0.33900002,9.463051,3.0589502,0.533043,9.296308,3.055252,-0.152584,0.157529,-0.032056,-0.0647625,-0.0086624995,0.0048125,
36509268421488,0.14987972378730774,0.002820446575060487,9.945081222921482,0.17678447961807253,0.08675068111387975,0.13076761066913606,-0.011332113295793533,-0.005499999970197678,0.02420969121158123,0.0,1791183711917,0.32505003,9.417001,3.18105,0.532821,9.294098,3.062,-0.217005,0.147768,0.068934,-0.0785125,-0.0055,-0.0059125,
36509278415719,0.1668841540813446,0.01752223395742476,9.926366522290655,0.20379284918308258,0.08837842817452957,0.14304544329643248,-0.006671577226370573,0.0019249999895691872,0.024218402802944183,0.0,1791183711927,0.30105,9.372001,3.2569501,0.531551,9.291451,3.070246,-0.218129,0.13126,0.173216,-0.0796125,0.001925,-0.0133375,
36509288410104,0.0986749529838562,0.028542144084349276,9.877692748568837,0.19244576394557955,0.08395910375735785,0.13200539946556092,-1.6857311129570007E-4,0.010449999943375587,0.02161729522049427,0.0,1791183711937,0.25800002,9.303,3.3100502,0.528943,9.288774,3.078786,-0.275376,0.047746,0.217349,-0.0721875,0.01045,-0.0196625,
36509298404337,0.03821753337979317,0.03373222802765667,9.836576234672025,0.16965287160128356,0.08114115399033786,0.11695912554860115,0.00525912968441844,0.015812499448657036,0.017596464604139328,0.0,1791183711947,0.20295002,9.24705,3.348,0.52544,9.286318,3.086781,-0.331729,-0.024017,0.250055,-0.0594,0.0158125,-0.0207625,
36509308398737,0.01267155259847641,0.03638605740852654,9.78994066262043,0.13076946418732405,0.07952487016258337,0.09326558336615562,0.010467126965522766,0.017875000834465027,0.012659138068556786,0.0,1791183711956,0.15705001,9.160951,3.44895,0.522139,9.28416,3.093827,-0.330822,-0.072136,0.312441,-0.04235,0.017875,-0.0133375,
36509318392987,-0.06198843568563461,0.0314328130800277,9.760895465165605,0.04744902830570936,0.08236214881495642,0.05089195147156715,0.03042050637304783,0.0317624993622303,0.005198178347200155,0.0,1791183711967,0.19995001,9.139951,3.42,0.51968,9.282363,3.099626,-0.330757,-0.163714,0.349737,-0.0158125,0.0317625,0.0037125,
36509328387371,-0.07046055048704147,0.02597362701781094,9.72629445251042,0.04561136979609728,0.08526532857001459,0.0034230105578899384,0.023782627657055855,0.01993750035762787,-0.005489008501172066,0.0,1791183711977,0.18405001,9.130051,3.348,0.518717,9.281623,3.102003,-0.334583,-0.158185,0.306658,0.0193875,0.0199375,0.0122375,
36509338381602,-0.07221028208732605,0.022384584369137882,9.708450525479778,0.11083636526018381,0.08777495634132905,0.03075403645634651,0.01543127465993166,0.007287499960511923,-0.014895642176270485,0.0,1791183711987,0.20805001,9.13305,3.28605,0.518663,9.282137,3.100473,-0.322558,-0.129969,0.214815,0.0501875,0.0072875,0.0185625,
36509348375977,-0.10184333473443985,0.01945871994830668,9.711819485872185,0.16496649086475373,0.0908384099546526,0.05876621007919312,0.023265577852725983,0.01251249946653843,-0.01956951431930065,0.0,1791183711999,0.21195,9.172951,3.183,0.519496,9.283484,3.096302,-0.309025,-0.133709,0.1304,0.0661375,0.0125124995,0.025024999,
36509358370194,-0.12586574256420135,0.015074612246826291,9.6563540737048,0.21724127978086472,0.09551033717151733,0.08647366911172867,0.045507170259952545,0.03382499888539314,-0.019541921094059944,0.0,1791183712007,0.22200002,9.159,3.051,0.520493,9.285207,3.090958,-0.290868,-0.130644,0.042371,0.0672375,0.033825,0.03135,
36509368364578,-0.181472510099411,0.008446299331262707,9.577603176625727,0.25341592729091644,0.10394782821928795,0.11037048399448394,0.06483414024114609,0.05403750017285347,-0.01635274663567543,0.0,1791183712017,0.19995001,9.121051,2.9149501,0.52102,9.287144,3.085045,-0.300972,-0.134976,-0.11931,0.0576125,0.0540375,0.03355,
36509378358794,-0.26680225133895874,6.813821382820607E-5,9.544567483077527,0.2816442236304283,0.11808149365295977,0.1496388241648674,0.07831326127052307,0.06792499870061874,-0.01008963119238615,0.0,1791183712027,0.16695,9.1060505,2.8549502,0.52113,9.288782,3.080094,-0.329813,-0.198863,-0.193368,0.0385,0.067925,0.0378125,
36509388353184,-0.24254919588565826,-0.008355215890333056,9.554118251317602,0.300665732473135,0.12860999881627877,0.18370660692453383,0.09666174650192261,0.0849749967455864,-0.002821743953973055,0.0,1791183712037,0.17895001,9.1060505,2.8860002,0.521306,9.289828,3.076905,-0.358719,-0.168785,-0.20215,0.0171875,0.084975,0.0484,
36509398347410,-0.251448392868042,-0.018838093569502234,9.586794308924482,0.3068932019174099,0.13903042350562783,0.21362761855125428,0.10692889988422394,0.09129999577999115,0.0023532346822321415,0.0,1791183712047,0.19305001,9.13305,2.90805,0.522671,9.290204,3.075542,-0.355296,-0.18592,-0.179239,0.0034375,0.091299996,0.06435,
36509408341799,-0.1762789487838745,-0.027679516188800334,9.657209945996017,0.27460221126675605,0.14307996052749122,0.2237102597951889,0.1114586666226387,0.09239999949932098,0.004033112432807684,0.0,1791183712056,0.20805001,9.19995,2.9290502,0.525363,9.290301,3.074786,-0.33644,-0.114192,-0.159329,1.375E-4,0.0924,0.0760375,
36509418335948,-0.1341487467288971,-0.03573910724371672,9.71563392939463,0.21766851767897605,0.14430514493009522,0.21424550712108612,0.11226991564035416,0.09019999951124191,0.0031838263384997845,0.0,1791183712066,0.19800001,9.274051,2.8890002,0.528907,9.290466,3.073681,-0.356744,-0.066473,-0.165407,0.0044,0.0902,0.0845625,
36509428330210,-0.06834697723388672,-0.04443120565265417,9.7817440485433,0.14380041584372522,0.1407275112167229,0.17455445230007172,0.11042189598083496,0.0859375,0.002540437038987875,0.0,1791183712077,0.28695002,9.35295,2.8500001,0.533342,9.290907,3.071581,-0.306111,0.016883,-0.215979,0.0077,0.0859375,0.091025,
36509438324669,0.010720103979110718,-0.05158895906060934,9.834510167048014,0.06513438224792481,0.13393584790294938,0.12390059232711792,0.09390747547149658,0.06902500241994858,0.0032237409614026546,0.0,1791183712086,0.294,9.396001,2.8890002,0.539036,9.291394,3.069116,-0.247162,0.09301,-0.203937,0.0055,0.069025,0.089925,
36509448319054,0.05444575473666191,-0.05453911647200584,9.839622640259101,0.02375190630555153,0.1308831584129179,0.06272176280617714,0.0961209312081337,0.07315000146627426,0.0050179860554635525,0.0,1791183712098,0.32205,9.4150505,2.841,0.54453,9.291694,3.067236,-0.22632,0.135807,-0.197269,-8.25E-4,0.07315,0.0856625,
36509458313208,0.04105244576931,-0.05904345735907555,9.80839487935097,0.09111500009894372,0.12586968009910338,0.019255483895540236,0.11005774140357971,0.09019999951124191,0.007771027274429798,0.0,1791183712107,0.342,9.39105,2.80995,0.54943,9.291903,3.065725,-0.188125,0.135597,-0.246036,-0.01045,0.0902,0.0803,
36509468307441,-0.025439441204071045,-0.06780941560864448,9.788037529827632,0.15212520137429236,0.11679191349699045,0.0024863772094249727,0.11889757215976715,0.10188750177621841,0.012552743777632713,0.0,1791183712117,0.342,9.37695,2.7859502,0.553485,9.291711,3.065579,-0.20415,0.075934,-0.27462,-0.0264,0.1018875,0.0760375,
36509478301900,-0.043187133967876434,-0.07831298001110554,9.750767979382422,0.19122495278716087,0.10395328493174338,0.00751834586262703,0.1261831820011139,0.11151249706745148,0.017049454152584076,0.0,1791183712126,0.32700002,9.337951,2.7880502,0.55686,9.291123,3.066752,-0.212314,0.062156,-0.287765,-0.041249998,0.1115125,0.072875,
36509488296032,-0.09910056740045547,-0.08820175603032113,9.706343932846703,0.19918183013796809,0.09572809057494072,0.014445788413286208,0.12781570851802826,0.11371249705553055,0.021495668217539787,0.0,1791183712136,0.31305,9.27105,2.8570502,0.559807,9.290031,3.069524,-0.236809,-0.001394,-0.268989,-0.0551375,0.1137125,0.073975,
36509498290415,-0.07787774503231049,-0.0940065199509263,9.758698424734561,0.18279977142810822,0.09130394002646619,0.04091048836708069,0.12041032314300537,0.10298749804496765,0.02517852932214737,0.0,1791183712148,0.33900002,9.288,2.97495,0.563692,9.288301,3.074038,-0.245482,-0.00924,-0.17534,-0.0647625,0.1029875,0.0845625,
36509508284652,-0.010384474880993366,-0.09515932132489979,9.830070634547381,0.16304763462394475,0.0900871926318598,0.05119787249714136,0.10863175988197327,0.0859375,0.023978115990757942,0.0,1791183712156,0.40395,9.319051,3.1020002,0.569698,9.286179,3.079339,-0.174874,0.012035,-0.036989,-0.0583,0.0859375,0.09735,
36509518279038,0.07372996211051941,-0.08837340143509209,9.895286966257231,0.14319046046584843,0.0971638702800621,0.03136399183422327,0.1065087839961052,0.08071249723434448,0.02183976024389267,0.0,1791183712166,0.46395,9.37005,3.147,0.577349,9.283949,3.08464,-0.110699,0.069331,0.046294,-0.049775,0.0807125,0.104775,
36509528273283,0.11878141760826111,-0.07891130303032697,9.93983238041623,0.12493031080812216,0.10714895623742278,0.0010297184810042382,0.10657836496829987,0.07851249724626541,0.017873531207442284,0.0,1791183712177,0.50895,9.39105,3.21705,0.585827,9.281944,3.089063,-0.109599,0.100067,0.096938,-0.036025,0.0785125,0.109037496,
36509538267666,0.1533365249633789,-0.06763396267779172,9.93185094977931,0.11423889975994825,0.11852606427975239,0.051517136953771116,0.11514011025428772,0.0859375,0.013736510649323463,0.0,1791183712187,0.58305,9.37695,3.2209501,0.594703,9.280171,3.092695,-0.070591,0.116205,0.150767,-0.0221375,0.0859375,0.111237496,
36509548261901,0.12233112752437592,-0.056425239564850925,9.92039000452518,0.11081439536064863,0.12517433905467923,0.09155891146510839,0.13618358969688416,0.10615000128746033,0.009351748041808605,0.0,1791183712197,0.62895006,9.38595,3.15,0.603964,9.278857,3.094842,-0.005632,0.098365,0.093553,-0.0072875,0.10615,0.1144,
36509558256286,0.12544035911560059,-0.04385993448086083,9.945002499837962,0.1162375010550022,0.13008990695765701,0.11872387826442718,0.14929693937301636,0.11893749982118607,0.006142058409750462,0.0,1791183712206,0.72195005,9.444,3.0319502,0.613259,9.278175,3.095055,0.03535,0.132566,-0.007216,0.0034375,0.1189375,0.1155,
36509568250512,0.17026281356811523,-0.026273168297484516,10.05338721408837,0.1305121026933193,0.13401364132298926,0.13803044855594634,0.13991868495941162,0.11041250079870224,0.003924295771867037,0.0,1791183712216,0.80895007,9.55395,3.0229502,0.623385,9.278031,3.093467,0.17127,0.202141,-0.101395,0.0097624995,0.1104125,0.1101375,
36509578244887,0.31410887837409973,0.0027723881881684064,10.147029895557987,0.19154172912240028,0.14147896170266364,0.17709594070911408,0.11927967518568039,0.09350000321865082,9.693233296275139E-4,0.0,1791183712227,0.8880001,9.61905,3.1060503,0.633378,9.278066,3.091336,0.233103,0.321817,-0.017861,0.016224999,0.0935,0.0941875,
36509588239117,0.37166479229927063,0.03348308759741485,10.18745828332652,0.2616720825433731,0.15122200850464043,0.22076159417629243,0.1142306849360466,0.09446249902248383,-0.004023237153887749,0.0,1791183712236,0.90900004,9.670951,3.07095,0.641966,9.27838,3.088616,0.258034,0.369386,0.015982,0.0279125,0.0944625,0.072875,
36509598233521,0.3714523911476135,0.06462812679819763,10.146798336124597,0.3217837193980813,0.153459921375119,0.27058584690093995,0.11663711071014404,0.10298749804496765,-0.008631797507405281,0.0,1791183712247,0.84000003,9.67605,2.937,0.648367,9.279449,3.084058,0.23248,0.404231,-0.084804,0.0385,0.1029875,0.0526625,
36509608227757,0.3332486152648926,0.09010450500063598,10.088305064519849,0.3435114899650216,0.15364549785162276,0.31214749813079834,0.10530440509319305,0.0966624990105629,-0.011479450389742851,0.0,1791183712256,0.72705,9.642,2.877,0.652281,9.281177,3.078039,0.137586,0.397715,-0.16737,0.0438625,0.0966625,0.0345125,
36509618222127,0.23130719363689423,0.10837730201892555,10.005849843945553,0.3233266556635499,0.14749738240912394,0.32435637414455415,0.08488741517066956,0.07741250097751617,-0.012583477422595024,0.0,1791183712267,0.61200005,9.583051,2.81205,0.654631,9.283236,3.071321,0.017919,0.319042,-0.230084,0.045925,0.0774125,0.0270875,
36509628216372,0.15574538707733154,0.11958192023448647,9.981946995582074,0.2411665389314294,0.14205825417208454,0.2926836758852005,0.06644121557474136,0.05829999968409538,-0.012617580592632294,0.0,1791183712276,0.64305,9.56805,2.77095,0.656559,9.285514,3.064009,-0.046257,0.261696,-0.285021,0.045925,0.0583,0.0259875,
36509638210743,0.18143479526042938,0.1281176547985524,10.010072219968844,0.16307876501232385,0.14037960311028158,0.25463767647743224,0.04559879004955292,0.036024998873472214,-0.010455765761435032,0.0,1791183712288,0.62700003,9.5779505,2.841,0.659435,9.287645,3.056928,-0.029978,0.281113,-0.265969,0.0396,0.036025,0.0281875,
36509648204974,0.26088058948516846,0.13843939653597773,10.107515265459789,0.11379943788051605,0.1421612359797837,0.23252331614494323,0.02528553642332554,0.01251249946653843,-0.009992456994950771,0.0,1791183712298,0.61200005,9.621,3.0370502,0.663337,9.289315,3.050997,-0.048246,0.312962,-0.104415,0.0396,0.0125124995,0.0345125,
36509658199367,0.3301481008529663,0.15289417929016053,10.163568323143803,0.09387276470661163,0.14616523775300536,0.23190321326255797,0.019261416047811508,0.0030249999836087227,-0.015524974092841148,0.0,1791183712306,0.65295005,9.642,3.147,0.668192,9.290884,3.045159,-0.036341,0.332941,0.05465,0.0587125,0.003025,0.039875,
36509668193598,0.3857201635837555,0.17345215952955187,10.173793603029015,0.08568986654281616,0.14853248504638444,0.26278580725193024,0.02298455312848091,0.003987499978393316,-0.02489379234611988,0.0,1791183712317,0.63900006,9.666,3.10905,0.673662,9.293028,3.037407,0.001283,0.36671,0.122258,0.08965,0.0039875,0.042075,
36509678188002,0.3365778923034668,0.19244041084311903,10.105094411790445,0.07819071412086487,0.14382356026188936,0.2989523082971573,0.03349751979112625,0.01251249946653843,-0.0342143215239048,0.0,1791183712326,0.53595,9.654,2.937,0.678436,9.296355,3.02614,-0.092076,0.358594,0.009026,0.12045,0.0125124995,0.0430375,
36509688182229,0.2689441740512848,0.21084264791570603,10.08530619159149,0.04586833715438843,0.12802112461082021,0.3164541840553284,0.026652000844478607,0.0019249999895691872,-0.040520522743463516,0.0,1791183712337,0.50205004,9.69495,2.733,0.682862,9.300963,3.010949,-0.173116,0.358775,-0.193655,0.1428625,0.001925,0.0484,
36509698176613,0.2370307743549347,0.2265880738850683,10.009071344752181,4.6327710151672363E-4,0.10958014209143682,0.3116842210292816,0.012612619437277317,-0.015124999918043613,-0.0407540537416935,0.0,1791183712346,0.65505004,9.64995,2.57505,0.688652,9.306275,2.99316,-0.10708,0.372616,-0.357824,0.146025,-0.015125,0.054725,
36509708170824,0.22104467451572418,0.23815953135490417,10.050220421652085,0.034492838382720936,0.09522418775288921,0.2898635357618332,-0.0016570566222071648,-0.027912499383091927,-0.03856211155653,0.0,1791183712358,0.63105005,9.69795,2.56095,0.69557,9.311572,2.975032,-0.032595,0.36732,-0.413917,0.13859999,-0.0279125,0.0495,
36509718165205,0.21649539470672607,0.2452978029847145,9.976710573590038,0.036665093898773204,0.08768297206457701,0.2560185819864273,0.01147239189594984,-0.012924999929964542,-0.03512807562947273,0.0,1791183712366,0.54300004,9.666,2.4100502,0.701456,9.316677,2.95762,-0.136643,0.381368,-0.451572,0.127875,-0.012925,0.0484,
36509728159430,0.121805340051651,0.245448999106884,9.926706417708969,0.04157360494136808,0.08746702442313659,0.21306407153606416,0.029732514172792435,0.006187499966472387,-0.03113778680562973,0.0,1791183712376,0.624,9.654,2.22495,0.706678,9.321866,2.939976,-0.1275,0.340266,-0.642223,0.1161875,0.0061875,0.0515625,
36509738153829,0.053459733724594116,0.24045515954494476,9.850627483310053,0.06255613267421722,0.09510152698209874,0.169967183470726,0.026004012674093246,0.005087499972432852,-0.02551545575261116,0.0,1791183712389,0.63900006,9.597,2.127,0.712201,9.326818,2.92288,-0.075562,0.294612,-0.742443,0.097075,0.0050875,0.0473,
36509748148060,0.00621931254863739,0.23464956879615784,9.826898970447658,0.10809832215309143,0.10514871755874397,0.12380489110946655,0.020381268113851547,0.003987499978393316,-0.020398836582899094,0.0,1791183712396,0.64095,9.585,2.0700002,0.717067,9.331421,2.906957,-0.061275,0.263673,-0.810317,0.077825,0.0039875,0.0367125,
36509758142430,-0.03698393702507019,0.2265283539891243,9.802929520720546,0.19058663845062257,0.1186726766134079,0.07219916880130768,0.021140869706869125,0.009349999949336052,-0.015012521296739578,0.0,1791183712410,0.68205005,9.55605,2.0770502,0.720996,9.335565,2.892648,-0.050838,0.223617,-0.834315,0.0576125,0.00935,0.0270875,
36509768136670,-0.01937246322631836,0.2170465901494026,9.772215659833616,0.27392671108245853,0.12983978732459459,0.02502559721469879,0.0244494266808033,0.01677500084042549,-0.010591516271233559,0.0,1791183712417,0.67005,9.528001,2.0650501,0.724114,9.339065,2.880546,-0.053957,0.224905,-0.781512,0.0407,0.016775,0.0185625,
36509778131050,-0.08860334753990173,0.19691097885370254,9.750716256656796,0.3335103243589401,0.14371140303033542,0.017056140303611755,0.03294128552079201,0.0317624993622303,-0.008664754219353199,0.0,1791183712426,0.72195005,9.51795,1.9909501,0.725524,9.342369,2.869456,-0.026637,0.16414,-0.830277,0.029975,0.0317625,0.0015125,
36509788125281,-0.13163720071315765,0.17174587920308113,9.665652529200502,0.3657597482204437,0.15456369453939778,0.05407552719116211,0.03338591009378433,0.04124999791383743,-0.008509492501616478,0.0,1791183712437,0.76095,9.457951,1.8420001,0.724798,9.345803,2.858434,0.01479,0.148735,-0.941359,0.02255,0.041249998,-0.026124999,
36509798119665,-0.2219003289937973,0.1420782431960106,9.593751324715361,0.38956299126148225,0.16959805234482106,0.09969945549964905,0.03256000578403473,0.05087500065565109,-0.007745480164885521,0.0,1791183712447,0.75795,9.4150505,1.6800001,0.72121,9.349563,2.847021,0.030349,0.097091,-1.090357,0.0119624995,0.050875,-0.058025,
36509808113896,-0.33695605397224426,0.10856800973415374,9.461742559494093,0.41571246087551117,0.19309829348757843,0.15969387888908387,0.045295268297195435,0.07535000145435333,-0.002851299475878477,0.0,1791183712456,0.67695004,9.313951,1.52205,0.714138,9.35333,2.83641,0.003902,0.019104,-1.228187,-0.0125124995,0.07535,-0.088825,
36509818108267,-0.5080989003181458,0.07159770503640175,9.343794268361012,0.4705032378435135,0.23276770835489047,0.25743916630744934,0.0825633853673935,0.12430000305175781,0.005642833188176155,0.0,1791183712466,0.62895006,9.22095,1.3729501,0.702773,9.356781,2.827853,-0.054163,-0.108845,-1.387224,-0.0477125,0.1243,-0.113299996,
36509828102421,-0.6139706373214722,0.03311190381646156,9.224484934348053,0.5324798077344894,0.275401171275232,0.3625126242637634,0.11250980198383331,0.16472500562667847,0.017907658591866493,0.0,1791183712476,0.492,9.111,1.3560001,0.687727,9.359412,2.822848,-0.132491,-0.188091,-1.475593,-0.0944625,0.164725,-0.13255,
36509838096667,-0.7024051547050476,-0.011080093681812286,9.122033068713097,0.6004711061716079,0.315978093638426,0.4766662150621414,0.14318981766700745,0.2008875012397766,0.029815509915351868,0.0,1791183712488,0.34395,9.0060005,1.4089501,0.669704,9.360842,2.822435,-0.248543,-0.282894,-1.441661,-0.1359875,0.2008875,-0.1368125,
36509848091052,-0.7810465097427368,-0.06317644864320755,9.055002953918615,0.6606946200132371,0.35081677396151245,0.5884954512119294,0.17477762699127197,0.23388749361038208,0.03656090050935745,0.0,1791183712497,0.26295,8.938951,1.42095,0.649717,9.361392,2.825282,-0.343478,-0.367241,-1.413383,-0.1573,0.2338875,-0.13255,
36509858085274,-0.8453694581985474,-0.12195232659578323,9.100981113427194,0.7152037292718887,0.37745713691982363,0.6901781320571899,0.19507332146167755,0.2531374990940094,0.04114798828959465,0.0,1791183712506,0.33405003,8.977051,1.45905,0.62937,9.361429,2.829767,-0.363833,-0.431921,-1.417869,-0.1700875,0.2531375,-0.124025,
36509868079648,-0.7352360486984253,-0.17800013720989227,9.194413055366038,0.7185494214296341,0.38111915651489403,0.7356055617332459,0.1936313658952713,0.25093749165534973,0.03964490443468094,0.0,1791183712516,0.38700002,9.06495,1.488,0.610228,9.361228,2.834615,-0.258499,-0.350317,-1.329342,-0.1637625,0.2509375,-0.124025,
36509878073869,-0.6785169839859009,-0.22875488102436065,9.209152525522699,0.6944393038749694,0.3767785765079926,0.7485148310661316,0.1971309930086136,0.25946250557899475,0.03438659757375717,0.0,1791183712526,0.44505003,9.111,1.26495,0.590401,9.361631,2.837484,-0.147692,-0.26453,-1.439951,-0.148775,0.2594625,-0.1442375,
36509888068264,-0.7056520581245422,-0.277484692633152,9.231916375779267,0.6494647562503815,0.37225505984621293,0.7491642117500306,0.18190965056419373,0.2531374990940094,0.0327911376953125,0.0,1791183712537,0.44700003,9.168,0.98805004,0.568455,9.363073,2.837202,-0.111381,-0.208511,-1.726973,-0.148775,0.2531375,-0.1772375,
36509898062505,-0.7581266164779663,-0.3272425621747971,9.149429022152587,0.5848863542079925,0.36662311528209457,0.7445802330970764,0.1348709911108017,0.2147749960422516,0.03657560423016548,0.0,1791183712546,0.31305,9.111,0.777,0.543899,9.365056,2.83548,-0.173017,-0.19134,-1.955094,-0.166925,0.214775,-0.2112,
36509908056893,-0.910129189491272,-0.38380125537514687,9.022917113321025,0.500093013048172,0.3649253611383417,0.7575321793556213,0.0815456211566925,0.1658249944448471,0.046002522110939026,0.0,1791183712556,0.14505,8.983951,0.82500005,0.517353,9.366759,2.834819,-0.278151,-0.312753,-2.062172,-0.2008875,0.165825,-0.22935,
36509918051129,-0.9494426846504211,-0.4420981593430042,8.997412230442475,0.43786088228225706,0.35742369550767666,0.8003735065460205,0.03683166950941086,0.11893749982118607,0.05619194358587265,0.0,1791183712566,0.006,8.92905,1.107,0.490636,9.367134,2.838326,-0.397481,-0.401714,-1.88372,-0.232925,0.1189375,-0.2250875,
36509928045509,-0.9393782615661621,-0.4951573394238949,8.981007839877195,0.37587954699993137,0.34842709236135,0.8525457620620728,0.019596096128225327,0.09350000321865082,0.06281457841396332,0.0,1791183712576,-0.21495001,8.87205,1.3780501,0.465223,9.365977,2.846412,-0.565999,-0.462806,-1.618867,-0.24887499,0.0935,-0.1995125,
36509938039760,-0.9191240668296814,-0.5437865294516087,9.005596993068252,0.3067447125911712,0.33611753185231374,0.8952401638031006,0.03094784915447235,0.09129999577999115,0.06305906921625137,0.0,1791183712587,-0.45000002,8.826,1.7320501,0.441324,9.363768,2.857468,-0.776731,-0.532423,-1.287553,-0.24035,0.091299996,-0.155925,
36509948034144,-0.8023149967193604,-0.5842132449150086,9.161872377492063,0.21389970779418943,0.315526865738883,0.9040778398513794,0.06451539695262909,0.10615000128746033,0.05499666929244995,0.0,1791183712598,-0.50505,8.92395,2.01195,0.420393,9.361225,2.86893,-0.93776,-0.498756,-0.975797,-0.2019875,0.10615,-0.0963875,
36509958028370,-0.5956509709358215,-0.6121465966105462,9.300159135939905,0.10557663440704346,0.28950039062874827,0.8411821961402893,0.10096494853496552,0.12223749607801437,0.040727399289608,0.0,1791183712607,-0.53400004,9.010051,2.2420502,0.40471,9.359206,2.877759,-0.950807,-0.357872,-0.73084,-0.1434125,0.122237496,-0.03355,
36509968022745,-0.48875367641448975,-0.6356156572699547,9.398473169609463,5.295634269714133E-4,0.2577826823958841,0.749044394493103,0.16460645198822021,0.1658249944448471,0.02054073102772236,0.0,1791183712616,-0.45000002,9.087001,2.35695,0.39405,9.358543,2.881387,-0.904234,-0.292567,-0.588422,-0.065725,0.165825,0.03025,
36509978016980,-0.38858562707901,-0.6506147712469101,9.485645924358215,0.110278344154358,0.2330600917448548,0.6388858675956726,0.2321656495332718,0.21683749556541443,-8.110313210636377E-4,0.0,1791183712627,-0.37800002,9.156,2.4499502,0.388493,9.359627,2.878624,-0.783755,-0.226613,-0.480314,0.014025,0.2168375,0.0834625,
36509988011379,-0.23568832874298096,-0.6558173276484013,9.721699271952739,0.2423815131187439,0.22233140009814614,0.5021987199783325,0.29766422510147095,0.2690874934196472,-0.024735935032367706,0.0,1791183712637,-0.32295,9.38895,2.50095,0.386397,9.36276,2.868701,-0.726592,-0.100459,-0.379412,0.1013375,0.2690875,0.1249875,
36509998005825,0.010701008141040802,-0.6441872607916593,9.903727380894326,0.41793666034936905,0.24918693690804714,0.3395955190062523,0.3750177025794983,0.3382500112056732,-0.04981222376227379,0.0,1791183712646,-0.30600002,9.625951,2.3089502,0.385983,9.368434,2.850174,-0.690265,0.159623,-0.394403,0.1918125,0.33825,0.1516625,
36510008000064,0.09174035489559174,-0.6227524403482676,9.98041808199706,0.5982562527060509,0.289818218979665,0.20211725383996965,0.4564363956451416,0.41593748331069946,-0.07041068375110626,0.0,1791183712663,-0.28500003,9.82695,1.7200501,0.385189,9.377168,2.821412,-0.687077,0.347213,-0.741531,0.2673,0.41593748,0.1665125,
36510017994435,0.06839793920516968,-0.5939275983721017,10.109836253505504,0.761858831346035,0.3261761781359349,0.09068693071603776,0.5100963711738586,0.4723125100135803,-0.07740580290555954,0.0,1791183712666,-0.246,10.057051,1.0020001,0.383119,9.388798,2.782752,-0.661066,0.529514,-1.454651,0.2949375,0.4723125,0.16225,
36510027988666,0.19954514503479004,-0.5532518092542886,10.441879531555559,0.9221793875098229,0.36904775154304226,0.02693922370672226,0.4851961135864258,0.45526251196861267,-0.06855136901140213,0.0,1791183712676,-0.261,10.420951,0.60705,0.379657,9.401553,2.739835,-0.645632,0.813639,-1.988736,0.2641375,0.4552625,0.136675,
36510037983050,0.5368764996528625,-0.4912877265363932,10.7314181972092,1.0855300292372703,0.43665014123779394,0.18145218938589097,0.4164029657840729,0.3988874852657318,-0.051326628774404526,0.0,1791183712687,-0.201,10.720051,0.45105,0.374225,9.413437,2.699475,-0.616258,1.213559,-2.197373,0.1992375,0.3988875,0.0930875,
36510047977291,0.7009194493293762,-0.4171894285827875,10.842390028436336,1.1606780737638474,0.5020385223968323,0.319495877623558,0.30063387751579285,0.2998875081539154,-0.03461688756942749,0.0,1791183712698,-0.23400001,10.828051,0.50595003,0.36625,9.423674,2.664629,-0.560399,1.375704,-2.210412,0.1310375,0.2998875,0.0270875,
36510057971680,0.7379382252693176,-0.33802404440939426,10.793198055100735,1.1977798461914062,0.5507491333317553,0.4487354516983032,0.14184729754924774,0.16046249866485596,-0.020105496048927307,0.0,1791183712706,-0.261,10.765051,0.73395,0.35396,9.432041,2.636536,-0.612753,1.364943,-2.057819,0.0672375,0.1604625,-0.055825,
36510067965896,0.7463632822036743,-0.2639440778642893,10.663149977945693,1.2232143878936768,0.5905444024887054,0.5843285202980042,-0.04732895642518997,-0.010862499475479126,-0.012891080230474472,0.0,1791183712716,-0.53805,10.588051,1.143,0.337591,9.438659,2.614913,-0.680181,1.262557,-1.672278,0.029975,-0.0108624995,-0.1420375,
36510077960275,0.6105704307556152,-0.19948970712721348,10.429015023033756,1.1687322974205019,0.6117463297547927,0.6665335774421692,-0.1897842288017273,-0.1471250057220459,-0.011331437155604362,0.0,1791183712726,-0.74700004,10.308001,1.3969501,0.316954,9.44407,2.597897,-1.011491,1.02012,-1.281767,0.02035,-0.147125,-0.1835625,
36510087954501,0.33076345920562744,-0.147668931260705,10.12459243258312,0.9649064883589744,0.6105707034398192,0.6253109693527221,-0.264463871717453,-0.22577500343322754,-0.0074402689933776855,0.0,1791183712736,-0.65295005,9.982051,1.5619501,0.2973,9.448589,2.583753,-0.994232,0.687595,-1.145518,0.0077,-0.225775,-0.1783375,
36510097948657,0.14143742620944977,-0.10269072912633419,9.906092702049495,0.7155318185687065,0.5969252384144915,0.5134145647287369,-0.30657628178596497,-0.27898749709129333,0.0026035290211439133,0.0,1791183712746,-0.51900005,9.67605,2.058,0.283203,9.45132,2.575333,-0.841271,0.383195,-0.775574,-0.0253,-0.2789875,-0.139975,
36510107943117,0.05210292339324951,-0.05457912348210812,9.857489962208104,0.466934435069561,0.5679834716237123,0.3762475043535233,-0.29212263226509094,-0.2747249901294708,0.006676689255982637,0.0,1791183712756,-0.48795003,9.51105,2.5440001,0.274153,9.451985,2.573865,-0.793914,0.143109,-0.242593,-0.036025,-0.274725,-0.09955,
36510117937492,-0.021643558517098427,-0.008189167175441981,9.748707914396784,0.19570691250264646,0.5295926679139606,0.2226461362093687,-0.20186465978622437,-0.19277499616146088,0.002249891869723797,0.0,1791183712766,-0.39195,9.34605,2.7450001,0.267949,9.451731,2.575458,-0.703912,-0.033806,0.114943,-0.014712499,-0.192775,-0.059125,
36510127931636,-0.1509377658367157,0.03123285761103034,9.611318269056902,0.11110769249498845,0.4863923308558008,0.07034449689090252,-0.08203259110450745,-0.0789249986410141,-0.004328764975070953,0.0,1791183712777,-0.43305,9.24705,2.5849502,0.263008,9.451703,2.576074,-0.672635,-0.170248,0.119116,0.014025,-0.078925,-0.023924999,
36510137925864,-0.22634275257587433,0.06587192332372069,9.635664223879536,0.3605726230889559,0.4399272442102536,0.041076745465397836,0.019292254000902176,0.018975000828504562,-0.008432942442595959,0.0,1791183712788,-0.49500003,9.34305,2.3040001,0.257462,9.452708,2.572943,-0.710185,-0.173647,-0.153085,0.032175,0.018975,5.5E-4,
36510147920337,-0.21916553378105164,0.09502939647063613,9.569120516117158,0.5619327891618013,0.39882416319608593,0.11319733746349811,0.10256851464509964,0.09872499853372574,-0.007210157345980406,0.0,1791183712796,-0.55005,9.313951,2.12505,0.251506,9.454413,2.567255,-0.764085,-0.108315,-0.362876,0.029975,0.098725,0.025024999,
36510157914713,-0.3472338616847992,0.10745025193318725,9.46006706201451,0.7773932147771121,0.38057102685085425,0.19306469447910785,0.16675029695034027,0.15839999914169312,-0.0031995801255106926,0.0,1791183712806,-0.49800003,9.21195,2.094,0.245762,9.456092,2.561628,-0.815801,-0.208156,-0.481747,0.0171875,0.1584,0.0515625,
36510167908867,-0.3561279773712158,0.11408153688535094,9.518810456584518,0.9264951556921006,0.37116386551439384,0.2599615782499313,0.1901201605796814,0.17531250417232513,-8.683695923537016E-4,0.0,1791183712816,-0.294,9.22305,2.3359501,0.243329,9.457252,2.557577,-0.62662,-0.254805,-0.362775,0.0108624995,0.1753125,0.0792,
36510177903095,-0.26047515869140625,0.12048706030473114,9.57434710246613,0.9071800261735916,0.3634590848458477,0.28186905682086943,0.195479154586792,0.17531250417232513,-0.007070922292768955,0.0,1791183712826,-0.25095,9.22095,2.565,0.244302,9.458071,2.554452,-0.519854,-0.238865,-0.065162,0.0364375,0.1753125,0.09735,
36510187897580,-0.24568837881088257,0.11998705780133605,9.529888377888254,0.799152746796608,0.36395526315316407,0.2857381820678711,0.19765043258666992,0.17215000092983246,-0.023536667227745056,0.0,1791183712836,-0.13905,9.184951,2.53695,0.247375,9.459815,2.547692,-0.441525,-0.254975,0.044547,0.1013375,0.17215,0.111237496,
36510197891970,-0.3132520616054535,0.10378940431401133,9.436456767593356,0.6808029919862748,0.3754846259104284,0.3045554876327515,0.1758052259683609,0.1467124968767166,-0.04275145009160042,0.0,1791183712846,-0.07395,9.17805,2.19195,0.252754,9.463646,2.532896,-0.317617,-0.277959,-0.141769,0.176825,0.1467125,0.1144,
36510207886180,-0.42271655797958374,0.07806655867025256,9.367155186254061,0.542298163101077,0.39265787518401124,0.31965202689170835,0.09840627014636993,0.06792499870061874,-0.05750966817140579,0.0,1791183712857,0.006,9.17595,1.8829501,0.259428,9.469971,2.508458,-0.305137,-0.291466,-0.519557,0.23539999,0.067925,0.103675,
36510217880568,-0.45988577604293823,0.05165237290784717,9.42554664553544,0.41074808351695535,0.4098139325908555,0.34040358662605286,-0.04069923609495163,-0.07039999961853027,-0.068135105073452,0.0,1791183712866,0.22200002,9.255,1.7710501,0.26828,9.477957,2.477164,-0.182307,-0.297059,-0.66304,0.278025,-0.0704,0.0782375,
36510227874809,-0.3900620937347412,0.022172010969370604,9.41490691841345,0.32524422816932197,0.41921395194489475,0.3663209736347198,-0.1492755115032196,-0.16940000653266907,-0.0736033096909523,0.0,1791183712876,0.62700003,9.262051,1.5690001,0.278482,9.486796,2.441951,0.14986,-0.214919,-0.747537,0.2982375,-0.1694,0.025024999,
36510237869199,-0.4773511290550232,-0.028539370466023683,9.327050105911049,0.2994561862200499,0.4152093762616822,0.41265352368354796,-0.15489187836647034,-0.1545500010251999,-0.06505589932203293,0.0,1791183712887,0.86805004,9.207001,1.21305,0.286062,9.49561,2.406563,0.515776,-0.252463,-1.00903,0.258775,-0.15455,-0.0517,
36510247863440,-0.6526285409927368,-0.09621676998212933,9.219759227518566,0.2874641250818968,0.40085839380000987,0.4805288195610046,-0.07170692086219788,-0.04702499881386757,-0.03671775758266449,0.0,1791183712896,0.88305,9.144,0.78195006,0.286274,9.502853,2.377778,0.623303,-0.348291,-1.372894,0.1364,-0.047025,-0.124025,
36510257857824,-0.774885892868042,-0.17185797588899732,9.205532535799588,0.29100110828876496,0.37842399628150986,0.5509626865386963,0.04962579533457756,0.09350000321865082,0.007599714677780867,0.0,1791183712906,0.61695004,9.16395,0.61905,0.277847,9.507026,2.362047,0.466529,-0.385982,-1.716293,-0.050875,0.0935,-0.16445,
36510267852060,-0.6450693011283875,-0.2414296050556004,9.4076643380373,0.30613033473491674,0.3277261712967846,0.5879993915557862,0.15020936727523804,0.20198750495910645,0.05910244956612587,0.0,1791183712916,0.31800002,9.361951,0.87000006,0.26323,9.50646,2.365998,0.201025,-0.253736,-1.674754,-0.262625,0.2019875,-0.1601875,
36510277846445,-0.23298504948616028,-0.2836073790676892,9.96562482811347,0.2708458006381988,0.2633131998344504,0.5565839827060699,0.17055585980415344,0.22013749182224274,0.09858579933643341,0.0,1791183712926,0.402,9.846001,1.4860501,0.247159,9.500957,2.389717,0.042319,0.074983,-1.257941,-0.41799998,0.22013749,-0.13255,
36510287840670,0.4177743196487427,-0.2792568360455334,10.4579762589852,0.07300340533256527,0.2739327508735567,0.37755889296531675,0.10083000361919403,0.14451250433921814,0.11909324675798416,0.0,1791183712936,0.59505004,10.1959505,2.24895,0.23627,9.491547,2.427911,0.27108,0.563235,-0.54196,-0.491425,0.1445125,-0.1101375,
36510297835070,0.9169686436653137,-0.24048027517274023,11.087051291658451,0.25601257085800166,0.3690990614032928,0.06363945603370666,-0.034630775451660156,8.249999955296516E-4,0.11631422489881516,0.0,1791183712946,1.09605,10.60305,3.04905,0.231754,9.480404,2.471489,0.543748,0.899989,0.132721,-0.47025,8.25E-4,-0.0963875,
36510307829305,1.6762499809265137,-0.159272922296077,12.085275152628263,0.7669913053512574,0.5559244375773718,0.42658771872520446,-0.22821678221225739,-0.20350000262260437,0.09664671868085861,0.0,1791183712956,1.67505,11.247001,4.09305,0.237555,9.469172,2.513633,1.160439,1.433157,1.02671,-0.385,-0.2035,-0.0867625,
36510317823710,2.6307218074798584,-0.026654653996229172,13.057907835608463,1.4480669140815734,0.8244518255962753,1.0817459404468537,-0.4144621789455414,-0.40246251225471497,0.0598175935447216,0.0,1791183712966,2.15205,11.800051,5.1610503,0.24226,9.462016,2.539995,1.656122,2.1059,2.147171,-0.23815,-0.4024625,-0.0771375,
36510327817932,3.2298219203948975,0.1423833303153515,13.612627795820552,2.186960858106613,1.0865572428419865,1.774307334423065,-0.5205689668655396,-0.5174124836921692,0.00596845056861639,0.0,1791183712977,2.56305,12.12495,5.63205,0.251014,9.459621,2.548048,2.123815,2.496156,2.945963,-0.0306625,-0.5174125,-0.0782375,
36510337812317,3.5375852584838867,0.3305797308683395,13.705971328226406,2.8787983417510983,1.3094886854161936,2.398269522190094,-0.5646287202835083,-0.5600374937057495,-0.04534792900085449,0.0,1791183712987,2.69805,12.30195,5.40705,0.25942,9.46243,2.536757,2.445808,2.778258,3.053023,0.1640375,-0.5600375,-0.109037496,
36510347806548,3.3888280391693115,0.5109794095158577,13.235184662409758,3.44360408782959,1.461078271735628,2.8926414012908936,-0.5279839038848877,-0.5110874772071838,-0.0731402039527893,0.0,1791183712996,2.3790002,12.142051,4.6990504,0.262291,9.468706,2.512927,2.301679,2.762405,2.566888,0.2684,-0.5110875,-0.1612875,
36510357800937,2.917309045791626,0.674206554889679,12.540763047415101,3.728852605819702,1.5364899056384294,3.140853214263916,-0.43587526679039,-0.40562498569488525,-0.06983935832977295,0.0,1791183713006,1.9099501,11.673,4.1670003,0.258597,9.475541,2.487428,1.874417,2.477842,1.859762,0.2545125,-0.405625,-0.19855,
36510367795163,2.418928861618042,0.8129593968391419,12.226143392844481,3.6550786077976225,1.562265090482742,3.098494625091553,-0.28583526611328125,-0.24392500519752502,-0.04165593534708023,0.0,1791183713016,1.6609501,11.362051,4.19805,0.248999,9.48014,2.47082,1.536856,2.027922,1.658496,0.143825,-0.243925,-0.2123,
36510377789514,2.1700077056884766,0.9344835400581359,11.950141124822485,3.2640906751155856,1.568556665834272,2.8865317821502687,-0.027364857494831085,0.025299999862909317,-0.005217128433287144,0.0,1791183713026,1.24905,11.103001,4.2390003,0.233396,9.481277,2.467973,1.289097,1.753846,1.757111,0.0012375,0.0253,-0.205975,
36510387783779,1.953984022140503,1.0444671601057052,11.718604550575867,2.6334509909152986,1.5590389318417675,2.569811534881592,0.25848913192749023,0.3147374987602234,0.030992697924375534,0.0,1791183713037,0.47295,10.926001,4.21005,0.212766,9.478851,2.479138,0.665686,1.547976,1.74834,-0.1370875,0.3147375,-0.1698125,
36510397778163,1.7379186153411865,1.1470256939530372,11.421831606801849,1.8130419313907622,1.5336094059184748,2.2396296501159667,0.4941471219062805,0.5394124984741211,0.062326546758413315,0.0,1791183713046,-0.34695002,10.653001,4.10505,0.192427,9.470732,2.511615,-0.077725,1.36456,1.641644,-0.2498375,0.5394125,-0.0867625,
36510407772384,0.6002954244613647,1.1981762930750848,10.758796807768611,0.6944809854030609,1.4970245785005905,1.7762269258499146,0.6052588224411011,0.6128374934196472,0.08045731484889984,0.0,1791183713057,-1.3090501,9.963,3.8440502,0.171461,9.460516,2.551329,-1.579471,0.283019,1.362509,-0.30415,0.6128375,0.072875,
36510417766769,1.4537748098373413,1.2938593223690986,11.95885269322908,0.19111121892929073,1.448356097572744,1.5831961154937744,0.6026190519332886,0.5563250184059143,0.09131962805986404,0.0,1791183713066,-0.51195,11.167951,4.2460504,0.170357,9.449742,2.591018,-0.876865,1.191618,1.210293,-0.327525,0.556325,0.2718375,
36510427761013,2.4094560146331787,1.4338352277874946,12.153067465137095,0.7671837449073791,1.413715092756429,1.6310857772827148,0.6146976947784424,0.5318499803543091,0.08588378131389618,0.0,1791183713076,-0.60795003,11.047951,5.0269504,0.192168,9.440674,2.622357,-0.750236,1.906976,2.194096,-0.2913625,0.53185,0.4038375,
36510437755388,1.7641181945800781,1.5459086939692497,11.217525297166578,1.2995287895202638,1.3449359014629438,1.5931126117706298,0.5425422191619873,0.41167500615119934,0.036596909165382385,0.0,1791183713087,0.13095,10.416,4.1620502,0.228461,9.433652,2.644623,-0.554291,1.241228,2.157465,-0.0881375,0.411675,0.5495875,
36510447749857,1.152756929397583,1.6361779674887658,11.012110772470857,1.6647729396820066,1.2517005049634582,1.4760802745819093,0.3742154538631439,0.22220000624656677,-0.012537676841020584,0.0,1791183713096,0.54795,10.6699505,2.66805,0.278104,9.431898,2.646132,0.162209,0.984408,0.743377,0.1076625,0.2222,0.5825875,
36510457744087,1.2190773487091064,1.735876129567623,11.025254718628489,1.4986579656600953,1.1290932778018206,1.5998366594314575,0.2192312479019165,0.06572499871253967,-0.02724430151283741,0.0,1791183713106,0.19800001,10.902,1.6320001,0.332021,9.435971,2.625308,0.077168,1.418474,-0.557398,0.1725625,0.065725,0.5603125,
36510467738458,0.8330363035202026,1.8097814098000526,10.526901885135931,1.410842823982239,1.0132623401213934,1.4756889581680297,0.09975455701351166,-0.06407500058412552,-0.012577366083860397,0.0,1791183713116,0.27705002,10.49505,0.76995003,0.387409,9.441513,2.597646,-0.272706,1.26928,-1.429956,0.1353,-0.064075,0.58905,
36510477732689,0.2619326114654541,1.8345272928476333,10.257907842875833,1.523627257347107,0.9681091188221158,1.046184277534485,-0.031424641609191895,-0.19923749566078186,0.016898609697818756,0.0,1791183713127,0.80595005,10.224001,0.21195,0.450757,9.446075,2.570696,0.08293,0.845732,-2.123662,0.0416625,-0.1992375,0.605,
36510487727074,0.10379517078399658,1.8188283354043961,10.370238853305771,1.5255099773406982,0.9931772466410411,0.7141196727752686,-0.16256679594516754,-0.3110249936580658,0.053191881626844406,0.0,1791183713136,1.1509501,10.30605,-0.049950004,0.517513,9.448052,2.550786,0.485438,0.764746,-2.532313,-0.0935,-0.311025,0.546425,
36510497721299,0.256120502948761,1.7857859283685684,10.427935485654773,1.2414345383644103,1.0328332323683633,0.5347923874855042,-0.283777117729187,-0.40039998292922974,0.0956583172082901,0.0,1791183713146,1.488,10.320001,0.15900001,0.580707,9.446044,2.544608,0.702365,0.905618,-2.535713,-0.264825,-0.40039998,0.4538875,
36510507715465,0.2002224326133728,1.7119845509529115,10.152936922756426,1.252174711227417,1.0892192232698172,0.3310214042663574,-0.3398486375808716,-0.4141499996185303,0.1388521045446396,0.0,1791183713160,1.86405,9.966001,0.53505003,0.637441,9.438869,2.557623,1.076588,0.735622,-2.215933,-0.4478375,-0.41415,0.3378375,
36510517709845,-0.099853515625,1.5754557847976685,9.759465763428285,1.4866423368453978,1.1356462318878784,0.14444344043731688,-0.3208000659942627,-0.34498751163482666,0.17768552899360657,0.0,1791183713166,1.9960501,9.504001,0.96795005,0.683694,9.42659,2.590752,1.296091,0.309762,-1.846836,-0.6180625,-0.3449875,0.20487499,
36510527704085,-0.38448086380958557,1.3947406455874443,9.377205812397701,1.5779518663883207,1.145537262710608,0.01516074538230896,-0.2819065451622009,-0.2609750032424927,0.2079910933971405,0.0,1791183713176,1.79295,9.08895,1.452,0.71677,9.409927,2.641877,1.184006,-0.090166,-1.426303,-0.748,-0.260975,0.0867625,
36510537698544,-0.7073483467102051,1.1824939653277398,9.062981386598608,1.6231482326984406,1.1218541446209618,0.14706795811653137,-0.21774400770664215,-0.16403749585151672,0.22390368580818176,0.0,1791183713186,1.6900501,8.74695,1.6650001,0.737162,9.390327,2.705244,0.998414,-0.494339,-1.118569,-0.8107,-0.1640375,0.0015125,
36510547692929,-0.977247953414917,0.9641901656985283,8.779374332936,1.9935783088207244,1.0957777732641194,0.393741649389267,-0.1700121909379959,-0.0906125009059906,0.22814112901687622,0.0,1791183713196,1.71405,8.433001,1.7389501,0.748103,9.369693,2.772939,0.95156,-0.775374,-1.090496,-0.82568747,-0.0906125,-0.0719125,
36510557687151,-1.2650760412216187,0.7550709113478661,8.480021297445079,2.162490302324295,1.102155065730996,0.6868013441562653,-0.15836459398269653,-0.057750001549720764,0.2187650352716446,0.0,1791183713206,1.644,8.11695,1.8229501,0.751685,9.349336,2.839878,0.945584,-1.085416,-1.042513,-0.79365,-0.05775,-0.1463,
36510567681568,-1.6178841590881348,0.5532302603125572,8.077646352018407,2.0365917503833773,1.14766317571301,0.9904074728488922,-0.15439191460609436,-0.03423750028014183,0.1970600038766861,0.0,1791183713216,1.4260501,7.7629504,1.7179501,0.74701,9.330762,2.901532,0.828155,-1.414002,-1.130503,-0.723525,-0.0342375,-0.2250875,
36510577675751,-1.9585012197494507,0.3468048140406609,7.737734445722721,2.019331216812134,1.2079985869288217,1.3052115440368652,-0.17989632487297058,-0.04386249929666519,0.1679251492023468,0.0,1791183713226,1.18005,7.4710503,1.6320001,0.733018,9.315386,2.954031,0.535689,-1.695508,-1.283559,-0.63195,-0.0438625,-0.301675,
36510587670141,-2.335222005844116,0.1323445126414299,7.327783343529023,2.1655786633491516,1.2820996482050144,1.6307862758636475,-0.2190883606672287,-0.06943749636411667,0.13298434019088745,0.0,1791183713236,0.94695,7.1260505,1.42095,0.704314,9.301727,3.003631,0.348915,-2.009855,-1.476811,-0.5223625,-0.0694375,-0.3773,
36510597664362,-2.7651548385620117,-0.09280916005373001,6.844023414940495,2.319389057159424,1.3725767906195683,1.9883676528930665,-0.24148908257484436,-0.07466249912977219,0.09823614358901978,0.0,1791183713246,0.73395,6.7219505,1.0570501,0.668479,9.291625,3.042839,0.17406,-2.354094,-1.755439,-0.4170375,-0.0746625,-0.45815,
36510607658718,-3.377877712249756,-0.29171781688928605,6.258332371623526,2.5553714275360107,1.5362182344188478,2.410927987098694,-0.2070976197719574,-0.016224998980760574,0.07717695832252502,0.0,1791183713256,0.44700003,6.228,0.423,0.623661,9.284205,3.074831,0.012977,-2.801573,-2.309368,-0.3553,-0.016224999,-0.539,
36510617652964,-4.092115879058838,-0.569012351334095,5.717612226538491,2.9209350764751436,1.6890495111089112,2.9057743310928346,-0.1524270474910736,0.0625625029206276,0.0792350023984909,0.0,1791183713268,0.08505,5.709,-0.30195,0.56986,9.277588,3.1051,-0.268409,-3.273796,-3.084234,-0.360525,0.0625625,-0.6018375,
36510627647356,-4.791813850402832,-0.9290758445858955,5.225822082600384,3.3253688991069796,1.7808092167545722,3.472436857223511,-0.1444747895002365,0.08813749998807907,0.10257470607757568,0.0,1791183713276,-0.24195,5.21595,-0.21105,0.509785,9.269464,3.139613,-0.603378,-3.837886,-3.528155,-0.4244625,0.0881375,-0.6422625,
36510637641586,-5.053803443908691,-1.269971926510334,4.903825141302346,3.6224114954471585,1.8823059022399633,4.016153144836426,-0.1734102964401245,0.05939999967813492,0.12068033218383789,0.0,1791183713286,-0.65595,4.842,0.41505003,0.448775,9.259176,3.179032,-0.877556,-4.239402,-3.107887,-0.4626875,0.0594,-0.6422625,
36510647635980,-5.2087321281433105,-1.5880463793873787,4.696403154770105,3.81806725859642,1.980937907373757,4.504868602752685,-0.1814393550157547,0.02956249937415123,0.11594430357217789,0.0,1791183713296,-0.97695005,4.4760003,1.0330501,0.391784,9.248398,3.217706,-1.218003,-4.602119,-2.488155,-0.4244625,0.0295625,-0.5858875,
36510657630226,-5.303615093231201,-1.914181001484394,4.696231965723835,3.8996086061000823,2.0283063287537693,4.890016078948975,-0.19802354276180267,-0.027912499383091927,0.08661866933107376,0.0,1791183713306,-0.98595005,4.2790504,1.6650001,0.344327,9.239431,3.248745,-1.357294,-4.902004,-1.913461,-0.312675,-0.0279125,-0.484825,
36510667624595,-5.098196983337402,-2.2107426658272744,5.10119157257676,3.7860207557678223,2.038532679427462,5.0912322998046875,-0.24589776992797852,-0.12361250072717667,0.034550990909338,0.0,1791183713316,-0.80895007,4.3510504,2.53695,0.310109,9.234537,3.266062,-1.227307,-4.952176,-1.178999,-0.1392875,-0.1236125,-0.3751,
36510677618826,-4.648763656616211,-2.4562774792313578,5.584879190954506,3.431835985183716,2.0215883128693557,5.0626222610473635,-0.24590830504894257,-0.16197499632835388,-0.03862336277961731,0.0,1791183713325,-0.60495,4.56705,3.1570501,0.287213,9.235795,3.264595,-0.991328,-4.781052,-0.341955,0.0906125,-0.161975,-0.287925,
36510687613202,-4.317526340484619,-2.6773435547947884,5.808443417857933,2.9269991874694825,1.9706503658622316,4.915366840362549,-0.14428174495697021,-0.08112499862909317,-0.12084415555000305,0.0,1791183713336,-0.39495003,4.8300004,3.2020502,0.268816,9.244854,3.240435,-0.769423,-4.555479,0.003027,0.3460875,-0.081125,-0.2336125,
36510697607656,-4.133184909820557,-2.8968088254332542,5.880806400479697,2.2893294095993038,1.8737691941920258,4.700257396697998,-0.014710798859596252,0.04235000163316727,-0.19070132076740265,0.0,1791183713346,-0.35595003,5.12505,2.8620002,0.249521,9.261327,3.194616,-0.582534,-4.306195,-0.149872,0.568425,0.04235,-0.2123,
36510707601882,-3.961735248565674,-3.1049067094922065,6.033012282841434,1.526107096672058,1.7449439954971642,4.431881427764893,0.10955619812011719,0.1658249944448471,-0.23805922269821167,0.0,1791183713358,-0.63705003,5.4739504,2.4550502,0.227314,9.283286,3.131927,-0.725527,-3.997755,-0.494197,0.7302625,0.165825,-0.2017125,
36510717596267,-3.7508909702301025,-3.287458582222462,6.391245508799789,0.6899833679199219,1.606503006390515,4.162420225143433,0.2249877005815506,0.2765125036239624,-0.26401764154434204,0.0,1791183713366,-1.0890001,5.78805,2.4820502,0.203139,9.308565,3.057677,-1.060482,-3.695028,-0.702463,0.8344875,0.2765125,-0.17613749,
36510727590498,-3.2324445247650146,-3.429856765270233,7.332294501828197,0.13699674606323242,1.4626558079918432,3.879156398773193,0.32942190766334534,0.3712500035762787,-0.27946004271507263,0.0,1791183713376,-1.9579501,6.3360004,3.1279502,0.178847,9.335494,2.976001,-1.60601,-3.298183,-0.201802,0.912175,0.37125,-0.1346125,
36510737584872,-2.4469072818756104,-3.5168347120285035,8.52917690612347,0.9998360157012938,1.345177954517083,3.5050325870513914,0.52034592628479,0.5414749979972839,-0.3027992844581604,0.0,1791183713387,-3.0949502,7.04505,3.6790502,0.141852,9.362347,2.892466,-2.727809,-2.700149,0.583234,1.0239625,0.541475,-0.039875,
36510747579103,-1.6824992895126343,-3.552097278833389,9.231578863997878,1.8751206159591676,1.2860888606895116,3.014895462989807,0.8260746002197266,0.810699999332428,-0.3399622440338135,0.0,1791183713396,-3.52905,7.8919506,3.2380502,0.093369,9.390955,2.800225,-3.476595,-1.962613,0.80955,1.1941875,0.8107,0.1324125,
36510757573522,-1.0726648569107056,-3.5424767196178437,9.50109105132565,2.654150915145874,1.303759161850735,2.4370813846588133,1.1944597959518433,1.1310750246047974,-0.36626681685447693,0.0,1791183713406,-2.94195,8.922001,1.419,0.058215,9.425821,2.681511,-3.37201,-1.025433,-0.2425,1.3464,1.131075,0.36025,
36510767567748,-0.5635149478912354,-3.4897582590579987,10.468825809179476,3.2630160808563233,1.398397851719618,1.7996061801910401,1.4237555265426636,1.3151874542236328,-0.3438001871109009,0.0,1791183713416,-2.3170502,10.18605,-0.68700004,0.046993,9.465456,2.538295,-2.656892,0.029082,-2.234912,1.337875,1.3151875,0.5677375,
36510777562117,0.5474822521209717,-3.3644590854644774,12.338310610263562,3.8717460155487062,1.6240519726980587,1.0436208248138428,1.3382959365844727,1.1853874921798706,-0.27643492817878723,0.0,1791183713426,-1.7190001,12.076951,-1.8510001,0.064901,9.503433,2.391771,-2.093009,1.547336,-3.848127,1.1528,1.1853875,0.742225,
36510787556358,2.6519248485565186,-3.1151017427444456,14.649022203819964,4.67640299797058,2.08140410767109,0.023854398727416994,0.8906194567680359,0.706475019454956,-0.1981208771467209,0.0,1791183713435,-1.7760001,14.500051,-1.0900501,0.122661,9.525985,2.297959,-1.674323,3.732238,-4.072744,0.8888,0.706475,0.8221125,
36510797550718,5.420309543609619,-2.7058285236358643,16.71620276420728,5.8285887956619264,2.7930767338410627,1.3967073678970336,0.1379915475845337,-0.05238749831914902,-0.15062135457992554,0.0,1791183713446,-1.9750501,16.54005,1.3990501,0.195082,9.542463,2.223368,-2.278257,6.088415,-2.039695,0.7313625,-0.0523875,0.7689,
36510807544948,7.455371379852295,-2.164166069030762,17.858632581075724,7.264734840393066,3.5563740093994602,3.1023146152496337,-0.6398259401321411,-0.8133124709129333,-0.1550811380147934,0.0,1791183713456,-2.3479502,17.23695,4.038,0.271593,9.557829,2.14806,-2.347585,7.567032,0.640504,0.783475,-0.8133125,0.6007375,
36510817539335,7.998721599578857,-1.559624195098877,18.16365342699525,8.693918323516845,4.1545986547600995,4.814761924743652,-1.2001041173934937,-1.3411749601364136,-0.18262410163879395,0.0,1791183713467,-2.5450501,16.86795,6.2380505,0.338751,9.575229,2.059184,-2.881612,7.609486,3.157101,0.930325,-1.341175,0.37193748,
36510827533566,7.4927849769592285,-0.9453942537307739,17.298722230282024,9.708855056762694,4.52309237732182,6.203822469711303,-1.2214313745498657,-1.3304499387741089,-0.20198704302310944,0.0,1791183713476,-2.6500502,15.676051,6.8179502,0.389075,9.594688,1.957189,-2.874476,6.76642,4.918277,1.0506375,-1.3304499,0.19745,
36510837527948,6.5100812911987305,-0.36720001697540283,16.81172760872929,9.990349221229554,4.696734030656281,6.9754537582397464,-0.700559675693512,-0.7930999994277954,-0.18610486388206482,0.0,1791183713488,-2.2410002,14.991001,7.2720003,0.424343,9.613343,1.855678,-2.900168,5.720653,5.407649,1.0228626,-0.7931,0.1750375,
36510847522186,5.720213890075684,0.17924728393554687,15.745910684981881,9.472516012191772,4.737247581314111,7.035434627532959,0.2550695240497589,0.1732500046491623,-0.1600363701581955,0.0,1791183713496,-2.08695,14.365951,6.0990005,0.446533,9.629484,1.764549,-2.654206,5.005405,5.125283,0.947375,0.17325,0.2314125,
36510857516655,4.958168983459473,0.6923364877700806,14.875379275049806,8.335600328445434,4.670874624065212,6.535994148254394,1.1841193437576294,1.1044000387191772,-0.1254691481590271,0.0,1791183714270,-1.67805,14.1,4.43295,0.46194,9.642504,1.687827,-2.253022,4.530305,3.523669,0.8218375,1.1044,0.341,
36510867511034,4.699366569519043,1.1822146654129029,14.869082267472477,6.919743967056275,4.55009777198325,5.876123142242432,1.790069580078125,1.7089874744415283,-0.09340934455394745,0.0,1791183714270,-2.2050002,14.365951,3.1380002,0.476196,9.652324,1.626625,-2.346287,4.515696,2.203416,0.6919,1.7089875,0.4411,
36510877505155,4.986884593963623,1.6639970779418944,15.441276176092375,5.398797464370728,4.415318300558513,5.37494306564331,2.0261337757110596,1.9270625114440918,-0.07162719964981079,0.0,1791183714271,-2.41995,15.183001,1.43295,0.498892,9.659918,1.573892,-2.890919,5.085106,0.757379,0.6323625,1.9270625,0.58795,
36510887499397,5.598496437072754,2.1597982168197634,16.285930810933987,3.795918726921081,4.270163939010438,5.192626094818115,1.920311689376831,1.8046875,-0.05466249957680702,0.0,1791183714271,-1.9579501,16.15905,-0.53205,0.535289,9.666001,1.523769,-2.752539,6.003184,-1.107858,0.5951,1.8046875,0.693275,
36510897493857,6.23841667175293,2.6783782958984377,16.923786314199795,2.1939520359039304,4.100859588067479,5.296266651153564,1.5152462720870972,1.4056625366210938,-0.037335943430662155,0.0,1791183714271,-1.1590501,16.79895,-1.69305,0.577958,9.670522,1.478845,-2.232571,6.874942,-2.743665,0.5025625,1.4056625,0.65285,
36510907488212,6.628519058227539,3.207891011238098,16.935310864416763,0.8155747413635259,3.8874530033532895,5.630336666107178,0.9621227383613586,0.8830249905586243,-0.02630685642361641,0.0,1791183714271,-0.19605,16.866001,-1.5180001,0.613843,9.673729,1.442976,-1.29641,7.271566,-3.179453,0.372625,0.883025,0.45595,
36510917482463,6.339120864868164,3.7123916029930113,15.796807240276607,0.24553494453430158,3.595381439114956,5.958287525177002,0.5413117408752441,0.5084750056266785,-0.025892434641718864,0.0,1791183714271,0.507,15.741001,-1.22595,0.629699,9.676541,1.417046,-0.598794,6.842585,-2.619617,0.25025,0.508475,0.1601875,
36510927476838,4.654433727264404,4.106735515594482,14.36953790357105,1.0836564064025884,3.2255379857398876,5.891797351837158,0.3004710078239441,0.3115749955177307,-0.020020918920636177,0.0,1791183714271,0.43305,14.30895,-1.245,0.622591,9.679023,1.403185,-0.234949,5.118673,-2.696735,0.098037496,0.311575,-0.0941875,
36510937471069,3.7027370929718018,4.414217734336853,13.30462066966721,1.5227891445159916,2.858356000053299,5.512645483016968,0.28130945563316345,0.33605000376701355,0.006219152361154556,0.0,1791183714271,0.141,13.2630005,-1.04205,0.596883,9.679427,1.411539,-0.264308,4.155799,-2.678753,-0.1626625,0.33605,-0.2825625,
36510947465439,2.5030829906463623,4.623496848344803,11.820806372612966,1.7704154014587399,2.5397884070258656,4.765578746795654,0.3432549834251404,0.42762500047683716,0.04483620822429657,0.0,1791183714272,-0.39495003,11.806951,-0.41400003,0.558405,9.676327,1.448067,-0.685517,2.889972,-2.107153,-0.443575,0.427625,-0.3634125,
36510957459679,1.0161449909210205,4.727937340736389,10.442769443469123,2.233019208908081,2.3383656255072602,3.6431039333343507,0.40673741698265076,0.5021499991416931,0.0846303403377533,0.0,1791183714274,-0.31800002,10.437,-0.13905,0.513744,9.670783,1.500672,-0.983226,1.363226,-1.812599,-0.672375,0.50215,-0.3496625,
36510967454085,0.08827920258045197,4.7605270482599735,9.67741664413704,2.982007464766502,2.267871187991989,2.3929356008768083,0.3428613245487213,0.443574994802475,0.1222936287522316,0.0,1791183714275,-0.44700003,9.642,0.69600004,0.468328,9.662473,1.567577,-0.729515,0.34203,-1.338414,-0.8639125,0.443575,-0.33261248,
36510977448320,-0.4035535752773285,4.712975256890059,9.235070810084448,3.811287954449653,2.3636576875824638,1.3813381403684617,0.21840663254261017,0.31267499923706055,0.153414785861969,0.0,1791183714275,-0.54105,9.09405,1.5139501,0.426687,9.649833,1.654903,-0.984755,-0.277398,-0.518338,-0.97996247,0.312675,-0.27719998,
36510987442705,-0.7711765766143799,4.541820185631513,8.869964425852588,4.8097112447023385,2.6170562151035415,0.4865554064512253,0.05151866003870964,0.12966249883174896,0.1712995320558548,0.0,1791183714275,-0.28905,8.60805,2.11995,0.395257,9.633782,1.753291,-0.845586,-0.766525,0.091957,-1.0022374,0.1296625,-0.19855,
36510997436922,-1.2281498908996582,4.209397213906049,8.44090243672285,5.8900278359651566,2.892147775871852,0.2596911698579788,-0.16824956238269806,-0.10766249895095825,0.17491550743579865,0.0,1791183714275,0.20805001,7.9399505,2.8570502,0.377941,9.61555,1.854282,-0.404496,-1.356419,0.625429,-0.952325,-0.1076625,-0.1368125,
36511007431301,-1.6452268362045288,3.7543673031032085,8.312240465667674,6.75025306046009,3.0568742633386807,0.7919655352830887,-0.4306098520755768,-0.38871249556541443,0.16281214356422424,0.0,1791183714275,0.71295005,7.464,3.588,0.376705,9.595984,1.953261,0.106703,-1.940192,1.256682,-0.8342125,-0.3887125,-0.089925,
36511017425741,-1.7824712991714478,3.2653076581656935,8.451684630964397,7.057912987470626,3.120481187451283,1.1661156356334685,-0.7154414057731628,-0.6898375153541565,0.13399638235569,0.0,1791183714275,1.3110001,7.0470004,4.47795,0.390155,9.576571,2.043794,0.593642,-2.270334,1.977783,-0.656425,-0.6898375,-0.072875,
36511027419972,-2.0866658687591553,2.786335115879774,8.317693645755119,7.015383577346801,3.1696357760116634,1.502738094329834,-0.9304563999176025,-0.9154750108718872,0.0912005752325058,0.0,1791183714275,1.6129501,6.4030504,5.058,0.414184,9.558397,2.122616,0.964657,-2.793249,2.756085,-0.43821248,-0.915475,-0.0878625,
36511037414361,-2.7700812816619873,2.322326987236738,7.714630872298455,6.66809778213501,3.268281090934448,1.9025190353393555,-0.9640883803367615,-0.9537000060081482,0.04713108390569687,0.0,1791183714275,2.23305,5.577,4.84005,0.444887,9.542626,2.186405,1.51335,-3.557988,2.804824,-0.2338875,-0.9537,-0.111237496,
36511047408578,-3.5062813758850098,1.8610022239387036,7.1515572771042475,6.0012492656707765,3.4044372155227207,2.358145332336426,-0.8745103478431702,-0.8515374660491943,0.020196717232465744,0.0,1791183714276,2.5129502,5.1010504,4.3369503,0.453737,9.539,2.200372,1.92588,-4.24868,2.40539,-0.1265,-0.85153747,-0.1772375,
36511057403006,-3.8580269813537598,1.4201924256980418,6.702986768985605,5.19364096224308,3.542826856049631,2.800705361366272,-0.7010118365287781,-0.6536750197410583,0.023018108680844307,0.0,1791183714276,2.2399502,4.971,3.89895,0.451941,9.535893,2.214164,2.028232,-4.494571,1.867268,-0.15413749,-0.653675,-0.256025,
36511067397223,-4.132373332977295,0.978605430573225,6.314004168365995,4.652023908495903,3.655204950427353,3.2706857681274415,-0.44609618186950684,-0.37482500076293945,0.05214428901672363,0.0,1791183714276,1.7710501,4.701,3.8250003,0.438821,9.530578,2.239544,1.540964,-4.692762,1.585709,-0.2871,-0.374825,-0.3007125,
36511077391621,-4.430989742279053,0.5077117137610913,6.062176219798789,4.226105949282647,3.7146538521401067,3.739550542831421,-0.13631287217140198,-0.04386249929666519,0.09585414826869965,0.0,1791183714276,1.3780501,4.3900504,3.9469502,0.416164,9.521235,2.283181,1.159001,-4.987483,1.568408,-0.46915,-0.0438625,-0.3166625,
36511087385852,-4.665179252624512,-0.005472070723772049,5.8662540266128085,3.8588789671659467,3.68475660486709,4.118570137023926,0.14225104451179504,0.2540999948978424,0.13470026850700378,0.0,1791183714276,0.78495,4.06605,4.155,0.38419,9.50783,2.343843,0.736077,-5.256593,1.696888,-0.6180625,0.2541,-0.33467498,
36511097380249,-4.965460777282715,-0.5656659431755543,5.722848507885394,3.6184404820203784,3.541804784204992,4.410406017303467,0.3710557222366333,0.49568748474121094,0.16159960627555847,0.0,1791183714276,0.078,3.7050002,4.36095,0.343681,9.491405,2.415604,-0.025471,-5.599299,1.85976,-0.704275,0.49568748,-0.3421,
36511107374475,-5.271263599395752,-1.160655076056719,5.476777731448343,3.5269377052783963,3.2725657571027176,4.693053340911865,0.5447428822517395,0.6681125164031982,0.17498023808002472,0.0,1791183714276,-0.10305001,3.25005,4.407,0.300138,9.473205,2.491649,-0.235713,-5.945018,1.898635,-0.7255875,0.6681125,-0.3102,
36511117368857,-5.711421012878418,-1.763182169944048,5.470739663058598,3.506124782562256,2.9274202479445988,5.00886287689209,0.5469816327095032,0.6638500094413757,0.1657983511686325,0.0,1791183714276,-0.49800003,2.80905,4.668,0.256395,9.455098,2.564251,-0.548706,-6.441664,1.979262,-0.66275,0.66385,-0.2910875,
36511127363333,-5.958935260772705,-2.2938506193459034,5.497936774854518,3.411932945251465,2.6662910221204714,5.31445198059082,0.485293984413147,0.5787374973297119,0.12791289389133453,0.0,1791183714276,-0.66495,2.55795,4.821,0.218264,9.439765,2.623587,-0.855341,-6.768702,2.16653,-0.4967875,0.5787375,-0.22825,
36511137357569,-6.118132591247559,-2.7848941035568715,5.222717686385208,3.246897315979004,2.4085862101466904,5.60504264831543,0.4040262699127197,0.4637874960899353,0.06809692084789276,0.0,1791183714276,-0.20805001,2.4,4.63395,0.191118,9.429724,2.661539,-0.660601,-6.947803,2.13576,-0.2605625,0.4637875,-0.1368125,
36511147351724,-6.467583179473877,-3.233427412062883,4.60096680339921,3.10476176738739,2.209090368663642,5.905467128753662,0.3362768292427063,0.37331250309944153,0.006935041397809982,0.0,1791183714276,0.09705,1.9069501,4.1860504,0.173442,9.425706,2.676937,-0.171266,-7.211936,1.727713,-0.0306625,0.3733125,-0.0814,
36511157346114,-7.1476240158081055,-3.6416158623993398,3.9414812709714635,3.0100534439086917,2.1392909849206583,6.280739212036133,0.3877737522125244,0.40424999594688416,-0.037736862897872925,0.0,1791183714277,0.14295001,1.50495,3.6400502,0.16215,9.426408,2.675178,-0.03787,-7.782458,1.241054,0.1375,0.40425,-0.0122375,
36511167340583,-7.412633419036865,-4.016661493480205,3.3668215903138816,2.881431150436401,2.109817410015698,6.620981693267822,0.6018397212028503,0.5915250182151794,-0.05908994376659393,0.0,1791183714277,0.20295002,1.7370001,2.877,0.157115,9.42976,2.663637,-0.042412,-7.886366,0.649257,0.2237125,0.591525,0.106975,
36511177334825,-7.1464152336120605,-4.353804576396942,3.1848871787760755,2.7399075508117674,2.0432093694751883,6.858477687835693,0.9069797992706299,0.866112470626831,-0.058277685195207596,0.0,1791183714277,0.80895007,2.5440001,1.7370001,0.159579,9.434025,2.648342,0.297493,-7.342359,-0.307493,0.2311375,0.8661125,0.2569875,
36511187329229,-6.478245735168457,-4.639158034324646,4.270780655942877,2.5200942993164057,1.9175972658962368,6.930500316619873,1.0950071811676025,1.0352375507354736,-0.043702635914087296,0.0,1791183714277,1.6800001,3.8719501,0.65205,0.16923,9.438199,2.632827,1.030046,-6.328997,-1.491474,0.18535,1.0352376,0.352825,
36511197323453,-4.951491355895996,-4.8253251075744625,6.717197546119888,1.9342286109924318,1.7508997322727904,6.627281951904297,0.9320595264434814,0.8692749738693237,-0.026021236553788185,0.0,1791183714277,2.6470501,6.1590004,0.42495003,0.183786,9.441492,2.620013,2.028236,-4.553398,-2.254381,0.12155,0.869275,0.3452625,
36511207317840,-2.323117733001709,-4.859219652414322,9.32883016142717,0.6535178184509274,1.694668660474029,5.662380695343018,0.42965513467788696,0.3807374835014343,-0.019921597093343735,0.0,1791183714277,2.8200002,8.84805,0.88695,0.215571,9.445579,2.602803,2.638098,-1.935833,-1.940289,0.0939125,0.38073748,0.22825,
36511217312059,0.2476452887058258,-4.757713823020458,11.359594126516747,1.1841270267963404,1.9215313919566528,4.13032495379448,-0.19958774745464325,-0.22687499225139618,-0.03318364918231964,0.0,1791183714277,2.571,10.962001,1.50495,0.25419,9.451782,2.57666,2.419914,0.571874,-1.394605,0.13213749,-0.22687499,0.0600875,
36511227306460,2.030712604522705,-4.551844899356365,12.783743824145697,3.3101432621479034,2.3658640463801817,2.2948993861675264,-0.8640258312225342,-0.8750500082969666,-0.04820198565721512,0.0,1791183714277,2.5900502,12.30195,2.319,0.279735,9.457693,2.552218,2.317754,2.225146,-0.702181,0.1747625,-0.87505,-0.0941875,
36511237300686,3.3802831172943115,-4.24432667940855,13.920354992894493,5.58227351307869,2.9137508291743646,0.3231936156749725,-1.3697800636291504,-1.363450050354004,-0.03866298124194145,0.0,1791183714277,2.4100502,13.285951,3.384,0.297291,9.462024,2.534112,2.134998,3.348484,0.319095,0.1236125,-1.36345,-0.220825,
36511247295070,4.514183044433594,-3.84330345839262,15.024323872593204,7.850680476427079,3.4838862433135667,1.5699412643909454,-1.459545612335205,-1.4251874685287476,0.005903089419007301,0.0,1791183714277,2.88,14.116951,4.26,0.309495,9.462667,2.530247,2.307148,4.236089,1.359649,-0.0614625,-1.4251875,-0.3155625,
36511257289306,5.467081546783447,-3.3770480319857596,15.874754573522965,9.7489628136158,4.031652495171133,3.1279811203479766,-1.1580907106399536,-1.0762125253677368,0.08123607933521271,0.0,1791183714277,2.70705,14.847001,4.9240503,0.306072,9.456586,2.553298,2.614635,5.027469,2.050071,-0.361625,-1.0762125,-0.4156625,
36511267283761,6.336056232452393,-2.8536265537142755,16.71792304716738,11.204140996932983,4.5463112195471345,4.34566330909729,-0.6563335657119751,-0.5365250110626221,0.17025011777877808,0.0,1791183714278,2.0269501,15.613951,5.6200504,0.28456,9.441945,2.609354,2.116604,5.779525,2.65242,-0.688325,-0.536525,-0.448525,
36511277278145,7.213710308074951,-2.271391551196575,17.31003008833171,12.312763166427612,5.0272366116812535,5.38226284980774,-0.2073633372783661,-0.07576250284910202,0.23243962228298187,0.0,1791183714278,1.3300501,16.23105,5.8669505,0.252482,9.420377,2.689376,1.420845,6.548083,3.216438,-0.885225,-0.0757625,-0.40713748,
36511287272347,7.509018898010254,-1.6626816436648368,17.190233528308624,12.835291957855224,5.422074386069729,6.208010005950928,0.10833293199539185,0.23498749732971191,0.24611666798591614,0.0,1791183714867,0.94005007,16.46595,4.84695,0.216528,9.396411,2.774994,0.863037,7.003005,2.738171,-0.89595,0.2349875,-0.3432,
36511297266751,7.10853910446167,-1.0589816495776176,16.764858685400746,12.38926191329956,5.68645189336529,6.726881217956543,0.16899257898330688,0.28600001335144043,0.2373603731393814,0.0,1791183715481,0.66,16.449001,3.1710002,0.181238,9.373195,2.854883,0.692425,7.069318,1.147541,-0.8342125,0.286,-0.3059375,
36511307260982,6.616174221038818,-0.46460975855588915,16.529691835766524,11.087024706602097,5.834440171207145,6.9566997528076175,-0.052777811884880066,0.04977500066161156,0.23881076276302338,0.0,1791183716060,-0.117000006,16.42305,1.8709501,0.152033,9.35055,2.92987,0.151811,7.084779,-0.488465,-0.814,0.049775,-0.29315,
36511317255359,6.097909927368164,0.12585678845643997,16.12348021664026,9.203969877958297,5.87102403186512,6.9090704917907715,-0.37483876943588257,-0.2971374988555908,0.26212865114212036,0.0,1791183716635,-0.64395005,16.084951,0.90900004,0.134755,9.326422,3.006614,-0.544382,6.958072,-1.683301,-0.8661125,-0.2971375,-0.26125,
36511327249590,5.3616623878479,0.6918866708874702,15.360540084985946,6.861854523420334,5.802411710189626,6.538660907745362,-0.645007848739624,-0.5961999893188477,0.3190028965473175,0.0,1791183716635,-0.94305,15.322051,0.54,0.1315,9.297873,3.093912,-0.933777,6.48384,-2.462523,-1.0192875,-0.5962,-0.2080375,
36511337243975,4.410150527954102,1.2183008268475533,14.37707380252655,4.348945969343185,5.6358962001580934,5.9188872337341305,-0.8025998473167419,-0.7899374961853027,0.4169415533542633,0.0,1791183716636,-0.72,14.304001,1.2559501,0.143302,9.260928,3.202296,-1.067683,5.536768,-2.467957,-1.2810875,-0.7899375,-0.1144,
36511347238434,3.9531164169311523,1.7393358066678046,13.94093073666204,2.1598215758800507,5.377003691315172,5.287802696228027,-0.8287442922592163,-0.8452125191688538,0.5374726057052612,0.0,1791183716636,0.006,13.67895,2.6899502,0.168378,9.212493,3.337911,-0.465478,4.732867,-1.432807,-1.57905,-0.8452125,-0.0207625,
36511357232669,3.9205374717712402,2.292743881046772,13.571679317583998,0.4030120372772217,4.989477677122785,4.748675346374512,-0.7578158378601074,-0.7781124711036682,0.6445336937904358,0.0,1791183716636,0.342,12.927001,4.119,0.198461,9.152993,3.496189,-0.007144,4.21297,-0.039642,-1.8057874,-0.7781125,0.0154,
36511367227050,3.4686858654022217,2.8368098452687263,12.888205128499113,1.1594323158264164,4.467471798205489,4.222830533981323,-0.7161511778831482,-0.7260000109672546,0.709360659122467,0.0,1791183716636,0.804,11.79195,5.1390004,0.227609,9.085748,3.665706,0.325231,3.32014,1.023854,-1.8962625,-0.726,0.0026125,
36511377221270,2.665327787399292,3.327396996319294,12.201098076166279,2.524446392059326,3.838731518485542,3.6835636138916015,-0.728611409664154,-0.7163749933242798,0.7262772917747498,0.0,1791183716636,1.21605,10.693951,5.74695,0.253571,9.015373,3.833896,0.785293,2.181443,1.631386,-1.8601,-0.716375,-0.0548625,
36511387215660,2.10526967048645,3.7565727666020394,11.996384748895686,3.5042937755584718,3.133499021918622,3.2225874423980714,-0.8422789573669434,-0.8016250133514404,0.703121542930603,0.0,1791183716636,1.2040501,9.86505,6.7189503,0.27504,8.945932,3.991826,1.005638,1.321933,2.136649,-1.736625,-0.801625,-0.1516625,
36511397209878,1.9213905334472656,4.100216861069202,12.010804072544817,4.140457487106324,2.465278992339463,2.8162422657012938,-1.06128990650177,-1.0080125331878662,0.62181556224823,0.0,1791183716644,0.69600004,9.075001,7.8370504,0.296448,8.882325,4.129942,0.694532,0.593059,3.233942,-1.492975,-1.0080125,-0.2432375,
36511407204273,1.5478233098983765,4.293763913214207,11.650259489945205,4.56737105846405,2.0743467225393575,2.3416994333267214,-1.1647990942001343,-1.1272250413894653,0.47869673371315,0.0,1791183716644,0.62700003,8.25105,8.200951,0.321751,8.830737,4.237282,0.235878,-0.162198,3.89993,-1.1268125,-1.127225,-0.2591875,
36511417198508,0.7915830612182617,4.320960801839829,10.72360872127808,4.732382035255433,2.0240761829495275,1.8062788724899292,-1.118496298789978,-1.1027499437332153,0.3105723559856415,0.0,1791183716644,0.94005007,7.5210004,7.5859504,0.353038,8.782035,4.334883,0.391339,-0.94189,3.665858,-0.721325,-1.10275,-0.2358125,
36511427192898,-0.16162800788879395,4.211343771219253,9.429255821298458,4.677999520301818,2.197108732532588,1.240887713432312,-0.9689551591873169,-0.9505375027656555,0.15686999261379242,0.0,1791183716644,1.01205,6.98295,6.255,0.38377,8.749435,4.397741,0.650305,-1.498264,2.563917,-0.37015,-0.9505375,-0.2358125,
36511437187367,-1.2338000535964966,3.9806396126747132,8.169332962541425,4.714728927612304,2.494395487271927,0.5730737686157227,-0.7836339473724365,-0.7260000109672546,0.04473339393734932,0.0,1791183716644,0.67905,6.6900005,4.63905,0.402651,8.732004,4.430573,0.482983,-1.942914,1.056256,-0.1254,-0.726,-0.2910875,
36511447181611,-2.2089414596557617,3.6444833874702454,7.027486778963253,5.0016679763793945,2.830250890300676,0.2529926300048828,-0.6346738934516907,-0.5238749980926514,-0.01332079153507948,0.0,1791183716645,-0.093,6.3960004,2.91,0.401373,8.729078,4.436455,-0.080769,-2.131524,-0.678238,-0.004125,-0.523875,-0.3708375,
36511457175996,-3.318695306777954,3.2051945447921755,6.21098722025169,5.449126887321472,3.1741999131484055,1.226296353340149,-0.4844566881656647,-0.3375625014305115,-0.010218800976872444,0.0,1791183716645,-0.957,5.9100003,1.6530001,0.384329,8.730907,4.434364,-0.968734,-2.557127,-2.21562,-0.0125124995,-0.3375625,-0.4049375,
36511467170256,-4.2577643394470215,2.6755035161972045,5.669442015847984,5.919729447364807,3.4770167561987178,2.2361658334732057,-0.2907545566558838,-0.13433749973773956,0.03072187304496765,0.0,1791183716645,-1.24905,5.4690003,0.82005006,0.359033,8.730127,4.438018,-1.501287,-3.068706,-3.243991,-0.0977625,-0.1343375,-0.36987498,
36511477164631,-4.817246437072754,2.0739556789398192,5.5056834290706576,6.389876961708069,3.6749264987475194,3.1672895193099975,-0.119096539914608,0.02956249937415123,0.08924494683742523,0.0,1791183716645,-1.24695,5.34,0.492,0.330485,8.724431,4.451414,-1.635544,-3.364679,-3.889457,-0.2190375,0.0295625,-0.303875,
36511487158868,-4.816740989685059,1.4576676845550538,5.566608901055339,6.700119972229004,3.744644615762514,3.88387770652771,0.00440620630979538,0.1274625062942505,0.14086943864822388,0.0,1791183716645,-0.85200006,5.47695,0.51405,0.304513,8.713516,4.474589,-1.394094,-3.327428,-3.974881,-0.3232625,0.1274625,-0.2165625,
36511497153261,-4.692718982696533,0.8676047801971436,5.297416482335962,6.722332644462585,3.737503777239473,4.380633211135864,0.035802341997623444,0.13488750159740448,0.15955448150634766,0.0,1791183716645,-0.057000004,5.2780504,0.44895002,0.28364,8.699766,4.502626,-0.801007,-3.213122,-3.955035,-0.3573625,0.1348875,-0.1601875,
36511507147478,-4.4944562911987305,0.31207325458526614,5.871646551980113,6.422064280509948,3.6668244605913007,4.615785408020019,-0.1262967884540558,-0.042762499302625656,0.13720552623271942,0.0,1791183717209,0.13305001,5.7300005,1.2750001,0.270306,8.68725,4.527543,-0.335169,-3.123992,-3.714195,-0.3073125,-0.0427625,-0.172975,
36511517141862,-3.8554837703704834,-0.18559643030166625,6.152072856360997,5.776217007637024,3.5203064905121764,4.535329294204712,-0.27525120973587036,-0.18645000457763672,0.06035660579800606,0.0,1791183717780,0.402,5.7970505,2.02005,0.260894,8.680166,4.541661,0.112381,-2.843968,-2.890342,-0.1434125,-0.18645,-0.22935,
36511527136080,-3.896334648132324,-0.6484962821006774,5.7570165412177206,4.924220705032349,3.365732669216786,4.351146936416626,-0.3999672830104828,-0.304562509059906,-0.055239368230104446,0.0,1791183718347,0.74100006,4.986,2.7810001,0.251978,8.683136,4.536482,0.291286,-3.256347,-2.200422,0.1034,-0.3045625,-0.286825,
36511537130465,-4.147073745727539,-1.0763574957847595,5.609666726764243,3.964220857620239,3.2369118027008326,4.217213487625122,-0.5374694466590881,-0.43230000138282776,-0.19344666600227356,0.0,1791183718348,-0.43995002,4.84905,2.7859502,0.243517,8.698526,4.507368,-0.037834,-3.84874,-1.587123,0.4013625,-0.4323,-0.3559875,
36511547124681,-4.297943592071533,-1.4889104962348938,5.562005235572036,2.9119620561599735,3.092175366491762,4.138258409500122,-0.5482500791549683,-0.4610374867916107,-0.31858834624290466,0.0,1791183718348,-0.864,4.914,2.45805,0.233801,8.726858,4.452785,-1.038472,-3.860312,-1.838997,0.683375,-0.4610375,-0.3389375,
36511557119136,-4.428250312805176,-1.9063498854637146,5.387028688970699,1.8888513803482052,2.890704484272686,4.125017213821411,-0.6016775965690613,-0.555774986743927,-0.406033456325531,0.0,1791183718348,-0.90195006,4.8850503,2.08395,0.231486,8.76505,4.377251,-1.124743,-3.867379,-2.110623,0.8941625,-0.555775,-0.2814625,
36511567113530,-4.653618335723877,-2.3124650955200194,5.13731256548553,1.1173546075820924,2.6690947121244197,4.28464412689209,-0.6366844773292542,-0.6164125204086304,-0.4562029242515564,0.0,1791183718348,-1.02405,4.69605,1.8139501,0.23542,8.809287,4.287316,-1.181349,-3.993019,-2.367846,1.029325,-0.6164125,-0.2453,
36511577107760,-4.930288314819336,-2.692245900630951,5.024718653725231,0.6075571537017819,2.466487774847638,4.491434860229492,-0.6427565813064575,-0.631262481212616,-0.4770820736885071,0.0,1791183718348,-1.36395,4.5160503,1.7299501,0.240888,8.856323,4.188978,-1.41666,-4.272293,-2.420344,1.10275,-0.6312625,-0.2325125,
36511587102121,-5.086880207061768,-3.051853394508362,5.073632103737006,0.298762941360474,2.256136140427066,4.679396152496338,-0.5357680916786194,-0.5322625041007996,-0.4783990979194641,0.0,1791183718348,-1.8409501,4.5,1.4500501,0.244939,8.904064,4.086281,-1.834909,-4.411014,-2.478058,1.1357499,-0.5322625,-0.1931875,
36511597096349,-5.2081298828125,-3.40832941532135,5.209163135504637,0.24564800262451225,1.9896969083455303,4.861433410644532,-0.30618202686309814,-0.31735000014305115,-0.4489494562149048,0.0,1791183718348,-2.14695,4.6069503,1.1410501,0.246328,8.949813,3.984994,-2.233735,-4.442397,-2.692806,1.0973876,-0.31735,-0.108075,
36511607090744,-5.033757209777832,-3.7374084413051607,5.73279982186402,0.44720549583435076,1.6596773980812487,4.982534790039063,-0.1421709805727005,-0.18328750133514404,-0.3955463469028473,0.0,1791183718348,-2.2740002,5.06505,1.4280001,0.249689,8.990969,3.891031,-2.474122,-4.232162,-2.740101,0.996325,-0.1832875,0.0015125,
36511617084969,-3.997575521469116,-3.9768663704395295,7.173782540111793,0.5001792907714844,1.2942121579787482,4.85132622718811,-0.181076318025589,-0.2609750032424927,-0.3444899916648865,0.0,1791183718348,-2.6190002,6.1129503,2.6899502,0.262698,9.026492,3.807029,-2.695427,-3.484781,-1.84207,0.8930625,-0.260975,0.091025,
36511627079405,-2.3594160079956055,-4.08675577044487,8.990487926461858,0.11993827819824254,1.0324313658645947,4.337151765823364,-0.3419385850429535,-0.4652999937534332,-0.3216550052165985,0.0,1791183718348,-3.3229501,7.1239505,4.36305,0.272717,9.057339,3.732326,-3.191468,-2.385564,-0.172828,0.8569,-0.4653,0.1687125,
36511637073790,-1.2581064701080322,-4.087971091270447,10.474879043479435,0.5668613910675049,1.0290811801389805,3.5713970184326174,-0.4802079200744629,-0.6590374708175659,-0.33510246872901917,0.0,1791183718348,-4.3879504,7.59105,5.7310505,0.2804,9.084743,3.664534,-3.977267,-1.75217,1.2836,0.9175375,-0.6590375,0.2794,
36511647068011,-0.2625621557235718,-3.9906521260738375,11.536145694304832,1.5427337408065793,1.2667624689392605,2.5822834730148316,-0.3638702630996704,-0.6334624886512756,-0.3898038864135742,0.0,1791183718348,-4.39995,8.194051,6.8250003,0.304225,9.113544,3.59037,-4.946802,-1.230304,2.825409,1.1081125,-0.6334625,0.52085,
36511657062405,0.16023939847946167,-3.8167053908109665,9.889723889909424,2.741159975528717,1.5534955455632913,1.5434841513633728,0.2994896173477173,-0.07039999961853027,-0.4680904448032379,0.0,1791183718349,-0.55005,8.304001,5.3430004,0.352649,9.149008,3.494467,-3.173238,-0.810869,2.892582,1.4018124,-0.0704,0.88275,
36511667056648,-0.2611880898475647,-3.6168765783309937,10.295429384332687,3.6952281951904293,1.7308308322455255,0.7962066650390625,0.8781371116638184,0.466949999332428,-0.5048675537109375,0.0,1791183718349,2.4409502,9.087001,4.1790004,0.440302,9.191985,3.369504,0.984028,-0.88497,1.525957,1.6082,0.46695,1.070025,
36511677051027,1.4808008670806885,-3.3019742131233216,12.996946284805352,4.6512328624725345,2.0307346570200933,0.02816329002380371,1.1176162958145142,0.8001124858856201,-0.5257630348205566,0.0,1791183718349,-0.40905002,12.81,2.15805,0.516451,9.242751,3.216341,1.27898,1.480012,0.053457,1.7348375,0.8001125,0.827475,
36511687045272,3.0523931980133057,-2.9085175037384032,15.055766096709942,5.695370054244996,2.4234785754116968,0.8339366436004638,1.1398756504058838,0.8788999915122986,-0.48178428411483765,0.0,1791183718349,-3.03795,14.733001,0.62100005,0.552361,9.292873,3.06226,-4.155854,3.922254,-1.384605,1.664575,0.8789,0.6804875,
36511697039738,5.830237865447998,-2.3823696613311767,17.55440536256363,7.03503143787384,3.0422919612782255,2.052496647834778,0.22263558208942413,-0.03739999979734421,-0.3758111000061035,0.0,1791183718349,0.90405005,17.529001,0.27195,0.604133,9.334024,2.924216,-1.265152,7.079757,-2.798004,1.3794,-0.0374,0.580525,
36511707034122,7.60245418548584,-1.7775241374969482,17.218592761362775,8.392265832424163,3.6947925700843935,3.5409396052360536,-0.8439459800720215,-0.9772124886512756,-0.2557969391345978,0.0,1791183718349,-0.12195001,17.112001,1.9090501,0.649265,9.362866,2.820493,0.317772,8.508985,-1.904195,0.912175,-0.9772125,0.1016125,
36511717028367,5.980184555053711,-1.2857407212257386,15.199712630174293,9.126365900039673,4.025276090352395,4.789214134216309,-1.4535409212112427,-1.4858249425888062,-0.1475810706615448,0.0,1791183718349,-1.86195,14.230051,5.0070004,0.673586,9.380449,2.755624,-1.705706,6.276765,0.31785,0.4695625,-1.485825,-0.2261875,
36511727022738,4.510293960571289,-0.8654092907905578,14.145197745098047,8.966509771347045,4.167146501050881,5.395112752914429,-0.9784093499183655,-0.9559000134468079,-0.03560362756252289,0.0,1791183718349,-1.3450501,12.360001,6.74595,0.681905,9.386288,2.733605,-2.556784,3.761802,3.89047,0.0672375,-0.9559,-0.24213749,
36511737016971,3.4111785888671875,-0.48749667406082153,13.79854598723224,8.049153304100036,4.1950311238677385,5.466869831085205,0.32745563983917236,0.38183748722076416,0.05582675710320473,0.0,1791183718349,-1.83105,12.018001,6.5280004,0.66943,9.382426,2.749895,-2.029556,2.599687,3.780807,-0.2190375,0.3818375,-0.082499996,
36511747011340,3.5923004150390625,-0.09298447370529175,14.060047496923653,6.562766492366791,4.189141699996813,5.019282341003418,1.6797276735305786,1.7355250120162964,0.12077783048152924,0.0,1791183718349,-1.5870001,12.525001,6.18795,0.639315,9.37143,2.794204,-2.593203,2.850104,3.633546,-0.3872,1.735525,0.1590875,
36511757005586,4.03997802734375,0.33042694330215455,14.145852632175398,5.102993774414062,4.157399837827784,4.306787109375,2.5538856983184814,2.595449924468994,0.1271936148405075,0.0,1791183718349,-1.029,13.104001,5.22795,0.599236,9.358332,2.8465,-1.923449,3.471329,2.901297,-0.3669875,2.59545,0.336875,
36511767000075,4.304049491882324,0.7783103346824646,14.389239141901772,3.9997233867645265,4.07809052376922,3.9715600967407227,2.6107592582702637,2.616762399673462,0.06014818698167801,0.0,1791183718349,-0.91005003,13.82295,3.8920503,0.561085,9.3502,2.880787,-1.406457,4.049282,1.772859,-0.1243,2.6167624,0.4123625,
36511776994462,4.7292985916137695,1.2612896800041198,15.06604948763279,3.181424379348755,3.943179396795781,4.015361022949219,2.1398205757141113,2.089862585067749,-0.03496290370821953,0.0,1791183718350,-0.90195006,14.90505,2.0029502,0.539003,9.351538,2.880664,-1.566335,5.022384,0.077888,0.2044625,2.0898626,0.45705,
36511786988608,5.256902694702148,1.7784788250923156,15.86255231553597,2.3320091962814327,3.750261626330407,4.384505844116211,1.418060064315796,1.3300374746322632,-0.08680254966020584,0.0,1791183718350,-0.333,15.858001,0.18300001,0.538026,9.359727,2.854126,-1.170314,6.108345,-1.760657,0.3801875,1.3300375,0.4357375,
36511796982836,5.179401874542236,2.2978554129600526,15.59161641242572,1.1609865307807925,3.45432902941319,4.701926136016846,0.5780047178268433,0.5031124949455261,-0.05948556214570999,0.0,1791183718350,0.34605002,15.53505,-1.281,0.550132,9.36766,2.825655,-0.579082,6.505032,-3.48953,0.2619375,0.5031125,0.285725,
36511806977307,3.9421024322509766,2.746648395061493,13.723548106020441,0.10686311721801722,3.029607917403018,4.682351016998291,-0.32975345849990845,-0.3503499925136566,0.053312331438064575,0.0,1791183718350,0.66495,13.6699505,-1.0129501,0.566402,9.366724,2.825539,-0.035108,5.426183,-4.308231,-0.17435,-0.35035,0.0526625,
36511816971672,2.198761224746704,3.056465232372284,11.65517651680245,1.1338193893432615,2.6121483239403527,4.261293363571167,-1.013100504875183,-0.9878000020980835,0.24218234419822693,0.0,1791183718350,0.73695004,11.545951,1.4110501,0.58765,9.348978,2.879458,0.149545,3.186197,-2.89211,-0.838475,-0.9878,-0.0697125,
36511826965901,1.3473873138427734,3.241805398464203,10.894671885147702,1.8819587230682373,2.338466757341064,3.5849111080169678,-1.1904540061950684,-1.1591249704360962,0.4657960832118988,0.0,1791183718350,0.70605004,9.846001,4.60995,0.622578,9.312093,2.989541,0.083492,1.393911,0.057597,-1.5217125,-1.159125,0.025024999,
36511836960274,0.6143308281898499,3.335427263379097,10.483570710155236,2.36288560628891,2.189151093740481,2.656396734714508,-0.8625503182411194,-0.8579999804496765,0.6714140772819519,0.0,1791183718350,2.19705,7.80105,6.6499505,0.67368,9.245755,3.17839,0.298146,-0.337796,2.813615,-2.014375,-0.858,0.2633125,
36511846954733,-0.6591334342956543,3.3155986994504927,10.149505237339273,2.8180974364280695,2.2231821123446736,1.4886896729469299,-0.46264469623565674,-0.5003625154495239,0.8296535015106201,0.0,1791183718350,2.5420501,6.5010004,7.3680005,0.753208,9.155581,3.412919,1.894559,-2.186926,3.555922,-2.26875,-0.5003625,0.514525,
36511856948964,-0.82572340965271,3.2663005590438843,10.41231547902736,3.43643559217453,2.30213405835931,0.5351245045661926,-0.14515411853790283,-0.23003749549388885,0.9427768588066101,0.0,1791183718350,2.5540502,6.183,7.9789505,0.8445,9.049122,3.666091,1.678769,-2.719719,4.119172,-2.3538625,-0.2300375,0.7220125,
36511866943339,-0.9820283651351929,3.230258545279503,9.811253185954765,4.116394436359406,2.361943758835007,0.10103341341018676,0.12053892016410828,-0.0012374999932944775,0.9691015481948853,0.0,1791183718350,2.733,5.7850504,7.4380503,0.939144,8.936023,3.912224,1.7182,-2.94899,3.863462,-2.226125,-0.0012375,0.83916247,
36511876937564,-1.4452934265136719,3.0839538305997847,8.95098128865152,5.044075405597686,2.548996362103846,0.6595695614814758,0.32348304986953735,0.1775124967098236,0.922039270401001,0.0,1791183718350,3.0880501,5.58195,6.2790003,1.033138,8.82568,4.132798,1.818137,-3.154682,2.855196,-1.966525,0.1775125,0.8795875,
36511886931965,-2.0771842002868652,2.827474960684776,8.201751425007648,5.899798703193665,2.786291177950094,1.197872567176819,0.3847634196281433,0.2498375028371811,0.8342667818069458,0.0,1791183718350,3.9400501,5.46705,4.6750503,1.125285,8.725629,4.317072,2.360454,-3.203072,1.143421,-1.6834124,0.2498375,0.8072625,
36511896926194,-2.721607208251953,2.3998827069997786,7.763364641866969,6.29271833896637,2.9443793549202493,1.6103673219680785,0.172638937830925,0.09982500225305557,0.7463428974151611,0.0,1791183718350,4.7470503,5.235,3.21405,1.217684,8.63916,4.463423,3.213764,-3.22913,-0.602256,-1.4779875,0.099825,0.58905,
36511906920570,-3.4930872917175293,1.8451056331396103,6.901945360401819,6.405133461952209,2.957128582738839,2.1438400983810424,-0.21927475929260254,-0.2003374993801117,0.6939837336540222,0.0,1791183718351,4.7569504,4.7629504,1.524,1.261607,8.569777,4.58337,3.497847,-3.538032,-1.816354,-1.4034625,-0.2003375,0.29205,
36511916914816,-4.361823558807373,1.3280052274465561,6.501552793450234,6.4047102451324465,3.0900762515595566,2.8197991371154787,-0.8498722910881042,-0.8005250096321106,0.7134263515472412,0.0,1791183718351,4.0360503,4.5760503,2.2450502,1.310764,8.501088,4.696109,3.245182,-3.818896,-3.095068,-1.4652,-0.800525,0.0845625,
36511926909206,-4.223437309265137,0.8913186639547348,5.934944810403302,6.0318246483802795,3.2237328857382135,3.3754279136657717,-1.1126716136932373,-0.975012481212616,0.7629526853561401,0.0,1791183718351,3.07605,3.588,3.58995,1.358287,8.427124,4.814421,2.17773,-4.240532,-1.78883,-1.5844125,-0.9750125,-0.111237496,
36511936903660,-4.9026408195495605,0.4756276935338974,5.692641916172585,5.42920891046524,3.4030381071134204,3.9405192375183105,-0.8615745306015015,-0.6047250032424927,0.7897056937217712,0.0,1791183718351,1.6990501,2.43105,4.85895,1.380346,8.348497,4.943402,0.917868,-5.471533,-0.735076,-1.6302,-0.604725,-0.23155,
36511946897886,-4.770027160644531,0.05751131474971771,7.385458316220059,4.885327732563019,3.5065666045389845,4.350203227996826,-0.4228819012641907,-0.16940000653266907,0.7411214113235474,0.0,1791183718351,0.9670501,2.3689501,6.9280505,1.382669,8.271516,5.070529,-0.348593,-6.100841,0.828103,-1.4705625,-0.1694,-0.139975,
36511956892271,-3.374969005584717,-0.31323603689670565,8.12705949108053,4.2255461573600765,3.4575496749784245,4.326579570770264,0.20389916002750397,0.42336249351501465,0.6082282662391663,0.0,1791183718351,1.9740001,2.6749501,7.4160004,1.372754,8.190452,5.203082,-0.008278,-5.543332,2.371491,-1.1407,0.4233625,0.0185625,
36511966886499,-3.793250322341919,-0.7181010276079178,7.123768422835528,3.553295361995697,3.3660500267927307,4.212864923477173,0.6017367243766785,0.8533250093460083,0.4247254729270935,0.0,1791183718351,3.48795,2.0050502,5.87895,1.342171,8.126034,5.310946,1.542623,-5.71115,1.349042,-0.7830625,0.853325,0.0026125,
36511976880883,-4.776153087615967,-1.1933736115694047,6.835077777572088,3.1255355119705204,3.231731726074716,4.323408079147339,0.3119679093360901,0.5425750017166138,0.20176991820335388,0.0,1791183718351,3.2650502,1.8829501,5.70195,1.303957,8.097174,5.364277,2.239242,-6.314361,0.261416,-0.4052125,0.542575,-0.1505625,
36511986875109,-4.531416416168213,-1.6827895671129227,6.118404569883052,2.6387958765029906,2.9464190534751795,4.249163198471069,-0.018290862441062927,0.16362500190734863,-0.04387558251619339,0.0,1791183718351,2.403,2.604,4.9879503,1.275687,8.092123,5.378677,1.465454,-5.835257,0.175189,0.012925,0.163625,-0.2825625,
36511996869584,-4.853767395019531,-2.1844480305910112,4.856020447179696,2.1220711469650273,2.5647603152848175,4.26591124534607,-0.14844733476638794,-0.008662499487400055,-0.24241405725479126,0.0,1791183718351,1.7710501,2.7450001,3.59295,1.251917,8.108972,5.358852,1.034326,-5.241585,-1.186439,0.36313748,-0.0086624995,-0.3432,
36512006863963,-5.56422233581543,-2.6597642689943313,4.647389183687883,1.8839627742767329,2.246437766196804,4.703761911392212,-0.2241024374961853,-0.1886499971151352,-0.35179847478866577,0.0,1791183718351,1.848,3.38595,2.592,1.238823,8.13924,5.315833,0.154382,-5.386775,-2.046034,0.587675,-0.18865,-0.26125,
36512016858170,-4.924916744232178,-3.0159481674432755,6.382864818651762,1.554667282104492,1.9989742259514571,4.930095195770264,-0.42843735218048096,-0.45045000314712524,-0.395283043384552,0.0,1791183718351,3.6169503,5.23995,0.44895002,1.244509,8.177344,5.255687,1.53494,-3.75612,-3.702531,0.67595,-0.45045,-0.2580875,
36512026852552,-4.620545387268066,-3.3143448024988174,7.003881814936931,0.9584544181823733,1.7560350765251649,4.898973655700684,-1.029773473739624,-0.9026874899864197,-0.332640677690506,0.0,1791183718351,4.572,5.1769505,1.16205,1.249042,8.21348,5.197948,2.66047,-2.75796,-4.992728,0.4758875,-0.9026875,-0.629475,
36512036846782,-3.345494270324707,-3.5123360574245455,8.891636567046525,0.3115859985351559,1.5075750584526857,4.661789226531982,-1.4703456163406372,-1.1325875520706177,-0.3035285472869873,0.0,1791183718352,5.01,4.99305,5.3880005,1.235093,8.243039,5.154307,3.658436,-3.290302,-1.975487,0.3227125,-1.1325876,-1.0616375,
36512046841167,-1.1721141338348389,-3.5379850924015046,10.025029009702736,0.4011209964752198,1.4625041388058997,3.925458574295044,-1.1392102241516113,-0.5131499767303467,-0.40669751167297363,0.0,1791183718352,3.86805,6.7120504,6.3630004,1.202516,8.263204,5.129659,3.612004,-2.690369,1.247813,0.4365625,-0.51315,-1.4521375,
36512056835393,0.4477984309196472,-3.4743090003728865,11.033096803697363,1.489810502529144,1.6004277722789932,2.7230544209480287,-0.6667146682739258,0.19030000269412994,-0.47320103645324707,0.0,1791183718352,-0.13605,9.87495,4.91895,1.082169,8.301013,5.0953,0.962259,-0.06343,0.760236,0.54725,0.1903,-1.708575,
36512066829852,2.2136335372924805,-3.314525905251503,15.585655712417417,3.028063714504242,1.960331552096596,1.2953443646430969,-0.6433351635932922,0.13062499463558197,-0.36039233207702637,0.0,1791183718352,-4.3500004,14.60805,3.255,0.930825,8.344188,5.054512,-3.543119,3.609194,-1.01378,0.41525,0.130625,-1.53945,
36512076824228,5.44713020324707,-2.9699047237634657,17.68157041995795,4.967353951931,2.7180444110824125,0.7181907534599304,-0.9933987259864807,-0.5876749753952026,-0.07188886404037476,0.0,1791183718352,-3.1000502,17.223001,2.529,0.856307,8.361273,5.039431,-5.85562,8.454735,-2.440009,-0.0221375,-0.587675,-0.95301247,
36512086818484,5.950567722320557,-2.5685171276330947,16.358845962843848,6.843314397335053,3.3414887931436215,2.577403151988983,-1.6367695331573486,-1.4326125383377075,0.270560622215271,0.0,1791183718352,2.058,15.088951,5.9749503,0.858739,8.344577,5.066618,-0.59799,7.822602,-1.272489,-0.641575,-1.4326125,-0.697675,
36512096812874,6.847616195678711,-2.0900559574365616,17.113396457696915,8.885111129283905,3.9202842719372457,4.181349217891693,-2.163146495819092,-1.836037516593933,0.5031404495239258,0.0,1791183718352,2.02005,14.14395,9.42,0.877347,8.300991,5.134568,1.490298,6.187853,2.811106,-1.1257125,-1.8360375,-0.968,
36512106807114,7.381697177886963,-1.546316733956337,17.80263362066729,10.49822416305542,4.4113781243761565,5.568128967285157,-2.1043355464935303,-1.7125624418258667,0.7375413775444031,0.0,1791183718352,0.51600003,12.70005,12.465,0.886854,8.234844,5.238401,0.096943,5.174214,5.659325,-1.5461875,-1.7125624,-0.98285,
36512116801574,8.150361061096191,-0.9207075029611588,19.71215054502028,11.654448127746583,4.834645191255737,6.755474472045899,-1.616012692451477,-1.338974952697754,0.9923039674758911,0.0,1791183718352,1.2559501,12.23295,15.406051,0.907179,8.142832,5.376923,-0.074216,4.152922,8.578198,-1.90905,-1.338975,-0.5955125,
36512126795963,9.777233123779297,-0.22067398130893706,21.47272030075446,12.283284282684326,5.29722971635988,7.621495056152344,-1.0916931629180908,-0.9260625243186951,1.1355305910110474,0.0,1791183718352,1.09095,12.3810005,17.50995,0.938505,8.03309,5.534319,0.339779,4.27224,11.054426,-2.0516374,-0.9260625,-0.2410375,
36512136790198,10.419780731201172,0.5454470962285995,20.531229351165855,12.44079623222351,5.6602671591691305,8.515337657928466,-0.36681804060935974,-0.2971374988555908,1.1793195009231567,0.0,1791183718352,0.73005,11.899951,16.71495,0.969738,7.917751,5.692877,-0.091285,4.318149,11.946922,-2.0090125,-0.2971375,0.124025,
36512146784580,8.777947425842285,1.2228458255529404,18.164420048905054,11.62445832490921,5.792732086827318,8.901403903961182,0.36412572860717773,0.2956250011920929,1.2336466312408447,0.0,1791183718352,0.67695004,11.75895,13.828051,0.994055,7.796431,5.853847,-0.400511,3.948657,9.504277,-1.97175,0.295625,0.5506875,
36512156778816,7.292788505554199,1.756233701109886,17.001567195615905,10.178966534137725,5.835791081749003,8.883622169494629,0.579462468624115,0.3137750029563904,1.1883277893066406,0.0,1791183718352,2.5440001,12.625951,11.09805,1.038093,7.678728,5.999958,0.410179,4.427884,6.173877,-1.793,0.313775,0.8551125,
36512166773200,7.476692199707031,2.3197308272123336,17.688802404600196,8.030697643756866,5.816809448836771,8.748888397216797,0.4590812027454376,0.13708749413490295,1.1404680013656616,0.0,1791183718353,4.5199504,13.36305,10.67205,1.095186,7.5655,6.132195,2.522234,5.565831,4.631456,-1.6685625,0.1370875,0.8625375,
36512176767650,7.384118556976318,2.927744409441948,16.95177843029626,5.692862331867218,5.677183665791897,8.270265483856202,0.06843939423561096,-0.1970375031232834,0.9750369191169739,0.0,1791183718353,5.8390503,12.738001,9.540001,1.157261,7.465812,6.241986,4.157647,5.70622,3.997334,-1.41845,-0.1970375,0.6061,
36512186761809,5.414192199707031,3.42502484023571,13.890173198510258,3.0877985596656803,5.432337771885483,7.269147777557373,-0.2586468458175659,-0.3429250121116638,0.8263365030288696,0.0,1791183718933,6.2719502,10.677,6.29295,1.205826,7.38226,6.331528,4.786642,4.645344,2.052285,-1.2343374,-0.342925,0.234575,
36512196756270,0.8518043756484985,3.7103034287691115,11.146867644684624,0.11579020023345876,5.1315750924078385,5.683919167518615,-0.6328353881835938,-0.5068249702453613,0.887752890586853,0.0,1791183719512,3.9760501,9.70995,3.76305,1.236895,7.300073,6.420207,4.750785,2.481769,-2.436936,-1.3789876,-0.506825,-0.124025,
36512206750511,-0.3711506128311157,3.9699570149183274,8.909830253047291,2.604343128204346,4.774695266821536,4.151131343841553,-0.898506224155426,-0.5993624925613403,1.126857876777649,0.0,1791183719513,1.9579501,8.38305,2.29695,1.273577,7.216313,6.507138,1.388555,2.122602,-3.184667,-1.7642624,-0.5993625,-0.3432,
36512216744905,-2.5690081119537354,4.0877524465322495,7.91971452038588,5.479503774642945,4.578843021360321,2.1419912815093993,-0.9944397211074829,-0.6994624733924866,1.4130219221115112,0.0,1791183719513,1.302,7.5120006,2.14395,1.304901,7.114337,6.612373,0.265476,0.6875,-4.59953,-2.1527,-0.6994625,-0.29645,
36512226739138,-2.7504353523254395,4.181257948279381,7.49166089664383,8.400257158279418,4.416262921964324,0.11508049964904785,-0.9865598678588867,-0.6132500171661377,1.6020689010620117,0.0,1791183719513,1.488,6.60405,3.20895,1.330432,6.977861,6.751251,-0.083272,0.160781,-4.142252,-2.390025,-0.61325,-0.32725,
36512236733527,-3.130178213119507,4.192023751139641,6.146783967475706,10.49519748687744,4.398126565084631,1.5937935829162597,-0.913442850112915,-0.3546124994754791,1.6286580562591553,0.0,1791183719513,0.92100006,4.9399505,3.5400002,1.331002,6.820669,6.909911,0.062203,-0.991654,-3.472518,-2.4028125,-0.3546125,-0.482625,
36512246728002,-4.439902305603027,4.028634342551231,4.928918794604723,11.535757088661194,4.64797050266748,2.652134919166565,-0.8414613008499146,-0.22687499225139618,1.5802499055862427,0.0,1791183719513,0.33195,3.6880503,3.25305,1.313813,6.666478,7.06201,-0.787308,-2.499039,-3.655742,-2.291025,-0.22687499,-0.5273125,
36512256722229,-5.09329891204834,3.751579475402832,4.79554584484511,12.345452976226806,5.004621306155275,3.5965645790100096,-0.8310270309448242,-0.3205125033855438,1.5227940082550049,0.0,1791183719513,1.12695,3.35295,3.2380502,1.304306,6.517106,7.201813,-0.773012,-3.055957,-4.025388,-2.1538,-0.3205125,-0.450725,
36512266716613,-4.814136028289795,3.400190997123718,5.531032897852048,12.315855646133423,5.336016376890023,4.045590162277222,-0.9239867925643921,-0.495137482881546,1.4283530712127686,0.0,1791183719513,2.4870002,3.4410002,3.5449502,1.312106,6.37541,7.326155,0.600641,-3.021999,-3.917493,-1.9909999,-0.49513748,-0.448525,
36512276710831,-4.895540714263916,2.883057451248169,5.27042060448671,11.743759012222291,5.606880050068539,4.474611234664917,-1.0148903131484985,-0.49293750524520874,1.3183095455169678,0.0,1791183719513,2.7960002,3.183,3.1350002,1.319523,6.244361,7.436855,1.488656,-2.943623,-4.243671,-1.84305,-0.4929375,-0.596475,
36512286705291,-5.19919490814209,2.3255693197250364,4.860506220591757,10.57233374118805,5.824257040683744,4.888414573669434,-1.031597375869751,-0.2609750032424927,1.2838274240493774,0.0,1791183719513,2.5200002,2.84805,3.0270002,1.304139,6.118676,7.543277,1.40109,-3.074118,-4.503321,-1.80895,-0.260975,-0.8157875,
36512296699661,-5.4340667724609375,1.711485171318054,4.509129588922685,9.238378810882569,5.960958224259844,5.087247467041015,-0.9256303906440735,0.27114999294281006,1.3189327716827393,0.0,1791183719513,1.58895,2.21805,3.58995,1.237179,5.991204,7.656036,1.056246,-3.437457,-4.436515,-1.865325,0.27115,-1.0956,
36512306693901,-5.5174055099487305,1.0665300369262696,4.245782767379562,7.314060068130493,6.010185824091143,5.172068786621094,-0.8900313377380371,0.6106374859809875,1.3477036952972412,0.0,1791183719513,-0.61995006,1.90005,3.7459502,1.12222,5.859222,7.774969,-0.6843,-3.846565,-3.956898,-1.8877375,0.6106375,-1.30955,
36512316688286,-6.020444869995117,0.3579897403717041,4.377096754483606,5.528411054611206,5.96846143121337,5.413330554962158,-0.8548701405525208,0.6670125126838684,1.3026787042617798,0.0,1791183719513,-1.8940501,1.5450001,3.63105,0.991005,5.729808,7.888425,-2.375073,-4.01882,-4.26189,-1.784475,0.6670125,-1.3223375,
36512326682516,-5.998475551605225,-0.430795693397522,5.649125359671369,4.04012393951416,5.708281234309241,5.63391752243042,-0.7846242785453796,0.5394124984741211,1.1972779035568237,0.0,1791183719514,-3.0330002,1.20105,4.61205,0.872116,5.608674,7.988879,-3.367094,-4.252029,-4.005608,-1.5961,0.5394125,-1.1669625,
36512336676918,-5.1499714851379395,-1.2092833042144775,6.1125254362766155,2.971937918663025,5.215861602854904,5.62407283782959,-0.6224434971809387,0.3636874854564667,0.9607276320457458,0.0,1791183719514,-2.6790001,1.27995,5.3430004,0.782011,5.506053,8.06919,-3.868357,-4.348126,-2.912759,-1.25235,0.3636875,-0.88275,
36512346671149,-4.876631736755371,-1.8920122623443603,5.7169023707851965,1.9160212516784672,4.735433113600118,5.512585830688477,-0.46683207154273987,0.17008750140666962,0.5872109532356262,0.0,1791183719514,-1.9270501,2.4409502,4.7970004,0.723257,5.437062,8.121282,-3.043458,-3.795506,-3.072591,-0.76285,0.1700875,-0.6092625,
36512356665613,-4.311751365661621,-2.4722392559051514,5.264300437366492,1.2258648395538332,4.2617357987597675,5.271455001831055,-0.4539497196674347,-0.06943749636411667,0.1575438380241394,0.0,1791183719514,-0.57405,3.7429502,3.657,0.69602,5.410559,8.141342,-2.060935,-2.267839,-3.506848,-0.230725,-0.0694375,-0.4805625,
36512366660007,-6.650938034057617,-3.178620767593384,4.7787301283083,0.9229423999786377,3.6861133320719763,5.397553634643555,-0.682564377784729,-0.35997501015663147,-0.264889121055603,0.0,1791183719514,-0.74205005,4.6980004,0.46305,0.6846,5.431052,8.128652,-0.584262,-1.000251,-7.300939,0.2684,-0.359975,-0.605,
36512376654238,-7.272261142730713,-3.9114397525787354,5.854617686313835,0.7638961791992189,2.8826601093835142,5.652310752868653,-0.8539278507232666,-0.46309998631477356,-0.395732045173645,0.0,1791183719514,-2.65995,5.163,-0.73800004,0.681964,5.475221,8.099191,-2.547267,-0.455446,-8.277043,0.41525,-0.4631,-0.75515,
36512386648654,-7.7713751792907715,-4.570718121528626,6.531233393752456,1.0893440246582031,2.0668008728250564,6.176591491699218,-0.7125886678695679,-0.18108749389648438,-0.24675144255161285,0.0,1791183719514,-3.9810002,5.1340504,-0.67095006,0.657763,5.510643,8.077139,-4.091267,-0.284966,-8.901425,0.2374625,-0.1810875,-0.760375,
36512396642884,-7.9848737716674805,-5.012552028894424,7.0646471858512765,1.6261711120605469,1.7858006817003504,6.798239898681641,-0.27602678537368774,0.4094749987125397,-0.062253862619400024,0.0,1791183719514,-4.7190003,5.0719504,-1.38405,0.595941,5.526902,8.070825,-5.008675,-0.48558,-8.993275,0.029975,0.409475,-0.6177875,
36512406637344,-8.267704963684082,-5.407379746437073,8.638152488550714,2.1761000633239744,1.5766628759545462,7.589430618286133,0.13126316666603088,0.8703749775886536,0.0858367383480072,0.0,1791183719514,-6.95205,5.103,-0.49605003,0.50177,5.527841,8.076585,-6.073297,-0.405116,-9.377317,-0.1307625,0.870375,-0.4283125,
36512416631729,-6.563976287841797,-5.607128155231476,9.158127335386252,1.9381207466125483,1.4525957795632112,7.572038269042968,0.520377516746521,1.0810250043869019,0.14521604776382446,0.0,1791183719514,-7.0309505,5.6010003,1.7509501,0.327494,5.555081,8.066834,-7.641999,-0.262367,-7.48333,-0.180675,1.081025,-0.1049125,
36512426625942,-3.9316086769104004,-5.666186821460724,10.658990783923075,1.2798349380493166,1.356053155429751,6.903907775878906,0.806308925151825,1.1023374795913696,-0.024304261431097984,0.0,1791183719514,-7.5820503,5.9479504,4.5550504,0.17347,5.58059,8.054001,-7.277286,0.219694,-4.779413,0.0342375,1.1023375,0.2165625,
36512436620316,-2.179049491882324,-5.618630385398864,11.858893059675031,0.2728568077087399,1.4570716867841471,5.785442638397217,1.1082520484924316,1.1566499471664429,-0.4962538182735443,0.0,1791183719515,-8.724,6.9370503,4.05,0.03731,5.633488,8.01888,-8.177816,0.671972,-3.097081,0.6089875,1.15665,0.539,
36512446614767,-3.7982397079467773,-5.586547255516052,12.674359255631714,0.3233391761779787,1.4893789611202672,4.948115825653076,1.264190435409546,0.9160249829292297,-1.0728988647460938,0.0,1791183719515,-9.486,8.328,-1.1400001,-0.003134,5.727998,7.951731,-9.353625,1.90385,-6.056205,1.321925,0.916025,0.8987,
36512456609011,-7.468574523925781,-5.705311036109924,14.769267814582133,0.6092638969421387,1.5391820846741766,4.788289737701416,1.0440667867660522,-0.040699999779462814,-1.3361380100250244,0.0,1791183719515,-8.37495,10.97595,-5.24595,0.041185,5.861518,7.85372,-9.069941,3.49655,-11.881449,1.6741999,-0.0407,1.3244,
36512466603396,-5.108562469482422,-5.720032358169556,17.23278697579162,1.1551037788391119,1.5319792982671794,4.497206974029541,0.24843275547027588,-1.744462490081787,-1.0874953269958496,0.0,1791183719515,-8.655001,14.895,-0.44595003,0.231162,5.984035,7.75744,-8.421947,6.991673,-11.596027,1.422025,-1.7444625,1.6171374,
36512476597608,3.827021598815918,-5.283904242515564,23.06891691441806,3.231110572814941,2.5845841979690634,2.9454809188842774,-0.25502216815948486,-2.9162375926971436,-0.5644721388816833,0.0,1791183719515,-8.65005,17.958,11.613001,0.545024,6.059407,7.682875,-9.619269,10.46451,-2.689251,0.8558,-2.9162376,1.914,
36512486592008,15.894604682922363,-4.2292142629623415,31.586979949120263,7.467489814758301,5.290917477630662,0.6692499160766602,-0.11711263656616211,-3.0896248817443848,-0.0830460637807846,0.0,1791183719515,-3.6769502,19.747952,24.376951,0.912979,6.082326,7.629663,-7.676819,13.142248,10.857683,0.3779875,-3.089625,2.267375,
36512496586445,25.833709716796875,-2.665825438499451,40.4061895406678,14.185070419311522,8.406307725202485,6.59563980102539,0.26525652408599854,-2.536324977874756,0.29975348711013794,0.0,1791183720080,2.4840002,19.84905,35.10705,1.262641,6.063661,7.594587,-1.768037,13.900723,22.530975,0.0066,-2.536325,2.3662374,
36512506580666,33.56324005126953,-0.7117931604385376,47.8040838102577,22.37404098510742,11.492103867221145,14.802002716064454,0.7001392245292664,-1.4815624952316284,0.5792105793952942,0.0,1791183720645,6.2359505,19.59795,43.153954,1.530955,6.013223,7.585338,3.348209,13.762018,31.777058,-0.3158375,-1.4815625,2.1428,
36512516575036,38.579078674316406,1.5181830167770385,52.022350318616546,30.443438720703124,14.243426514435994,23.539530944824218,1.1507776975631714,-0.17366249859333038,0.7174810171127319,0.0,1791183720645,7.314,18.597,48.03105,1.680733,5.943765,7.608335,5.343635,13.228136,38.177704,-0.540375,-0.1736625,1.7373124,
36512526569249,41.47812271118164,3.892012929916382,55.86609781093556,36.855193805694576,16.56064496428095,31.069751167297362,1.3246246576309204,0.6382749676704407,0.586220920085907,0.0,1791183720645,6.84,16.80105,52.839,1.72802,5.87841,7.648416,5.425635,11.955133,42.732098,-0.4552625,0.63827497,1.30955,
36512536563634,43.57661437988281,6.32834222316742,58.66919511525614,41.55426893234253,18.519577930175423,36.606153106689455,1.2362048625946045,0.7138999700546265,0.027491897344589233,0.0,1791183720645,4.96005,13.279051,56.931004,1.735801,5.856543,7.663417,4.421867,9.345773,47.58211,0.1896125,0.71389997,0.99233747,
36512546558079,42.023826599121094,8.673365139961243,55.69997189537371,44.63246622085572,19.872253078126864,39.8441764831543,1.5271611213684082,0.8883875012397766,-0.8446968793869019,0.0,1791183720645,2.87505,10.15995,54.690002,1.730226,5.913556,7.620772,2.102672,5.549016,49.257603,1.308175,0.8883875,0.9774875,
36512556552310,35.276248931884766,10.652765154838562,46.7448933444923,44.683985233306885,20.443664709423448,40.18677825927735,2.2278876304626465,1.3534125089645386,-1.6551703214645386,0.0,1791183720645,2.868,8.521951,45.871952,1.707608,6.054283,7.514633,0.80369,3.267872,43.189095,2.44475,1.3534125,1.2595,
36512566546695,26.233591079711914,12.296991610527039,35.898011545817376,40.66316165924072,20.307809968983097,37.71768074035644,2.861102342605591,1.77058744430542,-2.1499791145324707,0.0,1791183720645,4.6849504,7.3440003,34.82505,1.676055,6.252123,7.358111,2.037133,1.578444,33.134346,3.221625,1.7705874,1.5723125,
36512576540928,17.216747283935547,13.521442031860351,25.823665484746606,32.19615573883057,19.82347810123853,32.86540565490723,3.1013574600219727,1.9281624555587769,-2.3610591888427734,0.0,1791183720645,5.841,6.7530003,24.231,1.644537,6.477684,7.167644,3.893032,0.550825,22.148678,3.6111624,1.9281625,1.66925,
36512586535321,9.644052505493164,14.392213416099548,18.43997743015452,19.483253479003906,19.243038883301615,26.0788932800293,2.947904109954834,1.7833750247955322,-2.351339340209961,0.0,1791183720645,5.5800004,5.814,16.58595,1.6231,6.707967,6.957638,4.082063,-0.357016,12.975806,3.679225,1.783375,1.5745125,
36512596529562,4.660732746124268,15.024493741989136,14.920399913009465,3.8042717933654764,18.697410283373728,18.60627450942993,2.643982172012329,1.4854124784469604,-2.209897756576538,0.0,1791183720646,5.64195,4.5259504,13.05,1.620646,6.926914,6.740281,3.967202,-1.72518,7.595518,3.564275,1.4854125,1.4606625,
36512606524022,1.9264330863952637,15.534200644493103,12.537772444421703,11.603219604492187,18.187495259050984,11.936311340332031,2.3395867347717285,1.209862470626831,-2.1039843559265137,0.0,1791183720646,5.0059505,3.0900002,11.071951,1.635338,7.133436,6.517648,3.65084,-3.380194,5.680129,3.4940126,1.2098625,1.316975,
36512616518400,-0.5947871208190918,15.832660102844239,10.263316661897257,24.499115467071533,17.868593869685533,6.57063570022583,2.0094478130340576,0.866112470626831,-2.0830788612365723,0.0,1791183720646,4.7130003,1.8280501,8.932051,1.678126,7.319396,6.296849,3.131606,-4.768043,3.782059,3.55465,0.8661125,1.1732875,
36512626512631,-3.5465784072875977,15.851911616325378,7.761424300996621,34.188182544708255,17.847484542666,2.417970561981201,1.7330539226531982,0.596750020980835,-2.0707931518554688,0.0,1791183720646,4.5550504,-0.321,6.2760005,1.752599,7.484277,6.07898,2.923058,-6.61126,1.57939,3.630275,0.59675,1.01255,
36512636507103,-7.241790771484375,15.598774552345276,6.118496323559392,40.80337457656861,18.1350159278147,0.9591980934143066,1.533322811126709,0.46488749980926514,-1.9991841316223145,0.0,1791183720646,4.005,-2.529,3.8730001,1.797598,7.679582,5.816586,2.569207,-9.15049,-0.913941,3.630275,0.4648875,0.8476875,
36512646501477,-10.22136116027832,15.277618479728698,6.375941690233595,44.12239513397217,18.52828712480813,3.935616874694824,1.4393236637115479,0.4478375017642975,-1.906883955001831,0.0,1791183720646,3.3630002,-4.7839503,2.5410001,1.837987,7.865292,5.549685,1.683664,-11.464644,-2.358895,3.6036,0.4478375,0.7134875,
36512656495660,-12.997315406799316,15.001181435585021,7.737606809310024,44.63804731369018,18.90304567646064,6.92036657333374,1.3963344097137451,0.4413749873638153,-1.8526208400726318,0.0,1791183720646,3.59505,-6.7519503,1.16505,1.872248,8.045182,5.273493,1.591942,-13.947757,-3.440215,3.663275,0.441375,0.62095,
36512666490098,-15.225173950195312,14.495350861549378,9.256374928724089,42.71184959411622,19.55839485427505,9.846443939208985,1.260601282119751,0.3190000057220459,-1.8487516641616821,0.0,1791183720646,3.9469502,-8.32695,-0.87405,1.928525,8.208561,4.994031,1.8517,-15.76553,-4.678677,3.8121874,0.319,0.4772625,
36512676484340,-17.670665740966797,13.420466494560241,10.945578240006913,38.750154685974124,20.67407559273444,12.671261405944824,0.9931279420852661,0.06146249920129776,-1.8477363586425781,0.0,1791183720646,3.7390501,-9.637051,-3.5989501,2.005418,8.366591,4.692384,1.932824,-17.340927,-6.811934,3.972925,0.0614625,0.2666125,
36512686478809,-20.276634216308594,11.611904549598695,13.178846846170567,33.8845046043396,21.92293700972798,15.278230094909668,0.697993814945221,-0.1428624987602234,-1.758190631866455,0.0,1791183720646,3.3060002,-11.095051,-6.2970004,2.044943,8.536253,4.357824,1.412064,-18.88486,-9.269012,3.9516125,-0.1428625,-0.0048125,
36512696472965,-22.86388397216797,9.177024865150452,16.05641137255256,29.74304599761963,22.89110177894358,17.8067346572876,0.6777845621109009,0.04867500066757202,-1.539740800857544,0.0,1791183720646,3.4950001,-12.29205,-9.72105,2.034502,8.695415,4.036156,1.360257,-20.50209,-12.031078,3.6004374,0.048675,-0.2740375,
36512706467443,-24.659809112548828,6.2658724069595335,17.794452019878236,26.709869098663333,23.303217034256384,20.1392333984375,0.7232201099395752,0.406312495470047,-1.2437002658843994,0.0,1791183720647,2.9350502,-12.927001,-11.871,1.982317,8.826727,3.768198,1.37174,-21.387577,-14.755873,2.9162376,0.4063125,-0.605,
36512716461830,-26.098892211914062,3.03197386264801,18.74259088663492,24.73194761276245,23.081346555794216,22.31397705078125,0.6785876750946045,0.6692125201225281,-0.9532374739646912,0.0,1791183720647,1.2780001,-14.085001,-12.29895,1.889109,8.928805,3.570392,0.337278,-22.380299,-15.846146,2.1223125,0.6692125,-0.9339,
36512726456066,-27.55061912536621,-0.41946322917938234,19.725652551900396,23.330769634246824,22.219261294182992,24.289967727661132,0.7135350704193115,0.9384375214576721,-0.6914024353027344,0.0,1791183720647,-0.36795002,-15.14595,-12.63195,1.764561,9.004014,3.44297,-1.446352,-23.657396,-15.809704,1.386825,0.9384375,-1.1339625,
36512736450456,-28.750118255615234,-4.035799860954285,21.19373528072616,22.04904766082764,20.590440507358647,25.984664535522462,0.6158285140991211,0.9735000133514404,-0.4795132577419281,0.0,1791183720647,-1.0530001,-15.769051,-14.121,1.626012,9.057023,3.371409,-2.363645,-24.545982,-16.489922,0.80795,0.9735,-1.2148125,
36512746444901,-30.153343200683594,-7.644658350944519,23.80031565526174,20.522189807891845,18.411252665404092,27.442556381225586,0.24943807721138,0.6840624809265137,-0.3043983280658722,0.0,1791183720647,-1.4100001,-16.173,-17.40405,1.488612,9.092553,3.339092,-2.733816,-25.06993,-19.012218,0.324775,0.6840625,-1.27545,
36512756439127,-31.65146255493164,-10.99104392528534,26.133431887434696,18.994443130493163,16.262904002746875,28.84088706970215,-0.3421615660190582,0.16692499816417694,-0.08087814599275589,0.0,1791183721217,-1.386,-16.24995,-20.41995,1.361346,9.108161,3.350842,-2.838788,-25.380024,-22.428524,-0.30415,0.166925,-1.3308625,
36512766433512,-32.58280563354492,-13.93186376094818,27.072696930005694,17.466408348083498,14.486551053210773,30.13766975402832,-0.9445706605911255,-0.318450003862381,0.24731354415416718,0.0,1791183721217,-0.81900007,-16.43205,-21.49995,1.244626,9.094872,3.431361,-2.468282,-25.450533,-24.704523,-1.2183875,-0.31845,-1.4117125,
36512776427739,-32.890899658203125,-16.437246108055113,25.53342513925694,15.927495765686034,13.154606581668817,31.205725860595702,-1.4554507732391357,-0.6674249768257141,0.6836267709732056,0.0,1791183721217,-0.51000005,-17.080952,-18.972,1.131233,9.042036,3.605816,-1.641417,-25.716125,-24.390564,-2.343275,-0.667425,-1.546875,
36512786422204,-32.52469253540039,-18.545683360099794,23.133701100909423,14.153906059265136,12.14605929640788,31.960640716552735,-1.6718547344207764,-0.7132124900817871,1.1906324625015259,0.0,1791183721218,-1.9030501,-18.48105,-13.783951,1.012546,8.942106,3.879884,-2.013541,-26.636126,-20.237753,-3.44575,-0.7132125,-1.6798375,
36512796416604,-32.04630661010742,-20.381035327911377,21.391340804442613,12.2,11.24031554576107,32.3392333984375,-1.4248523712158203,-0.3651999831199646,1.7302396297454834,0.0,1791183721218,-2.9950502,-19.057951,-9.24195,0.886474,8.790752,4.239911,-3.527498,-27.792006,-15.711213,-4.339775,-0.36519998,-1.628825,
36512806410834,-29.902202606201172,-21.9724671125412,19.203800209106642,9.675404357910157,10.171701549271013,31.989381408691408,-1.1376780271530151,-0.06943749636411667,2.2236454486846924,0.0,1791183721218,-2.7630002,-18.32295,-5.04195,0.76267,8.589597,4.655873,-3.710152,-27.356216,-11.863102,-4.9197497,-0.0694375,-1.4606625,
36512816405231,-26.778263092041016,-23.281640911102294,17.73329044787122,6.538505172729494,8.947295682551713,30.828472900390626,-1.0317161083221436,-0.014024999924004078,2.581902503967285,0.0,1791183721218,-3.14805,-17.39895,-1.3549501,0.650833,8.34899,5.090264,-3.46424,-26.232153,-8.086092,-5.137825,-0.014025,-1.3063875,
36512826399690,-23.911893844604492,-24.29990668296814,16.419780629227375,3.048007202148437,7.717736791663131,29.0326717376709,-0.9227719306945801,-0.033137500286102295,2.793023109436035,0.0,1791183721218,-3.6150002,-15.984001,1.026,0.558624,8.082927,5.513097,-3.977764,-24.87912,-5.626305,-5.074025,-0.0331375,-1.0775875,
36512836393906,-20.730527877807617,-24.9743435382843,14.410952812110335,0.7687175750732429,6.722845635877534,26.673838806152343,-0.9047447443008423,-0.25244998931884766,2.8562746047973633,0.0,1791183721218,-4.1130004,-13.662001,2.0269501,0.501944,7.805012,5.905068,-4.344858,-22.714575,-4.011935,-4.8048,-0.25245,-0.75941247,
36512846388301,-18.29854393005371,-25.37820267677307,11.838695081881639,4.916600799560548,6.031528977653309,23.9242862701416,-1.1241774559020996,-0.8760125041007996,2.772127866744995,0.0,1791183721218,-4.47405,-10.839001,1.6290001,0.507773,7.530732,6.250622,-4.872623,-19.835403,-4.395797,-4.3748374,-0.8760125,-0.351725,
36512856382519,-15.833490371704102,-25.52001142501831,8.044844646840058,9.02712593078613,5.766280452503984,21.11054382324219,-1.452480673789978,-1.7891499996185303,2.6682863235473633,0.0,1791183721218,-3.8110502,-7.0129504,1.00695,0.590554,7.247023,6.570534,-4.888365,-16.26206,-5.240039,-3.9650874,-1.78915,0.16335,
36512866376884,-12.61229419708252,-25.389367437362672,5.012481149992695,12.928375816345213,6.021976143724376,18.27735004425049,-1.6767380237579346,-2.6416499614715576,2.703791618347168,0.0,1791183721218,-2.12295,-3.1009502,3.31695,0.772976,6.963229,6.85244,-3.849745,-12.039804,-5.368716,-3.7863374,-2.64165,0.7134875,
36512876371344,-5.977771282196045,-24.804722714424134,10.869353170205489,17.270115184783936,7.196108163041491,14.690525531768799,-1.62430739402771,-3.1152000427246094,2.91965389251709,0.0,1791183721219,0.58095,1.3060501,10.774951,1.059866,6.680644,7.09124,-1.907633,-7.749325,-0.675459,-3.845875,-3.1152,1.2648625,
36512886365565,4.983829498291016,-23.541699528694153,22.958409128459603,22.79157934188843,9.671166320596777,9.547654056549073,-1.163964867591858,-2.945937395095825,3.1619269847869873,0.0,1791183721219,3.4039502,6.4099503,21.781052,1.384121,6.356703,7.329159,0.655519,-2.464597,8.677794,-3.9001875,-2.9459374,1.73525,
36512896359956,18.202611923217773,-21.488374733924864,37.229656970967476,29.741958522796633,13.282383841807496,2.2474228858947756,-0.4906802177429199,-2.3394250869750977,3.1881372928619385,0.0,1791183721219,6.5400004,12.70005,34.38,1.694745,6.04333,7.526355,3.227515,3.118413,20.47076,-3.685275,-2.339425,2.069375,
36512906354416,33.35858917236328,-18.58745481967926,50.70524982433705,38.419465923309325,17.83011376459023,7.590993022918701,0.1387697458267212,-1.710362434387207,2.772779941558838,0.0,1791183721219,9.315001,20.622002,45.376053,1.96698,5.758465,7.681868,5.926485,10.964169,32.820164,-2.9690375,-1.7103624,2.2193875,
36512916348637,44.97956085205078,-15.033532166481018,58.676881467214336,48.14203577041626,22.461072550502564,19.10936403274536,0.5493738651275635,-1.3869625329971313,1.8673055171966553,0.0,1791183721776,12.53505,26.94795,50.593052,2.204189,5.551221,7.769522,8.703575,18.509642,41.040394,-1.737725,-1.3869625,2.1769,
36512926343007,50.26513671875,-11.142744374275207,60.965326136928134,57.03178443908691,26.35760772694099,30.35794563293457,0.811851978302002,-1.0782749652862549,0.8768307566642761,0.0,1791183721776,14.56095,33.762,48.63,2.406725,5.442426,7.786376,11.575194,24.46029,42.589348,-0.5064125,-1.078275,1.9320124,
36512936337240,51.49805450439453,-7.130335736274719,62.4876994812496,63.585076904296876,29.314101819210347,39.660790634155276,0.8544332981109619,-0.5589374899864197,0.3499222695827484,0.0,1791183721776,16.456951,41.36595,43.849052,2.547013,5.399544,7.771591,12.763689,32.62191,38.09106,0.0353375,-0.5589375,1.4542,
36512946331686,53.135711669921875,-2.965882992744446,64.26097779316554,67.75795440673829,31.576427579397254,46.6474105834961,0.185510516166687,-0.4450874924659729,0.32381385564804077,0.0,1791183721776,20.764051,41.482952,44.469,2.629619,5.369903,7.764616,15.563702,37.586002,35.799606,-0.2019875,-0.4450875,0.61036247,
36512956326060,54.06724548339844,1.320052409172058,64.40925326308819,69.06649188995362,33.16922217742528,50.78914184570313,-0.7399636507034302,-0.19181250035762787,0.3385884463787079,0.0,1791183722343,20.72805,35.469,49.606953,2.639409,5.336603,7.784228,19.470825,32.780617,38.993008,-0.625625,-0.1918125,-0.58795,
36512966320296,53.229820251464844,5.610683703422547,59.6662158294434,67.12971925735474,34.04480567797392,52.43919372558594,-0.9826369285583496,0.987387478351593,0.09747034311294556,0.0,1791183722343,14.724001,31.072952,48.762,2.513795,5.319435,7.837378,15.167166,28.114729,42.612564,-0.66275,0.9873875,-1.6863,
36512976314668,44.991607666015625,9.504809069633485,49.170649506227576,60.93214197158813,33.87194774179666,51.38448791503906,-1.0480372905731201,1.7621999979019165,-0.36222541332244873,0.0,1791183722343,9.06105,24.807001,41.47605,2.265591,5.343631,7.896373,9.755477,22.789768,37.616722,-0.245575,1.7622,-2.42275,
36512986309132,33.089439392089844,12.785515666007996,37.274842072167324,49.9501877784729,32.802951043549086,47.702764892578124,-1.298020362854004,1.5769875049591064,-0.8209326267242432,0.0,1791183722344,4.1719503,18.268951,32.22195,1.988652,5.415025,7.922296,4.295908,16.04334,28.88788,0.3216125,1.5769875,-2.7642999,
36512996303363,22.262725830078125,15.500967288017273,27.94416896949863,33.93717470169067,31.18743626604859,41.528167724609375,-1.6228513717651367,0.8542875051498413,-1.0489792823791504,0.0,1791183722344,1.8400501,12.54705,24.90105,1.754749,5.514422,7.908983,1.094131,9.807604,20.504725,0.6876375,0.8542875,-2.759075,
36513006297729,13.425009727478027,17.66732790470123,19.94816945120078,14.29035654067993,29.412686900295565,33.39972057342529,-1.8413052558898926,0.3030500113964081,-1.043738603591919,0.0,1791183722344,0.20505,7.8420005,18.34095,1.572631,5.618264,7.87413,-0.619958,4.441305,13.663429,0.767525,0.30305,-2.661175,
36513016291960,5.748845100402832,19.293683314323424,13.098040733906624,6.45442008972168,27.763160887077394,23.90352554321289,-1.819024920463562,0.1999250054359436,-0.8225321769714355,0.0,1791183722344,-1.6609501,3.6469502,12.469951,1.412045,5.704351,7.842611,-1.910258,1.64E-4,7.527484,0.5737875,0.199925,-2.52175,
36513026286435,-1.667286992073059,20.40591365695,7.104307597016564,25.089044022560124,26.423248570797703,14.571746611595154,-1.5302684307098389,0.49252501130104065,-0.45893508195877075,0.0,1791183722344,-3.31605,0.15705001,6.28095,1.226025,5.744233,7.844786,-3.941269,-3.959025,1.432065,0.2129875,0.492525,-2.3056,
36513036280839,-7.986955642700195,21.04309226870537,5.397656027012907,40.29094297885895,25.563244682494993,6.356467604637146,-1.0982942581176758,0.9182249903678894,0.02019214630126953,0.0,1791183722344,-3.864,-2.8900502,2.4190502,1.038301,5.751205,7.86674,-4.716014,-7.2269,-4.04388,-0.2893,0.918225,-2.0013125,
36513046275061,-11.316425323486328,21.392198199033736,6.996004954420407,51.14850447177887,25.066437835215254,0.35936262607574465,-0.5582571625709534,1.4535125494003296,0.4551321268081665,0.0,1791183722344,-3.96495,-5.7460504,0.45405003,0.829735,5.711933,7.919934,-4.677436,-10.094191,-6.232702,-0.737275,1.4535125,-1.661825,
36513056269435,-14.871248245239258,21.44031030535698,8.923737774277221,58.457807946205136,24.995765119205508,6.0186142206192015,-0.0174863338470459,1.9270625114440918,0.7092150449752808,0.0,1791183722344,-4.11495,-7.2570004,-3.1680002,0.580597,5.623366,8.005041,-4.689266,-12.270538,-9.245918,-0.9629125,1.9270625,-1.3052875,
36513066263916,-18.313840866088867,21.155232971906663,11.049125189791086,62.2156393289566,25.411565042448174,10.831151413917542,0.28153425455093384,1.897362470626831,0.8208966255187988,0.0,1791183722911,-4.257,-8.089951,-6.2059503,0.330833,5.513884,8.094916,-4.49457,-13.245628,-12.965405,-1.030975,1.8973625,-0.909425,
36513076258123,-20.71065330505371,20.418588870763777,12.744627811254563,62.3425895690918,26.382430120630215,14.639824676513673,0.3571392595767975,1.403462529182434,0.7844756841659546,0.0,1791183723484,-4.158,-8.74905,-8.28195,0.154631,5.423431,8.161035,-4.399771,-13.887802,-15.557406,-0.951225,1.4034625,-0.4857875,
36513086252507,-22.254606246948242,19.056667083501814,13.712294111824288,59.021522521972656,27.808564820010524,17.49335479736328,0.38712021708488464,0.7298499941825867,0.6620189547538757,0.0,1791183723485,-3.4950001,-8.382,-10.273951,0.072532,5.3539,8.207954,-4.025578,-14.086421,-17.347305,-0.79048747,0.72985,-0.006875,
36513096246740,-23.65951919555664,16.963560527563097,14.693038138486049,53.361694145202634,29.328012893728992,19.961973571777342,0.4278208911418915,0.07535000145435333,0.5376304388046265,0.0,1791183723485,-1.8700501,-7.2049503,-12.667951,0.070558,5.298105,8.244095,-2.931849,-13.087311,-19.68906,-0.6351125,0.07535,0.465575,
36513106241210,-24.893138885498047,14.050974124670029,15.817627412353298,45.86987724304199,30.42710135413811,21.9663516998291,0.38267281651496887,-0.5674625039100647,0.4862791895866394,0.0,1791183723485,-0.90000004,-6.1270504,-14.554951,0.143961,5.250838,8.273329,-1.535211,-11.859703,-21.932932,-0.56168747,-0.5674625,0.8232125,
36513116235589,-26.069700241088867,10.498511070013047,17.515302660015447,38.08927018642426,30.754561528183068,23.517523574829102,0.3775140643119812,-0.9866999983787537,0.6190640926361084,0.0,1791183723485,2.226,-5.4420004,-16.498951,0.273821,5.197096,8.303929,0.451402,-11.07094,-23.852558,-0.6947875,-0.9867,1.085975,
36513126229805,-26.516756057739258,6.659416431188584,17.631043979879863,31.035211730003358,30.340429815636288,24.67874412536621,0.3109970688819885,-1.1027499437332153,1.0369981527328491,0.0,1791183723485,3.0930002,-4.23105,-16.834051,0.425197,5.109914,8.351527,2.43326,-9.925521,-25.166689,-1.1609125,-1.10275,1.0987625,
36513136224197,-25.67009162902832,2.801009124517441,16.316795421239057,25.002478575706483,29.281206529293858,25.361841201782227,0.23279106616973877,-1.0111750364303589,1.6201421022415161,0.0,1791183723485,2.70195,-3.24495,-15.760951,0.566697,4.969461,8.427533,2.480903,-8.645428,-24.919476,-1.817475,-1.011175,0.989175,
36513146218670,-23.894332885742188,-1.0504931032657623,13.85163785165147,19.390189719200134,27.413645081164635,25.408803939819336,0.17125970125198364,-0.8835750222206116,2.2547667026519775,0.0,1791183724050,2.53005,-2.4520502,-13.39605,0.692335,4.76757,8.534106,1.754319,-7.646267,-23.309406,-2.5166626,-0.883575,0.8944375,
36513156212819,-20.72265625,-4.789988189935684,9.491616343403239,13.743555998802183,24.596250891772655,24.574707412719725,0.03235286474227905,-0.8654249906539917,2.7966654300689697,0.0,1791183724604,1.9339501,-1.6980001,-9.13605,0.807398,4.509739,8.663161,1.65841,-6.526523,-20.199108,-3.0914125,-0.865425,0.775225,
36513166207266,-16.104049682617188,-8.256681686639785,3.9006334981758846,7.941752624511718,20.761577130004,22.58157730102539,-0.13305258750915527,-0.9516375064849854,3.1389355659484863,0.0,1791183725167,0.63600004,-0.96300006,-3.726,0.934783,4.223645,8.793576,0.238156,-5.620332,-15.272968,-3.4266374,-0.9516375,0.6730625,
36513176201496,-10.708588600158691,-11.041691499948502,2.233500092917767,1.926589012145996,16.78744714634425,19.419943809509277,-0.17461782693862915,-0.9889000058174133,3.253922939300537,0.0,1791183725732,0.60705,0.48495004,2.094,1.053402,3.908579,8.924875,-0.558021,-4.230269,-9.840141,-3.4958,-0.9889,0.65395,
36513186195888,-4.147602081298828,-12.903543573617934,8.825500372740382,4.846527671813963,13.540697039007272,15.11544589996338,-0.23116129636764526,-1.0719499588012695,3.048917770385742,0.0,1791183725732,0.71295005,2.493,8.436001,1.172426,3.602046,9.038289,-0.408895,-2.12569,-3.596949,-3.2286375,-1.07195,0.595375,
36513196190138,1.3005183935165405,-13.951653945446015,12.883350777305301,11.889876055717467,11.423939100865777,10.076475644111634,-0.3020910918712616,-1.2006499767303467,2.4370551109313965,0.0,1791183726310,0.38505003,4.36305,12.115951,1.291051,3.340645,9.122132,-0.678354,0.091773,1.459559,-2.5507624,-1.20065,0.4761625,
36513206184592,4.153877258300781,-14.415210568904877,14.909114651885208,18.416354632377626,10.450259669147455,5.101168942451477,-0.39699578285217285,-1.4251874685287476,1.6152658462524414,0.0,1791183726310,-0.19095,6.1060505,13.600051,1.427852,3.162315,9.165205,-1.368216,2.168705,3.906457,-1.6759875,-1.4251875,0.32835,
36513216178963,5.364048480987549,-14.43445039987564,16.16354931100602,23.871194815635683,10.413407432627645,0.8075493097305297,-0.47822651267051697,-1.5710749626159668,0.8616101741790771,0.0,1791183726310,-1.3759501,7.0620003,14.47395,1.575172,3.061509,9.175293,-2.193095,3.600688,4.904327,-0.8916875,-1.571075,0.1665125,
36513226173196,5.914607048034668,-14.055355697870255,17.1388026214982,27.87893102169037,10.993158119560418,2.517089819908142,-0.4266115128993988,-1.3953499794006348,0.3217110335826874,0.0,1791183726310,-2.2810502,7.76805,15.1060505,1.709831,3.019563,9.165082,-3.74991,4.396807,5.575338,-0.3317875,-1.39535,0.06545,
36513236167664,6.646782875061035,-13.323668771982193,17.779253741912367,30.08477075099945,11.828009671846937,4.675966811180115,-0.24052301049232483,-0.9101125001907349,-0.02540062926709652,0.0,1791183726311,-2.39205,8.508,15.427051,1.804999,3.015792,9.148061,-4.149141,5.099686,6.257948,0.0342375,-0.9101125,0.0356125,
36513246162046,6.646295547485352,-12.425532728433609,17.563220415869356,30.319829654693603,12.60292374322512,5.745122241973877,-7.416270673274994E-4,-0.21834999322891235,-0.2736111581325531,0.0,1791183726882,-2.2690501,9.448951,14.629951,1.83921,3.038772,9.133629,-4.219266,5.93383,6.006623,0.2960375,-0.21835,0.0122375,
36513256156287,6.077132701873779,-11.378113681077958,17.525980960606606,28.711350631713866,13.211924742391682,6.129773330688477,0.20387433469295502,0.3636874854564667,-0.46753713488578796,0.0,1791183727451,-1.6129501,10.60995,13.85595,1.816186,3.082565,9.123555,-3.70543,6.941091,4.920152,0.5014625,0.3636875,-0.0037125,
36513266150746,6.585503578186035,-10.133146458864212,18.397742987383417,25.79400815963745,13.66507861985639,6.374064350128174,0.3133904039859772,0.6499624848365784,-0.6830925941467285,0.0,1791183728020,-1.2400501,11.44995,14.347051,1.759421,3.146627,9.112803,-3.131517,7.987939,4.928509,0.7291625,0.6499625,-0.0281875,
36513276145136,7.468588352203369,-8.724184376001357,19.434162345503744,21.800306510925296,13.951561575673498,6.684860610961914,0.3528784215450287,0.6862624883651733,-0.9820172190666199,0.0,1791183728021,-1.7740501,11.30895,15.705001,1.693404,3.238234,9.093197,-3.101414,8.205184,5.704684,1.0473375,0.6862625,-0.059125,
36513286139386,9.405763626098633,-7.141165882349014,21.635385467873558,17.313132405281067,14.121659172215438,7.236656761169433,0.4256118834018707,0.5978500247001648,-1.3216089010238647,0.0,1791183728021,-3.1650002,11.035951,18.337952,1.634241,3.361226,9.059329,-4.081335,7.823618,8.008256,1.4262875,0.59785,-0.0187,
36513296133782,11.271659851074219,-5.3946069300174715,22.789589034403736,13.262898564338684,14.130803139514741,8.161729621887208,0.7156053781509399,0.6712750196456909,-1.7369318008422852,0.0,1791183728021,-2.8489501,10.452001,20.05005,1.5788,3.52278,9.007632,-4.873441,7.238291,10.286561,1.92115,0.671275,0.1793,
36513306128032,12.678001403808594,-3.516049915552139,23.3986196348948,10.2894526720047,13.909419185917578,9.48190336227417,1.1179019212722778,0.8894875049591064,-2.1801154613494873,0.0,1791183728021,-1.7260501,10.582951,20.79705,1.516159,3.726291,8.93622,-3.783687,6.637343,11.777735,2.4649625,0.8894875,0.4368375,
36513316122501,12.737408638000488,-1.5756944715976715,22.501197098180917,8.19519455432892,13.322250239278711,10.712284374237061,1.475570559501648,1.106600046157837,-2.656181573867798,0.0,1791183728021,-0.79905003,11.0140505,19.605001,1.443734,3.97638,8.839911,-2.609929,6.820604,11.478999,3.0492,1.1066,0.6400625,
36513326116876,11.55500316619873,0.3278934895992279,20.78007114807273,6.8536005258560175,12.303521352951117,11.529567337036132,1.69990873336792,1.1863499879837036,-3.008007526397705,0.0,1791183728021,-0.64095,11.268001,17.448,1.371017,4.265241,8.715966,-2.010488,6.919604,9.922215,3.5047374,1.18635,0.7794875,
36513336111124,9.659520149230957,2.0943740785121916,19.218138727663398,5.83519639968872,10.900247029578564,11.580318641662597,1.8766016960144043,1.2545499801635742,-3.0994207859039307,0.0,1791183728021,-0.735,11.47605,15.397951,1.302762,4.570776,8.570346,-2.030818,6.717019,7.771796,3.6834874,1.25455,0.91685,
36513346105584,8.763066291809082,3.727244037389755,19.432172629770204,4.948826599121094,9.197937231321035,11.07859992980957,2.080289363861084,1.3800874948501587,-2.919452428817749,0.0,1791183728021,0.31800002,12.469951,14.899951,1.23733,4.86496,8.416721,-1.718784,7.062087,6.373977,3.5611124,1.3800875,1.1009625,
36513356099963,10.580339431762695,5.29239382147789,21.79283033692052,4.285003185272217,7.389906635793461,10.659067535400391,2.1093215942382812,1.2885124683380127,-2.7130987644195557,0.0,1791183728021,2.9509501,13.677001,16.708052,1.186482,5.137292,8.26078,0.347982,8.00122,7.525906,3.39295,1.2885125,1.2137125,
36513366094216,12.604776382446289,6.7278351247310635,22.7624584972578,3.9476804733276367,5.686245295039616,10.632541084289551,1.8483253717422485,0.9128624796867371,-2.7071847915649414,0.0,1791183728022,5.56605,13.906951,17.139,1.166107,5.403853,8.091883,3.200698,8.505594,9.124141,3.4419,0.9128625,1.1328624,
36513376088596,12.110372543334961,7.868783181905746,21.213637702480305,3.5069581985473643,4.156773378911597,10.743614959716798,1.3292555809020996,0.40521249175071716,-2.752981424331665,0.0,1791183728022,6.543,13.909051,14.62005,1.176749,5.67513,7.902417,5.110205,8.234316,8.343957,3.5377374,0.4052125,0.8306375,
36513386083045,9.530078887939453,8.55266723036766,19.413677115194993,2.5559970855712884,3.1191965252839986,10.717726707458496,0.7235091924667358,-0.07150000333786011,-2.5922892093658447,0.0,1791183728022,6.3300004,14.203051,11.623051,1.207891,5.937692,7.702261,5.330455,8.024426,5.103644,3.368475,-0.0715,0.447425,
36513396077276,8.731218338012695,8.924202227592469,19.542571754676313,1.2294537544250481,2.638798892771282,10.711357116699219,0.10903748124837875,-0.5046250224113464,-2.1643614768981934,0.0,1791183728022,5.202,15.219001,11.10105,1.252279,6.164097,7.515033,4.589354,8.533041,3.622113,2.83635,-0.504625,0.0834625,
36513406071668,9.68438720703125,9.200727725028992,20.944042310259558,0.18011770248413228,2.403723630177616,10.532166671752929,-0.43273717164993286,-0.8824750185012817,-1.617652416229248,0.0,1791183728022,4.0480504,15.621,13.35105,1.304906,6.338719,7.359204,3.162455,9.198785,4.412406,2.1201124,-0.882475,-0.1920875,
36513416066141,12.641900062561035,9.564620304107667,24.479272566104893,0.9899759292602539,2.3455377747784403,10.539591407775879,-0.9084746837615967,-1.2931874990463257,-1.1015774011611938,0.0,1791183728022,4.1509504,15.216001,18.72105,1.373833,6.459273,7.240882,2.602717,8.960915,8.622419,1.4251875,-1.2931875,-0.3463625,
36513426060372,16.355653762817383,10.086672639846801,28.081712192382316,0.19167098999023402,2.6208368406011506,11.388647651672363,-1.1881037950515747,-1.4730374813079834,-0.7983770370483398,0.0,1791183728022,4.66995,14.314051,23.704052,1.450763,6.542932,7.150197,2.932801,8.305042,14.222162,0.996325,-1.4730375,-0.482625,
36513436054745,18.78955078125,10.69381103515625,30.662099519036225,2.161942100524902,3.113764768171333,13.240542030334472,-1.1844226121902466,-1.307075023651123,-0.689964234828949,0.0,1791183728022,4.8619504,12.250051,27.685051,1.512723,6.610172,7.075118,3.402353,6.8755,18.874954,0.8281625,-1.307075,-0.596475,
36513446048971,18.587745666503906,11.290883541107178,29.780377883588542,4.552779960632323,3.4111034242888705,15.211847496032714,-0.7366276979446411,-0.6355249881744385,-0.7654697299003601,0.0,1791183728022,3.8560503,9.68595,27.895952,1.531073,6.680001,7.005242,2.938682,4.210356,21.346214,0.9334875,-0.635525,-0.6285125,
36513456043430,15.500288009643555,11.762041306495666,26.379816547967614,5.742486572265625,3.307632286034186,16.375027656555176,0.03462514281272888,0.28929999470710754,-0.893775224685669,0.0,1791183728022,2.52495,7.7920504,25.07595,1.49273,6.761441,6.935031,1.696127,1.866395,19.718937,1.159125,0.2893,-0.482625,
36513466037815,11.646647453308105,12.01509850025177,21.947681232913048,5.432362174987791,3.0882409298403264,16.17597713470459,0.7698663473129272,0.9894499778747559,-1.056250810623169,0.0,1791183728602,1.0890001,6.16095,21.03705,1.41778,6.857558,6.85593,0.392016,0.194893,16.371937,1.469875,0.98945,-0.1931875,
36513476032033,6.6883087158203125,11.976084518432618,16.294539616024544,3.524781417846679,3.1497470841361963,14.242508125305175,1.356520414352417,1.3407624959945679,-1.2560194730758667,0.0,1791183728602,-0.70395005,4.37295,15.681001,1.339031,6.972862,6.754719,-1.150108,-1.740003,11.727839,1.864775,1.3407625,0.2143625,
36513486026483,1.545685052871704,11.58308058977127,11.111529438388636,0.08237786293029714,3.8569144120866174,10.793734979629516,1.7877259254455566,1.3331999778747559,-1.3980356454849243,0.0,1791183728602,-1.35,3.3600001,10.504951,1.292326,7.104022,6.625919,-2.530347,-3.341203,6.361945,2.2202125,1.3332,0.7816875,
36513496020873,-2.302015781402588,10.90439680814743,6.688911757037068,3.916383981704711,4.904092477180356,6.615782690048218,1.9730268716812134,0.9862874746322632,-1.5055923461914062,0.0,1791183728603,-0.78300005,2.6440501,6.0940504,1.287473,7.220788,6.499436,-2.451274,-4.243268,1.728755,2.54265,0.9862875,1.37555,
36513506015106,-5.454212188720703,9.997786128520966,3.187546439155226,8.114708757400512,6.0374747082582,2.424882650375366,2.013124942779541,0.5616874694824219,-1.534195899963379,0.0,1791183728603,0.45195,2.256,2.2060502,1.372068,7.370401,6.311469,-1.630861,-4.97946,-2.299468,2.7874,0.56168747,1.86395,
36513516009499,-7.53839111328125,8.98399614095688,3.337715527652105,12.800772714614867,7.100980900695692,1.4121250629425048,2.0106072425842285,0.2648249864578247,-1.4413440227508545,0.0,1791183728603,1.9120501,2.46,-1.197,1.513219,7.517492,6.102252,-0.316337,-5.239078,-5.573814,2.8587625,0.264825,2.1938124,
36513526003949,-9.027596473693848,7.95486615896225,6.233191439949545,17.79584813117981,8.078068506878338,4.555306100845337,2.0523018836975098,0.23388749361038208,-1.224675178527832,0.0,1791183728603,2.8459501,3.1369503,-4.57305,1.681616,7.650027,5.889757,0.702789,-4.909532,-8.844883,2.70545,0.2338875,2.3386,
36513535998170,-9.726655006408691,6.985557401180268,8.618769738516074,22.02162160873413,8.933204834137234,6.809774112701416,2.0784547328948975,0.35942500829696655,-0.8970513939857483,0.0,1791183728603,3.6649501,4.1599503,-6.5989504,1.849536,7.752831,5.702004,1.37284,-4.16,-11.50623,2.2999625,0.359425,2.3375,
36513545992538,-9.058178901672363,6.094495141506195,10.673000844931657,24.536034393310548,9.577069149431768,8.161006736755372,2.004903793334961,0.49678748846054077,-0.5514017939567566,0.0,1791183728603,4.8310504,5.67495,-7.6399503,2.041338,7.861269,5.483923,2.184209,-2.965993,-12.748612,1.804,0.4967875,2.199175,
36513555986998,-7.684568881988525,5.181249725818634,11.779451533586949,24.783055210113524,9.968612070999672,8.607078075408936,1.638191819190979,0.38926249742507935,-0.326493501663208,0.0,1791183728603,5.65395,6.8650503,-7.7239504,2.216502,7.940145,5.299172,3.139108,-1.613136,-13.107346,1.3847625,0.3892625,1.8671125,
36513565981137,-6.40297269821167,4.230862271785736,12.465809001275707,22.622502517700195,10.120487308755665,8.37999439239502,1.0381007194519043,0.02419999986886978,-0.26665666699409485,0.0,1791183728603,6.5470505,7.5979505,-7.4029503,2.356199,7.988446,5.164599,3.662605,-0.70615,-12.728563,1.1485375,0.0242,1.4084125,
36513575975608,-5.339641094207764,3.3583615899085997,12.765030686351462,18.436138296127318,10.155707683601403,7.642403316497803,0.3447185158729553,-0.4258374869823456,-0.3087635636329651,0.0,1791183728603,7.3690505,7.8229504,-6.8880005,2.458394,8.020799,5.065872,4.582735,-0.228539,-12.191698,1.0102125,-0.4258375,0.85085,
36513585970083,-4.9112420082092285,2.6362955451011656,12.226728955588898,13.29510340690613,10.204500558325048,6.6793207168579105,-0.26901036500930786,-0.7089499831199646,-0.3710879683494568,0.0,1791183728603,7.4020505,7.4110503,-6.30705,2.526908,8.058552,4.971365,5.017003,-0.36206,-11.644688,0.831325,-0.70895,0.19635,
36513595964314,-5.0892839431762695,1.9452704310417175,10.861221154079548,8.310424375534058,10.23626595324205,5.885541725158691,-0.6842691898345947,-0.7037249803543091,-0.4041796326637268,0.0,1791183729168,6.7099504,6.39405,-5.6620502,2.565762,8.111848,4.863619,4.604653,-1.131221,-10.797132,0.552475,-0.703725,-0.4965125,
36513605958698,-6.071298122406006,1.1574861645698546,8.819487359140426,4.150762510299683,10.216609455195398,5.562887573242188,-0.8233107328414917,-0.39297500252723694,-0.38625964522361755,0.0,1791183729168,5.4630003,4.84005,-4.9510503,2.561999,8.175887,4.757212,3.497507,-2.502495,-10.089781,0.1907125,-0.392975,-1.1233749,
36513615952944,-7.382725715637207,0.15625487565994262,6.689317247059673,1.2035320758819577,10.021417937847849,5.758838176727295,-0.8088550567626953,0.018975000828504562,-0.32618385553359985,0.0,1791183729168,4.48605,3.0679502,-3.9,2.472915,8.223286,4.722526,2.470892,-4.252172,-9.209942,-0.17215,0.018975,-1.6214,
36513625947406,-8.629598617553711,-1.093007743358612,4.126222372113439,0.3929444313049322,9.466081304251004,6.416829681396484,-0.7932822108268738,0.32752498984336853,-0.26029300689697266,0.0,1791183729169,3.00195,1.24395,-2.5429502,2.31143,8.252824,4.752701,1.540621,-6.077361,-7.990343,-0.4329875,0.327525,-1.9938875,
36513635941785,-9.975325584411621,-2.5312515616416933,2.023525091034467,0.7313603401184086,8.468596212779953,7.429646396636963,-0.7917873859405518,0.46584999561309814,-0.21641042828559875,0.0,1791183729169,1.1410501,-0.11805001,-1.6669501,2.121147,8.27765,4.798046,-0.136572,-7.833195,-6.80028,-0.525525,0.46585,-2.1885874,
36513645936011,-10.768377304077148,-3.999057710170746,1.0942010523985641,0.04161300659179723,7.117202874315503,8.565465068817138,-0.8569109439849854,0.37331250309944153,-0.18737827241420746,0.0,1791183729169,0.13095,-0.702,-0.82905006,1.926717,8.299701,4.841773,-1.433731,-8.755466,-6.216726,-0.4882625,0.3733125,-2.1800625,
36513655930398,-10.621841430664062,-5.305164182186127,1.4443338871679845,1.0955793380737298,5.668377340412681,9.47557373046875,-1.0171563625335693,0.0859375,-0.19004513323307037,0.0,1791183729169,-0.31305,-1.128,0.846,1.748652,8.317933,4.877933,-1.830274,-9.240567,-4.926498,-0.3573625,0.0859375,-2.06195,
36513665924871,-10.27527141571045,-6.401260125637054,2.574512357821708,2.4116795539855955,4.2185279145013395,10.054082870483398,-1.1095534563064575,-0.1704999953508377,-0.25779208540916443,0.0,1791183729169,-0.89295006,-1.53495,1.86405,1.592398,8.337463,4.89806,-2.222292,-9.691054,-3.340115,-0.100925,-0.1705,-1.89695,
36513675919095,-10.3365478515625,-7.252502954006195,2.453971940049104,3.716152000427245,3.0461200344217425,10.395472717285156,-1.0515165328979492,-0.29823750257492065,-0.33940112590789795,0.0,1791183729169,-0.84495,-1.50195,1.74705,1.461096,8.365035,4.891972,-2.430967,-9.917345,-3.022781,0.18645,-0.2982375,-1.6522,
36513685913459,-10.307677268981934,-7.845171070098877,1.9548964868993064,4.576401329040528,2.350295867076853,10.461943054199219,-0.9307833909988403,-0.3375625014305115,-0.4000004529953003,0.0,1791183729169,-0.19605,-1.269,1.47405,1.353645,8.398808,4.864946,-1.909318,-9.829013,-3.263905,0.41415,-0.3375625,-1.40745,
36513695907896,-10.051685333251953,-8.232654547691345,1.4126483002881003,4.755717086791991,2.0201123605721043,10.318604660034179,-0.7972803115844727,-0.3119874894618988,-0.450428307056427,0.0,1791183729169,0.39900002,-0.84795004,1.0570501,1.264377,8.437105,4.822512,-1.144886,-9.491421,-3.520747,0.5929,-0.3119875,-1.2298,
36513705902114,-9.943756103515625,-8.457131743431091,0.7879141818364647,4.424149417877198,1.9470157337679925,10.182987594604493,-0.6390803456306458,-0.2120250016450882,-0.48610156774520874,0.0,1791183729169,0.564,-0.45795003,0.30495003,1.185108,8.479338,4.768268,-0.668179,-9.126639,-4.041112,0.7217375,-0.212025,-1.1158125,
36513715896497,-10.027161598205566,-8.581570267677307,0.6702335121977651,3.7165359497070316,1.9637797206390766,10.133365631103516,-0.478251576423645,-0.0789249986410141,-0.4953187108039856,0.0,1791183729169,0.44205,-0.052950002,-0.50100005,1.110778,8.525569,4.703278,-0.565119,-8.787404,-4.830851,0.7866375,-0.078925,-1.039225,
36513725890735,-10.03847885131836,-8.632114386558532,1.1932248334707103,2.6441054344177246,1.9874753446197728,10.073751831054688,-0.2926657199859619,0.1083500012755394,-0.47041967511177063,0.0,1791183729169,0.025950002,0.23805001,-1.1689501,1.02974,8.575635,4.630133,-0.694771,-8.447215,-5.447237,0.77494997,0.10835,-0.992475,
36513735885203,-10.330340385437012,-8.662298655509948,2.3498634320894314,1.512819385528564,2.0083437888264037,10.078284454345702,-0.017530202865600586,0.3988874852657318,-0.41067764163017273,0.0,1791183729743,-0.864,0.47505003,-2.1330001,0.934427,8.622209,4.563377,-1.360814,-8.314223,-6.196904,0.6909375,0.3988875,-0.9328,
36513745879569,-10.246113777160645,-8.721695399284362,3.631005544044257,0.6415964126586928,2.0365422311997317,10.117170143127442,0.2546577751636505,0.6553249955177307,-0.3284097909927368,0.0,1791183729744,-1.76205,1.5169501,-2.7889502,0.832355,8.660869,4.509605,-2.197269,-7.766304,-6.945189,0.5643,0.655325,-0.809325,
36513755873802,-9.53557300567627,-8.81424560546875,4.879894597850462,0.01854934692382848,2.029353834613523,10.03553352355957,0.38711750507354736,0.7383750081062317,-0.2678607702255249,0.0,1791183729744,-2.1780002,2.66805,-3.45705,0.735828,8.692906,4.464521,-2.725629,-6.584481,-7.661461,0.47808748,0.738375,-0.6667375,
36513765868247,-8.555100440979004,-8.921851992607117,5.759863723158685,0.6543514251708977,1.9543141535223956,9.741121292114258,0.25756075978279114,0.5286874771118164,-0.23980902135372162,0.0,1791183729744,-2.799,4.0350003,-3.01005,0.657064,8.721101,4.421612,-3.140071,-5.389238,-7.865155,0.4514125,0.5286875,-0.539,
36513775862622,-6.85463809967041,-8.997601842880249,6.847258826012746,1.3575899124145518,1.8400170349125922,9.104353141784667,0.025127947330474854,0.2116124927997589,-0.2539282441139221,0.0,1791183729744,-3.9019501,5.40495,-1.5640501,0.6008,8.748955,4.374336,-3.878682,-4.064368,-6.694998,0.50888747,0.2116125,-0.4368375,
36513785856869,-4.991799354553223,-9.001629710197449,8.810336152038959,2.281959724426269,1.8311341591776185,8.03664493560791,0.05704978108406067,0.1541374921798706,-0.2844485640525818,0.0,1791183729744,-5.004,7.1329503,-1.3050001,0.562773,8.778758,4.319341,-5.080851,-2.549911,-5.48121,0.61105,0.15413749,-0.26345,
36513795851329,-3.4697275161743164,-8.92065188884735,11.038078643248793,3.501619911193848,2.0276265744786404,6.681367683410644,0.2637285888195038,0.2488749921321869,-0.2916679382324219,0.0,1791183729744,-4.977,9.549001,-2.42595,0.493031,8.83215,4.217828,-5.552199,-0.649634,-6.052467,0.6791125,0.24887499,0.0122375,
36513805845713,-1.1331398487091064,-8.673743975162505,14.093169149501104,5.132484579086304,2.5839180234945567,5.000881052017212,0.281230092048645,0.1498750001192093,-0.26466238498687744,0.0,1791183729744,-4.7119503,12.934951,-3.0169501,0.479592,8.873384,4.131956,-5.342436,2.316249,-7.041592,0.6589,0.149875,0.268675,
36513815839936,2.3812434673309326,-8.185545516014098,17.657668437033436,7.260139560699463,3.5306650332463048,2.8136122703552244,0.04131340980529785,-0.2046000063419342,-0.20582590997219086,0.0,1791183730316,-3.9139502,17.095951,-2.05005,0.520416,8.89771,4.074303,-5.036101,5.995754,-6.722971,0.555775,-0.2046,0.4752,
36513825834391,7.311160087585449,-7.388507580757141,21.76992227324344,10.09783182144165,4.881379024121339,0.019547367095947267,-0.3840601146221161,-0.6930000185966492,-0.12392023205757141,0.0,1791183730316,-1.8700501,21.657001,1.18605,0.590918,8.91417,4.028445,-3.47615,10.482787,-4.900616,0.38115,-0.693,0.5432625,
36513835828771,13.316740036010742,-6.223904299736023,26.189752861082592,13.798425388336183,6.600935005690383,3.68125524520874,-0.9521695971488953,-1.2071125507354736,-0.06022971123456955,0.0,1791183730317,-0.423,25.284,6.8149505,0.670707,8.922656,3.997047,-1.803384,14.805413,-0.097573,0.2024,-1.2071126,0.32615,
36513845822989,18.195173263549805,-4.775726771354675,29.712195327006,18.049768924713135,8.381949683896295,8.014235401153565,-1.2346336841583252,-1.3261874914169312,-0.03928157687187195,0.0,1791183730317,-0.59595,26.761051,12.89595,0.72753,8.927287,3.976718,-0.90492,17.42004,5.898684,0.0820875,-1.3261875,-0.0804375,
36513855817374,20.770221710205078,-3.206123614311218,32.11103895359318,22.13602900505066,9.935509438041114,12.394907712936401,-0.8249749541282654,-0.7132124900817871,-0.016385182738304138,0.0,1791183730317,-1.6300501,25.681051,19.20795,0.733459,8.929229,3.971259,-1.74882,17.554565,12.107519,-0.0380875,-0.7132125,-0.42515,
36513865811838,21.249496459960938,-1.6298852205276488,33.28703353841905,25.27291145324707,11.119129707325227,16.1685583114624,0.2972698509693146,0.5819000005722046,-0.020113574340939522,0.0,1791183730317,-3.7159503,24.108002,22.650002,0.676426,8.929781,3.980138,-3.279142,15.784698,17.464046,-0.0466125,0.5819,-0.565675,
36513875806085,20.991090774536133,-0.06350328922271728,32.75441614458704,26.94118938446045,11.957283225446051,18.90454444885254,1.4635273218154907,1.8185750246047974,-0.09447818249464035,0.0,1791183730883,-5.32905,23.574001,22.107,0.567956,8.935625,3.983971,-5.318272,14.931307,18.90392,0.160875,1.818575,-0.5017375,
36513885800495,19.283491134643555,1.4160551309585572,29.736876347679157,26.779262351989747,12.419971161411006,20.0978946685791,2.027189254760742,2.342175006866455,-0.23818577826023102,0.0,1791183730883,-6.37095,22.344002,18.559052,0.44342,8.954143,3.958122,-6.30704,14.096368,16.561901,0.5515125,2.342175,-0.3411375,
36513895794983,16.20730972290039,2.7290048837661742,26.13761131279489,24.70120301246643,12.525791537836678,19.70032196044922,1.8259656429290771,2.002687454223633,-0.39987632632255554,0.0,1791183730883,-7.27995,20.494951,14.496,0.343006,8.988693,3.889186,-7.221768,12.476854,12.639702,0.997425,2.0026875,-0.1155,
36513905789209,12.809744834899902,3.8666799306869506,22.719294263066395,20.92183885574341,12.355252789119103,18.108226585388184,1.2540132999420166,1.2417625188827515,-0.5294303297996521,0.0,1791183730884,-7.1509504,19.011002,10.179001,0.295386,9.037559,3.778268,-7.693689,10.550935,8.589499,1.386825,1.2417625,0.1739375,
36513915783642,10.413339614868164,4.888704991340637,20.36245783294268,15.921447849273681,12.004113140418013,15.940995216369629,0.6914938688278198,0.5106750130653381,-0.56369948387146,0.0,1791183730884,-5.38395,18.61095,6.267,0.303894,9.093162,3.641711,-6.799582,9.695668,4.380578,1.5549875,0.510675,0.45595,
36513925778027,9.054726600646973,5.843365263938904,18.962769112433268,9.872467136383056,11.528837841721622,13.553722381591797,0.2480621635913849,-0.016224998980760574,-0.48574185371398926,0.0,1791183730884,-2.74095,18.178051,4.65105,0.351754,9.144047,3.507519,-4.390992,9.230587,1.675247,1.4166625,-0.016224999,0.5933125,
36513935772273,8.477953910827637,6.783779978752136,17.998767103441107,3.378379535675048,10.922332044492979,11.392614936828613,-0.012056127190589905,-0.2620750069618225,-0.3734743893146515,0.0,1791183731453,-0.51195,17.409,4.5409503,0.411114,9.184191,3.394353,-1.974747,8.709208,1.151555,1.143175,-0.262075,0.5358375,
36513945766733,7.478699207305908,7.670020627975464,16.587645904486166,2.748014879226684,10.199764525303966,9.646892833709718,-0.0501774325966835,-0.22907499969005585,-0.27647700905799866,0.0,1791183732021,0.92100006,15.939001,4.5,0.459151,9.214106,3.305971,-0.140941,7.518104,1.235148,0.8707875,-0.229075,0.368775,
36513955761113,5.906762599945068,8.442137408256531,14.925594475175282,7.902261924743652,9.422996518019652,8.26629638671875,0.11740390956401825,0.0317624993622303,-0.1843976080417633,0.0,1791183732595,1.6009501,14.338051,3.8250003,0.483722,9.234707,3.244412,0.878358,5.855081,1.045316,0.58341247,0.0317625,0.1772375,
36513965755343,4.090020656585693,9.074393463134765,12.97792706757197,11.902911853790284,8.65418147172306,7.001632595062256,0.42597055435180664,0.4489375054836273,-0.07998572289943695,0.0,1791183733186,1.86705,12.585001,2.56095,0.477671,9.245476,3.214503,1.370432,4.256957,0.021776,0.2396625,0.4489375,-0.0281875,
36513975749805,1.877704381942749,9.511010587215424,11.010848578794874,14.53166651725769,8.037856479970236,5.566228151321411,0.7720540165901184,0.9107999801635742,0.051914893090724945,0.0,1791183733186,2.025,10.806001,0.60705,0.437875,9.244358,3.223369,1.431777,2.495942,-1.643877,-0.1903,0.9108,-0.238975,
36513985744209,-0.46802961826324463,9.737199074029922,8.947790700005914,15.923290514945984,7.682347487702368,3.7770314455032348,1.0566190481185913,1.3087249994277954,0.2273939996957779,0.0,1791183733186,1.4770501,8.82405,-0.132,0.378145,9.235624,3.255803,1.505872,0.567766,-3.194235,-0.7363125,1.308725,-0.4464625,
36513995738461,-2.362210750579834,9.792574912309647,6.964853375147236,16.299377131462098,7.59039108647128,1.8088494539260864,1.2301677465438843,1.5673625469207764,0.4065205454826355,0.0,1791183733186,0.80595005,6.918,0.030000001,0.289909,9.211322,3.332791,0.883029,-1.299351,-3.431635,-1.2480875,1.5673625,-0.6061,
36514005732940,-4.251319408416748,9.636665934324265,4.939953149747298,16.163762164115905,7.841091471778379,0.22276694774627687,1.2746504545211792,1.6589374542236328,0.5641340613365173,0.0,1791183733186,-0.57405,4.8829503,0.48000002,0.173875,9.161631,3.474809,0.072508,-3.294308,-3.307896,-1.6259375,1.6589375,-0.697675,
36514015727325,-5.769049644470215,9.229151278734207,4.0182988115038025,15.748303389549255,8.39948767129775,2.1945810079574586,1.1616036891937256,1.5237749814987183,0.6846992373466492,0.0,1791183733186,-1.9990501,3.1300502,1.5340501,0.056207,9.098854,3.639738,-1.43788,-5.137316,-2.668373,-1.8536375,1.523775,-0.6529875,
36514025721566,-6.597701072692871,8.53370822072029,4.446115155066979,15.282277035713197,9.077900657672489,3.8896620988845827,0.8442844152450562,1.0969749689102173,0.734910786151886,0.0,1791183733186,-2.4390001,2.0740502,3.08505,-0.038578,9.027931,3.812479,-2.3319,-6.502915,-1.584158,-1.884575,1.096975,-0.4464625,
36514035716041,-6.534539222717285,7.541144257783889,5.669862277528593,14.749856853485108,9.572451698158613,5.10296401977539,0.31334835290908813,0.40741249918937683,0.6922144889831543,0.0,1791183733186,-1.695,1.4809501,5.2039504,-0.0866,8.957134,3.975207,-2.101918,-7.231781,0.139744,-1.702525,0.4074125,-0.18259999,
36514045710431,-5.934821605682373,6.334644514322281,7.551569841954341,14.083782577514649,9.673719862466925,5.817486190795899,-0.257265567779541,-0.3110249936580658,0.5488587021827698,0.0,1791183733187,-0.22695,1.24395,7.4449506,-0.082506,8.89676,4.108627,-0.906517,-7.573633,2.225749,-1.309825,-0.311025,0.03355,
36514055704667,-5.269204139709473,5.0326732218265535,8.486149039990076,13.022695732116699,9.391426806474788,6.021063137054443,-0.638201117515564,-0.7749499678611755,0.33803310990333557,0.0,1791183733758,0.78705,1.0020001,8.389951,-0.039288,8.83941,4.231227,0.460449,-7.71979,3.927531,-0.7841625,-0.77494997,0.1335125,
36514065699123,-5.434937477111816,3.6984515249729157,7.60862096289763,11.520468854904175,8.874008441251334,5.954240703582764,-0.7221753597259521,-0.8760125041007996,0.12329915910959244,0.0,1791183733758,1.05495,0.58995,7.5120006,0.023247,8.786325,4.340507,0.970127,-7.980345,3.878107,-0.2776125,-0.8760125,0.1442375,
36514075693488,-6.485778331756592,2.3246080696582796,5.3999796564487506,9.708887600898743,8.19113778749005,5.931856155395508,-0.5827580690383911,-0.7163749933242798,-0.028377965092658997,0.0,1791183733758,0.69600004,0.42495003,5.3380504,0.071435,8.782379,4.347956,0.818988,-8.3068,2.146832,0.0661375,-0.716375,0.1324125,
36514085687716,-7.538576126098633,0.9835047066211701,3.4062726102414302,7.941512989997864,7.468608599108484,6.132663536071777,-0.35371625423431396,-0.4716250002384186,-0.07332655042409897,0.0,1791183733758,0.246,0.372,3.3769503,0.110367,8.785495,4.340843,0.375436,-8.357799,-0.113364,0.1694,-0.471625,0.1516625,
36514095682180,-8.2813720703125,-0.24092938303947448,2.65289353759765,6.379206681251525,6.8545284806949285,6.601973628997802,-0.13248272240161896,-0.24928750097751617,-0.03765102103352547,0.0,1791183733758,-0.22695,0.20700002,2.63505,0.142133,8.786777,4.337325,-0.132775,-8.505127,-1.476934,0.0917125,-0.2492875,0.202675,
36514105676336,-8.484964370727539,-1.3056648433208466,2.820621356003088,5.050544667243958,6.382248808926929,7.245125675201416,0.05731837451457977,-0.08318749815225601,0.01694185473024845,0.0,1791183734330,-0.23205002,0.15195,2.80695,0.171975,8.78272,4.34445,-0.504988,-8.615993,-1.701932,-0.0264,-0.0831875,0.2985125,
36514115670815,-8.197153091430664,-2.236189478635788,3.574220401671704,3.907906699180603,5.947697117478351,7.7975687980651855,0.14180484414100647,-0.04166249930858612,0.0383579358458519,0.0,1791183734895,0.23895001,0.38895002,3.5449502,0.208672,8.775538,4.357339,-0.189737,-8.548956,-1.209644,-0.066825,-0.0416625,0.4060375,
36514125665185,-7.537017822265625,-3.0657766997814178,4.274048502729402,2.9048526763916023,5.45138384309281,8.007816696166993,0.10100185871124268,-0.12044999748468399,0.003544362261891365,0.0,1791183735461,0.47295,0.77205,4.17705,0.255246,8.770463,4.365073,0.106058,-8.191932,-0.467993,0.0193875,-0.12045,0.4676375,
36514135659652,-6.9128499031066895,-3.835316890478134,4.789601659465821,2.0651852607727044,4.81689801539407,7.882671451568603,-0.03944180905818939,-0.30250000953674316,-0.07197035849094391,0.0,1791183736063,0.79695004,1.2030001,4.56705,0.312571,8.772154,4.357935,0.331249,-7.753091,0.037138,0.19813749,-0.3025,0.506,
36514145653877,-6.475729465484619,-4.53303832411766,5.124361006153798,1.5004797935485845,4.082147989357336,7.521542930603028,-0.2963038682937622,-0.6078875064849854,-0.16992837190628052,0.0,1791183736063,1.383,1.4280001,4.72305,0.384848,8.783201,4.329816,0.682746,-7.440921,0.376503,0.4312,-0.6078875,0.52415,
36514155648264,-6.389398574829102,-5.147846382856369,4.788951871143845,1.1481890678405762,3.3179473715298884,7.10242977142334,-0.5417467355728149,-0.8739500045776367,-0.26734238862991333,0.0,1791183736063,1.7209501,1.557,4.18905,0.468154,8.804197,4.278667,1.193202,-7.31587,0.288789,0.6653625,-0.87395,0.4846875,
36514165642714,-6.652502536773682,-5.684972542524338,3.889154195137361,0.8616435050964357,2.5625300747499526,6.7934996604919435,-0.6905447244644165,-1.0282249450683594,-0.3178348243236542,0.0,1791183736063,1.2730501,1.8400501,3.18105,0.555199,8.831905,4.210611,0.99363,-7.175984,-0.562528,0.798325,-1.028225,0.4442625,
36514175636925,-6.571723937988281,-6.107443958520889,4.063803297708029,0.4677773475646978,1.8888331253285402,6.600440883636475,-0.7860340476036072,-1.1378124952316284,-0.29646721482276917,0.0,1791183736063,1.3039501,2.46495,2.9560502,0.645951,8.859791,4.138466,0.538959,-6.756154,-1.182307,0.77288747,-1.1378125,0.4538875,
36514185631387,-5.781900405883789,-6.373137497901917,5.177172515066195,0.2277226448059082,1.3828401005349689,6.374250984191894,-0.8512067794799805,-1.2028499841690063,-0.24121826887130737,0.0,1791183736063,1.6849501,3.2910001,3.624,0.739675,8.883169,4.072128,0.737327,-6.034935,-0.883732,0.66316247,-1.20285,0.4549875,
36514195625772,-4.52337121963501,-6.4811955213546755,6.998333525929386,1.2613463401794434,1.1257332289696926,5.983779335021973,-0.9196188449859619,-1.2623875141143799,-0.19703416526317596,0.0,1791183736063,2.72895,4.155,4.926,0.833784,8.901791,4.012849,1.294441,-5.177279,0.169139,0.571725,-1.2623875,0.4357375,
36514205620002,-2.856422185897827,-6.411450660228729,9.209970511137191,2.520384740829468,1.2925721139930426,5.277184057235718,-1.0383645296096802,-1.3591874837875366,-0.1839604377746582,0.0,1791183736063,3.3270001,5.2660503,6.7840505,0.939793,8.909112,3.972971,2.196392,-4.238891,1.940026,0.538725,-1.3591875,0.35915,
36514215614459,-1.1345609426498413,-6.179726225137711,10.563806728251297,3.8342209577560427,1.7287830278482905,4.17359573841095,-1.0609861612319946,-1.3421374559402466,-0.21969079971313477,0.0,1791183736063,3.25305,6.669,7.51905,1.044929,8.909854,3.944947,2.323494,-3.006619,3.356687,0.6078875,-1.3421375,0.234575,
36514225608832,0.5201061367988586,-5.823835864663124,11.791710471580354,5.127441728115081,2.257805426501753,2.755229723453522,-1.0864887237548828,-1.3326499462127686,-0.2557682394981384,0.0,1791183736064,2.3700001,8.851951,7.4209504,1.130216,8.917625,3.903662,1.79049,-1.257046,3.65894,0.67705,-1.33265,0.120725,
36514235603052,2.4127278327941895,-5.376472511887551,13.275752938437032,6.405238854885102,2.874777467646891,1.1163040757179261,-1.2618013620376587,-1.5156625509262085,-0.2778731882572174,0.0,1791183736064,1.4449501,11.155951,7.05,1.200146,8.93817,3.835205,0.616833,1.128582,3.341931,0.734525,-1.5156626,0.0782375,
36514245597427,4.237455368041992,-4.867858663201332,15.513807933480663,7.738291013240815,3.5512603706166233,0.6358612418174744,-1.6212352514266968,-1.9562125205993652,-0.251778781414032,0.0,1791183736064,1.70595,12.870001,8.493,1.28508,8.963282,3.748088,0.091366,3.073899,3.697199,0.7238,-1.9562125,0.1909875,
36514255591887,6.8654069900512695,-4.261128106713295,19.03303035479364,9.373726737499236,4.372499340954783,2.5802270770072937,-1.9446663856506348,-2.3787500858306885,-0.1927095651626587,0.0,1791183736064,3.7560003,14.706,11.484,1.401309,8.982868,3.658473,1.12196,4.75659,6.281571,0.6611,-2.37875,0.3782625,
36514265586117,10.098174095153809,-3.4844725281000137,22.499053166758042,11.427214968204499,5.362475469704677,4.826774084568024,-2.091860771179199,-2.578812599182129,-0.167013019323349,0.0,1791183736064,6.5280004,16.58805,13.726951,1.537014,8.998505,3.564338,3.655791,6.735324,9.184107,0.66316247,-2.5788126,0.473,
36514275580579,12.418901443481445,-2.539238539338112,24.38369015577665,13.580784130096436,6.329150750876396,7.206533145904541,-2.173044443130493,-2.647974967956543,-0.18471533060073853,0.0,1791183736064,8.187,17.761051,14.56305,1.671451,9.014755,3.461278,5.786268,8.256151,10.864944,0.7154125,-2.647975,0.398475,
36514285574973,13.34172534942627,-1.4952234655618668,24.761335187979498,15.37611198425293,7.094276822872034,9.392332649230957,-2.093132972717285,-2.497962474822998,-0.20831994712352753,0.0,1791183736064,8.87205,18.039001,14.457001,1.786739,9.033266,3.353754,6.937513,8.929565,11.238226,0.7280625,-2.4979625,0.2239875,
36514295569186,13.139753341674805,-0.42416719496250155,23.565252277689424,16.44997630119324,7.588684916892974,11.17279224395752,-1.726471185684204,-2.0062625408172607,-0.22088253498077393,0.0,1791183736064,8.025001,17.92905,13.01805,1.866645,9.053254,3.254881,6.733108,8.981402,10.719395,0.6653625,-2.0062625,5.5E-4,
36514305563660,11.836004257202148,0.5918812364339828,21.32095844022099,16.340507435798646,7.798881458216828,12.166911697387695,-1.1624277830123901,-1.3017125129699707,-0.20066556334495544,0.0,1791183736064,6.6529503,17.52705,10.155001,1.905261,9.072404,3.17828,5.447113,8.667766,8.487986,0.51315,-1.3017125,-0.17613749,
36514315558060,10.180694580078125,1.5107736200094224,19.220393688566574,14.938645517826082,7.791861114834409,12.183415794372559,-0.6534700393676758,-0.648312509059906,-0.12677410244941711,0.0,1791183736064,5.2830005,16.959002,7.3420506,1.909418,9.085975,3.136749,4.075867,8.216056,5.527186,0.2162875,-0.6483125,-0.29535,
36514325552282,8.353907585144043,2.3053198903799057,17.237000174232683,12.486721098423004,7.637414057205656,11.370417022705078,-0.24577070772647858,-0.09913749992847443,-0.017794769257307053,0.0,1791183736064,3.9900002,15.934051,5.2249503,1.886549,9.089875,3.139284,2.753195,7.383761,3.044258,-0.1711875,-0.0991375,-0.3773,
36514335546723,6.665432453155518,2.984234008193016,15.79744379421742,9.399297201633454,7.387216354132512,10.035158443450928,0.0302608460187912,0.2956250011920929,0.0928359106183052,0.0,1791183736646,2.90595,15.147,3.41805,1.843704,9.083287,3.183499,1.586968,6.461399,1.16369,-0.5394125,0.295625,-0.4379375,
36514345541113,5.009895324707031,3.5585152477025987,14.088602489267497,5.828959763050079,7.069072517877116,8.409186840057373,0.1410645991563797,0.5106750130653381,0.1913614273071289,0.0,1791183737219,1.503,13.915951,1.605,1.785061,9.06729,3.261567,0.558643,5.596329,-0.810585,-0.86185,0.510675,-0.52415,
36514355535574,2.706965446472168,4.013333448767662,12.37778944849575,1.7566049933433527,6.697248244552261,6.583379077911377,0.027901723980903625,0.4680500030517578,0.289414644241333,0.0,1791183737815,-0.85200006,12.336,0.55395,1.717038,9.042495,3.365276,-1.329396,4.067288,-2.367575,-1.1449625,0.46805,-0.5922125,
36514365529819,0.7105289697647095,4.381485024094582,11.308881311840517,2.5171871900558473,6.290868101823891,4.689345955848694,-0.19718647003173828,0.22536249458789825,0.4051057994365692,0.0,1791183737815,-2.4750001,10.99005,0.99195004,1.644997,9.014623,3.474271,-3.455233,2.584419,-3.065544,-1.374725,0.2253625,-0.49005,
36514375524206,0.2392343282699585,4.722032937407493,11.114074762084915,6.32592134475708,5.858184130452362,3.0664113044738768,-0.44281551241874695,-0.1321374922990799,0.5116387009620667,0.0,1791183738398,-2.38395,10.320001,3.3670502,1.585017,8.98061,3.588371,-4.233224,1.60329,-1.489337,-1.4939375,-0.13213749,-0.2187625,
36514385518655,0.8520911931991577,5.053732517361641,11.426476777019737,9.269049191474915,5.425908989847244,1.903743052482605,-0.5827292799949646,-0.4300999939441681,0.5416574478149414,0.0,1791183738398,-0.88305,9.901051,5.6350503,1.568523,8.933296,3.711602,-3.304538,1.157398,0.860642,-1.393975,-0.4301,0.0856625,
36514395512905,1.4798004627227783,5.3538911014795305,11.958727654500953,10.969187617301941,5.04013858019643,1.1977240800857545,-0.6305111646652222,-0.619575023651123,0.4731486439704895,0.0,1791183738398,0.70305,9.592051,7.1070004,1.594791,8.881641,3.82271,-1.57825,0.766125,2.672078,-1.0960125,-0.619575,0.2803625,
36514405507312,1.9383370876312256,5.593629065155983,11.932924091559524,11.139417386054992,4.749564281446063,1.043998408317566,-0.5844848155975342,-0.6738874912261963,0.3277631998062134,0.0,1791183738398,2.025,9.280951,7.22205,1.65176,8.844732,3.883607,-0.318409,0.673748,3.492248,-0.6788375,-0.6738875,0.3485625,
36514415501775,1.4834948778152466,5.7245318561792375,10.938881656448265,10.171825432777405,4.595917583653021,1.1985915899276733,-0.45978620648384094,-0.5908374786376953,0.15938758850097656,0.0,1791183738398,2.8870502,8.635051,6.063,1.708655,8.819481,3.916285,0.869681,0.191429,2.90172,-0.2690875,-0.5908375,0.29741248,
36514425496011,0.20877167582511902,5.70896513313055,9.435083537203306,8.842659384012222,4.614010649943946,1.1924990594387055,-0.22263473272323608,-0.3205125033855438,0.027084069326519966,0.0,1791183738398,3.0300002,8.029051,3.9210002,1.754281,8.805782,3.926924,1.257405,-0.532286,1.152891,0.0044,-0.3205125,0.16115,
36514435490464,-1.0341953039169312,5.536618976294994,8.446311632453263,7.593945080041886,4.7947515782365455,0.8152417600154876,0.06577076017856598,0.06792499870061874,-0.03587380796670914,0.0,1791183738398,3.045,7.7059503,1.6390501,1.774862,8.806355,3.916373,1.272737,-0.882413,-1.180481,0.078925,0.067925,-0.023924999,
36514445484867,-2.3330636024475098,5.208093027770519,7.484524450409894,6.530710130929947,5.088606615627274,0.052668946981430056,0.3079856038093567,0.47011250257492065,-0.0439385361969471,0.0,1791183738398,2.6569502,6.9970503,-0.003,1.762182,8.817008,3.898089,1.165708,-1.412608,-3.197269,-0.016775,0.4701125,-0.2814625,
36514455479100,-3.732381820678711,4.67820358723402,6.4221216414322235,5.7708207905292515,5.428849281083673,1.0814748346805572,0.4896427392959595,0.8298124670982361,-0.01216396689414978,0.0,1791183738398,1.36395,6.20205,-0.9580501,1.693789,8.820391,3.92069,0.42486,-2.239596,-4.474431,-0.20845,0.82981247,-0.5528875,
36514465473565,-4.960476875305176,3.925271038711071,5.436496311488496,5.436680489778519,5.6640887291521285,2.370269185304642,0.6211317777633667,1.108662486076355,0.0552966445684433,0.0,1791183738399,-0.21495001,5.33505,-1.023,1.592086,8.818969,3.966242,-1.000937,-3.030655,-5.11614,-0.4393125,1.1086625,-0.75405,
36514475467958,-5.844604969024658,3.012095718085766,4.9540433247867135,5.484687566757202,5.693280948029314,3.5809445142745973,0.7193584442138672,1.2864500284194946,0.12824279069900513,0.0,1791183738399,-1.7910001,4.596,-0.46005002,1.468842,8.81082,4.031374,-2.517721,-3.898784,-4.769469,-0.6171,1.28645,-0.8380625,
36514485462181,-6.278663635253906,2.031076268851757,4.882033925086396,5.827562260627747,5.516511292970242,4.629838180541992,0.7630680799484253,1.3237124681472778,0.1758558452129364,0.0,1791183738399,-2.4799502,4.2049503,-0.049950004,1.340353,8.797185,4.105239,-3.545632,-4.411874,-4.376465,-0.6788375,1.3237125,-0.793375,
36514495456637,-6.460335731506348,1.0510718151926994,4.606611703042764,6.499291014671326,5.187153042744612,5.45529260635376,0.6153130531311035,1.1034375429153442,0.17335429787635803,0.0,1791183738399,-2.6209502,3.7410002,0.597,1.224157,8.782107,4.173254,-3.817297,-4.806205,-3.936909,-0.6117375,1.1034375,-0.697675,
36514505451008,-6.645695209503174,0.1269868418574333,4.30501952875953,7.236546874046326,4.816523268250402,6.037955284118652,0.4079902470111847,0.7893875241279602,0.12413712590932846,0.0,1791183738399,-2.676,3.2040002,1.0519501,1.129833,8.770103,4.224782,-3.790011,-5.323318,-3.351579,-0.4415125,0.7893875,-0.5742,
36514515445478,-6.828899383544922,-0.7234928563237191,4.114118049010801,7.6041388452053065,4.454317722316001,6.411639785766601,0.24259550869464874,0.5064125061035156,0.057016897946596146,0.0,1791183738399,-2.5900502,2.9290502,1.27995,1.05993,8.763886,4.255683,-3.686588,-5.700174,-3.06884,-0.2371875,0.5064125,-0.42515,
36514525439713,-7.035918235778809,-1.4929841473698615,3.888584160592036,7.465144199132919,4.137777820783039,6.649902439117431,0.16601276397705078,0.3190000057220459,-2.296455204486847E-5,0.0,1791183738970,-2.4540002,2.6130002,1.50705,1.01304,8.763282,4.26833,-3.575055,-6.027575,-2.930652,-0.0614625,0.319,-0.2591875,
36514535434104,-6.989547252655029,-2.175733132660389,3.8793983461058823,6.844748109579086,3.8519710985911475,6.792079162597656,0.176105797290802,0.22439999878406525,-0.04241207242012024,0.0,1791183739543,-2.1709502,2.56305,1.9410001,0.987315,8.766567,4.267611,-3.295544,-6.220003,-2.510947,0.080025,0.2244,-0.075075,
36514545428564,-6.761147499084473,-2.764285273849964,3.800202643920934,5.770766681432724,3.6001286297445896,6.852241516113281,0.2526971399784088,0.21683749556541443,-0.08879855275154114,0.0,1791183740123,-1.542,2.742,2.1319501,0.978148,8.773792,4.254856,-2.972738,-6.153007,-2.201312,0.2237125,0.2168375,0.0834625,
36514555422770,-6.313759803771973,-3.215321536362171,4.112495638173244,4.415585249662399,3.448289676100697,6.785854434967041,0.3067341148853302,0.23498749732971191,-0.14239419996738434,0.0,1791183740703,-1.79805,2.9340003,2.25195,0.977805,8.786059,4.229551,-2.438487,-5.691223,-2.243044,0.3620375,0.2349875,0.138875,
36514565417151,-6.462977409362793,-3.5739968553185464,3.8302447194436127,3.131725525856018,3.3939360673888848,6.712670040130615,0.4566155672073364,0.3297249972820282,-0.18585963547229767,0.0,1791183740703,-0.81600004,3.32205,1.7230501,0.981784,8.802905,4.193446,-2.533446,-5.930729,-2.060893,0.495,0.329725,0.25905,
36514575411613,-5.970081329345703,-3.8844626381993295,4.251430274343926,1.8696644783020018,3.3139760808645655,6.499502658843994,0.555489718914032,0.420199990272522,-0.19708876311779022,0.0,1791183740703,-0.708,3.41805,2.427,0.988417,8.821702,4.152182,-1.924769,-5.504205,-1.938226,0.5344625,0.4202,0.2910875,
36514585405840,-5.4817657470703125,-4.201155485212803,4.805444091972255,0.7426537513732905,3.1445134530458967,6.197946357727051,0.5954354405403137,0.43821248412132263,-0.23136453330516815,0.0,1791183740703,-0.51000005,4.10895,2.4390001,0.998024,8.843055,4.104188,-1.60637,-5.104178,-1.70109,0.6312625,0.43821248,0.3240875,
36514595400239,-4.774065017700195,-4.513848759233952,5.488529130217741,0.23742542266845668,2.8623305216676282,5.800529861450196,0.467379093170166,0.2998875081539154,-0.2717895209789276,0.0,1791183740703,-0.67005,4.9020004,2.3760002,1.010771,8.868607,4.045508,-1.537715,-4.344432,-1.656775,0.7313625,0.2998875,0.29205,
36514605394709,-4.266030788421631,-4.824067153036594,5.986544499666481,1.0206557273864743,2.4532093552375622,5.390984058380127,0.22023680806159973,0.05087500065565109,-0.29659074544906616,0.0,1791183740703,-0.97695005,5.2369504,2.73105,1.02724,8.897314,3.977763,-1.843882,-3.793742,-1.548329,0.7888375,0.050875,0.2250875,
36514615389175,-3.604393243789673,-5.078461559116841,7.369290891688043,1.8306352138519282,2.0096350191944974,4.819267225265503,-0.035751402378082275,-0.2055625021457672,-0.3045109212398529,0.0,1791183740703,-1.3620001,5.9269505,4.1620502,1.047982,8.926888,3.905434,-2.245302,-3.433061,-0.594933,0.80795,-0.2055625,0.16335,
36514625383401,-2.191066026687622,-5.198453444242477,9.065983972426212,2.7286149978637697,1.744518770858523,4.063464164733887,-0.060730431228876114,-0.2194499969482422,-0.3267996311187744,0.0,1791183740703,-1.9440001,6.7240505,5.7619505,1.054943,8.954232,3.840418,-2.644912,-2.627223,1.260944,0.866525,-0.21945,0.1186625,
36514635377803,-1.1836332082748413,-5.205925339460373,9.77978807016826,3.648403859138489,1.7268979981611445,3.2038376569747924,0.20814643800258636,0.06792499870061874,-0.37720513343811035,0.0,1791183740703,-2.5849502,7.4950504,5.7259502,1.035273,8.982003,3.780452,-3.300408,-1.833783,2.1924,1.00595,0.067925,0.1027125,
36514645372262,-0.9033191204071045,-5.1344381153583525,9.585573109129095,4.356165957450866,1.8681596716167814,2.4296884775161742,0.5841986536979675,0.4499000012874603,-0.4027082324028015,0.0,1791183740703,-2.49705,8.31795,4.05705,1.000412,9.017007,3.705778,-3.682137,-1.10743,1.299816,1.1059124,0.4499,0.1516625,
36514655366493,-0.6995736360549927,-4.982797706127167,9.883975409578111,4.996272993087769,2.0861780364485463,1.7163970470428467,0.7939801216125488,0.6681125164031982,-0.3648586869239807,0.0,1791183740703,-1.6279501,9.508051,2.154,0.963712,9.057106,3.616642,-3.075617,-0.194637,-0.588658,1.0421125,0.6681125,0.2006125,
36514665360859,0.15813380479812622,-4.7268671721220015,11.241906189579602,5.535611021518707,2.3681368817175548,0.9638916373252868,0.6163901686668396,0.512737512588501,-0.2606300413608551,0.0,1791183740704,-1.269,10.96605,2.12505,0.939381,9.0941,3.52916,-2.208527,1.094757,-1.794044,0.77288747,0.5127375,0.1846625,
36514675355320,2.1829144954681396,-4.325491198897362,13.663085710143013,6.108850824832916,2.7877870909066775,0.08909553289413452,0.08937440067529678,0.006187499966472387,-0.14108677208423615,0.0,1791183740704,-2.013,12.463051,5.2249503,0.937469,9.114837,3.475759,-2.584899,2.649405,-0.095827,0.4301,0.0061875,0.1197625,
36514685349565,4.461721420288086,-3.788471946120262,15.665537754940296,6.840505254268646,3.3396673994282864,1.039975392818451,-0.4954325556755066,-0.5865749716758728,-0.08714880049228668,0.0,1791183740704,-2.32395,12.882001,8.60595,0.959639,9.124048,3.445406,-3.17689,3.767862,3.597654,0.2673,-0.586575,0.0697125,
36514695343938,5.255972385406494,-3.20265654027462,17.233379806928102,7.662817752361297,3.8135750298111932,2.2718336939811707,-0.9446689486503601,-1.0591624975204468,-0.08196325600147247,0.0,1791183740704,-2.6119502,12.372001,11.709001,0.996584,9.13128,3.415633,-3.446072,3.53797,6.627362,0.2492875,-1.0591625,0.0484,
36514705338382,5.848006725311279,-2.5779714435338974,19.406884286565194,8.400616991519929,4.201918912993279,3.581349766254425,-0.9547188878059387,-1.09642493724823,-0.0898304432630539,0.0,1791183740704,-2.832,11.986051,14.998051,1.042269,9.138461,3.382633,-3.817368,2.946603,10.158292,0.292875,-1.0964249,0.105875,
36514715332608,6.372209548950195,-1.9179159969091415,19.433156805309864,8.887629079818726,4.508016962158026,4.824164915084839,-0.3186686038970947,-0.48551249504089355,-0.12615129351615906,0.0,1791183740704,-2.25495,11.88105,15.21195,1.083526,9.148157,3.34323,-3.726944,2.798044,12.230372,0.4503125,-0.4855125,0.2484625,
36514725327075,5.840507507324219,-1.27409470975399,17.805553468590013,8.759521174430848,4.648405156503534,5.555683517456055,0.41904258728027344,0.22756250202655792,-0.15764933824539185,0.0,1791183740704,-1.5370501,11.806951,13.239,1.115156,9.161434,3.296144,-3.006794,2.65548,11.001348,0.6067875,0.2275625,0.4081,
36514735321473,5.189322471618652,-0.6651512235403061,16.286249327463874,8.130892205238343,4.657502176502124,5.701203727722168,0.8939018845558167,0.6819999814033508,-0.15745878219604492,0.0,1791183740704,-0.957,11.88105,11.09805,1.142819,9.175639,3.246787,-2.376052,2.693947,8.886347,0.6642625,0.682,0.5369375,
36514745315706,4.593326568603516,-0.09742752015590668,15.037118724680694,7.285071611404419,4.5710542794511415,5.568674564361572,1.1441032886505127,0.9235875010490417,-0.14185065031051636,0.0,1791183740704,-0.45900002,11.95005,9.115951,1.169601,9.188827,3.199609,-1.854561,2.728644,6.910425,0.65793747,0.9235875,0.611325,
36514755310147,4.041810989379883,0.4203510195016861,13.992830088153234,6.17132705450058,4.421647659920845,5.207435417175293,1.1741973161697388,0.9426999688148499,-0.13000048696994781,0.0,1791183740704,0.094950005,12.21405,6.8269506,1.19908,9.201001,3.153385,-1.386046,2.821814,4.854538,0.651475,0.94269997,0.6507875,
36514765304548,3.7125792503356934,0.9291288524866104,13.507120759955237,4.7646048903465275,4.179119640350222,4.675509357452393,0.9510608911514282,0.7202249765396118,-0.11623607575893402,0.0,1791183740704,0.57900006,12.702001,4.557,1.23348,9.212403,3.10647,-0.860203,3.212638,2.526406,0.61325,0.720225,0.62095,
36514775298993,3.624405860900879,1.4088532119989394,13.454972777656774,3.192313635349274,3.9010481102135675,4.232289028167725,0.5491552948951721,0.34031251072883606,-0.08206772059202194,0.0,1791183740704,0.96405005,13.093051,2.946,1.272483,9.221445,3.063616,-0.520923,3.725532,0.596437,0.4833125,0.3403125,0.531575,
36514785293429,3.37788724899292,1.8518358618021011,13.027433988827129,1.5981682896614076,3.5835409862539636,3.8700019836425783,0.12959203124046326,-0.018287500366568565,-0.023515578359365463,0.0,1791183740704,1.23705,12.790951,2.1390002,1.310251,9.225608,3.035028,-0.146888,3.802772,-0.588835,0.2365,-0.0182875,0.37193748,
36514795287593,2.729518175125122,2.227015021443367,12.253586723804485,0.08410946130752572,3.247213388005082,3.4972403049468994,-0.19438406825065613,-0.24928750097751617,0.055474527180194855,0.0,1791183740705,1.218,12.022051,2.0340002,1.338715,9.222565,3.031856,-0.070006,3.245572,-1.019013,-0.102025,-0.2492875,0.1750375,
36514805282064,1.7766833305358887,2.529150727391243,11.057010896077037,1.7799501419067383,2.890547792300333,3.0442147731781004,-0.34872230887413025,-0.2971374988555908,0.15296944975852966,0.0,1791183740705,1.0309501,10.744051,2.4,1.350971,9.212503,3.056905,-0.228309,2.24528,-0.969842,-0.492525,-0.2971375,-0.0048125,
36514815276283,0.5800681710243225,2.738373798131943,9.871247306804745,3.137970960140229,2.5730177427484566,2.4177125573158262,-0.3621516227722168,-0.2162874937057495,0.2631142735481262,0.0,1791183740705,0.82800007,9.243,3.3649502,1.347079,9.192221,3.119048,-0.401588,0.773975,-0.284994,-0.8789,-0.2162875,-0.1208625,
36514825270742,-0.3511900007724762,2.8303675994277,9.291430468221371,4.078610342741013,2.4236870299340834,1.6225933849811554,-0.23956196010112762,-0.02681249938905239,0.3740125298500061,0.0,1791183740705,0.64095,7.9999504,4.68195,1.332259,9.157082,3.226907,-0.578304,-0.553186,0.741998,-1.2002375,-0.0268125,-0.155925,
36514835265127,-0.9559269547462463,2.8417529121041296,9.14228532088666,4.81284402012825,2.4052692972019765,0.7558305442333222,-0.019752025604248047,0.2264624983072281,0.46113917231559753,0.0,1791183740705,0.303,6.94395,5.93895,1.309275,9.107333,3.373769,-0.821077,-1.645472,1.983773,-1.3897125,0.2264625,-0.1293875,
36514845259616,-1.5220264196395874,2.8108175471425056,8.965239522076121,5.301913791894912,2.456667187803421,0.09447837471961976,0.256671279668808,0.49678748846054077,0.5098698139190674,0.0,1791183740705,0.141,6.0919504,6.576,1.280642,9.046902,3.543099,-1.098902,-2.588212,2.796066,-1.425875,0.4967875,-0.043175,
36514855253862,-1.880366563796997,2.7517779007554055,8.912443409092035,5.50139771103859,2.552635128052476,0.8258883535861969,0.4641309976577759,0.6660500168800354,0.5168042778968811,0.0,1791183740705,0.31095,5.6920505,6.8509502,1.253632,8.981394,3.715239,-1.064709,-3.149984,3.014181,-1.3407625,0.66605,0.06655,
36514865248249,-1.89051353931427,2.6493455335497855,8.882777060054066,5.55229372382164,2.6919598275268974,1.3200046956539153,0.5604667663574219,0.7096375226974487,0.4765050709247589,0.0,1791183740705,0.55695003,5.6179504,6.8580003,1.23365,8.916689,3.874374,-0.805307,-3.291181,3.048976,-1.15665,0.7096375,0.1527625,
36514875242722,-1.8421919345855713,2.4480902120471,8.620058516901842,5.488207066059113,2.864255846516576,1.6182050824165344,0.5398379564285278,0.6287875175476074,0.39221814274787903,0.0,1791183740705,0.89205,5.7970505,6.3169503,1.222783,8.859067,4.00771,-0.50953,-3.164127,2.645096,-0.8969125,0.6287875,0.203775,
36514885236941,-1.942078709602356,2.127900205552578,8.029045006020858,5.312675738334656,2.9769755692541646,1.8154354333877563,0.39355695247650146,0.4265249967575073,0.2869090735912323,0.0,1791183740705,0.90705,5.874,5.3980503,1.223178,8.813415,4.107012,-0.251351,-2.946092,1.762889,-0.622325,0.426525,0.2091375,
36514895231410,-2.4248883724212646,1.74385716766119,7.28243404654547,5.040222597122192,3.0433611186730642,1.9960078239440917,0.2195165455341339,0.20198750495910645,0.19819626212120056,0.0,1791183740705,0.507,5.7259502,4.4710503,1.232308,8.78522,4.164294,-0.526237,-2.977753,0.731167,-0.40425,0.2019875,0.2101,
36514905225794,-2.858391523361206,1.3085372552275658,6.945830039497596,4.60932537317276,3.047847755976772,2.1916128158569337,0.07608925551176071,8.249999955296516E-4,0.15036027133464813,0.0,1791183740705,0.39195,5.70405,3.9439502,1.252931,8.768682,4.192901,-0.848529,-3.0498,-0.049219,-0.2743125,8.25E-4,0.2580875,
36514915220266,-3.009989023208618,0.839427326619625,6.898503728127968,4.038101297616959,2.9529233692157644,2.4155079126358032,-0.015071645379066467,-0.14492499828338623,0.13385245203971863,0.0,1791183740705,0.57900006,5.5530005,4.05195,1.286263,8.75451,4.21237,-0.850738,-3.114637,-0.2698,-0.2105125,-0.144925,0.3304125,
36514925214473,-2.839280605316162,0.40543792098760606,7.26018484473496,3.3707561910152437,2.820906604975127,2.6149256467819213,-0.02000926434993744,-0.19277499616146088,0.12233160436153412,0.0,1791183740705,0.74100006,5.649,4.5,1.329166,8.741296,4.226471,-0.709286,-3.096634,0.044104,-0.1573,-0.192775,0.401775,
36514935208878,-2.574883222579956,0.01722763627767563,7.631621784728724,2.6470081746578216,2.665829136514417,2.7414865493774414,0.05384761095046997,-0.15661250054836273,0.10042933374643326,0.0,1791183740706,1.2610501,5.67,4.9500003,1.377847,8.729713,4.234814,-0.394049,-3.082657,0.524178,-0.0785125,-0.1566125,0.473,
36514945203309,-2.328385829925537,-0.328857983648777,7.894276195243297,1.8962976872920991,2.4929762901979906,2.722186040878296,0.19242781400680542,-0.03739999979734421,0.06672687828540802,0.0,1791183740706,1.8910501,5.8759503,4.92105,1.427496,8.721065,4.236189,0.128515,-2.992606,0.731099,0.0193875,-0.0374,0.515625,
36514955197552,-2.0157668590545654,-0.6317368760704994,8.236346787763223,1.2336564123630525,2.3044176865579504,2.5536611080169678,0.3583587110042572,0.14135000109672546,0.038094088435173035,0.0,1791183740706,2.57505,6.30705,4.629,1.481435,8.705631,4.249395,0.756924,-2.644378,0.504808,0.08855,0.14135,0.506,
36514965192020,-1.5731627941131592,-0.896023978292942,8.75967210655558,0.6480907797813418,2.0835434263221964,2.266295862197876,0.48745447397232056,0.3190000057220459,0.018527179956436157,0.0,1791183740706,3.114,6.6780005,4.737,1.528459,8.693824,4.256907,1.349151,-2.184855,0.356039,0.111925,0.319,0.4305125,
36514975186391,-1.143825888633728,-1.1344355657696723,9.054078230141078,0.11176948547363286,1.8071162433866834,1.9272049188613891,0.530848503112793,0.4254249930381775,-0.019338645040988922,0.0,1791183740706,3.14805,6.8200502,5.0550003,1.56217,8.684936,4.262806,1.650629,-1.891057,0.61829,0.15345,0.425425,0.29741248,
36514985180857,-1.1118226051330566,-1.3589210584759712,8.762227427295043,0.3614150285720825,1.4823117380444966,1.6345927953720092,0.508743166923523,0.4606249928474426,-0.07656265050172806,0.0,1791183740706,2.63505,6.6520505,5.058,1.578564,8.680579,4.265644,1.366084,-1.917825,0.842901,0.2300375,0.460625,0.1463,
36514995175088,-1.529337763786316,-1.5718638554215432,8.28375594152302,0.7168296337127686,1.1478627001098602,1.474783182144165,0.47474247217178345,0.46172499656677246,-0.12422601878643036,0.0,1791183740706,1.8210001,6.43905,4.8829503,1.578145,8.681683,4.263548,0.626695,-2.184685,0.701345,0.3003,0.461725,0.039875,
36515005169446,-1.6929465532302856,-1.7453453496098519,8.295892460659237,1.005288791656494,0.8529874486966096,1.4102191209793091,0.39975273609161377,0.3871999979019165,-0.15142327547073364,0.0,1791183740706,1.24695,6.73605,4.6789503,1.567193,8.687494,4.255744,-0.083007,-2.13543,0.491277,0.34925,0.3872,0.0015125,
36515015163895,-1.4517724514007568,-1.8469373807311058,8.538996499079563,1.2289845943450928,0.6717131062271621,1.3859410524368285,0.2679210305213928,0.23498749732971191,-0.1710275411605835,0.0,1791183740706,1.05495,7.1020503,4.62195,1.555173,8.697662,4.239357,-0.446876,-1.760131,0.419078,0.3928375,0.2349875,-0.006875,
36515025158128,-1.2637293338775635,-1.8925643473863603,8.650431541943737,1.3315648078918456,0.5951976537707988,1.4099217414855958,0.14581336081027985,0.09556250274181366,-0.18503403663635254,0.0,1791183740706,1.1719501,7.3339505,4.43505,1.547306,8.710727,4.215346,-0.491682,-1.497863,0.337744,0.424875,0.0955625,-0.0144375,
36515035152574,-1.1717760562896729,-1.9033568024635314,8.68214122316146,1.3002736091613771,0.5798759158062969,1.421912431716919,0.06354834884405136,0.018975000828504562,-0.18894925713539124,0.0,1791183740706,1.4500501,7.5040503,4.119,1.543453,8.725595,4.185903,-0.212495,-1.325983,0.099037,0.424875,0.018975,-0.0474375,
36515045146968,-1.0762746334075928,-1.8810692131519318,8.735013943911971,1.2223613023757935,0.6022391084695099,1.3312998056411742,0.024932634085416794,0.011549999937415123,-0.1732580065727234,0.0,1791183740706,1.62705,7.7460003,3.69495,1.538757,8.740933,4.155517,0.03162,-1.101902,-0.2321,0.3705625,0.01155,-0.1027125,
36515055141415,-1.0380470752716064,-1.8389532387256622,8.848772719634807,1.0659759521484378,0.629644725246139,1.2003199100494384,0.004125528037548065,0.03492499887943268,-0.13145963847637177,0.0,1791183740706,1.5649501,8.022,3.39105,1.529609,8.754916,4.129374,0.091045,-0.87407,-0.644096,0.2534125,0.034925,-0.158125,
36515065135651,-0.7717325091362,-1.7830141872167586,9.294200866993954,0.862892997264862,0.6709235303669144,1.064311921596527,-0.05685296654701233,0.015812499448657036,-0.06836238503456116,0.0,1791183740706,1.4239501,8.469001,3.55395,1.515157,8.7645,4.114345,-0.021394,-0.543676,-0.672164,0.08855,0.0158125,-0.2017125,
36515075130093,-0.22994837164878845,-1.7024020090699197,9.892294217267349,0.7770370662212371,0.7510430290066835,0.857555729150772,-0.21742461621761322,-0.11618749797344208,-4.065409302711487E-4,0.0,1791183740706,0.804,8.887951,4.26795,1.4984,8.767633,4.113808,-0.344614,-0.055998,-0.30292,-0.086075,-0.1161875,-0.238975,
36515085124478,0.37506791949272156,-1.5865446776151657,10.617519724623506,0.9265962481498718,0.8738217949518738,0.5481869339942932,-0.42124080657958984,-0.31308749318122864,0.05451226979494095,0.0,1791183740707,-0.12900001,9.183001,5.328,1.47973,8.763349,4.129661,-1.106454,0.288262,0.67482,-0.2211,-0.3130875,-0.256025,
36515095118733,0.9962455034255981,-1.4154879838228225,11.631802999159119,1.276536214351654,1.0162201460681242,0.13368290662765503,-0.6282312870025635,-0.5600374937057495,0.09176751226186752,0.0,1791183740707,-0.72300005,9.516001,6.6499505,1.465761,8.752936,4.156641,-1.935244,0.588373,1.792269,-0.2871,-0.5600375,-0.2006125,
36515105113104,1.8571730852127075,-1.179709753394127,12.642225736797286,1.8313021779060363,1.1868146459110838,0.44536112546920775,-0.8351322412490845,-0.8548374772071838,0.11254662275314331,0.0,1791183740707,-0.36600003,9.847951,7.9189506,1.479759,8.73976,4.179344,-2.169508,0.948708,3.139049,-0.2882,-0.8548375,-0.0686125,
36515115107578,2.769282817840576,-0.8907461613416672,13.688711492578044,2.563485932350159,1.3918548962894446,1.153564190864563,-0.979442834854126,-1.0910625457763672,0.11972425878047943,0.0,1791183740707,0.77505004,10.176001,9.123,1.527191,8.727099,4.188727,-1.340662,1.263038,4.336344,-0.2531375,-1.0910625,0.073975,
36515125102040,3.761622190475464,-0.5607010215520859,14.612630386984806,3.3737907350063323,1.6494597594691147,1.9518783032894134,-1.0270686149597168,-1.1995500326156616,0.10606273263692856,0.0,1791183740707,1.6300501,10.452001,10.081051,1.590449,8.714876,4.190634,-0.321741,1.639181,5.50999,-0.1860375,-1.19955,0.16335,
36515135096246,4.210348129272461,-0.22143945395946502,14.861029021816206,4.050234150886535,1.8817327360427185,2.718934345245361,-0.9630346298217773,-1.1622874736785889,0.06949497759342194,0.0,1791183740707,2.25195,10.401,10.372951,1.657895,8.705559,4.183858,0.283582,1.74666,6.115318,-0.084975,-1.1622875,0.19635,
36515145090649,4.2459001541137695,0.1072748452425003,14.842181775000062,4.569185185432434,2.0515262626952024,3.3688652753829955,-0.8670561909675598,-1.0729124546051025,0.02464183419942856,0.0,1791183740707,2.7960002,10.267051,10.347,1.722658,8.700421,4.168349,0.826947,1.634482,6.228988,0.02145,-1.0729125,0.1920875,
36515155085123,4.063100814819336,0.41121822893619536,14.316883809597273,4.874362742900848,2.161814302202358,3.8100508213043214,-0.6854323744773865,-0.8696874976158142,-0.010979963466525078,0.0,1791183740707,2.7960002,9.979951,9.87705,1.778281,8.699047,4.147808,1.061023,1.47305,6.055599,0.095975,-0.8696875,0.16335,
36515165079555,3.3826303482055664,0.6590078860521317,13.46381614629924,4.790276056528091,2.203773459302965,3.9327203273773192,-0.41312336921691895,-0.55673748254776,-0.02058163844048977,0.0,1791183740707,2.8290002,9.669001,8.932051,1.819564,8.699417,4.129086,0.959885,1.103973,5.279446,0.111925,-0.5567375,0.1431375,
36515175073791,2.8758203983306885,0.8599902004003525,12.903104598562692,4.303746902942657,2.213464699067895,3.755559968948364,-0.14826014637947083,-0.24076250195503235,-0.004038969054818153,0.0,1791183740707,3.1620002,9.633,7.9810505,1.846354,8.698812,4.118451,1.14139,0.944167,4.337188,0.0661375,-0.2407625,0.1260875,
36515185068207,2.556629180908203,1.0434127897024155,12.420546294307274,3.5584990859031675,2.1943812413204578,3.4248161792755125,0.059195347130298615,0.04235000163316727,0.018227703869342804,0.0,1791183740707,3.45405,9.693001,6.9559503,1.856884,8.696244,4.119138,1.504356,0.973071,3.350091,-0.016775,0.04235,0.0589875,
36515195062442,2.183479070663452,1.2290536314249039,11.836350547061341,2.5669708371162416,2.1248251212438793,3.012331962585449,0.15126195549964905,0.22962500154972076,0.04057793691754341,0.0,1791183740707,3.18105,9.516001,6.2790003,1.848976,8.691645,4.132388,1.557753,0.956122,2.47014,-0.1265,0.229625,-0.06765,
36515205056902,1.5524766445159912,1.3913247913122178,11.081630483893683,1.3566429376602174,2.016649631158444,2.5102071285247805,0.16362440586090088,0.32436248660087585,0.061475083231925964,0.0,1791183740707,2.6260502,9.07005,5.8000503,1.827767,8.682323,4.161314,1.068998,0.632649,1.866605,-0.2286625,0.3243625,-0.1909875,
36515215051279,0.8213169574737549,1.5049792617559432,10.308242612828947,0.046066147089004694,1.914691553790166,1.997944450378418,0.13749489188194275,0.34347498416900635,0.08641952276229858,0.0,1791183740707,1.9909501,8.476951,5.517,1.798463,8.668541,4.202615,0.538058,0.129284,1.41829,-0.3106125,0.34347498,-0.254925,
36515225045738,0.12087100744247437,1.5742092788219453,9.694446732177234,1.271979773044586,1.8367774414715117,1.446954572200775,0.09381592273712158,0.3073124885559082,0.11288958787918091,0.0,1791183740707,1.419,7.90395,5.4310503,1.764171,8.65248,4.249975,-0.086055,-0.446022,1.222489,-0.3669875,0.3073125,-0.2569875,
36515235039983,-0.4513999819755554,1.6102280825376512,9.32449874998355,2.523516535758972,1.7890184141356813,0.8453487396240235,0.05051258206367493,0.23608750104904175,0.13949991762638092,0.0,1791183740708,1.02195,7.4400005,5.5270505,1.732468,8.633406,4.301494,-0.535586,-0.97522,1.144634,-0.3977875,0.2360875,-0.19855,
36515245034444,-0.7580031752586365,1.626141655445099,9.237459448026963,3.552998530864716,1.7663223847007596,0.2570522904396057,0.01585303619503975,0.14561249315738678,0.15840189158916473,0.0,1791183740708,0.69405,7.05705,5.92005,1.709255,8.610999,4.355362,-0.854744,-1.367011,1.332581,-0.394625,0.1456125,-0.09735,
36515255028844,-0.7588459849357605,1.640101709961891,9.468214042908167,4.137932562828064,1.7461996180756212,0.20521223545074463,0.021540172398090363,0.07108750194311142,0.1607024073600769,0.0,1791183740708,0.87600005,6.9150004,6.4080005,1.698552,8.585786,4.408994,-0.992481,-1.586006,1.784125,-0.34141248,0.0710875,0.040975,
36515265023315,-0.5102837085723877,1.6531741499900818,9.958260326242677,4.227092337608338,1.7289889747684257,0.47153236865997317,0.04129088297486305,0.003987499978393316,0.1381376087665558,0.0,1791183740708,1.5150001,6.9199505,6.9990005,1.705948,8.559764,4.456475,-0.518643,-1.63181,2.210695,-0.2371875,0.0039875,0.1739375,
36515275017536,-0.09813451766967773,1.6597648426890372,10.345465099917233,3.940149652957916,1.7220354289434214,0.5153334736824036,0.05837468057870865,-0.05238749831914902,0.07689014822244644,0.0,1791183740708,2.08905,6.8050504,7.5070505,1.72993,8.53605,4.492574,0.103809,-1.62725,2.837791,-0.0699875,-0.0523875,0.253825,
36515285011998,-0.011990904808044434,1.640411901473999,10.310544494336146,3.4397836208343504,1.73846125551985,0.42745165824890136,0.11714756488800049,-0.05348749831318855,-0.019160445779561996,0.0,1791183740708,2.5519502,6.74805,7.3660502,1.763194,8.519125,4.511723,0.582904,-1.732429,3.017361,0.1566125,-0.0534875,0.29425,
36515295006368,-0.2496049404144287,1.5781193792819976,9.880311229333213,2.83597913980484,1.7821974762452604,0.32577201128005984,0.18444320559501648,-0.03423750028014183,-0.12462331354618073,0.0,1791183740708,2.6899502,6.60405,6.83895,1.801186,8.51254,4.509145,0.856159,-1.855131,2.617713,0.3939375,-0.0342375,0.3081375,
36515305000615,-0.5987880229949951,1.4553213238716125,9.365358961582734,2.291704869270325,1.8423358068732036,0.29376041889190674,0.23528921604156494,-0.02474999986588955,-0.2174258530139923,0.0,1791183740708,2.7499502,6.5470505,6.1060505,1.840609,8.516607,4.485486,0.871802,-1.938207,2.014091,0.603625,-0.02475,0.3133625,
36515314995075,-0.9893433451652527,1.2673900157213212,8.818888911517922,1.8365269184112547,1.8898088727499025,0.38957234621047976,0.2752906084060669,-0.015124999918043613,-0.2881164252758026,0.0,1791183740708,2.8170002,6.597,5.13,1.881519,8.530506,4.441885,0.907507,-1.956894,1.19099,0.767525,-0.015125,0.3113,
36515324989446,-1.4355862140655518,1.0075295954942702,8.283053434446682,1.502411425113678,1.8862911905070174,0.6570626854896545,0.29378682374954224,-0.004537499975413084,-0.3262278139591217,0.0,1791183740708,2.8270502,6.58995,4.1460004,1.922436,8.55258,4.381509,0.904897,-1.969391,0.236225,0.8569,-0.0045375,0.2899875,
36515334983920,-1.8332314491271973,0.7053506165742874,7.948527681403264,1.278363084793091,1.8323144265380726,1.0213107943534852,0.29198193550109863,0.005087499972432852,-0.33201685547828674,0.0,1791183740708,2.72895,6.669,3.35505,1.961545,8.579638,4.310706,0.829874,-1.984479,-0.595586,0.87175,0.0050875,0.2569875,
36515344978182,-2.060809373855591,0.3900151401758194,7.77375904142281,1.1783394455909728,1.7360147459823885,1.3835516810417174,0.27567458152770996,0.01677500084042549,-0.3144984245300293,0.0,1791183740708,2.676,6.7260003,2.83395,1.996272,8.60879,4.235991,0.677832,-1.937016,-1.150546,0.8281625,0.016775,0.2134,
36515354972646,-2.2139134407043457,0.07616442739963532,7.687181709985872,1.2350443959236146,1.60614109355649,1.7065767645835876,0.259432315826416,0.04235000163316727,-0.2836886942386627,0.0,1791183740708,2.71005,6.7650003,2.4460502,2.013302,8.637199,4.169582,0.656013,-1.910358,-1.562977,0.7451125,0.04235,0.16225,
36515364967013,-2.208763360977173,-0.20340525805950166,7.852646355720297,1.4351272940635682,1.4886030058465525,1.9504607677459718,0.23478229343891144,0.0668250024318695,-0.24480174481868744,0.0,1791183740708,2.7810001,6.9679503,2.319,2.024541,8.662047,4.1122,0.709418,-1.822679,-1.773746,0.635525,0.066825,0.105875,
36515374961468,-1.9588146209716797,-0.44513700902462006,8.101579309924611,1.6276547908782957,1.3555427839106138,2.055106449127197,0.18806962668895721,0.07315000146627426,-0.20909401774406433,0.0,1791183740708,2.7600002,7.2319503,2.391,2.04265,8.68494,4.054552,0.739193,-1.594181,-1.692155,0.522775,0.07315,0.0345125,
36515384955706,-1.7250807285308838,-0.6592225044965744,8.249842613384706,1.707704293727875,1.1929150946084346,2.0334763050079347,0.1275995969772339,0.06572499871253967,-0.188155859708786,0.0,1791183740709,2.5849502,7.4490004,2.427,2.05174,8.705647,4.005255,0.627152,-1.351526,-1.604551,0.4334,0.065725,-0.0526625,
36515394950179,-1.6804256439208984,-0.852417740225792,8.093504936335616,1.6636391401290893,1.0167680188537709,1.957399559020996,0.05190305784344673,0.04028749838471413,-0.17076493799686432,0.0,1791183740709,2.2120502,7.3750505,2.49405,2.050847,8.725049,3.963273,0.381442,-1.284736,-1.524262,0.34925,0.0402875,-0.141075,
36515404944566,-1.8111764192581177,-1.0206003934144974,7.9494094567897315,1.4872798085212708,0.8731075875704506,1.8768521547317505,-0.014433629810810089,0.008249999955296516,-0.14637427031993866,0.0,1791183740709,1.7260501,7.2670503,2.7210002,2.041012,8.742335,3.930119,-0.089957,-1.412156,-1.328302,0.2652375,0.00825,-0.1920875,
36515414939025,-1.8194105625152588,-1.152636769413948,8.133005215396558,1.1419189095497133,0.7792016188534284,1.7989815950393677,-0.056460507214069366,-0.022549999877810478,-0.11531122028827667,0.0,1791183740709,1.524,7.3969502,3.0180001,2.026351,8.756382,3.906365,-0.465551,-1.450144,-1.072311,0.1907125,-0.02255,-0.190025,
36515424933252,-1.3795478343963623,-1.22765771150589,8.771369727774813,0.661817443370819,0.7231945448883892,1.6831282377243042,-0.12128236889839172,-0.08744999766349792,-0.08291688561439514,0.0,1791183740709,1.71105,7.7560506,3.7219503,2.013682,8.766038,3.891233,-0.448093,-1.186861,-0.568762,0.12045,-0.08745,-0.170775,
36515434927723,-0.6601389050483704,-1.2380946576595306,9.516120000538342,0.08658819198608403,0.713355799417569,1.4701398730278015,-0.18031379580497742,-0.1480875015258789,-0.06429984420537949,0.0,1791183740709,1.9980001,8.125051,4.533,2.005935,8.770674,3.88478,-0.167406,-0.810819,0.251719,0.078925,-0.1480875,-0.1612875,
36515444922097,-0.05023103952407837,-1.2027060508728027,10.047414295948595,0.5624758124351501,0.7527620807819504,1.1441009521484375,-0.20112383365631104,-0.16087499260902405,-0.06581150740385056,0.0,1791183740709,2.3050501,8.31105,5.1540003,1.999868,8.772416,3.883979,0.166665,-0.522862,0.968386,0.0726,-0.160875,-0.1815,
36515454916564,0.29124271869659424,-1.150201615691185,10.380432409265199,1.2268436431884766,0.8158661611732925,0.7236171245574952,-0.19732481241226196,-0.13750000298023224,-0.08339649438858032,0.0,1791183740709,2.3740501,8.280001,5.793,1.991121,8.773437,3.886163,0.405255,-0.454451,1.552782,0.0906125,-0.1375,-0.2336125,
36515464910795,0.4556870460510254,-1.1019030779600143,10.631471957509472,1.7865088462829588,0.8785066974723185,0.2685976028442383,-0.12835857272148132,-0.04702499881386757,-0.10919640958309174,0.0,1791183740709,2.15205,8.15295,6.4750504,1.974589,8.774551,3.892076,0.326019,-0.568093,2.262736,0.1310375,-0.047025,-0.2836625,
36515474905285,0.4544348120689392,-1.0742746114730835,10.48336390225281,2.131675231456757,0.9174652585296744,0.09819892644882203,0.04453567415475845,0.1391499936580658,-0.1463806927204132,0.0,1791183740709,1.6609501,8.04105,6.5179505,1.94616,8.777582,3.899556,-0.019046,-0.695622,2.717337,0.2140875,0.13915,-0.3081375,
36515484899670,0.13173389434814453,-1.0670883715152741,9.917043048456643,2.213973045349121,0.9262782253176137,0.256573486328125,0.24563229084014893,0.34031251072883606,-0.18078790605068207,0.0,1791183740709,1.1839501,8.139,5.5410004,1.905837,8.785389,3.90189,-0.476717,-0.732159,2.21222,0.307725,0.3403125,-0.2996125,
36515494894131,-0.22679507732391357,-1.0659478783607483,9.55917431306823,2.0981128334999086,0.9272975428522608,0.22126067876815797,0.3469686806201935,0.43078750371932983,-0.1858120709657669,0.0,1791183740709,0.89205,8.412001,4.452,1.859726,8.798829,3.893845,-0.863957,-0.549275,1.083019,0.341825,0.4307875,-0.26345,
36515504888377,-0.3214026987552643,-1.0520786121487617,9.577564193657562,1.897713190317154,0.936212495182051,0.09873159527778626,0.3430095314979553,0.41690000891685486,-0.1593317985534668,0.0,1791183740709,0.85200006,8.754001,3.7909503,1.815488,8.814685,3.878832,-0.934641,-0.237125,0.164293,0.2992,0.4169,-0.220825,
36515514882748,-0.14035403728485107,-1.0096291467547416,9.862693685821077,1.6626516163349152,0.9571087599416945,0.02047662138938904,0.25439611077308655,0.3254624903202057,-0.12062685936689377,0.0,1791183740709,0.74595004,9.109051,3.7069502,1.776546,8.829367,3.863441,-0.941188,0.112111,-0.179445,0.2151875,0.3254625,-0.19745,
36515524877194,0.18658481538295746,-0.9285205952823162,10.227671476232116,1.3960932523012162,0.9858767682810211,0.07404662072658538,0.11640902608633041,0.1849374920129776,-0.08843787014484406,0.0,1791183740709,0.648,9.39795,3.9829502,1.742373,8.841065,3.852235,-1.072216,0.423629,-0.012616,0.13859999,0.18493749,-0.1909875,
36515534871652,0.4727596640586853,-0.8132210396230221,10.387279959343655,1.1382594853639603,1.0079252187085619,0.005841466784477234,-0.04167233034968376,0.02213750034570694,-0.07558602094650269,0.0,1791183740710,0.75105006,9.4150505,4.3230004,1.713446,8.850326,3.843937,-1.016952,0.589146,0.302139,0.1023,0.0221375,-0.2028125,
36515544865897,0.5398061275482178,-0.6831902645528316,10.352928967905019,0.8710958987474442,1.0063376854778219,0.14747877418994904,-0.17082037031650543,-0.10986249893903732,-0.06987090408802032,0.0,1791183740710,0.777,9.19995,4.68405,1.689797,8.857348,3.83823,-0.885565,0.471989,0.678947,0.0820875,-0.1098625,-0.2187625,
36515554860276,0.44535189867019653,-0.5502269975841045,10.37301822801721,0.5694272965192795,0.9703406646421138,0.3008296936750412,-0.22155089676380157,-0.16403749585151672,-0.0646200180053711,0.0,1791183740710,0.74895006,9.06795,4.98105,1.668784,8.862355,3.835858,-0.912435,0.241928,0.975806,0.0704,-0.1640375,-0.2176625,
36515564854748,0.5823374390602112,-0.41067195758223535,10.60922027601251,0.3471690624952316,0.9212401223301628,0.44536798894405366,-0.21835771203041077,-0.16307500004768372,-0.05869864299893379,0.0,1791183740710,0.71805006,8.989051,5.589,1.649144,8.865332,3.837474,-0.897584,0.191067,1.431483,0.0609125,-0.163075,-0.207075,
36529067423385,-0.12745536863803864,-0.3191039949655533,9.616293732339672,0.12598646581172945,0.8511591905839085,0.38255995213985444,0.11620889604091644,0.1615625023841858,-0.07347152382135391,0.0,1791183740710,-0.88095003,8.58405,4.2439504,-0.571179,8.781926,4.311791,-0.243068,-0.163665,0.011456,0.1725625,0.1615625,-0.042075,
36529077418090,-0.26923567056655884,-0.24631174206733703,9.480240378482325,0.012900206446647633,0.7876922427928454,0.2341608852148056,0.1257222294807434,0.16788749396800995,-0.07273557037115097,0.0,1791183740710,-0.84705,8.532001,4.04505,-0.583007,8.789171,4.295417,-0.324614,-0.249918,-0.146945,0.1705,0.1678875,-0.03355,
36529087412553,-0.3695555627346039,-0.1807682380080223,9.362568794115855,0.046443048119544986,0.7169996068505203,0.05228854715824127,0.12506110966205597,0.1615625023841858,-0.06362739950418472,0.0,1791183740710,-0.73200005,8.524051,3.8029501,-0.593147,8.796435,4.279125,-0.189975,-0.261971,-0.334161,0.1491875,0.1615625,-0.025024999,
36529097407068,-0.4751468896865845,-0.11396676152944565,9.301262779316493,0.11133458912372589,0.6172903665358184,0.13181121051311492,0.09468523412942886,0.12319999933242798,-0.044612035155296326,0.0,1791183740710,-0.63195,8.536051,3.6400502,-0.600324,8.803088,4.264418,-0.063088,-0.259047,-0.566056,0.1056,0.1232,-0.0218625,
36529107401774,-0.5035346746444702,-0.04817296713590622,9.290180311155954,0.2749390125274658,0.488753315352048,0.3489856332540512,0.07030872255563736,0.09019999951124191,-0.017408492043614388,0.0,1791183740710,-0.69195,8.512051,3.657,-0.605134,8.807714,4.254178,-0.063067,-0.266067,-0.618066,0.0427625,0.0902,-0.0187,
36529117396294,-0.5011683106422424,-0.004253990948200226,9.316743415382541,0.41788675487041477,0.398225079573755,0.423728221654892,0.07782424986362457,0.09239999949932098,0.011037483811378479,0.0,1791183740710,-0.744,8.464951,3.8200502,-0.610017,8.809107,4.25059,-0.118039,-0.317738,-0.513921,-0.0232375,0.0924,-0.0154,
36529127391058,-0.42755863070487976,0.0073750227689743045,9.456533862792606,0.6028715878725052,0.3819660585919337,0.45539281368255613,0.09783006459474564,0.1083500012755394,0.03094484843313694,0.0,1791183740710,-0.70395005,8.512051,4.059,-0.615057,8.807447,4.2533,-0.120181,-0.335233,-0.308336,-0.0699875,0.10835,-0.009075,
36529137385499,-0.285316526889801,-0.004379251599311828,9.571604740762353,0.7393747001886368,0.38714002788625307,0.43854500651359557,0.10929203033447266,0.12113749980926514,0.0371604785323143,0.0,1791183740710,-0.58905005,8.565001,4.2319503,-0.619929,8.804094,4.259532,-0.031512,-0.267236,-0.108666,-0.083875,0.1211375,-0.0111375,
36529147380216,-0.1712339073419571,-0.027503082901239394,9.653220672861616,0.8231303989887238,0.3825769150886616,0.3777624100446701,0.10986876487731934,0.1317249983549118,0.034742116928100586,0.0,1791183740710,-0.63705003,8.5990505,4.33995,-0.62539,8.800411,4.26634,0.060139,-0.198909,0.025783,-0.07535,0.131725,-0.0303875,
36529157374754,-0.1094658151268959,-0.05576072596013546,9.6965536964279,0.6815085902810096,0.36637257130598955,0.29894863814115524,0.1202973946928978,0.15729999542236328,0.030067384243011475,0.0,1791183740711,-0.87600005,8.548051,4.4929504,-0.635239,8.796611,4.272717,-0.150277,-0.216657,0.172635,-0.0605,0.1573,-0.056925,
36529167369452,-0.046055302023887634,-0.0807852316647768,9.770416430060079,0.4420869216322899,0.3472641221477552,0.20792603641748428,0.12776365876197815,0.17641249299049377,0.023056302219629288,0.0,1791183740711,-0.95505005,8.62695,4.48605,-0.649521,8.792917,4.278169,-0.238946,-0.179445,0.227037,-0.041249998,0.1764125,-0.076175,
36529177363985,-0.04598970711231232,-0.08967141173779965,9.768302346868085,0.18390079885721206,0.343970527538538,0.13161225169897078,0.11523374915122986,0.16266250610351562,0.015652965754270554,0.0,1791183740711,-1.12995,8.62005,4.4539504,-0.665071,8.790144,4.281477,-0.412538,-0.162306,0.163875,-0.0243375,0.1626625,-0.073975,
36529187358672,-0.01832175999879837,-0.07924774587154389,9.82161492557357,0.053597912192344666,0.3428140380177334,0.07821329832077026,0.08349499106407166,0.12319999933242798,0.008962225168943405,0.0,1791183740711,-1.16805,8.649,4.50495,-0.679404,8.787993,4.283645,-0.467637,-0.150579,0.192831,-0.01045,0.1232,-0.0633875,
36529197353216,0.046367332339286804,-0.06085924431681633,9.892228699565544,0.3142925828695297,0.33917596319017895,0.03469305038452149,0.043259769678115845,0.07535000145435333,0.0019426675280556083,0.0,1791183740711,-1.0360501,8.757,4.4830503,-0.690665,8.786513,4.284878,-0.408492,-0.079667,0.203568,0.0044,0.07535,-0.0548625,
36529207347894,0.10774241387844086,-0.048454421758651736,9.89670300346606,0.43247681707143787,0.3405757026494169,0.008748595416545869,-0.005053296685218811,0.02419999986886978,-0.004341174848377705,0.0,1791183740711,-1.00995,8.800051,4.41405,-0.69835,8.786102,4.284476,-0.273914,0.014117,0.172846,0.0193875,0.0242,-0.058025,
36529217342440,0.09179537743330002,-0.053193893656134604,9.94182720601397,0.49171154499053954,0.33792110736108305,0.036318731307983396,-0.03637344390153885,-0.012924999929964542,-0.006973259150981903,0.0,1791183740711,-1.04805,8.809051,4.4880004,-0.70417,8.78624,4.283242,-0.32316,0.006797,0.142956,0.0246125,-0.012925,-0.0526625,
36529227337149,0.13158972561359406,-0.07025239057838917,9.985808955673177,0.5103796243667602,0.3190228432836295,0.07183461785316467,-0.021931249648332596,-0.005499999970197678,-0.008730515837669373,0.0,1791183740711,-0.98100007,8.875951,4.4689503,-0.708535,8.786324,4.282345,-0.325979,0.025867,0.194131,0.0257125,-0.0055,-0.034649998,
36529237331712,0.18437018990516663,-0.08802418746054172,9.983302583016027,0.4901354178786278,0.2934157475665109,0.11237300783395768,0.02764669619500637,0.038087498396635056,-0.009041223675012589,0.0,1791183740711,-0.97200006,8.93595,4.3440003,-0.711853,8.786806,4.28081,-0.269988,0.118758,0.133417,0.02255,0.0380875,-0.0111375,
36529247326461,0.16402921080589294,-0.10209032185375691,9.952539214533745,0.4348540216684341,0.27358177589035804,0.1359053835272789,0.07727363705635071,0.08277499675750732,-0.008715566247701645,0.0,1791183740711,-0.97200006,8.943001,4.25805,-0.715004,8.78787,4.278097,-0.262049,0.153607,0.016419,0.0182875,0.082775,0.0100375,
36529257321137,0.1207648292183876,-0.12516895234584807,9.91050166565237,0.3464359030127525,0.2310314217512753,0.13850986659526826,0.12316519021987915,0.12540000677108765,-0.005683869123458862,0.0,1791183740711,-0.933,8.941051,4.1719503,-0.718325,8.78898,4.275262,-0.227603,0.138133,-0.045388,0.0086624995,0.1254,0.0259875,
36529267315686,0.05169334262609482,-0.11621151678264141,9.83889746659299,0.262101711332798,0.23422005543657168,0.13048945963382722,0.13788169622421265,0.1391499936580658,-3.5859562922269106E-4,0.0,1791183740711,-0.933,8.90295,4.083,-0.721757,8.790023,4.272538,-0.18347,0.120329,-0.15998,-0.004125,0.13915,0.0292875,
36529277310363,0.003240041434764862,-0.10258773118257522,9.811952171014234,0.18303282111883162,0.2328433829650271,0.10481952279806137,0.11590947955846786,0.11467500030994415,0.005306796170771122,0.0,1791183740711,-0.9670501,8.886001,4.0470004,-0.7248,8.790704,4.270618,-0.225916,0.088524,-0.213126,-0.016775,0.114675,0.0270875,
36529287304901,-0.00712132453918457,-0.08446601927280425,9.791062235828118,0.10121427029371262,0.22534361569334058,0.06652121990919113,0.07989852130413055,0.07644999772310257,0.011819724924862385,0.0,1791183740711,-0.92100006,8.886001,4.0069504,-0.726911,8.79088,4.2699,-0.221411,0.09553,-0.250715,-0.0306625,0.07645,0.0207625,
36529297299609,-0.026991307735443115,-0.06205824017524719,9.780939166593406,0.01956852078437805,0.20690873970814944,0.02831711620092392,0.050644323229789734,0.047712501138448715,0.016727397218346596,0.0,1791183740711,-0.95295006,8.833051,4.09095,-0.728074,8.790616,4.270243,-0.1987,0.074247,-0.248665,-0.0402875,0.0477125,0.0111375,
36529307294156,0.01013745367527008,-0.03637463375926018,9.829320963878477,0.03012709021568298,0.18074047064791102,0.006191641092300415,0.0359242781996727,0.03382499888539314,0.017552196979522705,0.0,1791183740712,-0.81105006,8.862,4.1740503,-0.72914,8.789646,4.272056,-0.171298,0.053668,-0.116402,-0.041249998,0.033825,0.005775,
36529317288854,0.09606286883354187,-0.006513074785470962,9.926154186643851,0.05676907151937484,0.14781992939659427,0.015065546333789825,0.025626584887504578,0.028462499380111694,0.013249339535832405,0.0,1791183740712,-0.72,8.977051,4.1740503,-0.728998,8.78896,4.273497,-0.00624,0.142941,-0.074748,-0.0295625,0.0284625,-0.0048125,
36529327283387,0.10317587107419968,0.02002365030348301,9.875453666077236,0.07732029557228089,0.113508365253771,0.03505271226167679,0.010834330692887306,0.02213750034570694,0.010056247003376484,0.0,1791183740712,-0.88605005,8.92695,4.1290503,-0.729963,8.78895,4.273353,-0.04837,0.174076,-0.129671,-0.018975,0.0221375,-0.023924999,
36529337278079,0.025390498340129852,0.035559001564979556,9.81557112660527,0.09435030668973923,0.08934545766985877,0.04155507683753967,-0.005085804499685764,0.008249999955296516,0.009240429848432541,0.0,1791183740712,-1.1149501,8.857051,4.0810504,-0.733481,8.788989,4.27267,-0.289061,0.087844,-0.172083,-0.0158125,0.00825,-0.03135,
36529347272618,0.006278425455093384,0.04443461820483208,9.832933144196682,0.09030084311962129,0.07621375521292471,0.04820902347564697,-0.010932913050055504,-0.005499999970197678,0.013876108452677727,0.0,1791183740712,-1.1850001,8.875951,4.0620003,-0.737484,8.78871,4.272549,-0.407163,0.078547,-0.217452,-0.0286,-0.0055,-0.0187,
36529357267238,0.053983174264431,0.05260706767439842,9.892739662636059,0.07351129204034806,0.06754286883512928,0.05697816759347916,-0.01654563657939434,-0.022549999877810478,0.01980806328356266,0.0,1791183740712,-1.2349501,8.87895,4.1839504,-0.739709,8.787762,4.27412,-0.476764,0.098649,-0.161562,-0.0455125,-0.02255,5.5E-4,
36529367261786,0.11722224950790405,0.06077094525098801,9.971549752153068,0.04360947906970977,0.06494176745237784,0.06121004372835159,0.00147190410643816,-0.014024999924004078,0.021863525733351707,0.0,1791183740712,-1.2229501,8.907001,4.31295,-0.74035,8.785922,4.27779,-0.49767,0.100488,-0.023973,-0.0540375,-0.014025,0.022824999,
36529377256493,0.17324204742908478,0.07173253297805786,10.011990005340369,0.008702059090137479,0.06449707242151688,0.07522327899932861,0.03924432396888733,0.015812499448657036,0.019057931378483772,0.0,1791183740712,-1.1370001,8.931001,4.38,-0.739635,8.783845,4.282175,-0.462472,0.112142,0.086562,-0.051975,0.0158125,0.0484,
36529387251032,0.2213798463344574,0.08371761329472065,9.98865989466044,0.0861040323972702,0.06877832024926811,0.11442114859819412,0.06563293933868408,0.036024998873472214,0.011416450142860413,0.0,1791183740712,-0.96495,8.931001,4.368,-0.736567,8.782415,4.285636,-0.297947,0.168639,0.109437,-0.0380875,0.036025,0.0697125,
36529397245724,0.1438787430524826,0.08859318383038044,9.887181049091772,0.13574957102537155,0.06941110898535416,0.14194121211767197,0.08011452108621597,0.05197500064969063,0.007152064237743616,0.0,1791183740712,-0.83505005,8.862,4.3039503,-0.732013,8.781749,4.287778,-0.134906,0.123815,0.052229,-0.0286,0.051975,0.071775,
36529407240243,0.06813111156225204,0.086612618714571,9.822928489524543,0.12970525324344637,0.06940158198414774,0.14477079957723618,0.08312307298183441,0.06366249918937683,0.008450867608189583,0.0,1791183740712,-0.864,8.805,4.26795,-0.728355,8.781246,4.289431,-0.095468,0.064463,0.00748,-0.0286,0.0636625,0.054725,
36529417234940,0.010166640393435955,0.0825311818625778,9.830590310697072,0.08830696549266577,0.0713496866552511,0.12335967775434256,0.08332846313714981,0.06902500241994858,0.014943830668926239,0.0,1791183740712,-0.91695005,8.814,4.25595,-0.72698,8.780197,4.291812,-0.163882,0.01284,-0.030813,-0.041249998,0.069025,0.042075,
36529427229483,0.02054411545395851,0.07697890135459602,9.80671050818998,0.05126501452177763,0.07163611345761307,0.0928200913593173,0.08175326883792877,0.0668250024318695,0.02022397518157959,0.0,1791183740712,-0.9889501,8.781,4.25295,-0.726486,8.778628,4.295106,-0.231412,0.023985,-0.041289,-0.053075,0.066825,0.040975,
36529437224205,-0.010824658907949924,0.06721915891394019,9.802515918973844,0.001829833164811133,0.06960825379016057,0.04637919031083584,0.07322484254837036,0.055137500166893005,0.02327190339565277,0.0,1791183740712,-0.97200006,8.7640505,4.28205,-0.725991,8.776611,4.299308,-0.272609,-0.014698,-0.040703,-0.0605,0.0551375,0.0441375,
36529447218743,0.0015656668692827225,0.05909598171710968,9.838858627351467,0.039061592519283296,0.067277282432193,0.017916575074195862,0.049780379980802536,0.0317624993622303,0.02273723855614662,0.0,1791183740713,-1.044,8.74905,4.3780503,-0.724868,8.774334,4.304147,-0.290492,-0.033968,0.023889,-0.0583,0.0317625,0.038775,
36529457213420,0.08102144300937653,0.057108812406659125,9.90344744383755,0.040715402364730834,0.06600127153797726,0.02049464136362076,0.02648182585835457,0.009349999949336052,0.017532916739583015,0.0,1791183740713,-1.041,8.809051,4.4040003,-0.723786,8.772122,4.30883,-0.31791,0.011338,0.107791,-0.0455125,0.00935,0.03355,
36529467207979,0.09718888998031616,0.059383589774370193,9.863577990452068,0.03732418771833181,0.06655709952984327,0.0378990912809968,0.015917330980300903,-0.002337499987334013,0.011352586559951305,0.0,1791183740713,-1.07505,8.79,4.3440003,-0.721848,8.77069,4.312072,-0.317454,0.051077,0.063848,-0.0317625,-0.0023375,0.0356125,
36529477202671,0.03235247731208801,0.06083921156823635,9.808356995231572,0.07416038494557142,0.065625130964121,0.0402607636526227,0.030565721914172173,0.007287499960511923,0.00986491609364748,0.0,1791183740713,-1.044,8.754001,4.2990003,-0.719581,8.769648,4.314568,-0.350845,0.006629,0.001497,-0.0306625,0.0072875,0.0495,
36529487197188,0.026541363447904587,0.0625223459675908,9.818372757537995,0.09420724399387836,0.06427838103542752,0.0477339681237936,0.054350487887859344,0.026399999856948853,0.012642514891922474,0.0,1791183740713,-0.91395,8.76105,4.3369503,-0.716145,8.768476,4.31752,-0.248937,6.18E-4,0.017698,-0.0391875,0.0264,0.06325,
36529497191900,-0.009010759182274342,0.06342137339524925,9.772768603304506,0.099152116663754,0.06313569960708185,0.045618682913482186,0.07574921101331711,0.04977500066161156,0.012600842863321304,0.0,1791183740713,-0.864,8.6970005,4.37295,-0.71226,8.767164,4.320822,-0.164235,-0.03877,0.031156,-0.0391875,0.049775,0.06435,
36529507186428,-0.04428078606724739,0.06070046140812337,9.78176871239423,0.10280144065618516,0.06645857473224943,0.020558237098157406,0.07988883554935455,0.05829999968409538,0.008845213800668716,0.0,1791183740713,-0.83505005,8.674951,4.4419503,-0.709076,8.765874,4.323966,-0.143478,-0.099729,0.07829,-0.0295625,0.0583,0.058025,
36529517181111,-0.04633813723921776,0.053580411104485394,9.759277395100755,0.10096725970506669,0.06983111860903356,0.008147168345749379,0.06395664066076279,0.05087500065565109,-7.106438279151917E-4,0.0,1791183740713,-0.90705,8.629951,4.46595,-0.707078,8.765063,4.325938,-0.181389,-0.134831,0.138567,-0.0050875,0.050875,0.040975,
36529527175659,-0.009974077343940735,0.04792291368357837,9.824810484796638,0.06299166958779097,0.0701665947352301,0.01661247927695513,0.04512681066989899,0.04028749838471413,-0.01070762611925602,0.0,1791183740713,-0.87600005,8.72295,4.43505,-0.706574,8.765173,4.325796,-0.181892,-0.096633,0.143497,0.02035,0.0402875,0.023924999,
36529537170424,-0.0047544389963150024,0.04641566681675613,9.800064950168373,0.04078821483999491,0.07095378010245885,0.022871639765799045,0.030513154342770576,0.03382499888539314,-0.017479680478572845,0.0,1791183740713,-0.89295006,8.757,4.308,-0.70696,8.766457,4.323131,-0.17193,-0.042851,0.048,0.0385,0.033825,0.006875,
36529547164962,-0.027180427685379982,0.04474272415973246,9.776164917010389,0.04700021483004094,0.07226278103412949,0.026505573466420174,0.03108544461429119,0.036024998873472214,-0.0172357689589262,0.0,1791183740713,-1.0030501,8.766001,4.21005,-0.708514,8.768382,4.318965,-0.249385,-0.01844,-0.065148,0.0385,0.036025,0.0037125,
36529557159649,-0.0418175533413887,0.03995268777944148,9.759257331949081,0.06391201820224524,0.0746279428927846,0.026012926921248437,0.04420993849635124,0.04235000163316727,-0.012666397728025913,0.0,1791183740713,-0.96900004,8.76105,4.18905,-0.710086,8.770204,4.315012,-0.290908,-0.013079,-0.116263,0.0257125,0.04235,0.0185625,
36529567154174,-0.044436853379011154,0.03186973263509572,9.739664959644124,0.06589343380182981,0.07457577469194998,0.025632670149207115,0.05812310799956322,0.04977500066161156,-0.006646479479968548,0.0,1791183740713,-0.85695004,8.74905,4.1929502,-0.70994,8.771593,4.31221,-0.192893,0.00229,-0.137403,0.0097624995,0.049775,0.032449998,
36529577148870,-0.0365426205098629,0.02138049923814833,9.773501488306263,0.07868034690618515,0.06845603032078211,0.030946378782391547,0.07338784635066986,0.06476250290870667,-0.004087962210178375,0.0,1791183740713,-0.82605004,8.77095,4.2319503,-0.708879,8.772556,4.31042,-0.12931,-0.00346,-0.097306,0.0034375,0.0647625,0.0356125,
36529587143395,-0.04072337597608566,0.008275338122621179,9.765192731365785,0.08375884909182787,0.05203210992550348,0.03814016617834568,0.08076104521751404,0.07644999772310257,-0.00550414202734828,0.0,1791183740713,-0.924,8.7300005,4.2769504,-0.708957,8.773396,4.308703,-0.162751,-0.023454,-0.071646,0.0077,0.07645,0.0292875,
36529597138145,-0.031728457659482956,-5.050219129770994E-4,9.807909068248893,0.05960800927132368,0.04231839733927979,0.039049772173166276,0.08166582882404327,0.07851249724626541,-0.008206117898225784,0.0,1791183740714,-0.93600005,8.742001,4.347,-0.710061,8.774162,4.306961,-0.204742,-0.05295,0.001921,0.014025,0.0785125,0.0281875,
36529607132844,0.03651865944266319,-0.002085644518956542,9.866597092041946,0.015235361270606517,0.040265867601199844,0.023382529616355896,0.10089438408613205,0.0966624990105629,-0.013475179672241211,0.0,1791183740714,-0.87795,8.7949505,4.38495,-0.711124,8.775181,4.304708,-0.194102,-0.02045,0.09276,0.0246125,0.0966625,0.0367125,
36529617127379,0.04185222461819649,-5.013653077185154E-4,9.848437515785895,0.010487765260040761,0.04132615450287084,0.006124714016914367,0.12197832018136978,0.11797499656677246,-0.01863824762403965,0.0,1791183740714,-0.89295006,8.778001,4.37505,-0.712142,8.776647,4.301549,-0.178719,-0.017127,0.100707,0.0353375,0.117975,0.0430375,
36529627122071,0.02320273034274578,-3.684345632791519E-4,9.797597236979827,0.028695995919406414,0.04139784982240196,0.005824356153607368,0.12699158489704132,0.12319999933242798,-0.019613664597272873,0.0,1791183740714,-0.88995004,8.778001,4.26,-0.713291,8.778477,4.297621,-0.163205,-0.004592,0.035202,0.0374,0.1232,0.0441375,
36529637116595,-0.02859673649072647,-0.0012570384424179792,9.73547286819094,0.03475525751709938,0.041801525967028734,0.008249684050679208,0.10862386971712112,0.10408750176429749,-0.01555596198886633,0.0,1791183740714,-0.91905004,8.74905,4.17,-0.71424,8.780532,4.293268,-0.186198,-0.009042,-0.07776,0.028875,0.1040875,0.039875,
36529647111316,-0.06676042079925537,-0.004673342825844884,9.731124063068911,0.02725621834397316,0.0441569100965797,0.0012432914227247238,0.08556324243545532,0.07644999772310257,-0.005317586939781904,0.0,1791183740714,-1.065,8.7300005,4.16505,-0.715116,8.78187,4.290382,-0.297849,-0.024745,-0.151488,0.0055,0.07645,0.039875,
36529657105840,-0.023368682712316513,-0.009892849111929536,9.829967805584182,0.014898493140935897,0.039659619691989695,0.010734177008271218,0.07307933270931244,0.05719999969005585,0.005825768690556288,0.0,1791183740714,-1.1200501,8.79705,4.24095,-0.715655,8.781934,4.290158,-0.369136,-0.005656,-0.10338,-0.0210375,0.0572,0.0463375,
36529667100542,0.07253491133451462,-0.011125548044219613,9.921481364497899,0.026348739117383956,0.03657537053421903,0.004597639665007591,0.0658886730670929,0.04235000163316727,0.013914832845330238,0.0,1791183740714,-1.11105,8.84805,4.3489504,-0.714943,8.780874,4.292449,-0.405762,0.048075,-3.25E-4,-0.041249998,0.04235,0.056925,
36529677095060,0.12237997353076935,-0.006624173233285546,9.96397034287625,0.05337797515094281,0.04598004604861995,0.015237808972597123,0.05798166245222092,0.028462499380111694,0.015115195885300636,0.0,1791183740714,-1.07505,8.862,4.42605,-0.712368,8.779181,4.296336,-0.372424,0.054556,0.105919,-0.0455125,0.0284625,0.06655,
36529687089748,0.15024122595787048,-4.3918010778725146E-4,9.933397625351864,0.0900551736354828,0.05701973804458609,0.05100540146231651,0.05290748178958893,0.018975000828504562,0.01559348963201046,0.0,1791183740714,-1.0000501,8.839951,4.419,-0.708181,8.777315,4.300841,-0.307179,0.080365,0.127751,-0.0477125,0.018975,0.073975,
36529697084296,0.12233186513185501,0.0061279511079192165,9.874565633793525,0.11220638826489449,0.06291332286041738,0.08882385864853859,0.04836077243089676,0.010449999943375587,0.01707960106432438,0.0,1791183740714,-0.81900007,8.818951,4.3660502,-0.702318,8.775521,4.305459,-0.219668,0.079765,0.080037,-0.051975,0.01045,0.0803,
36529707078988,0.06197606399655342,0.011440793611109256,9.807087812123477,0.11201752200722694,0.06291866530972146,0.10589280799031257,0.03960380330681801,0.0030249999836087227,0.021791774779558182,0.0,1791183740714,-0.70095,8.76105,4.3510504,-0.694641,8.773568,4.310685,-0.054963,0.043411,0.043686,-0.0614625,0.003025,0.073975,
36529717073758,-0.031514182686805725,0.012181991338729858,9.762813412228404,0.07925863303244114,0.062318097910740944,0.08508298918604851,0.03699243441224098,0.006187499966472387,0.027100348845124245,0.0,1791183740714,-0.64905006,8.70195,4.3780503,-0.687312,8.771055,4.316965,0.016716,-0.057026,0.046984,-0.0710875,0.0061875,0.0600875,
36529727068310,-0.048440076410770416,0.010258691385388374,9.749578617639534,0.042669295147061345,0.06355354774078202,0.050918979197740556,0.02806006371974945,0.003987499978393316,0.02878248132765293,0.0,1791183740714,-0.69405,8.673,4.39905,-0.681237,8.768081,4.323968,0.005853,-0.087571,0.068711,-0.0721875,0.0039875,0.0441375,
36529737062784,-0.06675580888986588,0.0071586228907108305,9.752545031205308,0.0062762808054685594,0.06568664220530399,0.007519572228193283,0.019349023699760437,-2.749999985098839E-4,0.028186772018671036,0.0,1791183740714,-0.83295006,8.658,4.4110503,-0.676971,8.764971,4.330934,-0.103756,-0.110796,0.056957,-0.069025,-2.75E-4,0.03355,
36529747057481,-0.04035433009266853,0.006499927770346403,9.779239191317387,0.014283489808440207,0.0660924852028028,0.025017666816711425,0.016710937023162842,-0.004537499975413084,0.026568107306957245,0.0,1791183740715,-0.93600005,8.637,4.48995,-0.673635,8.761861,4.337745,-0.198072,-0.110081,0.100424,-0.065725,-0.0045375,0.0367125,
36529757051991,-0.0038932189345359802,0.00839614449068904,9.836904738461246,0.033593883737921715,0.06521727446240387,0.038191523402929306,0.032112106680870056,0.007287499960511923,0.023511040955781937,0.0,1791183740715,-0.88605005,8.637,4.62405,-0.670675,8.758521,4.34494,-0.270464,-0.133077,0.217727,-0.0605,0.0072875,0.0484,
36529767046711,0.0852520763874054,0.014880590979009867,9.901123959615747,0.030076080560684205,0.06608343417404446,0.014838271588087083,0.04588410630822182,0.018975000828504562,0.013878374360501766,0.0,1791183740715,-0.77505004,8.686951,4.6870503,-0.666288,8.755605,4.351493,-0.157536,-0.070306,0.309337,-0.0402875,0.018975,0.0589875,
36529777041249,0.08993005752563477,0.02120422488078475,9.884485869849028,0.03816964626312255,0.06690617097074658,0.012835755199193954,0.049718134105205536,0.027499999850988388,-0.0015056051779538393,0.0,1791183740715,-0.70605004,8.6970005,4.644,-0.661222,8.754076,4.355338,-0.057256,-0.061594,0.317462,-0.0050875,0.0275,0.055825,
36529787035942,0.037147365510463715,0.025097761955112218,9.804080400841181,0.05520746856927872,0.06543877965151935,0.03361639007925987,0.046061936765909195,0.03272499889135361,-0.015226483345031738,0.0,1791183740715,-0.768,8.653951,4.5430503,-0.657002,8.754253,4.355618,-0.037534,-0.080925,0.240568,0.0279125,0.032725,0.042075,
36529797030709,-0.0213547982275486,0.025616444926708937,9.758030579487007,0.06847651153802872,0.06502611710572109,0.03741629645228386,0.05898405611515045,0.05403750017285347,-0.023473400622606277,0.0,1791183740715,-0.91005003,8.661,4.40205,-0.655705,8.755704,4.352893,-0.168118,-0.096741,0.121189,0.048125,0.0540375,0.03135,
36529807025223,-0.0345773808658123,0.02206164291128516,9.757641955590731,0.053803525120019915,0.06626447922973151,0.03127946406602859,0.0721515342593193,0.06792499870061874,-0.025005273520946503,0.0,1791183740715,-1.04595,8.685,4.3230004,-0.65672,8.757859,4.348403,-0.301179,-0.072561,0.022728,0.0512875,0.067925,0.03355,
36529817019926,-0.05365433543920517,0.01728631490841508,9.774140471183493,0.047420797497034074,0.0680825936838207,0.003498181700706482,0.0668410211801529,0.05829999968409538,-0.02212001010775566,0.0,1791183740715,-1.0890001,8.71605,4.287,-0.658315,8.760072,4.343706,-0.409717,-0.069985,-0.042006,0.0438625,0.0583,0.039875,
36529827014440,-0.03046722710132599,0.014602817036211491,9.76407695964592,0.02810084745287895,0.0688498964562063,0.02058127522468567,0.056714776903390884,0.04028749838471413,-0.014290030114352703,0.0,1791183740715,-1.041,8.718,4.2720003,-0.658312,8.761827,4.340162,-0.402537,-0.031038,-0.067192,0.0246125,0.0402875,0.0504625,
36529837009139,-0.07383760809898376,0.012340773455798626,9.716869440763094,0.01776060312986374,0.07094340539845129,0.042778269946575166,0.04680061712861061,0.02213750034570694,-0.00464330380782485,0.0,1791183740715,-0.93105006,8.686951,4.25295,-0.655939,8.762743,4.338673,-0.316325,-0.060685,-0.09204,0.0012375,0.0221375,0.0611875,
36529847003682,-0.07919672131538391,0.0117189584299922,9.687073711504752,0.01615513116121292,0.07168462747635027,0.05434665456414223,0.028948206454515457,-2.749999985098839E-4,0.0037131262943148613,0.0,1791183740715,-0.77805007,8.65095,4.28895,-0.651029,8.762765,4.339369,-0.196736,-0.072678,-0.06161,-0.017875,-2.75E-4,0.06325,
36529856998362,-0.1303822547197342,0.006368279829621315,9.684699541431222,0.058669357746839526,0.07783403282512907,0.0735076293349266,0.009983280673623085,-0.01718750037252903,0.010119326412677765,0.0,1791183740715,-0.79200006,8.623051,4.3369503,-0.644951,8.761951,4.341921,-0.128595,-0.141296,-0.028249,-0.0306625,-0.0171875,0.0526625,
36529866993123,-0.13458207249641418,-0.003987569361925125,9.665486646106187,0.10252893194556237,0.0820081824463369,0.08969317674636841,0.005920080468058586,-0.018287500366568565,0.012043206952512264,0.0,1791183740715,-0.88305,8.56305,4.395,-0.640143,8.760594,4.345362,-0.219593,-0.171064,0.009009,-0.033825,-0.0182875,0.0452375,
36529876987648,-0.10343068838119507,-0.015278102457523346,9.71625849159536,0.13790225908160209,0.0793339445114515,0.10428586900234223,0.008556480519473553,-0.016224998980760574,0.007659377530217171,0.0,1791183740715,-0.82095003,8.59095,4.464,-0.635988,8.759095,4.348997,-0.230931,-0.179142,0.09396,-0.0243375,-0.016224999,0.0484,
36529886982091,-0.10911765694618225,-0.028246046602725984,9.6695729540378,0.1487581752240658,0.07208444958359826,0.11134187877178192,0.0057619307190179825,-0.0193875003606081,-0.0019734855741262436,0.0,1791183740715,-0.71595,8.56005,4.44,-0.630357,8.758368,4.351281,-0.116852,-0.180809,0.101253,-0.003025,-0.0193875,0.0515625,
36529896976783,-0.17059621214866638,-0.04289245046675205,9.606731051991508,0.160901241004467,0.06972190353147731,0.1296217769384384,0.0169830359518528,-0.004537499975413084,-0.012739075347781181,0.0,1791183740715,-0.65595,8.553,4.32495,-0.62443,8.758847,4.351173,-0.062924,-0.212412,0.034324,0.02145,-0.0045375,0.0504625,
36529906971307,-0.23054340481758118,-0.05751842390745878,9.546018344119421,0.1531521886587143,0.07653756267425944,0.14965400695800782,0.04983033239841461,0.03272499889135361,-0.01942494511604309,0.0,1791183740716,-0.531,8.55795,4.19595,-0.619176,8.760686,4.348218,0.0228,-0.204674,-0.103979,0.0364375,0.032725,0.0515625,
36529916966009,-0.3113413453102112,-0.07150978203862905,9.48732138319864,0.16442458629608153,0.09407302026170854,0.1850058615207672,0.08256518095731735,0.07218749821186066,-0.023807456716895103,0.0,1791183740716,-0.45495003,8.54595,4.0950003,-0.614739,8.763521,4.343136,0.13568,-0.23624,-0.206635,0.047025,0.0721875,0.0473,
36529926960781,-0.3400024175643921,-0.08608789909631014,9.449377104771463,0.18954193741083145,0.11052156280519689,0.2323202073574066,0.09756095707416534,0.0966624990105629,-0.025208551436662674,0.0,1791183740716,-0.42105,8.553,3.9949503,-0.611977,8.766935,4.33663,0.187984,-0.227683,-0.281532,0.0523875,0.0966625,0.032449998,
36529936955349,-0.37903696298599243,-0.10170195680111646,9.402891358868864,0.23195741400122644,0.12744994414670652,0.28630406856536866,0.09487652033567429,0.10408750176429749,-0.02335093542933464,0.0,1791183740716,-0.38505003,8.53905,3.9180002,-0.611144,8.770676,4.329175,0.223065,-0.224241,-0.37224,0.0512875,0.1040875,0.0111375,
36529946950046,-0.3856984078884125,-0.11896916069090366,9.465301860402581,0.2558168783783913,0.14067641799249125,0.3293245077133179,0.08102268725633621,0.10092499852180481,-0.016986774280667305,0.0,1791183740716,-0.51000005,8.613001,3.8920503,-0.612804,8.774071,4.322053,0.150504,-0.215664,-0.415396,0.0407,0.100925,-0.0154,
36529956944615,-0.3110741376876831,-0.13432820662856101,9.531880377214428,0.25573747754096987,0.14400363459952656,0.34543065428733827,0.06217224895954132,0.09129999577999115,-0.00825808010995388,0.0,1791183740716,-0.58605003,8.661,3.93705,-0.617312,8.776815,4.315838,0.078398,-0.141795,-0.406786,0.0246125,0.091299996,-0.040975,
36529966939312,-0.21751061081886292,-0.14946634098887443,9.587687117091575,0.2223786383867264,0.13580528064047587,0.3266645073890686,0.054347649216651917,0.09019999951124191,0.0037667041178792715,0.0,1791183740716,-0.73995006,8.69205,3.9780002,-0.6242,8.778193,4.312047,0.006277,-0.078529,-0.333564,1.375E-4,0.0902,-0.0600875,
36529976933853,-0.21126414835453033,-0.1645260512828827,9.62859404143906,0.18957497477531432,0.12466633885846329,0.30091685354709624,0.04258440434932709,0.07644999772310257,0.014244602993130684,0.0,1791183740716,-0.86205006,8.72595,3.9780002,-0.633078,8.778336,4.310458,-0.197928,-0.090642,-0.324793,-0.0232375,0.07645,-0.0622875,
36529986928553,-0.13970497250556946,-0.17336866818368435,9.698829647971012,0.12342867851257328,0.11602025735296054,0.2530504554510117,0.020663732662796974,0.04661250114440918,0.024093594402074814,0.0,1791183740716,-0.92100006,8.75895,4.0620003,-0.641028,8.777466,4.31105,-0.252227,-0.027523,-0.299048,-0.0466125,0.0466125,-0.0548625,
36529996923320,-0.10123273730278015,-0.17736256513744592,9.740395770332057,0.046503314375877375,0.11202462986602817,0.1961573213338852,0.008743641898036003,0.028462499380111694,0.03358932584524155,0.0,1791183740716,-1.01205,8.74905,4.1599503,-0.648171,8.77528,4.314436,-0.33367,-0.034914,-0.20906,-0.069025,0.0284625,-0.0484,
36530006917882,0.004845570772886276,-0.175391417555511,9.848518948385488,0.052032481878995895,0.11483136362097478,0.1329733796417713,0.007693251594901085,0.021037500351667404,0.039014775305986404,0.0,1791183740716,-1.0360501,8.814,4.27005,-0.654792,8.772063,4.319969,-0.401269,0.023367,-0.097278,-0.082775,0.0210375,-0.0378125,
36530016912570,0.11572683602571487,-0.16692235898226498,9.921523273613516,0.16599431708455084,0.12888371944599905,0.06632589027285576,0.030882366001605988,0.036024998873472214,0.04002504423260689,0.0,1791183740716,-1.06305,8.85495,4.347,-0.659904,8.768292,4.326841,-0.381792,0.089387,0.022743,-0.0881375,0.036025,-0.0165,
36530026907024,0.1309921145439148,-0.15884939190000297,9.967429346389476,0.2884294308722019,0.1416068213989373,0.002125362306833267,0.07574653625488281,0.07218749821186066,0.040110230445861816,0.0,1791183740716,-1.0530001,8.87205,4.419,-0.664151,8.764354,4.33417,-0.382333,0.090932,0.053721,-0.0924,0.0721875,0.0111375,
36530036901820,0.17326432466506958,-0.1464942952618003,9.973555616359688,0.39404372945427896,0.15828287753592585,0.06471922174096108,0.1206139549612999,0.1083500012755394,0.04018799588084221,0.0,1791183740716,-0.91695005,8.874001,4.45905,-0.667088,8.760254,4.342002,-0.326724,0.111791,0.11532,-0.0966625,0.10835,0.038775,
36530046896359,0.16493816673755646,-0.13428755085915328,9.951599901598083,0.46338405683636663,0.17183575139806245,0.11795340254902839,0.13016171753406525,0.11371249705553055,0.03953186795115471,0.0,1791183740716,-0.85005003,8.857051,4.45695,-0.667977,8.756239,4.349951,-0.186971,0.115806,0.109766,-0.0966625,0.1137125,0.0495,
36530056891047,0.12728184461593628,-0.12140434589236974,9.902583107008747,0.469105164706707,0.1810572101681784,0.14244065731763839,0.114748015999794,0.0976250022649765,0.04221641272306442,0.0,1791183740716,-0.80895007,8.769,4.52895,-0.668034,8.751984,4.358499,-0.16776,0.067389,0.125159,-0.102025,0.097625,0.0463375,
36530066885595,0.09080974757671356,-0.11013475488871335,9.899674776109242,0.43837409317493437,0.1868094433424524,0.13745723962783812,0.08021938055753708,0.06902500241994858,0.047085829079151154,0.0,1791183740717,-0.66300005,8.733001,4.6150503,-0.667571,8.746964,4.368635,-0.055696,5.83E-4,0.194032,-0.10945,0.069025,0.025024999,
36530076880289,0.0923033133149147,-0.10034805480390788,9.909982114398932,0.3827699348330498,0.19196041250966556,0.12971947938203812,0.034059010446071625,0.03492499887943268,0.04961089789867401,0.0,1791183740717,-0.69195,8.70195,4.6909504,-0.667487,8.741265,4.380038,0.020834,-0.032025,0.273609,-0.10945,0.034925,-0.010175,
36530086874823,0.10191544890403748,-0.08979639951139688,9.928058893999502,0.3116070255637169,0.19692420748093165,0.1154497042298317,-0.005173111334443092,0.007287499960511923,0.05001487582921982,0.0,1791183740717,-0.81900007,8.6629505,4.7800503,-0.669612,8.735154,4.391889,-0.063232,-0.059432,0.335978,-0.1051875,0.0072875,-0.042075,
36530096869515,0.13166910409927368,-0.07468313369899988,9.93570653852259,0.24176927134394643,0.20168453254238997,0.10879589170217514,-0.0322592593729496,-0.016224998980760574,0.04521447420120239,0.0,1791183740717,-0.95505005,8.635051,4.821,-0.673532,8.728965,4.403584,-0.217329,-0.072397,0.403292,-0.0924,-0.016224999,-0.0537625,
36530106864273,0.1556367725133896,-0.05537412483245134,9.98055234336876,0.18079276755452156,0.20430750010134283,0.1144668772816658,-0.03214733302593231,-0.020487500354647636,0.032432179898023605,0.0,1791183740717,-0.9670501,8.686951,4.8180003,-0.677444,8.723653,4.413498,-0.304396,-0.057508,0.412532,-0.065725,-0.0204875,-0.040975,
36530116858802,0.19753292202949524,-0.029930411465466024,9.986714060319821,0.13368614986538888,0.20252483765559454,0.13581151217222215,-0.014783852733671665,-0.007699999958276749,0.017347391694784164,0.0,1791183740717,-1.00995,8.71395,4.7730002,-0.680425,8.719959,4.420335,-0.332541,-0.003536,0.393723,-0.034925,-0.0077,-0.0229625,
36530126853480,0.17452451586723328,-0.004204064793884754,9.9543724618781,0.08753653094172477,0.19400341072151,0.15225575268268585,0.01639474183320999,0.01993750035762787,-8.73023469466716E-4,0.0,1791183740717,-0.957,8.73495,4.677,-0.68281,8.718266,4.423303,-0.308608,0.005338,0.328506,0.0023375,0.0199375,-0.0026125,
36530136848003,0.11619147658348083,0.02055735718458891,9.870719468055123,0.03715755566954612,0.1752825279199429,0.1551109582185745,0.049000293016433716,0.04867500066757202,-0.01574723608791828,0.0,1791183740717,-0.88095003,8.742001,4.49805,-0.684137,8.718757,4.422132,-0.24982,0.02879,0.162083,0.032175,0.048675,0.0176,
36530146842682,0.027831969782710075,0.041233876068145034,9.766572144754866,0.008097125962376578,0.14848200169560508,0.1343435313552618,0.06724073737859726,0.0625625029206276,-0.022039294242858887,0.0,1791183740717,-0.80700004,8.718,4.32795,-0.684038,8.720817,4.41808,-0.158939,0.019548,-0.001458,0.0438625,0.0625625,0.032449998,
36530156837244,-0.08537899702787399,0.05251863310113549,9.691342409432117,0.05131686218082904,0.12851090708610155,0.08614037744700909,0.06901713460683823,0.06366249918937683,-0.020170064643025398,0.0,1791183740717,-0.73005,8.70195,4.203,-0.682984,8.7235,4.412942,-0.061831,-0.019048,-0.16152,0.0396,0.0636625,0.03355,
36530166831939,-0.1337573230266571,0.05670629749074578,9.663023688042594,0.10983715094625951,0.12077526100165746,0.01988232843577862,0.05080385506153107,0.04977500066161156,-0.013352416455745697,0.0,1791183740717,-0.68895006,8.69205,4.16505,-0.681959,8.72598,4.408199,-0.029337,-0.043075,-0.216632,0.0268125,0.049775,0.0185625,
36530176826482,-0.14822828769683838,0.05985809052363038,9.660949477994794,0.1601179365068674,0.11439506584058116,0.044668232277035716,0.029364796355366707,0.03272499889135361,-0.0030718035995960236,0.0,1791183740717,-0.81900007,8.665951,4.191,-0.681772,8.727649,4.404924,-0.067831,-0.047139,-0.246876,0.0066,0.032725,0.0015125,
36530186821148,-0.11206038296222687,0.06124032000079751,9.732882202725797,0.1991144958883524,0.1121197921883059,0.09031860418617725,0.012008478865027428,0.01677500084042549,0.004757354501634836,0.0,1791183740717,-0.86895007,8.70195,4.2720003,-0.683113,8.728181,4.403664,-0.183807,-0.045276,-0.188156,-0.00935,0.016775,-0.007975,
36530196815679,-0.04401209205389023,0.06410135226324201,9.777414099646837,0.2191542938351631,0.10861257334871528,0.10468741655349731,-0.004496186040341854,-2.749999985098839E-4,0.008887315168976784,0.0,1791183740717,-0.91005003,8.72595,4.3159504,-0.684288,8.727912,4.404012,-0.189813,-0.013883,-0.099917,-0.017875,-2.75E-4,-0.0122375,
36530206810462,-0.051144182682037354,0.06130186459049582,9.775253625812471,0.23365196585655212,0.11080328624386436,0.09784045368432999,-0.010468151420354843,-0.006599999964237213,0.009956165216863155,0.0,1791183740717,-0.92595005,8.742001,4.275,-0.685547,8.727401,4.404829,-0.207709,-0.027737,-0.091158,-0.020075,-0.0066,-0.0133375,
36530216805103,-0.06343291699886322,0.05234387693926692,9.741073654039736,0.23603132516145706,0.1132561570547103,0.08377557247877121,-0.0061141313053667545,-0.006599999964237213,0.012699920684099197,0.0,1791183740718,-0.96495,8.72295,4.227,-0.686591,8.726911,4.405637,-0.264125,-0.005699,-0.170975,-0.0275,-0.0066,-0.0048125,
36530226799671,-0.08789973706007004,0.04139928435906768,9.697285369458799,0.22682082056999206,0.11567760934389398,0.07170986235141755,0.006728140637278557,-2.749999985098839E-4,0.017915021628141403,0.0,1791183740718,-0.957,8.67,4.23705,-0.687007,8.726029,4.407317,-0.280469,-0.028759,-0.182231,-0.041249998,-2.75E-4,0.009075,
36530236794392,-0.12545382976531982,0.02646337663754821,9.703589364040656,0.20873208306729796,0.11696498025459552,0.07438855171203614,0.022952593863010406,0.009349999949336052,0.023138489574193954,0.0,1791183740718,-0.9289501,8.6629505,4.2720003,-0.686331,8.724531,4.410386,-0.247626,-0.070357,-0.178118,-0.0551375,0.00935,0.023924999,
36530246788936,-0.11829914152622223,0.012301511224359274,9.72908834963642,0.17538633905351161,0.11648731318289719,0.08924596160650253,0.038655005395412445,0.01993750035762787,0.02561773546040058,0.0,1791183740718,-0.91695005,8.658,4.34205,-0.684766,8.722485,4.414678,-0.256373,-0.094647,-0.115372,-0.0625625,0.0199375,0.0367125,
36530256783634,-0.052798837423324585,0.003297477122396231,9.778056573114402,0.10945922099053859,0.11418888045173949,0.08957689255475998,0.05802377685904503,0.03698749840259552,0.02405453473329544,0.0,1791183740718,-0.91905004,8.673,4.4209504,-0.682795,8.720247,4.419395,-0.229614,-0.056496,-0.04108,-0.0605,0.0369875,0.0463375,
36530266778173,-0.010837458074092865,-0.0017848831601440906,9.7993734533325,0.034389568492770195,0.11242926655647574,0.07905780076980591,0.073953777551651,0.05403750017285347,0.019524626433849335,0.0,1791183740718,-0.91005003,8.661,4.4929504,-0.681293,8.718086,4.423888,-0.245481,-0.049547,0.035829,-0.050875,0.0540375,0.0495,
36530276772860,-0.005704032257199287,-0.00668525043874979,9.79501510149971,0.027699944376945493,0.11033795779172112,0.06261865980923176,0.07603397965431213,0.05719999969005585,0.014768607914447784,0.0,1791183740718,-0.86595005,8.673,4.4689503,-0.679851,8.716215,4.4278,-0.21101,-0.052464,0.058253,-0.0402875,0.0572,0.0495,
36530286767398,-0.04282012954354286,-0.013922029361128806,9.759755871099333,0.05859549678862094,0.10769250131733879,0.046091919764876366,0.06107420474290848,0.04441250115633011,0.010885410010814667,0.0,1791183740718,-0.85905004,8.613001,4.5090003,-0.678034,8.714857,4.430752,-0.184097,-0.091808,0.057695,-0.0306625,0.0444125,0.0430375,
36530296762163,-0.04715276509523392,-0.022863122820854186,9.77645621289573,0.06597780920565129,0.10253344269303911,0.0318626444786787,0.04020959883928299,0.025299999862909317,0.008056897670030594,0.0,1791183740718,-0.82095003,8.59605,4.584,-0.675911,8.713514,4.433717,-0.164671,-0.116801,0.10022,-0.0232375,0.0253,0.0356125,
36530306756868,-0.02473551034927368,-0.03188173696398735,9.812307077221428,0.05752559341490269,0.09401508458465611,0.02624997906386852,0.007159177213907242,-0.004537499975413084,0.004096228629350662,0.0,1791183740718,-0.82305,8.62005,4.6150503,-0.673392,8.712231,4.436621,-0.128884,-0.1227,0.166747,-0.0125124995,-0.0045375,0.022824999,
36530316751411,-0.021473288536071777,-0.0428320474922657,9.802308562000746,0.04333271719515324,0.07805632152922243,0.028377145156264307,-0.032153356820344925,-0.040699999779462814,-0.0011813673190772533,0.0,1791183740718,-0.84495,8.5990505,4.629,-0.670472,8.711405,4.438679,-0.131804,-0.121874,0.171872,0.0012375,-0.0407,0.009075,
36530326746118,3.873556852340698E-4,-0.05153890550136566,9.798788533693182,0.0472296841442585,0.061222397968889584,0.027158867567777634,-0.07114277780056,-0.0789249986410141,-0.004884065128862858,0.0,1791183740718,-0.84000003,8.611051,4.6000504,-0.667213,8.710923,4.440121,-0.204495,-0.109421,0.184795,0.0108624995,-0.078925,-5.5E-4,
36530336740642,0.04684043675661087,-0.05500645749270916,9.866116521402853,0.08001920729875564,0.05304157606715319,0.009226754307746887,-0.10846903175115585,-0.12044999748468399,-0.004312786739319563,0.0,1791183740718,-0.94095004,8.682,4.59105,-0.662416,8.710683,4.441312,-0.206897,-0.049326,0.16924,0.0097624995,-0.12045,-0.00165,
36530346735332,0.05596216768026352,-0.05359994759783149,9.890827737526113,0.10097312480211258,0.05553397211229312,0.0113962322473526,-0.1099538803100586,-0.1289750039577484,1.9951362628489733E-4,0.0,1791183740719,-0.97905004,8.7300005,4.545,-0.657263,8.710281,4.442863,-0.324578,-0.020195,0.115016,-0.001925,-0.128975,0.0100375,
36530356729889,0.12669000029563904,-0.042996497731655835,9.947611282434893,0.12073913514614106,0.06742638041554738,0.041681334376335144,-0.08747397363185883,-0.11728750169277191,0.011756723746657372,0.0,1791183740719,-0.90705,8.802,4.545,-0.65063,8.709122,4.44611,-0.295298,0.06955,0.099798,-0.0306625,-0.1172875,0.032449998,
36530366724581,0.17883989214897156,-0.027366636972874402,9.990958745121752,0.14436263032257557,0.07969138630965843,0.08174397051334381,-0.06100456416606903,-0.09707500040531158,0.02294391393661499,0.0,1791183740719,-0.78000003,8.833051,4.60305,-0.642393,8.706999,4.451459,-0.188613,0.121951,0.127967,-0.0573375,-0.097075,0.0473,
36530376719354,0.20022431015968323,-0.009944007080048323,10.0113663354567,0.16780328117311,0.08891948070935568,0.12171136140823365,-0.049081455916166306,-0.082225002348423,0.031059887260198593,0.0,1791183740719,-0.69900006,8.833051,4.6600504,-0.634014,8.703876,4.458761,-0.125166,0.125073,0.178126,-0.07425,-0.082225,0.042075,
36530386713896,0.23829132318496704,0.007573578227311373,10.035612827536738,0.19186418317258358,0.10079414419024746,0.16000153869390488,-0.03763316199183464,-0.06407500058412552,0.033341843634843826,0.0,1791183740719,-0.84195006,8.818951,4.71495,-0.627011,8.700218,4.466884,-0.148928,0.13352,0.241829,-0.07755,-0.064075,0.03135,
36530396708627,0.25276240706443787,0.022412303183227778,10.09319580004078,0.22561156563460827,0.11319052860171253,0.19936158657073974,-0.019247062504291534,-0.04386249929666519,0.03284995257854462,0.0,1791183740719,-0.9670501,8.821051,4.809,-0.622578,8.69624,4.475241,-0.285042,0.11595,0.288539,-0.07645,-0.0438625,0.032449998,
36530406703157,0.29149624705314636,0.03954432466998696,10.126032449353914,0.2606999810785055,0.1259697194436006,0.2323228359222412,-0.0035793930292129517,-0.031075000762939453,0.028355583548545837,0.0,1791183740719,-1.09605,8.818951,4.854,-0.619407,8.692208,4.483511,-0.429472,0.115194,0.354489,-0.067925,-0.031075,0.0430375,
36530416697835,0.3198999762535095,0.0587109693326056,10.141253061678302,0.28769372031092644,0.13748003092351704,0.2605348527431488,-0.006308551877737045,-0.042762499302625656,0.018456749618053436,0.0,1791183740719,-1.0339501,8.82405,4.8900003,-0.615192,8.688873,4.490549,-0.471993,0.130499,0.38097,-0.0488125,-0.0427625,0.0622875,
36530426692371,0.33289557695388794,0.0797507350333035,10.104950270963027,0.29629586040973666,0.14540361808897606,0.28706910610198977,-0.012579474598169327,-0.05555000156164169,0.008402138948440552,0.0,1791183740719,-0.984,8.809051,4.8520503,-0.608183,8.686547,4.496003,-0.38084,0.149585,0.385093,-0.0286,-0.05555,0.0760375,
36530436687068,0.22710417211055756,0.09737863512709737,10.019577220857645,0.27343544363975525,0.1407539533791588,0.28483167588710784,-0.019481956958770752,-0.06613750010728836,-0.002840273780748248,0.0,1791183740719,-0.96195006,8.757,4.7730002,-0.599843,8.685485,4.499173,-0.386786,0.078822,0.290943,-0.0050875,-0.0661375,0.0845625,
36530446681607,0.19524309039115906,0.11305574672296644,9.987044064055592,0.23164647817611694,0.13311247491115807,0.2733278125524521,-0.020519185811281204,-0.06943749636411667,-0.011419917456805706,0.0,1791183740719,-0.90705,8.74905,4.7299504,-0.590477,8.685517,4.500351,-0.355451,0.059636,0.26343,0.012925,-0.0694375,0.091025,
36530456676371,0.1756729781627655,0.12447933750227094,9.963365793561387,0.16841918826103208,0.1280979753166419,0.2501631587743759,-0.017566967755556107,-0.0672374963760376,-0.022427786141633987,0.0,1791183740719,-0.80205005,8.757,4.68405,-0.580239,8.686736,4.49933,-0.308228,0.070387,0.20699,0.0364375,-0.0672375,0.09625,
36530466671075,0.14164221286773682,0.13210332104936243,9.916961137975147,0.09280024468898772,0.12429868306375748,0.21451160609722136,-0.018243011087179184,-0.06297499686479568,-0.03411196917295456,0.0,1791183740719,-0.68205005,8.769,4.5810003,-0.569163,8.689358,4.495678,-0.156498,0.067766,0.157969,0.062975,-0.062975,0.089925,
36530476665628,0.06921760737895966,0.13584940303117038,9.829615160059033,0.0017744734883308466,0.12117886283958032,0.16177601218223572,-0.008830148726701736,-0.04592499881982803,-0.043690528720617294,0.0,1791183740719,-0.71595,8.78505,4.3510504,-0.558959,8.693604,4.488747,-0.137972,0.075491,-0.01227,0.0853875,-0.045925,0.0803,
36530486660306,-0.03506249189376831,0.1362372849136591,9.732099278469198,0.0900189071893692,0.12061745331649727,0.10934267938137054,0.014875229448080063,-0.018287500366568565,-0.04586230218410492,0.0,1791183740720,-0.66495,8.77305,4.1599503,-0.550434,8.699157,4.479032,-0.122555,0.069938,-0.22761,0.0906125,-0.0182875,0.0792,
36530496654835,-0.12847772240638733,0.13217103704810143,9.616701046990235,0.18772431910037995,0.12788331363302502,0.044598516821861264,0.04108376428484917,0.010449999943375587,-0.039873942732810974,0.0,1791183740720,-0.64395005,8.72295,3.9970503,-0.542942,8.705024,4.468534,-0.091739,0.054494,-0.399071,0.077825,0.01045,0.0792,
36530506649530,-0.23589567840099335,0.12161302864551544,9.55788999726057,0.2982500672340393,0.14759858564566117,0.037715214490890506,0.04859566316008568,0.018975000828504562,-0.02799990586936474,0.0,1791183740720,-0.65805006,8.668051,3.97305,-0.536483,8.71021,4.459199,-0.131717,-0.022517,-0.490293,0.0523875,0.018975,0.0760375,
36530516644058,-0.22410094738006592,0.11148164570331573,9.564393320518352,0.39793295264244083,0.16320208490402138,0.11086384654045105,0.04634274169802666,0.01677500084042549,-0.018060579895973206,0.0,1791183740720,-0.62895006,8.644051,4.04505,-0.530234,8.714159,4.452225,-0.109236,-0.028861,-0.4498,0.031075,0.016775,0.072875,
36530526638751,-0.2087348997592926,0.1010255329310894,9.614885472943278,0.45128602385520933,0.17616874001474592,0.1664543479681015,0.04311881214380264,0.015812499448657036,-0.013292530551552773,0.0,1791183740720,-0.57705003,8.673,4.11,-0.52401,8.717064,4.447269,-0.062788,-0.067678,-0.334711,0.02145,0.0158125,0.06655,
36530536633504,-0.176269993185997,0.08987001143395901,9.625674995165506,0.4680236607789993,0.1860344551591611,0.19469584822654723,0.0320373997092247,0.010449999943375587,-0.012510347180068493,0.0,1791183740720,-0.61695004,8.677951,4.119,-0.518474,8.719693,4.442764,-0.073112,-0.043972,-0.311052,0.02145,0.01045,0.0526625,
36530546628037,-0.15779054164886475,0.07918237596750259,9.638498016217538,0.4507215708494186,0.19365921960693047,0.2005584120750427,0.015695136040449142,-2.749999985098839E-4,-0.012197170406579971,0.0,1791183740720,-0.74700004,8.698951,4.083,-0.514504,8.722339,4.438031,-0.146514,-0.017887,-0.330262,0.02255,-2.75E-4,0.0378125,
36530556622730,-0.21055877208709717,0.062319937348365786,9.612429771960198,0.41000263690948485,0.20323434608332291,0.1954910308122635,0.011866940185427666,-0.005499999970197678,-0.004963124170899391,0.0,1791183740720,-0.98100007,8.658,4.059,-0.512368,8.724489,4.434045,-0.366522,-0.070315,-0.369371,0.0066,-0.0055,0.0378125,
36530566617277,-0.18643000721931458,0.044056442379951474,9.677428296765859,0.34973285496234896,0.20829216483641197,0.1879568427801132,0.018748747184872627,-0.012924999929964542,0.006662779487669468,0.0,1791183740720,-0.98100007,8.710951,4.0999503,-0.510116,8.725482,4.432352,-0.505244,-0.052154,-0.367678,-0.0221375,-0.012925,0.06435,
36530576611967,-0.12850965559482574,0.027619744092226027,9.66920155925725,0.2812544733285904,0.2082906470387135,0.17191179394721984,0.03177341818809509,-0.016224998980760574,0.018560227006673813,0.0,1791183740720,-0.83805007,8.694,4.14795,-0.504362,8.725196,4.433575,-0.412835,-0.011167,-0.309046,-0.051975,-0.016224999,0.09625,
36530586606500,-0.11927599459886551,0.0097413782030344,9.64595805327195,0.20511151105165482,0.2047563182598934,0.16051299422979354,0.04622495546936989,-0.011962499469518661,0.02674933150410652,0.0,1791183740720,-0.60105,8.668051,4.18905,-0.494772,8.723903,4.437196,-0.206947,-0.012268,-0.262389,-0.0721875,-0.0119624995,0.1175625,
36530596601192,-0.15110814571380615,-0.0104521494358778,9.637316163731537,0.12146130055189132,0.199644781430956,0.15917651504278182,0.061224982142448425,0.0030249999836087227,0.033116087317466736,0.0,1791183740720,-0.45705003,8.641951,4.24095,-0.483037,8.721866,4.44249,-0.02954,-0.050932,-0.236558,-0.086075,0.003025,0.1197625,
36530606595960,-0.1778501570224762,-0.03391946963965893,9.6401743811436,0.04177094548940659,0.19013097216169408,0.15263479202985764,0.0836218073964119,0.03272499889135361,0.03714121878147125,0.0,1791183740720,-0.39495003,8.60295,4.3320003,-0.47219,8.719097,4.449088,0.036226,-0.105625,-0.180907,-0.0935,0.032725,0.1101375,
36530616590498,-0.14415965974330902,-0.05712245143949986,9.690830428565121,0.022273625433444966,0.17308854142271854,0.14418072253465652,0.10691631585359573,0.06792499870061874,0.04054557904601097,0.0,1791183740720,-0.44700003,8.59605,4.452,-0.463842,8.71552,4.45697,0.056609,-0.116413,-0.083444,-0.098725,0.067925,0.0919875,
36530626585199,-0.0812697634100914,-0.07783071845769882,9.726782181752784,0.05996310412883757,0.14816970796733084,0.13473274409770966,0.12196221202611923,0.09239999949932098,0.04187663644552231,0.0,1791183740720,-0.615,8.53905,4.617,-0.459084,8.711225,4.465852,-0.075041,-0.121694,0.051325,-0.099825,0.0924,0.0771375,
36530636579733,-0.06618550419807434,-0.09249520227313042,9.775040812503201,0.07644376605749129,0.1307544700957292,0.12411464601755143,0.12159781157970428,0.09556250274181366,0.0394006185233593,0.0,1791183740721,-0.615,8.51505,4.761,-0.456978,8.706235,4.475784,-0.192068,-0.195713,0.216171,-0.0935,0.0955625,0.0708125,
36530646574413,-0.04508572816848755,-0.10451164320111275,9.743689467522225,0.09258086830377579,0.11368840422802666,0.1029101625084877,0.09714487940073013,0.07218749821186066,0.03251044452190399,0.0,1791183740721,-0.56505,8.469001,4.7850003,-0.454522,8.701361,4.485504,-0.158611,-0.212387,0.29743,-0.07755,0.0721875,0.06435,
36530656568924,-0.03043919801712036,-0.11481725201010703,9.72589108012829,0.11452887207269667,0.09574974118673614,0.07342797070741654,0.05774874985218048,0.036024998873472214,0.02397196739912033,0.0,1791183740721,-0.42105,8.445001,4.806,-0.450759,8.697199,4.493948,-0.045059,-0.208225,0.332082,-0.0573375,0.036025,0.0504625,
36530666563601,-0.12606674432754517,-0.12820269986987115,9.661218177537364,0.10210240632295607,0.07554202420189039,0.06980938762426377,0.025873683393001556,0.011549999937415123,0.016114680096507072,0.0,1791183740721,-0.44700003,8.43795,4.68405,-0.446299,8.693882,4.500806,0.029489,-0.276734,0.262975,-0.0380875,0.01155,0.03025,
36530676558359,-0.17745301127433777,-0.14053623080253602,9.627163946966881,0.0714669570326805,0.06104934240606282,0.08904603719711304,0.01742475852370262,0.003987499978393316,0.013379977084696293,0.0,1791183740721,-0.49095002,8.445001,4.596,-0.442573,8.69154,4.505689,-0.036485,-0.260026,0.112045,-0.0317625,0.0039875,0.0270875,
36530686552871,-0.16298630833625793,-0.1469324216246605,9.641739292390351,0.05077031701803207,0.05617006115604142,0.10840619802474975,0.019070755690336227,0.003987499978393316,0.015225233510136604,0.0,1791183740721,-0.44505003,8.46195,4.6000504,-0.438839,8.689361,4.510262,-0.033037,-0.2363,0.097895,-0.036025,0.0039875,0.03025,
36530696547572,-0.1656707525253296,-0.1487920731306076,9.653016093554204,0.020111589133739477,0.0561439660394166,0.13252320289611816,0.019979149103164673,0.005087499972432852,0.019228395074605942,0.0,1791183740721,-0.36600003,8.476951,4.60305,-0.434463,8.686892,4.515434,0.046383,-0.229043,0.08554,-0.04455,0.0050875,0.0292875,
36530706542119,-0.099272221326828,-0.14196090027689934,9.716130392481876,0.002109085023403179,0.053373578516494276,0.1462898075580597,0.013198023661971092,0.0019249999895691872,0.024576138705015182,0.0,1791183740721,-0.40695003,8.500051,4.689,-0.430194,8.683943,4.521511,0.046903,-0.171027,0.11777,-0.0551375,0.001925,0.0196625,
36530716536813,-0.049321435391902924,-0.1332219246774912,9.784454226203462,0.0037919983267784285,0.05351750503277159,0.13094074577093123,9.433196391910315E-4,-0.005499999970197678,0.02765822410583496,0.0,1791183740721,-0.45195,8.536051,4.761,-0.427294,8.680325,4.528732,-0.011063,-0.16262,0.203924,-0.0605,-0.0055,0.006875,
36530726531346,0.006008900701999664,-0.12248473465442658,9.81855914635734,0.029866282641887676,0.05859169533175165,0.09424836337566375,-0.009176112711429596,-0.010862499475479126,0.02865932509303093,0.0,1791183740721,-0.47895002,8.56305,4.7800503,-0.425512,8.676446,4.53632,-0.041575,-0.120434,0.239431,-0.0614625,-0.0108624995,-0.0048125,
36530736526111,-0.0029550939798355103,-0.1138189896941185,9.791560556604296,0.04066804200410842,0.0626706923079373,0.06224212050437927,-0.01465640775859356,-0.011962499469518661,0.02867838740348816,0.0,1791183740721,-0.591,8.529,4.7730002,-0.425047,8.672455,4.543993,-0.111472,-0.142779,0.255701,-0.0605,-0.0119624995,-0.0144375,
36530746520787,-0.02214670181274414,-0.10703679770231248,9.841153734484875,0.03989066034555436,0.06484699758159407,0.03353731036186218,-0.01147578563541174,-0.006599999964237213,0.027843408286571503,0.0,1791183740721,-0.70605004,8.521951,4.87095,-0.426374,8.668372,4.55165,-0.232249,-0.181792,0.276774,-0.0583,-0.0066,-0.0176,
36530756515326,0.0488944947719574,-0.09406413435935974,9.937527072669456,0.06590542048215867,0.06867846489800344,0.0039039671421051024,-0.005899522453546524,-0.0034374999813735485,0.025180749595165253,0.0,1791183740721,-0.79695004,8.565001,4.9759502,-0.428628,8.664114,4.559538,-0.366465,-0.155986,0.367048,-0.053075,-0.0034375,-0.0111375,
36530766510018,0.168716162443161,-0.07630682587623597,10.00856895594308,0.1287495896220207,0.08618300895248115,0.03970355242490768,-0.008588388562202454,-0.00976249948143959,0.018937410786747932,0.0,1791183740721,-0.72495,8.613001,5.046,-0.430237,8.660152,4.56691,-0.333732,-0.065834,0.455443,-0.0402875,-0.0097624995,-0.0037125,
36530776504563,0.18461653590202332,-0.06065051630139351,9.98884070147725,0.18383127748966216,0.10222614277743321,0.07542507946491242,-0.026211027055978775,-0.025712499395012856,0.008225814439356327,0.0,1791183740721,-0.66495,8.62005,5.00295,-0.430694,8.657155,4.572544,-0.280602,-0.041288,0.447415,-0.016775,-0.0257125,-0.009075,
36530786499246,0.16422033309936523,-0.04647569991648197,9.946194948140118,0.24138336777687072,0.11227535997642926,0.10886016488075256,-0.04989301413297653,-0.04592499881982803,-7.414474384859204E-4,0.0,1791183740721,-0.58605003,8.61795,4.93095,-0.430467,8.655305,4.576071,-0.194637,-0.039438,0.407975,0.0034375,-0.045925,-0.0196625,
36530796494013,0.13131827116012573,-0.03235437907278538,9.95166817508112,0.28584296703338624,0.11592878040999625,0.13955315947532654,-0.06976066529750824,-0.059812501072883606,-0.00650725606828928,0.0,1791183740722,-0.582,8.69205,4.8109503,-0.430143,8.65457,4.577487,-0.139895,-0.009972,0.286849,0.0171875,-0.0598125,-0.034649998,
36530806488539,0.13337033987045288,-0.016793354228138924,9.922762130911615,0.28738907426595683,0.11624164351261947,0.15644832849502563,-0.07901564985513687,-0.059812501072883606,-0.00912783108651638,0.0,1791183740722,-0.75600004,8.70195,4.7080503,-0.431491,8.654776,4.576975,-0.200796,0.047282,0.177229,0.0246125,-0.0598125,-0.0537625,
36530816483227,0.10133930295705795,-0.004518406093120575,9.924647490352935,0.23722131997346876,0.11510040304208363,0.142972956597805,-0.06411810219287872,-0.04386249929666519,-0.010731586255133152,0.0,1791183740722,-0.98100007,8.71605,4.644,-0.435909,8.655478,4.575228,-0.454952,0.046579,0.085601,0.0279125,-0.0438625,-0.0517,
36530826477753,0.1619022935628891,0.00764019675552845,9.977351526025075,0.20067222863435746,0.11912399035634612,0.1384301081299782,-0.0425713025033474,-0.03217500075697899,-0.013787895441055298,0.0,1791183740722,-0.95295006,8.788051,4.6270504,-0.440818,8.656629,4.572576,-0.557782,0.119648,0.066705,0.032175,-0.032175,-0.027224999,
36530836472539,0.16646501421928406,0.01927272267639637,9.928091948824939,0.17241635471582412,0.12265383746615677,0.13887904435396195,-0.025438392534852028,-0.02474999986588955,-0.018806790933012962,0.0,1791183740722,-0.79695004,8.788051,4.54995,-0.44317,8.658483,4.568841,-0.442903,0.151313,0.027345,0.0407,-0.02475,-0.0037125,
36530846466991,0.08913554251194,0.025983786210417747,9.86308354785179,0.13434646576642992,0.1226208205869939,0.1304424986243248,-0.022220373153686523,-0.02474999986588955,-0.021555889397859573,0.0,1791183740722,-0.615,8.776051,4.45905,-0.442966,8.661029,4.564034,-0.277906,0.117643,-0.058826,0.045925,-0.02475,0.0037125,
36530856461774,0.019669100642204285,0.02848920114338398,9.766232655478687,0.0679986983537674,0.12195246878466887,0.10770225077867508,-0.018460925668478012,-0.016224998980760574,-0.019164180383086205,0.0,1791183740722,-0.53595,8.721001,4.36305,-0.441822,8.663788,4.558902,-0.118639,0.088547,-0.137492,0.0416625,-0.016224999,-0.0048125,
36530866456494,-0.07294155657291412,0.031145460531115533,9.722552129415748,0.0025790005922317616,0.11910240066961372,0.07284607887268066,-0.02773156948387623,-0.018287500366568565,-0.013454921543598175,0.0,1791183740722,-0.51900005,8.70405,4.30095,-0.44159,8.66643,4.553903,-0.090141,0.040416,-0.242626,0.031075,-0.0182875,-0.0218625,
36530876451032,-0.08456438779830933,0.035789891704916955,9.74390577747749,0.08530742228031159,0.11250592621004203,0.02355274260044098,-0.03740350902080536,-0.021449999883770943,-0.007294130511581898,0.0,1791183740722,-0.49500003,8.70195,4.3560004,-0.44234,8.668566,4.549759,-0.043901,0.031097,-0.245665,0.0193875,-0.02145,-0.0378125,
36530886445726,-0.041425999253988266,0.04186790715903044,9.796577986038988,0.15757861956954003,0.10460954529204018,0.018025460094213484,-0.03075515478849411,-0.008662499487400055,-0.004310218151658773,0.0,1791183740722,-0.62505,8.73705,4.38705,-0.444767,8.67007,4.546657,-0.115695,0.036776,-0.170737,0.014025,-0.0086624995,-0.0484,
36530896440494,0.04178175330162048,0.05224053245037794,9.84725103331158,0.183944546431303,0.09317698867594953,0.02749621793627739,-0.017947455868124962,0.006187499966472387,-0.007724551483988762,0.0,1791183740722,-0.72,8.766001,4.428,-0.449476,8.671549,4.543368,-0.26182,0.097546,-0.121957,0.02145,0.0061875,-0.0484,
36530906434962,0.049980439245700836,0.05970316547900438,9.886848443913324,0.1644069068133831,0.08647953515257328,0.02143395021557808,-0.004911600612103939,0.015812499448657036,-0.012129800394177437,0.0,1791183740722,-0.83805007,8.7949505,4.4380503,-0.454815,8.673329,4.539441,-0.357038,0.095766,-0.110848,0.029975,0.0158125,-0.0378125,
36530916429730,0.04987254738807678,0.06466286461800337,9.847349092408578,0.1353012375533581,0.08285303408750473,0.003128870576620102,0.012034263461828232,0.02419999986886978,-0.016532432287931442,0.0,1791183740722,-0.768,8.76105,4.42995,-0.459568,8.675515,4.534778,-0.364255,0.088791,-0.099003,0.0374,0.0242,-0.0165,
36530926424284,0.007098522037267685,0.06471734568476677,9.792293697263863,0.11741759181022644,0.08281479693873076,0.021461452543735503,0.025190141052007675,0.030662499368190765,-0.021760011091828346,0.0,1791183740722,-0.59295005,8.72595,4.4040003,-0.461954,8.67821,4.529379,-0.246947,0.054971,-0.115151,0.047025,0.0306625,5.5E-4,
36530936418991,-0.04147050529718399,0.06279157511889935,9.734805433543253,0.10898994728922845,0.08479031212368035,0.02145255133509636,0.03429358825087547,0.038087498396635056,-0.025962723419070244,0.0,1791183740723,-0.46395,8.6970005,4.3489504,-0.462195,8.681482,4.52308,-0.064748,0.030152,-0.154342,0.05555,0.0380875,0.006875,
36530946413539,-0.10879528522491455,0.058459145948290825,9.703231590620284,0.11636510714888573,0.09100551672969799,0.008662856370210647,0.040159229189157486,0.047712501138448715,-0.027635356411337852,0.0,1791183740723,-0.51000005,8.658,4.3510504,-0.462365,8.685037,4.516232,-0.038241,-0.035651,-0.171436,0.0598125,0.0477125,0.0015125,
36530956408308,-0.09549949318170547,0.05123944655060768,9.737471627103929,0.11060492172837257,0.09700757195383364,0.03775884285569191,0.06126129999756813,0.07315000146627426,-0.0274446289986372,0.0,1791183740723,-0.51405,8.673,4.3969502,-0.464101,8.688455,4.509478,-0.034111,-0.041463,-0.131163,0.0598125,0.07315,-0.00165,
36530966402979,-0.027339674532413483,0.04143665470182896,9.79252374815501,0.07675402984023094,0.0945149155584014,0.053201287239789966,0.09492376446723938,0.11041250079870224,-0.026446394622325897,0.0,1791183740723,-0.591,8.70195,4.452,-0.467477,8.691608,4.503047,-0.06186,0.005661,-0.076848,0.0576125,0.1104125,-5.5E-4,
36530976397534,-0.01956084370613098,0.031227785721421243,9.783823909385976,0.04050770029425621,0.08938601165019604,0.058533160388469695,0.12936928868293762,0.1424500048160553,-0.02557673677802086,0.0,1791183740723,-0.708,8.653951,4.5090003,-0.47256,8.694393,4.497137,-0.202823,-0.018671,-0.027842,0.054449998,0.14245,0.0122375,
36530986392226,0.010338235646486282,0.023533680848777293,9.85658172953054,0.020675194263458253,0.08407215716960441,0.04817141219973564,0.14784733951091766,0.15729999542236328,-0.02662949077785015,0.0,1791183740723,-0.72300005,8.69205,4.59105,-0.478269,8.696774,4.491925,-0.254575,-0.042599,0.077925,0.05555,0.1573,0.023924999,
36530996386761,0.07641121745109558,0.020788328163325785,9.910120263774202,0.010303838551044464,0.08136041081638147,0.011130111664533615,0.13476896286010742,0.14024999737739563,-0.025817152112722397,0.0,1791183740723,-0.771,8.73495,4.617,-0.483152,8.698971,4.487146,-0.285605,0.010269,0.116223,0.05335,0.14025,0.0281875,
36531006381554,0.1272580474615097,0.020482713542878627,9.935722810409752,0.030292525887489322,0.08094737572203717,0.033421396464109424,0.10096648335456848,0.10188750177621841,-0.023413382470607758,0.0,1791183740723,-0.79005,8.766001,4.60995,-0.486466,8.700981,4.482886,-0.272714,0.056142,0.139636,0.048125,0.1018875,0.0281875,
36531016376229,0.11263005435466766,0.021047251112759114,9.885047118634994,0.03995388969779015,0.08154646621384881,0.06141534224152565,0.07011878490447998,0.0668250024318695,-0.01605825498700142,0.0,1791183740723,-0.83295006,8.73705,4.5480003,-0.488718,8.702523,4.479651,-0.330317,0.059389,0.094987,0.032175,0.066825,0.0270875,
36531026370787,0.07928960025310516,0.016916616447269918,9.901136775311612,0.059732879698276516,0.07622575300851116,0.08118543103337288,0.030889704823493958,0.02213750034570694,-0.007203614339232445,0.0,1791183740723,-0.78300005,8.74005,4.5859504,-0.489315,8.703291,4.478093,-0.324931,0.027497,0.084574,0.012925,0.0221375,0.0259875,
36531036365479,0.10712452977895737,0.013949592225253582,9.888401183043301,0.10920554623007775,0.07134563340916211,0.1005426898598671,-0.01023530587553978,-0.020487500354647636,0.003011484630405903,0.0,1791183740723,-0.75900006,8.745001,4.5529504,-0.488126,8.702951,4.478883,-0.283025,0.051778,0.102938,-0.0083875,-0.0204875,0.0165,
36531046360248,0.06602640450000763,0.012794135324656963,9.854408903893722,0.1362245701253414,0.07029806319319763,0.0984657272696495,-0.04773557558655739,-0.05871250107884407,0.011228226125240326,0.0,1791183740723,-0.68895006,8.7300005,4.51905,-0.48577,8.701851,4.481276,-0.259045,0.024148,0.06942,-0.0253,-0.0587125,0.006875,
36531056354773,0.015399836003780365,0.012580672092735768,9.806917481087188,0.1292953722178936,0.07028334332229089,0.07609408497810363,-0.06929823011159897,-0.08112499862909317,0.018803363665938377,0.0,1791183740723,-0.708,8.680051,4.5090003,-0.482309,8.700171,4.484909,-0.217016,-0.010084,0.029874,-0.041249998,-0.081125,0.0015125,
36531066349474,-0.03229832276701927,0.01461283378303051,9.779535040499095,0.10564156994223595,0.06834195122037136,0.04710840955376625,-0.06835263967514038,-0.08428750187158585,0.025881251320242882,0.0,1791183740724,-0.74700004,8.62695,4.545,-0.47859,8.697681,4.490134,-0.268619,-0.062661,0.022254,-0.0573375,-0.0842875,0.007975,
36531076344035,-0.02157166227698326,0.017762470059096813,9.769983721028078,0.07510756924748421,0.06507197485601814,0.026936157047748564,-0.05492663010954857,-0.07686249911785126,0.029605530202388763,0.0,1791183740724,-0.65805006,8.60805,4.5739503,-0.474157,8.694467,4.496827,-0.234745,-0.078599,0.080205,-0.066825,-0.0768625,0.0218625,
36531086338712,-0.031113028526306152,0.018278118595480917,9.756364777446763,0.010418757051229478,0.06464033563779249,7.113546133041381E-4,-0.047763288021087646,-0.07369999587535858,0.029214883223176003,0.0,1791183740724,-0.48795003,8.58195,4.6150503,-0.467811,8.691158,4.503879,-0.107016,-0.082474,0.080336,-0.066825,-0.073699996,0.03135,
36531096333489,-0.058156222105026245,0.013281219825148582,9.71167728939518,0.05896927639842034,0.06646723533998984,0.025547879934310912,-0.04535124450922012,-0.0672374963760376,0.025658998638391495,0.0,1791183740724,-0.37605003,8.52,4.6459503,-0.460293,8.687995,4.510756,0.048272,-0.1248,0.118949,-0.0583,-0.0672375,0.025024999,
36531106328018,-0.11207714676856995,0.005178340524435043,9.653860097277791,0.11245861873030663,0.07120836389939056,0.05104327648878097,-0.04736084118485451,-0.05871250107884407,0.01975846476852894,0.0,1791183740724,-0.31095,8.479051,4.605,-0.453647,8.685228,4.51675,0.134999,-0.181889,0.120138,-0.043449998,-0.0587125,0.005775,
36531116322715,-0.13493439555168152,-0.004062006622552872,9.651671850127387,0.15275592207908628,0.07659600125339086,0.07157049104571342,-0.057587698101997375,-0.05555000156164169,0.013131149113178253,0.0,1791183740724,-0.36105,8.48595,4.584,-0.449288,8.683194,4.521096,0.113881,-0.19422,0.091849,-0.0264,-0.05555,-0.0207625,
36531126317254,-0.14842644333839417,-0.011838254891335965,9.668251881943869,0.19748413711786272,0.08271822066683662,0.09694144725799561,-0.06549929082393646,-0.05238749831914902,0.005287206266075373,0.0,1791183740724,-0.52605003,8.481,4.61205,-0.44797,8.681918,4.523676,-0.014329,-0.207309,0.074904,-0.0072875,-0.0523875,-0.042075,
36531136311938,-0.1029534786939621,-0.01491240356117487,9.743447017686675,0.2097752645611763,0.08487667127937801,0.11130953729152679,-0.0632762759923935,-0.04496249929070473,-0.0036989166401326656,0.0,1791183740724,-0.56205004,8.56005,4.6200004,-0.449101,8.6814,4.524556,-0.089812,-0.175666,0.105148,0.012925,-0.0449625,-0.0495,
36531146306489,-0.046080123633146286,-0.011776645481586457,9.70947873774948,0.18498840257525445,0.08247477137879038,0.1088943175971508,-0.06159466877579689,-0.040699999779462814,-0.014438408426940441,0.0,1791183740724,-0.57405,8.58195,4.50495,-0.450847,8.682144,4.522956,-0.095249,-0.092614,0.068442,0.0364375,-0.0407,-0.0517,
36531156301179,-0.11101263761520386,-0.012552302703261376,9.683692889893459,0.15578982532024382,0.08332706412231566,0.10868141576647758,-0.055010080337524414,-0.031075000762939453,-0.019144123420119286,0.0,1791183740724,-0.60495,8.644051,4.3230004,-0.453534,8.684192,4.518755,-0.138052,-0.073113,-0.114104,0.047025,-0.031075,-0.0548625,
36531166295946,-0.12711934745311737,-0.01754128634929657,9.670647313013678,0.1340545631945133,0.08697043593244312,0.10711840614676475,-0.04748249053955078,-0.021449999883770943,-0.014516916126012802,0.0,1791183740724,-0.73995006,8.6629505,4.2340503,-0.457343,8.686747,4.513452,-0.206069,-0.020602,-0.257242,0.0374,-0.02145,-0.058025,
36531176290500,-0.12440051138401031,-0.022783269733190538,9.730024599140942,0.10160186514258385,0.0900395418948657,0.10231321975588799,-0.0351010225713253,-0.011962499469518661,-4.413514398038387E-5,0.0,1791183740724,-0.88305,8.68995,4.287,-0.462813,8.688213,4.510075,-0.349039,-0.019674,-0.268229,0.0055,-0.0119624995,-0.0526625,
36531186285174,-0.038047969341278076,-0.025202579982578754,9.805173606709934,0.06378423795104027,0.08976672484462125,0.08933211788535118,-0.013564048334956169,-0.0012374999932944775,0.01607055775821209,0.0,1791183740724,-0.93600005,8.69205,4.44,-0.468437,8.687819,4.51025,-0.46552,0.016633,-0.16306,-0.0317625,-0.0012375,-0.0303875,
36531196279951,0.04450211301445961,-0.026798035204410552,9.882613656176087,0.02017239406704903,0.08821671288259979,0.07121567055583,-2.0814966410398483E-4,0.003987499978393316,0.023568563163280487,0.0,1791183740725,-0.84705,8.70405,4.60305,-0.472657,8.685817,4.513669,-0.418204,0.030606,-0.006067,-0.049775,0.0039875,-0.0133375,
36531206274508,0.10197269916534424,-0.028062302619218826,9.910422580784031,0.042951887845993034,0.08615695753044415,0.028618603199720382,-0.009163852781057358,-0.005499999970197678,0.023206626996397972,0.0,1791183740725,-0.74700004,8.698951,4.689,-0.475066,8.683098,4.518641,-0.296085,0.026142,0.139794,-0.0488125,-0.0055,-0.0144375,
36531216269201,0.1319769322872162,-0.0270949587225914,9.952631156870867,0.12014210000634194,0.08782366677961524,0.023200652748346328,-0.040389493107795715,-0.029975000768899918,0.017243973910808563,0.0,1791183740725,-0.73200005,8.75205,4.68195,-0.476967,8.680752,4.522948,-0.224752,0.054824,0.157035,-0.033825,-0.029975,-0.03355,
36531226263727,0.1519322693347931,-0.023462825268507004,9.936544109122906,0.1897767461836338,0.09346902028512699,0.07846720889210701,-0.05977003276348114,-0.04386249929666519,0.011593102477490902,0.0,1791183740725,-0.84195006,8.75205,4.629,-0.479768,8.679163,4.525698,-0.312931,0.087537,0.127948,-0.020075,-0.0438625,-0.0474375,
36531236258415,0.15654706954956055,-0.020991698279976843,9.978281625265714,0.22628053426742556,0.09745704967406923,0.11738621667027474,-0.06477107852697372,-0.050187498331069946,0.007566542364656925,0.0,1791183740725,-0.864,8.802,4.6200004,-0.483259,8.678119,4.527333,-0.3669,0.102947,0.102371,-0.01155,-0.0501875,-0.0452375,
36531246253182,0.17149396240711212,-0.01571832038462162,9.964203145366909,0.2514660023152828,0.10461356023328254,0.14278458654880524,-0.06301000714302063,-0.05348749831318855,0.005085699260234833,0.0,1791183740725,-0.93105006,8.812051,4.557,-0.486034,8.677546,4.528135,-0.397644,0.134645,0.070445,-0.0072875,-0.0534875,-0.034649998,
36531256247715,0.1452035903930664,-0.009228132665157318,9.904206505927979,0.2585491709411144,0.11021910239888189,0.15143076479434966,-0.05644788220524788,-0.05555000156164169,0.0041887639090418816,0.0,1791183740725,-0.91200006,8.793,4.46595,-0.487908,8.677395,4.528221,-0.453231,0.146766,-0.015831,-0.0072875,-0.05555,-0.0165,
36531266242413,0.07236175239086151,-0.003995128907263279,9.82391428020767,0.2418209485709667,0.11147690338761204,0.13950772881507872,-0.04582000523805618,-0.05444999784231186,0.006105153821408749,0.0,1791183740725,-0.84195006,8.73495,4.4160004,-0.48759,8.677402,4.528242,-0.379329,0.103664,-0.08289,-0.013612499,-0.054449998,0.0037125,
36531276236953,-0.024885188788175583,-0.004160805232822895,9.784081069118423,0.1934763550758362,0.1115053610552995,0.104144237190485,-0.034041136503219604,-0.050187498331069946,0.011227567680180073,0.0,1791183740725,-0.79005,8.673,4.45905,-0.485384,8.676962,4.529319,-0.331257,0.005942,-0.100726,-0.0264,-0.0501875,0.0196625,
36531286231631,-0.007786237634718418,-0.002994465688243508,9.831221138509791,0.1424932463094592,0.11133921711203738,0.07127757575362921,-0.019973978400230408,-0.040699999779462814,0.013146133162081242,0.0,1791183740725,-0.63900006,8.68995,4.5529504,-0.481748,8.675975,4.531599,-0.229548,-2.53E-4,-0.040757,-0.0317625,-0.0407,0.03135,
36531296226373,0.015949605032801628,7.108256686478853E-4,9.809853321000947,0.06878730747848749,0.11067291902406351,0.040168704278767106,-0.01883254200220108,-0.03739999979734421,0.010334545746445656,0.0,1791183740725,-0.57405,8.629951,4.629,-0.476866,8.674783,4.534395,-0.117114,-0.018215,0.057002,-0.0253,-0.0374,0.0281875,
36531306220911,0.010082006454467773,0.006818783329799771,9.773368778144373,0.010056265257298946,0.10760818962169,0.013144387491047382,-0.025543559342622757,-0.03959999978542328,0.002934826537966728,0.0,1791183740725,-0.60495,8.589001,4.62405,-0.472396,8.673935,4.536487,-0.114402,-0.046097,0.098006,-0.0083875,-0.0396,0.0196625,
36531316215594,-0.028515998274087906,0.012139703193679453,9.732370891329479,0.08549837153404952,0.10299970601346016,0.007031162641942501,-0.03199568763375282,-0.040699999779462814,-0.006463782861828804,0.0,1791183740725,-0.61005,8.578951,4.5550504,-0.469071,8.674007,4.536695,-0.146457,-0.072505,0.061885,0.012925,-0.0407,0.0100375,
36531326210120,-0.04485230892896652,0.017318409914150835,9.745611029416283,0.12841080334037544,0.09723914097339605,0.01102458667010069,-0.039554350078105927,-0.04386249929666519,-0.013941993936896324,0.0,1791183740725,-0.57195,8.637,4.47795,-0.466197,8.675225,4.53466,-0.111023,-0.044993,-0.02227,0.029975,-0.0438625,0.0015125,
36531336204822,-0.07226437330245972,0.018852865183725954,9.719527614247138,0.1667048003524542,0.09555670241926131,0.02392021380364895,-0.040987174957990646,-0.040699999779462814,-0.01696593314409256,0.0,1791183740725,-0.62205005,8.67,4.3489504,-0.464141,8.67728,4.530939,-0.137022,-0.025501,-0.1215,0.0374,-0.0407,-0.006875,
36531346199599,-0.12750934064388275,0.01478140433318913,9.685678351010743,0.2040427677333355,0.09987385391926842,0.052612002938985825,-0.045624230057001114,-0.04592499881982803,-0.012007946148514748,0.0,1791183740725,-0.63900006,8.6970005,4.215,-0.462662,8.679659,4.526531,-0.172019,-0.015908,-0.263138,0.0268125,-0.045925,-0.007975,
36531356194099,-0.1464405208826065,0.013010010169818998,9.619558915804724,0.22342423722147942,0.10237219968543229,0.08391650840640068,-0.06422528624534607,-0.06833750009536743,3.1137457699514925E-4,0.0,1791183740725,-0.65805006,8.661,4.1340003,-0.460616,8.681499,4.523211,-0.190824,0.008587,-0.353192,1.375E-4,-0.0683375,-0.007975,
36531366188812,-0.2166956216096878,0.008531196461990475,9.589278254736477,0.22569667026400567,0.1100746542868742,0.12155243307352066,-0.09201299399137497,-0.10023749619722366,0.019558873027563095,0.0,1791183740726,-0.68895006,8.59395,4.19805,-0.457699,8.681692,4.523136,-0.222472,-0.058643,-0.379454,-0.041249998,-0.100237496,-0.0111375,
36531376183360,-0.18976858258247375,0.005262792902067303,9.606510051914334,0.2218132635578513,0.11484052083413673,0.1505356878042221,-0.11166159808635712,-0.1247124969959259,0.039778728038072586,0.0,1791183740726,-0.69195,8.529,4.3660502,-0.453838,8.679296,4.528119,-0.226333,-0.101736,-0.238389,-0.084975,-0.1247125,-0.0111375,
36531386178120,-0.16432520747184753,-0.0010510690044611692,9.6507616036045,0.20911655891686676,0.12038560445716609,0.16894785463809966,-0.12201634794473648,-0.13956250250339508,0.053014788776636124,0.0,1791183740726,-0.69900006,8.496,4.524,-0.449243,8.674673,4.537429,-0.259659,-0.15218,-0.089682,-0.1137125,-0.1395625,-0.007975,
36531396172811,-0.12855049967765808,-0.009703699639067054,9.70589585961435,0.18230047393590212,0.12299136703490758,0.16915608644485475,-0.11432483792304993,-0.1363999992609024,0.057633914053440094,0.0,1791183740726,-0.64395005,8.500051,4.6410003,-0.443673,8.668716,4.549344,-0.238892,-0.182136,0.046842,-0.1243,-0.1364,0.0015125,
36531406167358,-0.10559886693954468,-0.0200822779443115,9.714459663354575,0.15395659301429987,0.12188262686109323,0.16098775565624238,-0.09209464490413666,-0.11508750170469284,0.05598348006606102,0.0,1791183740726,-0.61305004,8.500051,4.66305,-0.437635,8.662453,4.561837,-0.201835,-0.183055,0.101386,-0.1211375,-0.1150875,0.009075,
36531416162071,-0.04114096984267235,-0.028738173050805928,9.756632773108777,0.11485223863273859,0.11681833531118976,0.12587682530283928,-0.0720430463552475,-0.09391249716281891,0.05452143773436546,0.0,1791183740726,-0.58395004,8.536051,4.689,-0.431895,8.656426,4.573811,-0.169268,-0.112385,0.108567,-0.117975,-0.0939125,0.0122375,
36531426156815,-0.07076224684715271,-0.039872898859903215,9.687588933320075,0.07815534435212612,0.10944748534052953,0.10207555815577507,-0.05108523741364479,-0.07039999961853027,0.056664805859327316,0.0,1791183740726,-0.63705003,8.476951,4.6459503,-0.427306,8.650364,4.585698,-0.204981,-0.132659,0.07992,-0.122237496,-0.0704,0.0122375,
36531436151349,-0.10386109352111816,-0.052893307013437155,9.708307410180305,0.03737073242664338,0.10042362905303788,0.0899827353656292,-0.04913739487528801,-0.07039999961853027,0.0616573765873909,0.0,1791183740726,-0.57405,8.467051,4.71495,-0.422924,8.643942,4.598195,-0.180632,-0.157361,0.057846,-0.132825,-0.0704,0.0154,
36531446146055,-0.06143113970756531,-0.06453956211917103,9.77920850668464,0.007357645034790042,0.08622895343009479,0.07655886337161064,-0.06167678162455559,-0.07796250283718109,0.06388747692108154,0.0,1791183740726,-0.46905002,8.4529505,4.8949504,-0.418138,8.636758,4.612113,-0.104016,-0.181303,0.199551,-0.1359875,-0.0779625,0.0026125,
36531456140596,0.02262873947620392,-0.07066830466501414,9.90261065608265,0.07063909098505974,0.07468719477473201,0.05091334208846092,-0.07929489761590958,-0.08112499862909317,0.05684419721364975,0.0,1791183740726,-0.42105,8.479051,5.09805,-0.414632,8.629349,4.626275,-0.035696,-0.169105,0.360166,-0.117975,-0.081125,-0.027224999,
36531466135307,0.1402098685503006,-0.06727589885704219,9.966442453510902,0.13589251339435576,0.08226341217098802,0.014643174409866334,-0.09996288269758224,-0.08112499862909317,0.035477716475725174,0.0,1791183740726,-0.48600003,8.508,5.16795,-0.413908,8.623102,4.637972,-0.005295,-0.119763,0.518458,-0.069025,-0.081125,-0.06655,
36531476130075,0.172480970621109,-0.057407590886577965,10.007858337170624,0.20295332372188568,0.09723273465199339,0.03400546908378601,-0.10726015269756317,-0.07150000333786011,0.006942973472177982,0.0,1791183740726,-0.711,8.601001,5.0670004,-0.417301,8.619534,4.644299,-0.176679,-0.075492,0.488188,-0.0061875,-0.0715,-0.0941875,
36531486124624,0.17216956615447998,-0.04840980069711805,9.958242996144733,0.2583676874637604,0.10902024617673936,0.08921160101890564,-0.09084846079349518,-0.05128749832510948,-0.018819088116288185,0.0,1791183740726,-0.83295006,8.6629505,4.84005,-0.424128,8.619278,4.644153,-0.378148,-0.003411,0.335105,0.048125,-0.0512875,-0.092125,
36531496119325,0.11032138019800186,-0.043691211938858034,9.849351490149548,0.2845498606562614,0.11364779685805536,0.12356210500001907,-0.06283959746360779,-0.029975000768899918,-0.034289371222257614,0.0,1791183740726,-0.82095003,8.71395,4.51695,-0.431112,8.622004,4.638451,-0.397499,0.072871,0.060686,0.078925,-0.029975,-0.0697125,
36531506113866,-0.02977815270423889,-0.04568421989679337,9.738273349868978,0.23895755186676979,0.1130351731100276,0.1130807265639305,-0.03424682095646858,-0.012924999929964542,-0.035458486527204514,0.0,1791183740726,-0.771,8.74005,4.22505,-0.436273,8.626646,4.629325,-0.334878,0.099353,-0.27974,0.078925,-0.012925,-0.040975,
36531516108626,-0.12991997599601746,-0.050754418782889846,9.662586817926645,0.16113031581044196,0.1144171717089066,0.0590547576546669,-0.014044580981135368,-0.0034374999813735485,-0.02230333723127842,0.0,1791183740727,-0.70605004,8.74905,4.0399504,-0.439424,8.631423,4.620116,-0.295814,0.106547,-0.50277,0.0490875,-0.0034375,-0.0187,
36531526103306,-0.1572861671447754,-0.056376111693680286,9.67435742045016,0.08308406546711922,0.11672786589370084,0.00689866989850998,-0.008377540856599808,-0.006599999964237213,-0.0028905244544148445,0.0,1791183740727,-0.62205005,8.788051,3.9970503,-0.440521,8.635061,4.613204,-0.222891,0.136427,-0.610779,0.0066,-0.0066,-0.0048125,
36531536097883,-0.15990068018436432,-0.060757927037775515,9.649927295344398,0.0032461442053317996,0.1188673182233019,0.07331271916627884,-0.01407097652554512,-0.01718750037252903,0.01947932317852974,0.0,1791183740727,-0.62505,8.74905,4.0230002,-0.440103,8.636683,4.610212,-0.182608,0.132411,-0.605392,-0.041249998,-0.0171875,-0.00165,
36531546092563,-0.18354231119155884,-0.06355957556515932,9.65140041526754,0.08117211535573006,0.12104793594196162,0.13208545744419098,-0.02981410175561905,-0.03959999978542328,0.0403892919421196,0.0,1791183740727,-0.58605003,8.710951,4.1140504,-0.438633,8.635906,4.611804,-0.20802,0.073333,-0.54713,-0.086075,-0.0396,0.0026125,
36531556087320,-0.12458742409944534,-0.06246692072600126,9.721187984277794,0.13640413731336593,0.12039172006916508,0.15104731172323227,-0.04444589838385582,-0.059812501072883606,0.0583152249455452,0.0,1791183740727,-0.57900006,8.71395,4.27005,-0.435338,8.632822,4.617887,-0.151459,0.076417,-0.421532,-0.1243,-0.0598125,0.005775,
36531566081845,-0.08332689851522446,-0.0557984845712781,9.723681373767407,0.1757341653108597,0.11524812599481803,0.14172869622707368,-0.061393607407808304,-0.08112499862909317,0.07248739153146744,0.0,1791183740727,-0.61695004,8.682,4.335,-0.431066,8.627647,4.627946,-0.182068,0.064833,-0.314274,-0.15413749,-0.081125,0.006875,
36531576076546,-0.1325361132621765,-0.05293686110526323,9.623051732252252,0.2259902864694595,0.11256542755773127,0.13677868545055388,-0.09498125314712524,-0.12155000120401382,0.08314213156700134,0.0,1791183740727,-0.55005,8.56305,4.3560004,-0.424999,8.62118,4.640543,-0.142645,0.006657,-0.305324,-0.1764125,-0.12155,0.009075,
36531586071087,-0.20375879108905792,-0.054908540286123755,9.573321936280726,0.2691124126315117,0.11482196003095545,0.14555030763149263,-0.12302954494953156,-0.1545500010251999,0.09459849447011948,0.0,1791183740727,-0.38505003,8.469001,4.44705,-0.416359,8.613283,4.655965,-0.041151,-0.097972,-0.251314,-0.199925,-0.15455,0.009075,
36531596065765,-0.199814110994339,-0.0584717208519578,9.64372749057461,0.2618853941559791,0.11811058615368926,0.14880466759204863,-0.12709666788578033,-0.15771250426769257,0.10427901893854141,0.0,1791183740727,-0.20295002,8.41395,4.7080503,-0.405758,8.603754,4.674484,0.120629,-0.165059,-0.104633,-0.2190375,-0.1577125,0.0048125,
36531606060541,-0.12747785449028015,-0.05956567022949457,9.711650600176345,0.20843751132488253,0.11864214160826204,0.1493827536702156,-0.10975151509046555,-0.1289750039577484,0.10335001349449158,0.0,1791183740727,-0.15495001,8.356951,4.9450502,-0.395755,8.592905,4.695251,0.244701,-0.206882,0.133172,-0.214775,-0.128975,-0.0111375,
36531616055080,-0.020105615258216858,-0.058513902500271796,9.871379441971106,0.1298398271203041,0.11889378817977948,0.13673849701881408,-0.08341936022043228,-0.08538749814033508,0.0857023075222969,0.0,1791183740727,-0.22200002,8.38095,5.2110004,-0.389396,8.582375,4.715,0.226371,-0.21311,0.364815,-0.17545,-0.0853875,-0.032449998,
36531626049760,0.09771175682544708,-0.05009020231664181,9.947973911245539,0.017376203835010526,0.1236025722935424,0.09068892300128936,-0.0359133742749691,-0.020487500354647636,0.05520295351743698,0.0,1791183740727,-0.43995002,8.39505,5.3190002,-0.388236,8.573684,4.730883,0.079165,-0.194843,0.562016,-0.11055,-0.0204875,-0.0463375,
36531636044289,0.15430565178394318,-0.03718186505138874,9.931940271091037,0.11300942301750183,0.13059589782323203,0.019076034426689148,0.021489255130290985,0.04441250115633011,0.019448861479759216,0.0,1791183740727,-0.65295005,8.400001,5.2590003,-0.392348,8.568296,4.740295,-0.153748,-0.141572,0.562181,-0.0369875,0.0444125,-0.0389125,
36531646039049,0.12056693434715271,-0.02808196134865284,9.898732752189751,0.19604748636484146,0.1348603466567305,0.04500017464160919,0.07111532986164093,0.08813749998807907,-0.01149897649884224,0.0,1791183740727,-0.80895007,8.39505,5.18205,-0.398773,8.566267,4.743423,-0.365195,-0.151514,0.492015,0.0246125,0.0881375,-0.010175,
36531656033725,0.05473162978887558,-0.026476816833019258,9.853530287222377,0.22317076772451402,0.13564314356577234,0.08144207149744034,0.10071303695440292,0.10724999755620956,-0.030751416459679604,0.0,1791183740727,-0.744,8.445001,5.0220003,-0.404713,8.566821,4.741919,-0.395169,-0.161644,0.371414,0.061875,0.10725,0.0196625,
36531666028264,0.00841531902551651,-0.03306654430925846,9.736940741510795,0.2239249438047409,0.1304886523465863,0.08714625835418702,0.09639230370521545,0.0966624990105629,-0.03945305570960045,0.0,1791183740727,-0.591,8.476951,4.75395,-0.408032,8.569521,4.736752,-0.257774,-0.087729,0.153921,0.078925,0.0966625,0.03135,
36531676022956,-0.14472994208335876,-0.04892708994448185,9.593015254633062,0.18420822620391847,0.12363930669007174,0.03865791857242584,0.0616665743291378,0.06366249918937683,-0.03528370335698128,0.0,1791183740728,-0.45495003,8.45505,4.5090003,-0.409254,8.573281,4.72984,-0.120082,-0.110644,-0.109711,0.0715,0.0636625,0.0185625,
36531686017738,-0.2423662543296814,-0.06965388096868992,9.532592116676327,0.10812820494174956,0.11951496660098898,0.040676462650299075,0.013607727363705635,0.01993750035762787,-0.017363369464874268,0.0,1791183740728,-0.39705002,8.46,4.37505,-0.409048,8.576527,4.723967,-0.007761,-0.106706,-0.309739,0.0364375,0.0199375,-0.0048125,
36531696012258,-0.2792101502418518,-0.0891304574906826,9.561602233207285,0.02875087410211563,0.1203354767996613,0.12063187956809998,-0.019748421385884285,-0.005499999970197678,0.009438492357730865,0.0,1791183740728,-0.423,8.464951,4.42605,-0.409462,8.577637,4.721919,-0.007348,-0.134153,-0.336421,-0.016775,-0.0055,-0.032449998,
36531706006952,-0.17665335536003113,-0.09647421762347222,9.641792278000114,0.030170379579067236,0.12096931115829812,0.1669088765978813,-0.03334849700331688,-0.015124999918043613,0.03367794305086136,0.0,1791183740728,-0.522,8.469001,4.57905,-0.41123,8.575976,4.72478,-0.070223,-0.075031,-0.236332,-0.065725,-0.015125,-0.0474375,
36531716001719,-0.08543948829174042,-0.09425019323825837,9.754384168219435,0.09499091506004334,0.12074264069732207,0.1856798380613327,-0.03732917830348015,-0.016224998980760574,0.04591170698404312,0.0,1791183740728,-0.60795003,8.484,4.77495,-0.414599,8.572056,4.731594,-0.138679,-0.075899,-0.051609,-0.0902,-0.016224999,-0.055825,
36531725996272,-0.019492879509925842,-0.08736052885651588,9.806079050045025,0.14155639111995696,0.12088041158411991,0.1606324255466461,-0.02757585421204567,-0.005499999970197678,0.044978559017181396,0.0,1791183740728,-0.65295005,8.44095,4.94805,-0.419107,8.567035,4.740282,-0.232334,-0.111579,0.140814,-0.0881375,-0.0055,-0.0548625,
36531735990964,-0.017570212483406067,-0.08024400547146797,9.782216253575834,0.16067339181900026,0.12058963361291003,0.11567321717739106,-0.006298918277025223,0.01677500084042549,0.03605690598487854,0.0,1791183740728,-0.57900006,8.39505,4.9879503,-0.424394,8.562107,4.748708,-0.212682,-0.154536,0.223367,-0.0699875,0.016775,-0.0495,
36531745985519,-0.026856839656829834,-0.07240973189473152,9.702558758804951,0.146644626557827,0.11869905799067926,0.06520255506038666,0.011268194764852524,0.04235000163316727,0.023578649386763573,0.0,1791183740728,-0.462,8.338051,4.9399505,-0.4297,8.558281,4.755123,-0.025416,-0.145921,0.204982,-0.043449998,0.04235,-0.056925,
36531755980298,-0.16467422246932983,-0.07441407181322575,9.649222957980273,0.14995298683643343,0.1198956221979134,0.0628067284822464,0.022004369646310806,0.0668250024318695,0.01054375059902668,0.0,1791183740728,-0.47400004,8.2560005,4.97205,-0.437289,8.555685,4.759101,-0.044164,-0.289372,0.177062,-0.014712499,0.066825,-0.076175,
36531765974998,-0.12608012557029724,-0.07655173316597938,9.688064539675262,0.1095927745103836,0.12041547972630497,0.07093485593795776,0.026523474603891373,0.08277499675750732,-0.006216948386281729,0.0,1791183740728,-0.47595003,8.27295,5.019,-0.447089,8.554362,4.760567,-0.031969,-0.278472,0.237844,0.02145,0.082775,-0.092125,
36531775969772,-0.09113430976867676,-0.0744816429913044,9.700821754771365,0.044586679339408866,0.11978949253029578,0.08526314198970794,0.03274421766400337,0.10298749804496765,-0.027433766052126884,0.0,1791183740728,-0.47595003,8.30895,4.9840503,-0.459196,8.555027,4.758219,0.006473,-0.233647,0.23301,0.0672375,0.1029875,-0.111237496,
36531785964320,-0.0916190892457962,-0.06887465789914131,9.696927745828527,0.02055896222591401,0.11617719135455935,0.10007291734218597,0.048604294657707214,0.13392500579357147,-0.05006658285856247,0.0,1791183740728,-0.60105,8.368951,4.86105,-0.474255,8.558178,4.751073,-0.016775,-0.203279,0.175513,0.1161875,0.133925,-0.1293875,
36531795958993,-0.14860178530216217,-0.06631404161453247,9.639492387247682,0.04248697012662887,0.11380310522402409,0.12442190647125244,0.06097792834043503,0.1551000028848648,-0.06932724267244339,0.0,1791183740728,-0.88095003,8.41695,4.6150503,-0.493259,8.563914,4.738786,-0.251556,-0.197045,0.0226,0.1577125,0.1551,-0.137775,
36531805953551,-0.1873016357421875,-0.06930523067712784,9.657485840695864,0.05673244893550872,0.11613375410700821,0.12894738912582399,0.06872650980949402,0.15839999914169312,-0.0765305683016777,0.0,1791183740728,-1.182,8.508,4.41405,-0.514697,8.571741,4.722327,-0.495875,-0.128257,-0.209938,0.1725625,0.1584,-0.1260875,
36531815948259,-0.19988341629505157,-0.07829412072896957,9.653927085393143,0.01692437827587126,0.11890227802156675,0.14370804727077485,0.0611601360142231,0.13282500207424164,-0.06834752857685089,0.0,1791183740728,-1.3480501,8.578951,4.2169504,-0.535923,8.579979,4.704972,-0.749982,-0.052698,-0.405665,0.15345,0.132825,-0.09735,
36531825943026,-0.17091473937034607,-0.09172544553875923,9.704500455465023,0.04399091601371764,0.11330214797506016,0.1596641331911087,0.056043922901153564,0.10092499852180481,-0.04894994571805,0.0,1791183740728,-1.338,8.65095,4.18905,-0.553111,8.587292,4.689618,-0.811802,0.028574,-0.505234,0.1087625,0.100925,-0.0548625,
36531835937565,-0.10936911404132843,-0.10490918383002282,9.770586406739561,0.09801158308982849,0.09824747167154319,0.16321413815021515,0.06745055317878723,0.08703749626874924,-0.024304788559675217,0.0,1791183740729,-1.2060001,8.74905,4.1790004,-0.565028,8.592509,4.678625,-0.7113,0.111942,-0.520577,0.0523875,0.087037496,-0.0122375,
36531845932273,-0.04035557806491852,-0.11295530945062637,9.805324671890231,0.07875816822052002,0.08517164997697056,0.14156489670276642,0.08297022432088852,0.0849749967455864,-6.34130323305726E-4,0.0,1791183740729,-1.0510501,8.802,4.191,-0.572105,8.595533,4.672206,-0.524657,0.185532,-0.490216,-8.25E-4,0.084975,0.0176,
36531855926814,0.015208259224891663,-0.11493147797882557,9.824951265446241,0.030128061771392822,0.08164345812711717,0.10106291770935058,0.08502524346113205,0.07961250096559525,0.0212083850055933,0.0,1791183740729,-0.94500005,8.821051,4.22205,-0.576435,8.596387,4.670102,-0.422166,0.222986,-0.430651,-0.0477125,0.0796125,0.0259875,
36531865921583,0.012442752718925476,-0.11473010629415512,9.826486140385317,0.026665458083152765,0.08195182621595218,0.058597683906555176,0.06603653728961945,0.05939999967813492,0.03993398696184158,0.0,1791183740729,-0.88095003,8.8279505,4.22505,-0.579457,8.595363,4.671615,-0.361682,0.231193,-0.444135,-0.086075,0.0594,0.0185625,
36531875916292,-0.008714988827705383,-0.10792935863137246,9.80401976031412,0.07391518354415894,0.08477506945180922,0.02615773379802704,0.04084141179919243,0.03382499888539314,0.05884341523051262,0.0,1791183740729,-0.94995004,8.77305,4.2720003,-0.58173,8.592484,4.676628,-0.337861,0.207735,-0.441966,-0.1243,0.033825,0.007975,
36531885910845,0.008660674095153809,-0.09537801221013069,9.866412423222505,0.12187013030052185,0.0824940842962802,0.0025517761707305906,0.026647526770830154,0.0147124994546175,0.0793437510728836,0.0,1791183740729,-0.91395,8.79705,4.37295,-0.583706,8.587196,4.686079,-0.359827,0.179504,-0.355648,-0.166925,0.014712499,0.007975,
36531895905607,0.061030857264995575,-0.07836596183478832,9.906023992842641,0.14667290002107622,0.07777749070114864,0.017725510895252226,0.01692945510149002,8.249999955296516E-4,0.09480021893978119,0.0,1791183740729,-0.87795,8.75895,4.5430503,-0.584352,8.579906,4.699334,-0.304115,0.186795,-0.251587,-0.198825,8.25E-4,0.009075,
36531905900297,0.1031382754445076,-0.06437638029456139,9.950860944904733,0.17901956140995026,0.08377230144453629,0.035311514139175416,0.008131236769258976,-0.010862499475479126,0.10275187343358994,0.0,1791183740729,-0.81105006,8.71605,4.7320504,-0.584113,8.570897,4.71578,-0.289989,0.145525,-0.086075,-0.214775,-0.0108624995,0.0100375,
36531915894836,0.19380903244018555,-0.05041395425796509,10.036868263839384,0.23124890327453612,0.10066604089767499,0.07158477008342742,0.007067215163260698,-0.012924999929964542,0.10042545944452286,0.0,1791183740729,-0.69405,8.72805,4.90695,-0.582498,8.561116,4.733709,-0.18147,0.150518,0.106686,-0.2094125,-0.012925,0.0122375,
36531925889602,0.2591310143470764,-0.03648275956511497,10.06378536481741,0.288368108868599,0.12117207739697457,0.1251539707183838,0.005192361306399107,-0.010862499475479126,0.09238514304161072,0.0,1791183740729,-0.78000003,8.69205,5.01195,-0.580527,8.551597,4.751127,-0.149923,0.172008,0.206584,-0.19139999,-0.0108624995,0.006875,
36531935884297,0.2863149642944336,-0.021288500726222993,10.074625201700393,0.32224972546100616,0.14015648805397674,0.18068482875823974,0.008545167744159698,-0.005499999970197678,0.08179999142885208,0.0,1791183740729,-0.83100003,8.658,5.08395,-0.579637,8.542615,4.767364,-0.208273,0.154654,0.286115,-0.1689875,-0.0055,0.006875,
36531945878809,0.2656953036785126,-0.006660893559455872,10.091738482491772,0.3226806357502937,0.15344806656262483,0.22161771804094316,0.01048439834266901,-0.006599999964237213,0.07115205377340317,0.0,1791183740729,-0.75105006,8.65095,5.142,-0.578499,8.534443,4.782117,-0.221383,0.112547,0.316851,-0.147675,-0.0066,0.0154,
36531955873496,0.2878074645996094,0.01596319079399109,10.079896430100915,0.31714923977851867,0.1616218736160475,0.2585515558719635,0.007893129251897335,-0.00976249948143959,0.05973203480243683,0.0,1791183740729,-0.65595,8.61795,5.1870003,-0.575907,8.52718,4.795368,-0.128206,0.115022,0.368244,-0.1243,-0.0097624995,0.0185625,
36531965868035,0.2775084674358368,0.03614262044429779,10.0510356070611,0.3014491766691208,0.16770778768633457,0.27529144287109375,0.006646118126809597,-0.005499999970197678,0.04939353093504906,0.0,1791183740729,-0.57405,8.58705,5.1919503,-0.572977,8.520803,4.807039,-0.035369,0.092668,0.397274,-0.102025,-0.0055,0.0111375,
36531975862823,0.24438005685806274,0.05291833877563477,10.055881850395766,0.2748930275440216,0.1708878227759346,0.272341251373291,-0.002817990258336067,-0.006599999964237213,0.0356285497546196,0.0,1791183740729,-0.46395,8.61795,5.1610503,-0.570325,8.515803,4.816206,0.057747,0.073726,0.373743,-0.0721875,-0.0066,-0.0026125,
36531985857515,0.22664517164230347,0.06883155182003975,10.032252915814698,0.24268178194761278,0.17150485369704338,0.260407292842865,-0.01798667572438717,-0.008662499487400055,0.02181450091302395,0.0,1791183740730,-0.48600003,8.59095,5.15805,-0.568628,8.512372,4.822466,0.106328,0.074764,0.341146,-0.041249998,-0.0086624995,-0.026124999,
36531995852039,0.20859500765800476,0.08669139146804809,10.016081383486759,0.21367571949958802,0.1664565088669571,0.24898723363876343,-0.02954864501953125,-0.007699999958276749,0.011072568595409393,0.0,1791183740730,-0.55995005,8.58195,5.1340504,-0.569186,8.510116,4.826383,0.073367,0.067443,0.313287,-0.016775,-0.0077,-0.0484,
36532005846741,0.248422309756279,0.10847758874297142,10.078031862357914,0.16952543258666994,0.15744004097115755,0.24111020267009736,-0.035953089594841,-0.007699999958276749,0.0022990573197603226,0.0,1791183740730,-0.70095,8.611051,5.18895,-0.571965,8.508718,4.82852,-0.057928,0.087995,0.342275,0.0023375,-0.0077,-0.059125,
36532015841524,0.31024453043937683,0.13398398607969284,10.100057610147685,0.12250344455242157,0.14634876037252284,0.24765741527080537,-0.038807421922683716,-0.00976249948143959,-0.00655259657651186,0.0,1791183740730,-0.72,8.649,5.1660004,-0.576069,8.508018,4.829264,-0.151986,0.134183,0.375049,0.02035,-0.0097624995,-0.059125,
36532025836292,0.294522225856781,0.1572558343410492,10.076455343684989,0.07700102031230929,0.13235121995492866,0.25768584907054903,-0.04846397787332535,-0.020487500354647636,-0.013978887349367142,0.0,1791183740730,-0.73200005,8.649,5.118,-0.579448,8.508409,4.828173,-0.119877,0.152947,0.313891,0.0353375,-0.0204875,-0.058025,
36532035830830,0.24146375060081482,0.17479747757315636,10.027339295201712,0.039031846821308114,0.11836064244215931,0.26064956486225127,-0.056412048637866974,-0.03217500075697899,-0.017930127680301666,0.0,1791183740730,-0.75600004,8.649,5.0170503,-0.582177,8.509421,4.826054,-0.160244,0.123204,0.25376,0.0427625,-0.032175,-0.0526625,
36532045825509,0.21716558933258057,0.18767353594303132,9.998902954946448,0.003812125325202975,0.10778988717574198,0.26236368119716647,-0.05394011735916138,-0.03423750028014183,-0.01787238009274006,0.0,1791183740730,-0.78300005,8.67,4.91895,-0.584278,8.511015,4.822992,-0.191662,0.155129,0.144295,0.0416625,-0.0342375,-0.0441375,
36532055820063,0.19697940349578857,0.19676209315657617,9.994301746942599,0.02321634292602537,0.10026551889861017,0.2520750999450684,-0.036452941596508026,-0.023649999871850014,-0.015153709799051285,0.0,1791183740730,-0.76305,8.680051,4.8949504,-0.585762,8.512728,4.819789,-0.199754,0.170176,0.075673,0.0342375,-0.02365,-0.0281875,
36532065814832,0.15962278842926025,0.2041210949420929,9.953723039751614,0.05039049983024596,0.09148390463650537,0.22195075154304506,-0.02363036572933197,-0.018287500366568565,-0.013461511582136154,0.0,1791183740730,-0.771,8.62005,4.9170003,-0.586123,8.514191,4.81716,-0.206576,0.118434,0.090272,0.028875,-0.0182875,-0.0122375,
36532075809514,0.13239267468452454,0.2111764781177044,9.966929945633577,0.07088245153427125,0.07944693047371681,0.18952484130859376,-0.031107600778341293,-0.029012499377131462,-0.015804506838321686,0.0,1791183740730,-0.70395005,8.625,4.9450502,-0.585409,8.515533,4.814872,-0.166589,0.076391,0.114108,0.0331375,-0.0290125,-0.007975,
36532085804078,0.1615646481513977,0.2188216768205166,9.933090245320727,0.07544221282005312,0.06577081296574791,0.17354502081871032,-0.04943940043449402,-0.04496249929070473,-0.022172780707478523,0.0,1791183740730,-0.65295005,8.58705,4.9500003,-0.583564,8.517334,4.811912,-0.094213,0.088955,0.160164,0.047025,-0.0449625,-0.0154,
36532095798837,0.11739479005336761,0.2216398734599352,9.908552339002483,0.08751934170722964,0.05989433309621717,0.15359086096286773,-0.07543791085481644,-0.06517499685287476,-0.03016962856054306,0.0,1791183740730,-0.64395005,8.57205,4.9279504,-0.581777,8.519841,4.807689,-0.076847,0.050535,0.140444,0.065175,-0.065175,-0.0303875,
36532105793523,0.07992583513259888,0.22047925144433975,9.823576563249182,0.11747726798057556,0.062353797718496015,0.1301801472902298,-0.09531614184379578,-0.07796250283718109,-0.037005700170993805,0.0,1791183740730,-0.72,8.517,4.842,-0.580601,8.523148,4.801966,-0.078023,0.035258,0.091101,0.081125,-0.0779625,-0.0463375,
36532115788061,0.033608123660087585,0.21246920600533487,9.816850474313298,0.15270863473415378,0.07439295096220899,0.10497721433639526,-0.10346496105194092,-0.08428750187158585,-0.041335850954055786,0.0,1791183740731,-0.73695004,8.56005,4.749,-0.580548,8.527195,4.794781,-0.173844,0.024027,0.004912,0.0906125,-0.0842875,-0.0506,
36532125782781,0.02248312532901764,0.20063681155443192,9.815466576267536,0.1776542603969574,0.08420317641915422,0.08299530446529388,-0.10095617175102234,-0.08002500236034393,-0.04274613410234451,0.0,1791183740731,-0.771,8.60805,4.6530004,-0.580785,8.531916,4.786346,-0.161635,0.062402,-0.084814,0.0939125,-0.080025,-0.0526625,
36532135777551,0.0035800859332084656,0.18650006763637067,9.808774141906886,0.21096528917551044,0.09200466158435301,0.05139839202165604,-0.08803665637969971,-0.06833750009536743,-0.041354089975357056,0.0,1791183740731,-0.91005003,8.611051,4.6080003,-0.582106,8.536892,4.777308,-0.284813,0.064609,-0.142814,0.0906125,-0.0683375,-0.0474375,
36532145772103,-0.012336872518062592,0.1725984588265419,9.830229529996894,0.22662304043769838,0.09967354309775572,0.025452059507369996,-0.05758656933903694,-0.04702499881386757,-0.0390520915389061,0.0,1791183740731,-1.0390501,8.629951,4.59105,-0.5841,8.54164,4.768566,-0.414501,0.055072,-0.174773,0.0831875,-0.047025,-0.023924999,
36532155766808,0.027132458984851837,0.159564708545804,9.791427341375313,0.20705736726522447,0.10079334626956149,0.014893384277820587,-0.018223462626338005,-0.021449999883770943,-0.03633187338709831,0.0,1791183740731,-1.008,8.60595,4.5600004,-0.585292,8.546185,4.760272,-0.449221,0.098412,-0.176056,0.0735625,-0.02145,0.0100375,
36532165761585,-0.048115991055965424,0.1432834856212139,9.707862958013333,0.19097627997398378,0.10656100397703674,0.0014514386653900146,0.017154041677713394,-2.749999985098839E-4,-0.035237252712249756,0.0,1791183740731,-0.97905004,8.556001,4.4809504,-0.584389,8.550691,4.752283,-0.423788,0.041234,-0.225528,0.0672375,-2.75E-4,0.0441375,
36532175756123,-0.11984528601169586,0.12507221847772598,9.648248415580541,0.20346214175224303,0.11821340450592899,0.029917120933532715,0.03695201128721237,0.007287499960511923,-0.029964629560709,0.0,1791183740731,-0.83295006,8.529,4.43295,-0.58107,8.554963,4.744996,-0.336127,-0.008528,-0.273307,0.05335,0.0072875,0.0697125,
36532185750803,-0.16571763157844543,0.10545407831668854,9.590395637062276,0.21736752539873122,0.13153562705807176,0.0637766644358635,0.03690686449408531,0.0019249999895691872,-0.021614179015159607,0.0,1791183740731,-0.69405,8.521951,4.3440003,-0.575123,8.558828,4.738745,-0.184057,-0.00521,-0.355642,0.0353375,0.001925,0.0771375,
36532195745556,-0.26752203702926636,0.08164822608232498,9.492972232029278,0.24499384462833407,0.15217936506180535,0.11481369733810425,0.017787309363484383,-0.018287500366568565,-0.007820629514753819,0.0,1791183740731,-0.66495,8.433001,4.308,-0.567512,8.561715,4.734444,-0.088718,-0.084712,-0.411196,0.0077,-0.0182875,0.0708125,
36532205740089,-0.34126734733581543,0.05216374322772026,9.465616745150985,0.29347087293863294,0.17274670411943066,0.1884936586022377,-0.0042250026017427444,-0.03849999979138374,0.008437925018370152,0.0,1791183740731,-0.72300005,8.38605,4.33005,-0.5601,8.562954,4.733085,-0.115283,-0.164959,-0.421808,-0.0243375,-0.0385,0.058025,
36532215734798,-0.3183462619781494,0.02073420360684395,9.530889431644242,0.3255350172519684,0.1799644586712586,0.2425397127866745,-0.02113470993936062,-0.05444999784231186,0.02337460219860077,0.0,1791183740731,-0.804,8.36205,4.5019503,-0.553695,8.562288,4.735044,-0.224639,-0.188236,-0.344758,-0.0540375,-0.054449998,0.0484,
36532225729565,-0.19420349597930908,-0.003702082484960556,9.642296068774394,0.3088097468018532,0.17421822805226608,0.25741135478019717,-0.028699485585093498,-0.06407500058412552,0.0306819137185812,0.0,1791183740731,-0.79200006,8.412001,4.6459503,-0.547594,8.559876,4.740113,-0.271442,-0.1547,-0.153503,-0.069025,-0.064075,0.0484,
36532235724023,-0.13801953196525574,-0.022676246613264082,9.688207716158903,0.2773237943649292,0.1669991516667557,0.2518717348575592,-0.022036166861653328,-0.059812501072883606,0.029341934248805046,0.0,1791183740732,-0.80205005,8.44095,4.6870503,-0.540849,8.557065,4.745962,-0.249455,-0.127946,-0.082737,-0.066825,-0.0598125,0.054725,
36532245718777,-0.11754977703094482,-0.03941201493144035,9.679228864766197,0.23677066713571548,0.15868986968744553,0.2218772828578949,-8.938852697610855E-4,-0.03959999978542328,0.02747003734111786,0.0,1791183740732,-0.83505005,8.409,4.7200503,-0.534488,8.554339,4.751594,-0.272577,-0.125221,-0.047667,-0.0636625,-0.0396,0.0622875,
36532255713555,-0.1288985013961792,-0.05570591017603874,9.683922886375795,0.17795207500457763,0.15007774700755883,0.17940351366996765,0.03065989539027214,-0.008662499487400055,0.02649400569498539,0.0,1791183740732,-0.82800007,8.41905,4.7130003,-0.529107,8.551595,4.757129,-0.306688,-0.146418,-0.036444,-0.0625625,-0.0086624995,0.071775,
36532265708065,-0.13036169111728668,-0.07020513415336609,9.664621106834383,0.1118894785642624,0.14238488160673846,0.14180659949779512,0.05194120481610298,0.009349999949336052,0.02913835644721985,0.0,1791183740732,-0.80205005,8.38305,4.74195,-0.523722,8.548682,4.762954,-0.278553,-0.148294,-0.032692,-0.069025,0.00935,0.082499996,
36532275702767,-0.16836333274841309,-0.08524293452501297,9.660649061086426,0.07286190241575241,0.13592930905593148,0.1366385668516159,0.059943266212940216,0.015812499448657036,0.031549736857414246,0.0,1791183740732,-0.77295005,8.31795,4.8520503,-0.518305,8.545202,4.76979,-0.315096,-0.226217,0.025115,-0.07425,0.0158125,0.0867625,
36532285697293,-0.13081209361553192,-0.09986177161335945,9.711760487592791,0.020383381843566903,0.12377881455357982,0.13519707918167115,0.05101311206817627,0.009349999949336052,0.030456630513072014,0.0,1791183740732,-0.67005,8.347051,4.91895,-0.512459,8.541207,4.777569,-0.227567,-0.22701,0.113104,-0.0710875,0.00935,0.0803,
36532295692048,-0.06553328037261963,-0.10900817513465881,9.740336906646537,0.06369987875223161,0.11373847115684264,0.1247937798500061,0.020638857036828995,-0.010862499475479126,0.024034881964325905,0.0,1791183740732,-0.53400004,8.39295,4.914,-0.506215,8.537742,4.784427,-0.080583,-0.163689,0.149342,-0.0551375,-0.0108624995,0.055825,
36532305686724,-0.08236530423164368,-0.11712273210287094,9.699578700711953,0.1270525723695755,0.10545749334693999,0.115487140417099,-0.016208268702030182,-0.031075000762939453,0.016119198873639107,0.0,1791183740732,-0.531,8.38605,4.8450003,-0.500882,8.535331,4.789284,-0.01409,-0.146913,0.091812,-0.034925,-0.031075,0.0185625,
36532315681264,-0.16797678172588348,-0.12720197737216948,9.628591462561502,0.1344011962413788,0.10006502331995187,0.12301015853881836,-0.03981774300336838,-0.03849999979138374,0.0126856854185462,0.0,1791183740732,-0.56700003,8.34195,4.77495,-0.498637,8.533583,4.792634,-0.083372,-0.209809,0.021424,-0.0243375,-0.0385,-0.0154,
36532325676034,-0.18187880516052246,-0.1374200738966465,9.610037334386677,0.12615848183631898,0.09453991575919453,0.12571325302124023,-0.05714371055364609,-0.04592499881982803,0.014840507879853249,0.0,1791183740732,-0.57405,8.36205,4.701,-0.498198,8.532048,4.795412,-0.055081,-0.179544,-0.057967,-0.0264,-0.045925,-0.0378125,
36532335670700,-0.1749967783689499,-0.1463489171117544,9.618371969553946,0.08732709288597107,0.08907648181727501,0.13455018997192383,-0.07001493871212006,-0.05444999784231186,0.01807072013616562,0.0,1791183740732,-0.62895006,8.356951,4.7200503,-0.49886,8.530501,4.798096,-0.102302,-0.154055,-0.09417,-0.0317625,-0.054449998,-0.0495,
36532345665231,-0.15956655144691467,-0.15371040105819703,9.659330300229055,0.02604666948318482,0.08361340834526132,0.15335684418678283,-0.06550213694572449,-0.050187498331069946,0.020591607317328453,0.0,1791183740732,-0.63195,8.371051,4.7779503,-0.500062,8.528525,4.801481,-0.129832,-0.161656,-0.052065,-0.0369875,-0.0501875,-0.0484,
36532355659987,-0.12377703189849854,-0.16125587560236454,9.70251293891919,0.019832590222358698,0.07310171815388325,0.16163918972015381,-0.04689006879925728,-0.031075000762939453,0.019383743405342102,0.0,1791183740732,-0.57900006,8.3880005,4.842,-0.50166,8.526382,4.805115,-0.118656,-0.147542,-0.003026,-0.034925,-0.031075,-0.0441375,
36532365654676,-0.07573997974395752,-0.16263707503676414,9.731328656150422,0.00655326247215271,0.07118686840729034,0.14319182932376862,-0.02636435255408287,-0.006599999964237213,0.012116814032196999,0.0,1791183740732,-0.48105,8.40495,4.881,-0.503493,8.524613,4.808062,-0.028238,-0.12183,0.058669,-0.020075,-0.0066,-0.0441375,
36532375649232,-0.0723792314529419,-0.16026377230882644,9.737588453084165,0.013905164599418651,0.07333283523647659,0.1212919145822525,-0.011591758579015732,0.01677500084042549,-5.190123338252306E-4,0.0,1791183740733,-0.43800002,8.433001,4.84905,-0.506099,8.523985,4.808903,0.053376,-0.11402,0.060222,0.0066,0.016775,-0.0526625,
36532385644001,-0.06419538706541061,-0.1551876600831747,9.770288748518844,0.025662143528461454,0.07623586630720502,0.09913163632154465,-0.0018506087362766266,0.04028749838471413,-0.011492326855659485,0.0,1791183740733,-0.591,8.44305,4.881,-0.511124,8.524695,4.807112,0.02967,-0.090788,0.033282,0.031075,0.0402875,-0.0719125,
36532395638676,-0.0031172670423984528,-0.1419674215838313,9.805579070105935,0.04764536097645759,0.07850128798571393,0.0678417794406414,-0.002422172576189041,0.05087500065565109,-0.019289925694465637,0.0,1791183740733,-0.66795003,8.481,4.87605,-0.520007,8.526068,4.803727,-0.126646,-0.056247,0.079763,0.0490875,0.050875,-0.089925,
36532405633216,0.027276938781142235,-0.12354020727798343,9.854028201207397,0.08537917323410511,0.07258821973207831,0.037630985304713246,-0.016009818762540817,0.043449997901916504,-0.02635125070810318,0.0,1791183740733,-0.71595,8.56995,4.8109503,-0.530626,8.528339,4.79853,-0.18067,-0.003452,0.041864,0.065175,0.043449998,-0.1027125,
36532415627995,0.07205666601657867,-0.10402006087824703,9.88077040499854,0.11764159686863422,0.0700246415424141,0.008071656152606011,-0.04180849343538284,0.021037500351667404,-0.03072328120470047,0.0,1791183740733,-0.744,8.629951,4.75395,-0.541504,8.531458,4.791767,-0.210493,0.067648,0.003138,0.0757625,0.0210375,-0.1144,
36532425622690,0.057562991976737976,-0.09143173648044467,9.866403365501704,0.1524669785052538,0.07512513602094009,0.017916788533329963,-0.05973697453737259,0.003987499978393316,-0.029636932536959648,0.0,1791183740733,-0.76095,8.68995,4.60995,-0.552297,8.535059,4.784115,-0.218854,0.114326,-0.111313,0.0746625,0.0039875,-0.1208625,
36532435617221,0.03001151978969574,-0.08303018389269709,9.840386744253724,0.19011501409113407,0.07875342574484036,0.03675816990435123,-0.06831292808055878,-0.004537499975413084,-0.02142319083213806,0.0,1791183740733,-0.86595005,8.686951,4.5409503,-0.563336,8.538654,4.776405,-0.284429,0.129884,-0.20416,0.0587125,-0.0045375,-0.125125,
36532445612005,0.06228253245353699,-0.074038568418473,9.8996768399156,0.21147731952369214,0.08436505247308464,0.04983812980353832,-0.059904228895902634,-0.0012374999932944775,-0.010363884270191193,0.0,1791183740733,-0.88605005,8.766001,4.5139503,-0.574575,8.54146,4.770046,-0.311498,0.191721,-0.252867,0.0353375,-0.0012375,-0.1166,
36532455606695,0.08616180717945099,-0.06328555298969149,9.922010300315645,0.20480693280696868,0.09019180751456636,0.061615103483200075,-0.04770474508404732,0.0030249999836087227,0.0029227552004158497,0.0,1791183740733,-0.99105006,8.781,4.512,-0.58509,8.543219,4.765614,-0.344079,0.225876,-0.269984,0.0066,0.003025,-0.1027125,
36532465601236,0.09197212010622025,-0.05216886242851615,9.919194630583139,0.18689010888338087,0.09482229785848843,0.06559819430112838,-0.030267704278230667,0.007287499960511923,0.0160452239215374,0.0,1791183740733,-1.06305,8.757,4.5360003,-0.594908,8.543547,4.763813,-0.442,0.213577,-0.249029,-0.0232375,0.0072875,-0.0782375,
36532475596019,0.13959327340126038,-0.03677103212103248,9.939684201783384,0.1811358869075775,0.09958791635153157,0.08200425058603286,-0.017464391887187958,0.003987499978393316,0.027778349816799164,0.0,1791183740733,-0.93105006,8.745001,4.6320004,-0.602362,8.542454,4.764833,-0.410603,0.238612,-0.192588,-0.050875,0.0039875,-0.0495,
36532485590723,0.15447315573692322,-0.022506769653409718,9.966778008292684,0.17473835721611977,0.10536040435864062,0.10689657777547837,-0.007879705168306828,0.0030249999836087227,0.035466693341732025,0.0,1791183740733,-0.83295006,8.72295,4.749,-0.606297,8.540097,4.768558,-0.248651,0.205056,-0.081391,-0.069025,0.003025,-0.0303875,
36532495585264,0.15414628386497498,-0.011522791441529989,9.978456500081238,0.16290031336247923,0.11157023825327327,0.12526932805776597,-0.010753441601991653,-2.749999985098839E-4,0.035510238260030746,0.0,1791183740733,-0.76095,8.685,4.854,-0.608806,8.537083,4.773637,-0.171922,0.143426,0.038027,-0.069025,-2.75E-4,-0.0303875,
36532505580019,0.17410793900489807,0.0013008707202970982,9.991466789541782,0.1509302105754614,0.1172837460010309,0.1428585544228554,-0.025351200252771378,-0.011962499469518661,0.029779288917779922,0.0,1791183740733,-0.651,8.677951,4.9090505,-0.610693,8.534082,4.778754,-0.110179,0.132061,0.107131,-0.0562375,-0.0119624995,-0.0378125,
36532515574709,0.20512335002422333,0.01995587730780244,9.947612781731774,0.14757201187312605,0.11854071780552851,0.165488800406456,-0.04119229316711426,-0.021449999883770943,0.024436527863144875,0.0,1791183740734,-0.69195,8.635051,4.8900003,-0.61225,8.53155,4.783077,-0.034403,0.151353,0.145904,-0.043449998,-0.02145,-0.0517,
36532525569250,0.11330056190490723,0.034714845661073926,9.890392092980003,0.12347208820283412,0.11060232450436676,0.16023025810718536,-0.058061882853507996,-0.0364375002682209,0.019150860607624054,0.0,1791183740734,-0.71295005,8.577001,4.87305,-0.61444,8.529572,4.786321,-0.082491,0.079112,0.08041,-0.0317625,-0.0364375,-0.058025,
36532535564014,0.100039042532444,0.048466636706143616,9.880597738597858,0.0995053056627512,0.10029046166511031,0.14934343546628953,-0.07091920077800751,-0.05128749832510948,0.015471681952476501,0.0,1791183740734,-0.67695004,8.548051,4.9090505,-0.61596,8.527804,4.789275,-0.068999,0.044966,0.115763,-0.0243375,-0.0512875,-0.056925,
36532545558713,0.09899365901947021,0.06139464722946286,9.909171402875096,0.07669780701398851,0.08862732014139992,0.13831291049718858,-0.07653221487998962,-0.05664999783039093,0.008153244853019714,0.0,1791183740734,-0.60105,8.577001,4.926,-0.616633,8.52654,4.791443,-0.020442,0.039048,0.130355,-0.00935,-0.056649998,-0.056925,
36532555553269,0.08665858209133148,0.07191642792895436,9.886911362699905,0.05522484481334687,0.07785614804907703,0.12082303911447526,-0.07664726674556732,-0.05555000156164169,-0.004420128650963306,0.0,1791183740734,-0.62895006,8.56305,4.9020004,-0.61671,8.526396,4.791686,-0.008395,0.027221,0.127717,0.016224999,-0.05555,-0.055825,
36532565548038,0.08858329802751541,0.080132591817528,9.889935616944268,0.015510778129100802,0.07012733369804214,0.09751502871513366,-0.059129130095243454,-0.0364375002682209,-0.017710139974951744,0.0,1791183740734,-0.62700003,8.5990505,4.8450003,-0.617395,8.527725,4.789233,-0.019681,0.047439,0.094257,0.0427625,-0.0364375,-0.0506,
36532575542758,0.04872508347034454,0.08618780756369233,9.830398435293143,0.022296644747257233,0.06138001353069848,0.08459993302822114,-0.03712955117225647,-0.014024999924004078,-0.027012653648853302,0.0,1791183740734,-0.63900006,8.59395,4.7299504,-0.618402,8.530421,4.784298,0.007662,0.051926,0.008213,0.0609125,-0.014025,-0.043175,
36532585537284,0.007269404828548431,0.08976104715839028,9.767368849954677,0.05922332257032395,0.054179225474329136,0.06604600548744202,-0.03214326500892639,-0.010862499475479126,-0.03038831241428852,0.0,1791183740734,-0.63195,8.5990505,4.58895,-0.61947,8.534136,4.77753,-0.010423,0.076942,-0.123882,0.0672375,-0.0108624995,-0.0378125,
36532595532068,-0.050269488245248795,0.08740343609824777,9.699586402077527,0.10666517838835718,0.05898252811570355,0.036193376034498216,-0.037740640342235565,-0.0193875003606081,-0.024788543581962585,0.0,1791183740734,-0.61305004,8.566951,4.50705,-0.619915,8.538003,4.770557,-4.02E-4,0.061103,-0.212677,0.05555,-0.0193875,-0.0356125,
36532605526768,-0.11575894057750702,0.0802516421303153,9.66521688163581,0.1697789289057255,0.07287508659895968,0.004290128499269486,-0.05568312108516693,-0.040699999779462814,-0.011650039814412594,0.0,1791183740734,-0.63900006,8.556001,4.4500504,-0.619558,8.540977,4.765279,0.011212,0.031794,-0.293591,0.028875,-0.0407,-0.0378125,
36532615521308,-0.14237380027770996,0.06953011881560087,9.675456593751719,0.2107118062674999,0.08758181137263102,0.05048154816031456,-0.08055433630943298,-0.07039999961853027,0.003986905328929424,0.0,1791183740734,-0.75105006,8.54595,4.47405,-0.618552,8.542534,4.762614,-0.04486,0.006295,-0.310079,-0.003025,-0.0704,-0.039875,
36532625516077,-0.08789873123168945,0.0622570326551795,9.744573533213414,0.2271497465670109,0.09407288363888898,0.07780631110072136,-0.10081477463245392,-0.09817499667406082,0.01821543462574482,0.0,1791183740734,-0.89805007,8.56005,4.5690002,-0.617328,8.542365,4.763079,-0.213678,0.020829,-0.245901,-0.0328625,-0.098175,-0.0356125,
36532635510770,-0.030891407281160355,0.05921188630163669,9.77851506341333,0.2237513840198517,0.09603268952784903,0.08543847352266312,-0.10773862898349762,-0.11838749796152115,0.027853259816765785,0.0,1791183740734,-0.9670501,8.529,4.68405,-0.615017,8.540609,4.766523,-0.335699,0.015401,-0.134423,-0.0551375,-0.1183875,-0.0165,
36532645505299,0.015344275161623955,0.05686497343704104,9.85628098100864,0.19313875995576382,0.09650138019699665,0.07231572084128857,-0.10188733786344528,-0.12787500023841858,0.031311143189668655,0.0,1791183740734,-0.98595005,8.566951,4.7730002,-0.610504,8.537798,4.772137,-0.380913,-9.4E-4,-0.015538,-0.065725,-0.127875,0.0111375,
36532655500068,0.05904325097799301,0.055509045626968144,9.86737997160095,0.13487031124532223,0.0962704516504671,0.03735528253018856,-0.09732731431722641,-0.13750000298023224,0.029248356819152832,0.0,1791183740734,-1.0000501,8.577001,4.77495,-0.603302,8.534934,4.77817,-0.392904,0.030653,0.016735,-0.0647625,-0.1375,0.0378125,
36532665494744,0.0365699827671051,0.052738938760012385,9.82698543800691,0.08616645894944669,0.09597803386195762,0.0015665259212255477,-0.0977172777056694,-0.15234999358654022,0.028792640194296837,0.0,1791183740735,-0.96495,8.544001,4.7580004,-0.593459,8.532247,4.784199,-0.407536,0.023764,-0.018024,-0.066825,-0.15235,0.06325,
36532675489299,-0.02145979553461075,0.04468628531321883,9.73862644419286,0.05432474426925183,0.09510534471164298,0.011721261218190194,-0.09719677269458771,-0.16513749957084656,0.0333092175424099,0.0,1791183740735,-0.91395,8.472,4.71495,-0.580458,8.529324,4.791006,-0.331951,-0.021196,-0.046379,-0.0785125,-0.1651375,0.0856625,
36532685484068,-0.16550201177597046,0.028687526937574148,9.70903561105473,0.05139423571527005,0.10195766027596591,0.015200859680771828,-0.10419933497905731,-0.18438750505447388,0.04028146713972092,0.0,1791183740735,-0.60300004,8.505,4.644,-0.564946,8.525847,4.799038,-0.313944,-0.127853,-0.147785,-0.0944625,-0.1843875,0.103675,
36532695478768,-0.1188286542892456,0.015038780029863119,9.599192599752234,0.037745317071676256,0.10251893677997878,0.04203544557094574,-0.12167233228683472,-0.2003374993801117,0.05055205523967743,0.0,1791183740735,-0.47895002,8.39295,4.63395,-0.54519,8.521933,4.808269,0.0374,-0.049718,-0.149833,-0.1137125,-0.2003375,0.0941875,
36532705473313,-0.18579305708408356,-0.0029562697745859623,9.578515675239283,0.04052115902304649,0.10458409082699711,0.09100270718336105,-0.13931581377983093,-0.20982499420642853,0.05715043842792511,0.0,1791183740735,-0.46695003,8.371051,4.6320004,-0.525835,8.517217,4.818769,0.075506,-0.104857,-0.184275,-0.1243,-0.209825,0.073975,
36532715468078,-0.19371506571769714,-0.022898190561681984,9.629654111970927,0.05925340577960014,0.10096901184092669,0.1370597168803215,-0.12316539883613586,-0.18645000457763672,0.0636860728263855,0.0,1791183740735,-0.52905005,8.37405,4.7250004,-0.508638,8.511753,4.830256,0.02479,-0.128124,-0.164637,-0.1359875,-0.18645,0.06435,
36532725462765,-0.17665831744670868,-0.037396134529262784,9.62276484884464,0.08266094774007796,0.10118870883235093,0.16809942126274108,-0.08614617586135864,-0.14492499828338623,0.06811389327049255,0.0,1791183740735,-0.57195,8.328,4.78695,-0.494322,8.505369,4.842969,-0.068534,-0.162442,-0.079187,-0.1445125,-0.144925,0.06545,
36532735457513,-0.18972279131412506,-0.05188422622159124,9.639552381065988,0.10062785632908344,0.10121758304729718,0.172943577170372,-0.053287655115127563,-0.11302500218153,0.06732785701751709,0.0,1791183740735,-0.63405,8.280001,4.8949504,-0.481672,8.498554,4.856188,-0.155403,-0.213088,-0.025369,-0.1434125,-0.113025,0.0760375,
36532745452054,-0.13336990773677826,-0.06350240455940366,9.69185316876702,0.13849654532968997,0.0964562390512209,0.17585182785987855,-0.012777872383594513,-0.07466249912977219,0.06484907865524292,0.0,1791183740735,-0.68895006,8.24895,5.0410504,-0.470122,8.491364,4.869883,-0.207655,-0.222656,0.099798,-0.1392875,-0.0746625,0.091025,
36532755446808,-0.08124063909053802,-0.07189736561849713,9.756925167474044,0.15337481833994387,0.0901201799451185,0.15494134426116943,0.030574265867471695,-0.029975000768899918,0.05771458521485329,0.0,1791183740735,-0.75405,8.24895,5.15595,-0.46033,8.484135,4.883399,-0.262937,-0.232187,0.215569,-0.1254,-0.029975,0.1016125,
36532765441498,0.0013420581817626953,-0.07625942761078477,9.853324723655266,0.12765118069946765,0.08416126031751456,0.11592991948127747,0.06334687769412994,0.006187499966472387,0.044377684593200684,0.0,1791183740735,-0.711,8.326051,5.2210503,-0.452386,8.47766,4.895369,-0.299612,-0.196982,0.316127,-0.098725,0.0061875,0.106975,
36532775436037,0.07090076059103012,-0.07515064375475049,9.88632176729989,0.05121724419295788,0.08592809776588378,0.0664181038737297,0.06778919696807861,0.01677500084042549,0.02832682989537716,0.0,1791183740735,-0.68700004,8.368951,5.2180505,-0.445079,8.47285,4.904359,-0.251852,-0.113162,0.31432,-0.065725,0.016775,0.1005125,
36532785430731,0.06728051602840424,-0.0721500881947577,9.844192183909037,0.027018003165721893,0.08971796473075913,0.015017442405223846,0.04538049176335335,0.0019249999895691872,0.01748979650437832,0.0,1791183740735,-0.62205005,8.368951,5.1460505,-0.43819,8.469478,4.910802,-0.20128,-0.093031,0.276752,-0.04235,0.001925,0.0834625,
36532795425498,0.022533215582370758,-0.06850995300337673,9.832444896684189,0.107165889441967,0.091980274946416,0.016163182258605958,0.011748142540454865,-0.023649999871850014,0.01427242811769247,0.0,1791183740735,-0.52905005,8.38605,5.1060004,-0.431523,8.466975,4.915702,-0.162458,-0.102499,0.207209,-0.033825,-0.02365,0.0611875,
36532805420027,0.017053812742233276,-0.06186931533738971,9.802389484324166,0.17288178950548172,0.0931166336896734,0.03582207262516022,-0.03572580963373184,-0.06091250106692314,0.018366318196058273,0.0,1791183740735,-0.34905002,8.38095,5.0719504,-0.424374,8.464472,4.920631,-0.013983,-0.083237,0.175943,-0.0391875,-0.0609125,0.03025,
36532815414716,-0.028428487479686737,-0.05617204969748855,9.732628604161656,0.1979673847556114,0.09148832973412696,0.029867963492870332,-0.09207318723201752,-0.10023749619722366,0.02678440324962139,0.0,1791183740735,-0.35595003,8.27805,5.1060004,-0.417464,8.461365,4.926565,0.103604,-0.118437,0.155644,-0.051975,-0.100237496,-0.0154,
36532825409498,-0.05507894605398178,-0.05453106043860316,9.729426879169374,0.17761559933423995,0.0911984224617548,0.00467202216386795,-0.14542490243911743,-0.13433749973773956,0.031542807817459106,0.0,1791183740736,-0.49095002,8.235001,5.15805,-0.41354,8.457193,4.934053,-0.010452,-0.188486,0.2128,-0.0573375,-0.1343375,-0.0633875,
36532835404046,-0.04760731756687164,-0.055366855952888726,9.798412640757928,0.1575462833046913,0.09105442853627979,0.018305544555187226,-0.17312654852867126,-0.1480875015258789,0.02906937524676323,0.0,1791183740736,-0.53595,8.259001,5.2450504,-0.412964,8.452631,4.941916,-0.135527,-0.22223,0.274369,-0.049775,-0.1480875,-0.0941875,
36532845398807,0.02643224596977234,-0.05481245741248131,9.818500463282465,0.1374156057834625,0.09151586228037126,0.017525738477706908,-0.1704435497522354,-0.13433749973773956,0.01639101840555668,0.0,1791183740736,-0.56205004,8.271001,5.26095,-0.414496,8.448961,4.948055,-0.126812,-0.163495,0.320901,-0.0232375,-0.1343375,-0.1101375,
36532855393497,0.03252391517162323,-0.0561384242027998,9.824656943007168,0.10149820148944855,0.0900367749485925,0.014431717991828918,-0.1546388417482376,-0.10766249895095825,-0.004075257573276758,0.0,1791183740736,-0.64395005,8.307,5.2060504,-0.418653,8.447174,4.950757,-0.172933,-0.154524,0.313412,0.0182875,-0.1076625,-0.1208625,
36532865388263,5.228966474533081E-4,-0.05794077850878239,9.785015418560407,0.0577766627073288,0.08851076313070119,0.00864144116640091,-0.12263017147779465,-0.06833750009536743,-0.025993118062615395,0.0,1791183740736,-0.77805007,8.34195,5.0550003,-0.425832,8.44803,4.948682,-0.285464,-0.124257,0.188594,0.061875,-0.0683375,-0.1208625,
36532875382773,-0.03936923295259476,-0.058836250379681584,9.747020112990231,0.009517943859100342,0.08822729356263125,0.005499498546123504,-0.09087520837783813,-0.03739999979734421,-0.04201219230890274,0.0,1791183740736,-0.795,8.389951,4.8970504,-0.434806,8.451283,4.942342,-0.353105,-0.086808,0.039311,0.0928125,-0.0374,-0.108075,
36532885377451,-0.08169259130954742,-0.05464577935636043,9.755774242752905,0.02847973555326462,0.0849925682945987,0.012316553294658661,-0.06529659032821655,-0.016224998980760574,-0.0505761057138443,0.0,1791183740736,-0.75600004,8.472,4.7779503,-0.443676,8.456311,4.932945,-0.332264,-0.051135,-0.10452,0.1087625,-0.016224999,-0.092125,
36532895372243,-0.05623650550842285,-0.051516171917319296,9.720003877510335,0.06467237621545792,0.0837143755357558,0.0288503035902977,-0.03807734325528145,0.010449999943375587,-0.05180252715945244,0.0,1791183740736,-0.70095,8.493,4.6750503,-0.452221,8.46229,4.921909,-0.278229,0.031472,-0.191646,0.110825,0.01045,-0.0836,
36532905366765,-0.10705065727233887,-0.04757905192673206,9.684512883949292,0.08663318157196045,0.0790271194983038,0.056765218079090116,-0.03149225562810898,0.018975000828504562,-0.048879701644182205,0.0,1791183740736,-0.71595,8.509951,4.56705,-0.461106,8.46859,4.910233,-0.254979,0.044325,-0.314046,0.1056,0.018975,-0.0856625,
36532915361469,-0.1077464371919632,-0.043280620500445365,9.714009195927728,0.08309110701084137,0.07307549582192228,0.07841908484697342,-0.04837296903133392,0.006187499966472387,-0.042219001799821854,0.0,1791183740736,-0.74205005,8.544001,4.56195,-0.470552,8.474606,4.898944,-0.276657,0.050281,-0.329093,0.0939125,0.0061875,-0.09845,
36532925356234,-0.06385398656129837,-0.03764040395617485,9.766375867524038,0.06501049101352692,0.06663256496918568,0.08331603556871414,-0.07099427282810211,-0.012924999929964542,-0.032840169966220856,0.0,1791183740736,-0.80700004,8.59605,4.56495,-0.480281,8.479751,4.889084,-0.26214,0.095414,-0.319233,0.0768625,-0.012925,-0.1123375,
36532935350767,-0.0390031635761261,-0.030104422569274904,9.744278561917607,0.05725241154432297,0.056804471015699604,0.07477815002202988,-0.10012535750865936,-0.04166249930858612,-0.02205847203731537,0.0,1791183740736,-0.96195006,8.58195,4.5139503,-0.490719,8.483952,4.880753,-0.400142,0.117549,-0.322874,0.056649998,-0.0416625,-0.122925,
36532945345462,-0.07862593978643417,-0.027367224171757697,9.754389691516165,0.06482431888580321,0.05295077461770362,0.07925603687763214,-0.12711890041828156,-0.07686249911785126,-0.008847404271364212,0.0,1791183740736,-1.0200001,8.565001,4.5550504,-0.500678,8.486905,4.874604,-0.50271,0.083471,-0.355032,0.029975,-0.0768625,-0.1186625,
36532955340229,-0.026295848190784454,-0.02461998462677002,9.803629864373615,0.05446363389492036,0.051489584947554,0.06310507506132126,-0.14910732209682465,-0.10986249893903732,0.0034176858607679605,0.0,1791183740736,-0.957,8.5990505,4.60995,-0.508229,8.488376,4.871258,-0.468824,0.103549,-0.282254,0.0044,-0.1098625,-0.108075,
36532965334738,-0.018655970692634583,-0.025619886070489883,9.743037577952222,0.03978748321533203,0.05116888356164271,0.045286981761455535,-0.16566810011863708,-0.13433749973773956,0.012035130523145199,0.0,1791183740736,-0.924,8.52705,4.62195,-0.513163,8.488738,4.870116,-0.411217,0.098398,-0.252381,-0.013612499,-0.1343375,-0.10065,
36532975329418,-0.06790035218000412,-0.0325599417090416,9.741693216683789,0.033779701590538024,0.0468365284986275,0.04609625488519668,-0.1760846972465515,-0.1545500010251999,0.01829087734222412,0.0,1791183740736,-0.86205006,8.532001,4.62195,-0.515663,8.488272,4.870661,-0.360833,0.046192,-0.255321,-0.0275,-0.15455,-0.0878625,
36532985324197,-0.08449430763721466,-0.04014868289232254,9.707152833246386,0.0263441801071167,0.04210135956489833,0.0551944836974144,-0.15916477143764496,-0.1438249945640564,0.02440626360476017,0.0,1791183740737,-0.78300005,8.48595,4.6480503,-0.516297,8.48721,4.872444,-0.281191,0.023311,-0.240345,-0.041249998,-0.143825,-0.073975,
36532995318959,-0.12153444439172745,-0.04735206589102745,9.687376311827602,0.007010966539382935,0.04307396939578634,0.06377618461847305,-0.1171565055847168,-0.10876250267028809,0.0285804383456707,0.0,1791183740737,-0.78300005,8.43795,4.69395,-0.516217,8.485506,4.875418,-0.247751,-0.025262,-0.226559,-0.051975,-0.1087625,-0.0517,
36533005313498,-0.07117988169193268,-0.05176375061273575,9.743540942297647,0.00566609352827073,0.040704867738286056,0.07275299131870269,-0.0677989199757576,-0.06407500058412552,0.02802603878080845,0.0,1791183740737,-0.70395005,8.43795,4.821,-0.516368,8.483319,4.87921,-0.242812,-0.027864,-0.120217,-0.053075,-0.064075,-0.0303875,
36533015308192,-0.029495175927877426,-0.05181708503514528,9.785370091450273,0.008395203202962873,0.040674945097456144,0.07492083236575127,-0.02509893849492073,-0.020487500354647636,0.019413670524954796,0.0,1791183740737,-0.59595,8.448,4.9020004,-0.516329,8.481316,4.882694,-0.12793,-0.035437,-0.011173,-0.0369875,-0.0204875,-0.0187,
36533025302945,-0.017447805032134056,-0.049935527984052895,9.752109011588844,0.009947827085852623,0.041345390133308874,0.06483032293617726,-0.004766819998621941,0.006187499966472387,0.008485994301736355,0.0,1791183740737,-0.58905005,8.40705,4.90695,-0.516787,8.480197,4.884587,-0.055645,-0.036713,0.022845,-0.014712499,0.0061875,-0.0218625,
36533035297481,-0.05339978262782097,-0.05022515123710036,9.757287781314522,0.020644618943333623,0.04134835460415952,0.05861141793429851,0.004151003435254097,0.02419999986886978,0.0011605547042563558,0.0,1791183740737,-0.591,8.40705,4.9170003,-0.519182,8.479846,4.884946,-0.067615,-0.074669,0.015304,0.0012375,0.0242,-0.03355,
36533045292255,-0.021790597587823868,-0.052636293414980176,9.78233412121055,0.024442426487803467,0.03808518329487774,0.0386626485735178,0.0012705009430646896,0.02956249937415123,8.724642684683204E-4,0.0,1791183740737,-0.69600004,8.41695,4.9360504,-0.523593,8.479615,4.884873,-0.120665,-0.055285,0.039319,0.0034375,0.0295625,-0.0484,
36533055286988,0.010587610304355621,-0.053733108658343555,9.828859068836183,0.022977831587195394,0.035868206348746545,0.02230915017426014,-0.020724566653370857,0.011549999937415123,0.006450633518397808,0.0,1791183740737,-0.78495,8.44095,4.9740005,-0.529591,8.478855,4.885545,-0.205647,-0.044948,0.076953,-0.0061875,0.01155,-0.0622875,
36533065281548,0.04616192355751991,-0.05145115731284022,9.882409007170947,0.03891852460801601,0.04041145991196439,0.007177730277180672,-0.05878223478794098,-0.02474999986588955,0.01423262245953083,0.0,1791183740737,-0.95505005,8.445001,5.043,-0.536197,8.47725,4.887612,-0.335511,-0.028978,0.106011,-0.020075,-0.02475,-0.0771375,
36533075276307,0.14244291186332703,-0.04236055007204413,10.00070976984722,0.07999489679932595,0.05850550239492156,0.024800413101911545,-0.08139026165008545,-0.05238749831914902,0.021654408425092697,0.0,1791183740737,-1.04595,8.448,5.2489505,-0.543014,8.474349,4.891886,-0.472346,-0.014105,0.257361,-0.034925,-0.0523875,-0.076175,
36533085270997,0.2601630687713623,-0.02526776706799865,10.14937761704763,0.15128916800022124,0.08734647734264323,0.0875129833817482,-0.08073659241199493,-0.06091250106692314,0.025694523006677628,0.0,1791183740737,-1.02705,8.532001,5.4,-0.54876,8.470145,4.89852,-0.514484,0.018828,0.430292,-0.04455,-0.0609125,-0.0611875,
36533095265536,0.3772013485431671,-0.0035958743654191496,10.252526590956066,0.2400643639266491,0.12333228484005675,0.1673113726079464,-0.07450823485851288,-0.06407500058412552,0.019300267100334167,0.0,1791183740737,-0.93600005,8.60295,5.49795,-0.551939,8.466049,4.905242,-0.437084,0.09475,0.540885,-0.033825,-0.064075,-0.042075,
36533105260298,0.43823930621147156,0.023668623808771373,10.217677594361993,0.32776254415512085,0.153926188017612,0.2528417117893696,-0.06352351605892181,-0.05555000156164169,0.008103199303150177,0.0,1791183740737,-0.94095004,8.58195,5.46495,-0.553719,8.462858,4.910545,-0.38742,0.133854,0.600226,-0.0125124995,-0.05555,-0.032449998,
36533115254996,0.3808441162109375,0.048098151478916405,10.143913285843292,0.3846084732562303,0.16914990464434798,0.3197781503200531,-0.05632326751947403,-0.05238749831914902,6.565789226442575E-5,0.0,1791183740737,-0.91905004,8.53905,5.3980503,-0.55483,8.460765,4.914021,-0.381521,0.116794,0.515347,0.0023375,-0.0523875,-0.0218625,
36533125249763,0.3376152515411377,0.06817161338403821,10.142510504847756,0.41742403618991375,0.17825007677184543,0.3588126182556152,-0.0528140626847744,-0.05555000156164169,-0.0022459717001765966,0.0,1791183740737,-0.87795,8.548051,5.3880005,-0.554448,8.459205,4.916753,-0.326837,0.096806,0.46952,0.0055,-0.05555,-0.009075,
36533135244297,0.3444055914878845,0.08734205113723874,10.173844799442069,0.4143237713724375,0.18613576517598707,0.37566112279891967,-0.04553209990262985,-0.05555000156164169,-0.004673746880143881,0.0,1791183740737,-0.84705,8.59395,5.379,-0.552426,8.457922,4.919188,-0.271398,0.112454,0.462296,0.0086624995,-0.05555,0.005775,
36533145238992,0.38396090269088745,0.11047139326110482,10.206691807486035,0.3993221838027239,0.1927003504533804,0.3770130336284637,-0.03885872662067413,-0.05238749831914902,-0.013220337219536304,0.0,1791183740737,-0.81105006,8.62005,5.40495,-0.549318,8.457502,4.920256,-0.274505,0.155969,0.466016,0.0246125,-0.0523875,0.0154,
36533155233759,0.42651277780532837,0.13311182456091047,10.223901902284682,0.3818454582244158,0.201692042123451,0.37466772794723513,-0.026355911046266556,-0.042762499302625656,-0.023948989808559418,0.0,1791183740738,-0.78495,8.644051,5.4030004,-0.54545,8.458081,4.919693,-0.256826,0.193697,0.488127,0.044825,-0.0427625,0.0259875,
36533165228308,0.4243890345096588,0.15526407482102514,10.190944306207461,0.35857629850506784,0.20803702827215986,0.3833767116069794,-0.009765192866325378,-0.027912499383091927,-0.034115999937057495,0.0,1791183740738,-0.72795004,8.661,5.32095,-0.541156,8.459847,4.917126,-0.203659,0.208691,0.464358,0.064075,-0.0279125,0.0356125,
36533175223068,0.3565036654472351,0.1764842757023871,10.170202544050763,0.2996414110064507,0.20582482545772127,0.3871543943881989,-0.0047725290060043335,-0.025712499395012856,-0.04033462703227997,0.0,1791183740738,-0.73005,8.68995,5.2330503,-0.536036,8.462659,4.912849,-0.1585,0.18912,0.368079,0.0757625,-0.0257125,0.0430375,
36533185217763,0.3426194190979004,0.19783996203914284,10.138233558027393,0.21948578730225562,0.19970565009844524,0.386797159910202,-0.011287093162536621,-0.035337500274181366,-0.04366275295615196,0.0,1791183740738,-0.74205005,8.72295,5.1130505,-0.530373,8.466372,4.907059,-0.204865,0.230896,0.263735,0.0820875,-0.0353375,0.0473,
36533195212274,0.30612191557884216,0.21922278003767132,10.091746893538648,0.11838765069842339,0.1868458462868511,0.371229362487793,-0.011884506791830063,-0.03959999978542328,-0.04015452042222023,0.0,1791183740738,-0.771,8.72805,5.0070004,-0.524152,8.470345,4.900869,-0.218268,0.241289,0.171763,0.0746625,-0.0396,0.0526625,
36533205206987,0.2978508174419403,0.23767431499436498,10.060312731332498,0.025718820095062267,0.17510952072549318,0.34549697041511535,-0.014701366424560547,-0.048124998807907104,-0.03249979391694069,0.0,1791183740738,-0.83295006,8.73495,4.92105,-0.517549,8.474123,4.895035,-0.277544,0.283,0.077041,0.0587125,-0.048125,0.0600875,
36533215201754,0.2403542697429657,0.25116678727790714,10.041952188819767,0.05012260079383851,0.16405084487523977,0.3086900174617767,-0.018554069101810455,-0.06187500059604645,-0.022513754665851593,0.0,1791183740738,-0.84705,8.72595,4.8970504,-0.510049,8.477209,4.89048,-0.349688,0.251184,0.009769,0.0374,-0.061875,0.073975,
36533225196518,0.236956387758255,0.26388699691742656,10.018695332013845,0.09088056087493895,0.1521620280610034,0.2847805619239807,-0.023079395294189453,-0.07686249911785126,-0.013108378276228905,0.0,1791183740738,-0.82305,8.6970005,4.905,-0.500447,8.4793,4.887851,-0.332954,0.244305,0.017188,0.0171875,-0.0768625,0.088825,
36533235191047,0.20696359872817993,0.27690516598522663,10.004418590493042,0.11936363577842712,0.13458186615261586,0.2576493978500366,-0.03000352531671524,-0.09391249716281891,-0.004711301531642675,0.0,1791183740738,-0.75900006,8.653951,4.9620004,-0.488769,8.480366,4.88718,-0.318295,0.195355,0.044195,-8.25E-4,-0.0939125,0.1027125,
36533245185727,0.20307695865631104,0.2881485437974334,9.985185785786161,0.13762732148170473,0.11746249360344034,0.2370404064655304,-0.032629191875457764,-0.10449999570846558,-0.003536418778821826,0.0,1791183740738,-0.61995006,8.61795,5.00505,-0.47462,8.480878,4.887686,-0.207946,0.166112,0.098755,-0.004125,-0.104499996,0.1155,
36533255180479,0.1526528000831604,0.2952518032863736,9.922347303558228,0.17537590861320498,0.1039852506191518,0.2080008029937744,-0.031580954790115356,-0.10670000314712524,-0.0057695237919688225,0.0,1791183740738,-0.54795,8.566951,4.9759502,-0.458602,8.481347,4.888401,-0.132984,0.105789,0.110011,1.375E-4,-0.1067,0.121825,
36533265175015,0.08318924903869629,0.2971031695604324,9.830046576356052,0.21058659553527834,0.0997784682473268,0.17656779885292054,-0.025086872279644012,-0.10243749618530273,-0.009617200121283531,0.0,1791183740738,-0.483,8.493,4.926,-0.441731,8.482238,4.888406,-0.082817,0.054619,0.064516,0.0077,-0.102437496,0.12815,
36533275169784,0.024258457124233246,0.29119394682347777,9.782465939934548,0.2527689471840858,0.11156632960755104,0.13402821272611617,-0.007668018341064453,-0.08635000139474869,-0.012873752042651176,0.0,1791183740738,-0.44295,8.44995,4.9090505,-0.4245,8.483409,4.887902,-0.056953,-0.004012,0.050654,0.014025,-0.08635,0.1357125,
36533285164465,-0.040800221264362335,0.2761457823216915,9.755787396556048,0.2867539137601852,0.13297916851827013,0.08447544872760773,0.013429652899503708,-0.06407500058412552,-0.016519885510206223,0.0,1791183740738,-0.44295,8.41905,4.9090505,-0.407742,8.484883,4.88677,-0.037797,-0.067735,0.032633,0.02145,-0.064075,0.139975,
36533295159006,-0.06826429069042206,0.2538725003600121,9.712585939370301,0.3152897715568542,0.1503584507663581,0.03020719885826111,0.026241280138492584,-0.05128749832510948,-0.021250739693641663,0.0,1791183740738,-0.38805002,8.37405,4.905,-0.391424,8.48671,4.88493,-0.037356,-0.093503,0.022502,0.031075,-0.0512875,0.1442375,
36533305153775,-0.11090406030416489,0.22641533203423023,9.661018196399072,0.33119419068098066,0.16372937619711017,0.02250417321920395,0.03179873153567314,-0.04386249929666519,-0.02520584873855114,0.0,1791183740738,-0.29205,8.365951,4.8229504,-0.375035,8.489012,4.882216,0.015686,-0.110171,-0.02985,0.0396,-0.0438625,0.1431375,
36533315148467,-0.1393934041261673,0.200403456017375,9.641441049795716,0.3518012657761574,0.17784566353843753,0.06702070385217666,0.025031831115484238,-0.04592499881982803,-0.02719724550843239,0.0,1791183740739,-0.20595,8.3539505,4.809,-0.358374,8.491779,4.878652,0.111553,-0.127304,-0.050227,0.044825,-0.045925,0.1335125,
36533325143230,-0.1700182855129242,0.1750217791646719,9.611526523997442,0.3635254502296448,0.19210442474848502,0.10587605237960815,0.007844135165214539,-0.05238749831914902,-0.02567116729915142,0.0,1791183740739,-0.201,8.34195,4.7700005,-0.342753,8.494551,4.87495,0.134238,-0.142046,-0.084832,0.0438625,-0.0523875,0.1101375,
36533335137773,-0.21738889813423157,0.1469320546835661,9.54883962037601,0.3782341942191124,0.20586364558992404,0.141193787753582,-0.014963753521442413,-0.06833750009536743,-0.024339664727449417,0.0,1791183740739,-0.23205002,8.28495,4.74195,-0.328574,8.497272,4.871185,0.076964,-0.18068,-0.116981,0.0427625,-0.0683375,0.0919875,
36533345132544,-0.22831173241138458,0.11631842292845249,9.58267959867485,0.3812040790915489,0.2137145464740767,0.1732032760977745,-0.029042884707450867,-0.07796250283718109,-0.022796984761953354,0.0,1791183740739,-0.26805001,8.316,4.75395,-0.315048,8.499825,4.867619,0.082592,-0.185627,-0.130174,0.0407,-0.0779625,0.0803,
36533355127249,-0.22895608842372894,0.08354497961699962,9.620758402344402,0.37338148057460785,0.21389134229260331,0.1968136817216873,-0.02513740584254265,-0.07039999961853027,-0.023546060547232628,0.0,1791183740739,-0.33495003,8.32995,4.8019505,-0.303035,8.502278,4.8641,-0.001247,-0.202446,-0.107501,0.0427625,-0.0704,0.075075,
36533365121803,-0.1493820995092392,0.05485642291605473,9.65660008795615,0.33283963352441787,0.20452503696095212,0.1988114207983017,-0.005587711930274963,-0.04702499881386757,-0.026554493233561516,0.0,1791183740739,-0.36405003,8.3539505,4.8300004,-0.292684,8.50478,4.860356,-0.042722,-0.149881,-0.041508,0.0490875,-0.047025,0.073975,
36533375116593,-0.16624872386455536,0.0287188034504652,9.618304078784915,0.28253295719623567,0.1975908321326204,0.19805750846862794,0.01656603068113327,-0.023649999871850014,-0.030814137309789658,0.0,1791183740739,-0.41400003,8.347051,4.761,-0.283983,8.507622,4.855899,-0.137615,-0.169483,-0.046628,0.0576125,-0.02365,0.0782375,
36533385111280,-0.18648849427700043,0.0022634077817201615,9.595170735641924,0.2220846265554428,0.18902718906929097,0.1918774276971817,0.022602321580052376,-0.021449999883770943,-0.03258414939045906,0.0,1791183740739,-0.36795002,8.368951,4.6789503,-0.275206,8.511072,4.850353,-0.124844,-0.139414,-0.139244,0.0609125,-0.02145,0.0867625,
36533395106037,-0.21940204501152039,-0.024012790247797965,9.545612283717553,0.16759131699800492,0.18133151583389456,0.19009549021720887,0.022062217816710472,-0.023649999871850014,-0.026199977844953537,0.0,1791183740739,-0.31095,8.35005,4.6150503,-0.265617,8.514415,4.845015,-0.069789,-0.140362,-0.200944,0.048125,-0.02365,0.088825,
36533405100576,-0.26243287324905396,-0.052026974782347676,9.533013049415871,0.12977014333009718,0.17250716449077053,0.19679084718227385,0.009295513853430748,-0.03423750028014183,-0.01377924345433712,0.0,1791183740739,-0.35895002,8.359051,4.5690002,-0.255833,8.516914,4.84115,-0.065208,-0.152439,-0.26651,0.02365,-0.0342375,0.0803,
36533415095275,-0.2564096450805664,-0.07686517052352429,9.557120239459435,0.11232030391693115,0.1641830077120398,0.2181963562965393,-0.0017678327858448029,-0.04496249929070473,0.00272758724167943,0.0,1791183740739,-0.36405003,8.34,4.6530004,-0.246721,8.5179,4.839886,-0.129387,-0.163002,-0.238911,-0.00935,-0.0449625,0.075075,
36533425090028,-0.19533671438694,-0.09847982563078403,9.611913503655092,0.08282016664743425,0.14921944752315225,0.22401395440101624,-0.00955398753285408,-0.05348749831318855,0.017054304480552673,0.0,1791183740739,-0.36795002,8.316,4.806,-0.237332,8.516846,4.842213,-0.129199,-0.171524,-0.099979,-0.0380875,-0.0534875,0.072875,
36533435084573,-0.15200266242027283,-0.11642813868820667,9.673439882105807,0.043913511931896215,0.13199527266611005,0.21711678802967072,-0.017413396388292313,-0.059812501072883606,0.023048587143421173,0.0,1791183740739,-0.35595003,8.292001,4.9690504,-0.228072,8.514212,4.847291,-0.128882,-0.207197,0.050564,-0.049775,-0.0598125,0.0675125,
36533445079338,-0.07997877150774002,-0.13058092519640924,9.721543976790315,0.007581548392772669,0.11038434262697912,0.18923213332891464,-0.023936521261930466,-0.06297499686479568,0.020719939842820168,0.0,1791183740739,-0.34905002,8.26095,5.1130505,-0.21914,8.510913,4.853491,-0.125844,-0.213475,0.20717,-0.04455,-0.062975,0.0600875,
36533455074028,-0.07321283221244812,-0.14187420681118965,9.734297854274818,0.04742329567670822,0.09061265162990907,0.15138812512159347,-0.03282470256090164,-0.06613750010728836,0.012593298219144344,0.0,1791183740739,-0.37095,8.24205,5.1660004,-0.211125,8.507757,4.859374,-0.155406,-0.251021,0.285084,-0.0275,-0.0661375,0.0484,
36533465068798,-0.08713237941265106,-0.15039028823375702,9.714506313511668,0.08052483648061753,0.07586359085885244,0.1175326719880104,-0.025222599506378174,-0.05444999784231186,0.0021507153287529945,0.0,1791183740740,-0.36405003,8.24895,5.118,-0.204305,8.505415,4.863761,-0.174197,-0.267832,0.285486,-0.0061875,-0.054449998,0.0441375,
36533475063340,-0.11600452661514282,-0.15740343742072582,9.675887565009527,0.09021119326353072,0.06511612683375201,0.10166623443365097,-0.008993661031126976,-0.03423750028014183,-0.005153903272002935,0.0,1791183740740,-0.36600003,8.23005,5.07495,-0.198576,8.504175,4.866167,-0.163166,-0.266592,0.225619,0.0086624995,-0.0342375,0.042075,
36533485058039,-0.16554078459739685,-0.16364046558737755,9.63233714929356,0.0857216313481331,0.05936922412774969,0.10437385886907577,-1.7186440527439117E-4,-0.021449999883770943,-0.009285759180784225,0.0,1791183740740,-0.39705002,8.194051,5.0479503,-0.194121,8.503513,4.867505,-0.186775,-0.304238,0.190762,0.0171875,-0.02145,0.0378125,
36533495052797,-0.16055864095687866,-0.16825518310070037,9.649943830297904,0.07630101442337035,0.055218233411230506,0.1204898327589035,-0.00874559860676527,-0.025712499395012856,-0.011750343255698681,0.0,1791183740740,-0.37800002,8.223001,5.03595,-0.190579,8.503106,4.868356,-0.204683,-0.294254,0.182729,0.02255,-0.0257125,0.0281875,
36533505047342,-0.18087394535541534,-0.1717536773532629,9.634735318260178,0.07617430090904234,0.05366859354187332,0.14202205538749696,-0.026109512895345688,-0.0364375002682209,-0.01512491051107645,0.0,1791183740740,-0.28695002,8.235001,4.99305,-0.1874,8.503139,4.868417,-0.143218,-0.303864,0.161119,0.029975,-0.0364375,0.0122375,
36533515042126,-0.1826069951057434,-0.17391435690224172,9.612898698905157,0.06289697587490081,0.05319003438422119,0.16111697852611542,-0.051714759320020676,-0.05238749831914902,-0.018911276012659073,0.0,1791183740740,-0.22500001,8.26605,4.9020004,-0.184312,8.503963,4.867099,-0.031384,-0.252015,0.071458,0.0385,-0.0523875,-0.0111375,
36533525036802,-0.2181062400341034,-0.17631875462830066,9.585704529384966,0.03557946681976318,0.054039668647143164,0.18153732120990754,-0.07528612017631531,-0.06187500059604645,-0.017780175432562828,0.0,1791183740740,-0.28005,8.25405,4.866,-0.183165,8.505167,4.865037,-0.075626,-0.248431,-0.007882,0.0374,-0.061875,-0.042075,
36533535031557,-0.1899394541978836,-0.17494628243148327,9.644037896307127,0.0028150781989097484,0.05332298234364189,0.1864170551300049,-0.07634157687425613,-0.05238749831914902,-0.012153863906860352,0.0,1791183740740,-0.37605003,8.295,4.905,-0.184631,8.505964,4.863589,-0.11965,-0.230074,0.015113,0.0268125,-0.0523875,-0.0611875,
36533545026095,-0.09439979493618011,-0.16825068555772305,9.77562187013321,0.021797160804271715,0.05459398042218684,0.17318528592586518,-0.06844385713338852,-0.03849999979138374,-0.009846524335443974,0.0,1791183740740,-0.51195,8.400001,4.9740005,-0.188787,8.506309,4.862828,-0.263935,-0.163381,0.085305,0.02255,-0.0385,-0.0697125,
36533555020847,0.010810889303684235,-0.1562623366713524,9.831326481425696,0.017315647006034857,0.06523555220930487,0.13484831899404526,-0.05520683526992798,-0.023649999871850014,-0.014596100896596909,0.0,1791183740740,-0.63705003,8.44095,4.9999504,-0.195001,8.506881,4.861578,-0.375037,-0.082551,0.151199,0.032175,-0.02365,-0.0686125,
36533565015528,0.013128535822033882,-0.14813680490478873,9.837693863006114,0.005965021625161174,0.07497966061937525,0.0957012128084898,-0.04561919718980789,-0.01718750037252903,-0.020507708191871643,0.0,1791183740740,-0.75405,8.496,4.9020004,-0.202223,8.508203,4.858971,-0.482736,-0.04317,0.08198,0.0438625,-0.0171875,-0.0600875,
36533575010053,-0.0070509836077690125,-0.14017691789194942,9.77431694938156,0.050883697345852845,0.08085448703363342,0.053490161523222925,-0.03580246865749359,-0.016224998980760574,-0.019268885254859924,0.0,1791183740740,-0.70095,8.493,4.78695,-0.208726,8.51005,4.85546,-0.50257,-0.018681,-0.003094,0.0407,-0.016224999,-0.042075,
36533585004833,-0.04424763843417168,-0.13306487509980797,9.755394742357678,0.09613803438842297,0.08270278198643467,0.024351798370480536,-0.022340379655361176,-0.010862499475479126,-0.011164519935846329,0.0,1791183740740,-0.65295005,8.521951,4.70295,-0.213508,8.51177,4.852234,-0.46427,-0.001248,-0.107606,0.02365,-0.0108624995,-0.025024999,
36533594999602,-0.04876973107457161,-0.12453325940296053,9.76995635785542,0.1267962697893381,0.08215558350952552,0.015225785598158837,-0.020558442920446396,-0.012924999929964542,-0.001287409570068121,0.0,1791183740740,-0.56205004,8.529,4.7320504,-0.216894,8.51285,4.850191,-0.379481,0.021614,-0.153447,0.0034375,-0.012925,-0.0187,
36533604994306,-0.027276363223791122,-0.11277543390169739,9.787497494410115,0.13827374242246152,0.078316176228463,0.022843236103653908,-0.027445413172245026,-0.018287500366568565,0.006729050539433956,0.0,1791183740740,-0.59805006,8.512051,4.794,-0.219818,8.512887,4.849994,-0.36698,0.009605,-0.088607,-0.0125124995,-0.0182875,-0.023924999,
36533614988831,-0.002413698937743902,-0.10007563659455627,9.852421022330876,0.15558563815429807,0.0744955361318321,0.025951683055609465,-0.03735481947660446,-0.02681249938905239,0.010059433989226818,0.0,1791183740740,-0.59805006,8.55795,4.8450003,-0.223045,8.512161,4.851121,-0.3853,-0.004034,-0.015513,-0.018975,-0.0268125,-0.0292875,
36533624983611,0.059263329952955246,-0.08734563437756152,9.835309796254963,0.1737282347865403,0.07876067301031353,0.012688820343464613,-0.04325532913208008,-0.03423750028014183,0.010044603608548641,0.0,1791183740741,-0.57900006,8.548051,4.8300004,-0.225709,8.511342,4.852434,-0.361088,0.061429,-0.004856,-0.018975,-0.0342375,-0.0281875,
36533634978301,-0.01278638280928135,-0.08038482039701193,9.775110821415689,0.16678871670737863,0.07889054580696615,0.006396569218486548,-0.046096812933683395,-0.03739999979734421,0.007942183874547482,0.0,1791183740741,-0.61695004,8.509951,4.7700005,-0.228131,8.510832,4.853218,-0.370637,0.014055,-0.067889,-0.014712499,-0.0374,-0.0281875,
36533644972790,-0.05346021056175232,-0.07905889234971256,9.76748162643456,0.12751365387812258,0.07910877713306175,0.00733466511592269,-0.03304702788591385,-0.029012499377131462,0.007129504811018705,0.0,1791183740741,-0.64395005,8.532001,4.71105,-0.230372,8.510621,4.853482,-0.413887,-0.002493,-0.123219,-0.013612499,-0.0290125,-0.0165,
36533654967568,-0.042261481285095215,-0.07751132480334491,9.78082560681937,0.08536952408030629,0.07950973089046623,0.010331688728183509,-0.0011332998983561993,-0.004537499975413084,0.008738638833165169,0.0,1791183740741,-0.66105,8.541,4.7200503,-0.232318,8.510545,4.853522,-0.4287,0.026312,-0.15199,-0.017875,-0.0045375,0.0048125,
36533664962270,-0.031705453991889954,-0.07473997853230685,9.760967130254565,0.0373001217842102,0.08008993445852221,0.01619003973901272,0.03602251037955284,0.02419999986886978,0.009721826761960983,0.0,1791183740741,-0.62700003,8.517,4.72695,-0.233538,8.510303,4.853887,-0.408326,0.02416,-0.126019,-0.0210375,0.0242,0.0292875,
36533674957038,-0.0737251341342926,-0.07262600890826434,9.709176572922791,0.018435934185981752,0.07952887578126944,0.04278773255646229,0.05848238617181778,0.03918749839067459,0.008790374733507633,0.0,1791183740741,-0.54105,8.479051,4.6990504,-0.23359,8.510028,4.854368,-0.37715,-0.016265,-0.138471,-0.020075,0.0391875,0.0484,
36533684951578,-0.10583683848381042,-0.06964081160258502,9.682546086570035,0.04617203809320927,0.07706763823464072,0.061397823691368106,0.059827759861946106,0.03698749840259552,0.011239176616072655,0.0,1791183740741,-0.39495003,8.464951,4.68405,-0.231879,8.509666,4.855079,-0.254362,-0.039846,-0.155941,-0.0253,0.0369875,0.054725,
36533694946342,-0.13219918310642242,-0.06822283871006221,9.664536907006699,0.054302382096648213,0.07562926102691545,0.07714561820030212,0.04762998968362808,0.027499999850988388,0.015680594369769096,0.0,1791183740741,-0.354,8.42895,4.71495,-0.228802,8.508926,4.856525,-0.137729,-0.070231,-0.150205,-0.033825,0.0275,0.0463375,
36533704941033,-0.14811524748802185,-0.06658490381669253,9.663984300214288,0.07236468838527799,0.07349645263792319,0.09831637144088745,0.03184019401669502,0.015812499448657036,0.02074887603521347,0.0,1791183740741,-0.34395,8.400001,4.76595,-0.225728,8.507519,4.859136,-0.097708,-0.092765,-0.140845,-0.043449998,0.0158125,0.0345125,
36533714935811,-0.08162736892700195,-0.061535922507755456,9.706526045478453,0.09561193408444524,0.068662171845755,0.10830075442790985,0.01401463057845831,0.0030249999836087227,0.023201847448945045,0.0,1791183740741,-0.32805002,8.424001,4.8109503,-0.223246,8.505526,4.862735,-0.114555,-0.059647,-0.065435,-0.0477125,0.003025,0.0207625,
36533724930595,-0.09490928053855896,-0.055376074532978235,9.716938888379008,0.10614101449027658,0.0592159264919596,0.11253758370876313,-6.910394877195358E-4,-0.007699999958276749,0.021895375102758408,0.0,1791183740741,-0.402,8.46,4.7629504,-0.221298,8.503509,4.866351,-0.121291,-0.07439,-0.066657,-0.04455,-0.0077,0.0100375,
36533734925073,-0.14045506715774536,-0.052901855180971326,9.596673817861515,0.11212656432762742,0.054377943882235054,0.11946122944355012,-0.007691245526075363,-0.018287500366568565,0.023386184126138687,0.0,1791183740741,-0.38295,8.40705,4.61205,-0.219525,8.501899,4.869244,-0.190101,-0.058415,-0.18926,-0.0477125,-0.0182875,0.0143,
36533744919831,-0.2419453263282776,-0.0602791317505762,9.54140098161329,0.1310787693597376,0.06784765523030135,0.14141045808792113,0.0019647590816020966,-0.016224998980760574,0.032580748200416565,0.0,1791183740741,-0.36105,8.326051,4.6459503,-0.216289,8.499935,4.872815,-0.147848,-0.137854,-0.252686,-0.066825,-0.016224999,0.0292875,
36533754914386,-0.23676073551177979,-0.0726577129913494,9.57238548718655,0.14294951595366,0.07585956311070463,0.15913955569267274,0.02340966835618019,0.0019249999895691872,0.04246539622545242,0.0,1791183740741,-0.34395,8.307,4.74405,-0.21272,8.496561,4.878852,-0.144234,-0.167999,-0.189291,-0.087037496,0.001925,0.039875,
36533764909155,-0.16577941179275513,-0.08160311037208885,9.67746909330601,0.13318223170936108,0.07576458074956292,0.17596996426582337,0.03827973082661629,0.0147124994546175,0.0445154532790184,0.0,1791183740742,-0.32805002,8.356951,4.8690004,-0.208874,8.492301,4.886432,-0.112167,-0.156556,-0.06519,-0.091299996,0.014712499,0.0473,
36533774903837,-0.09125621616840363,-0.08581337200012058,9.740881421347726,0.1138415277004242,0.07381939809766905,0.1752393513917923,0.0492371991276741,0.025299999862909317,0.03654663637280464,0.0,1791183740742,-0.30600002,8.39505,4.93095,-0.205011,8.488303,4.893536,-0.108847,-0.111857,0.006713,-0.07535,0.0253,0.0515625,
36533784898614,-0.06078718602657318,-0.08664034937974066,9.716599133295704,0.08216015696525573,0.0734407899793507,0.15930577516555786,0.07127448916435242,0.04867500066757202,0.02854781039059162,0.0,1791183740742,-0.33,8.365951,4.93095,-0.20159,8.485021,4.899365,-0.100298,-0.096603,0.041586,-0.0594,0.048675,0.055825,
36533794893148,-0.09657281637191772,-0.08903050364460796,9.708192606930956,0.03191490173339845,0.07294559824874959,0.1302312731742859,0.08405199646949768,0.06366249918937683,0.0237724632024765,0.0,1791183740742,-0.333,8.368951,4.9090505,-0.19949,8.482277,4.904203,-0.164647,-0.129773,0.024777,-0.049775,0.0636625,0.055825,
36533804887919,-0.08564382791519165,-0.091948876879178,9.718604146410156,0.008292862772941584,0.07157121060315269,0.10000789165496826,0.07940797507762909,0.05829999968409538,0.02380966581404209,0.0,1791183740742,-0.21795002,8.38305,4.9120502,-0.196934,8.479756,4.90866,-0.097771,-0.10331,0.003561,-0.049775,0.0583,0.055825,
36533814882599,-0.10969025641679764,-0.09731270475313067,9.653508037144974,0.02374752312898637,0.06861907869305828,0.08879006057977676,0.0570736825466156,0.03918749839067459,0.02573719248175621,0.0,1791183740742,-0.14805001,8.35005,4.842,-0.193449,8.477265,4.913102,-0.005488,-0.105607,-0.036793,-0.053075,0.0391875,0.0441375,
36533824877446,-0.18463186919689178,-0.10950746471062303,9.582028824282165,0.011996038258075714,0.060953218799395865,0.1074651911854744,0.03081229329109192,0.017875000834465027,0.030850984156131744,0.0,1791183740742,-0.10695001,8.2900505,4.8040504,-0.18946,8.474534,4.917962,0.064742,-0.153154,-0.101509,-0.0625625,0.017875,0.0281875,
36533834872225,-0.22211284935474396,-0.11997378803789616,9.57627014866885,0.0016801342368125693,0.061416619952177606,0.13973032385110856,0.006785414181649685,-2.749999985098839E-4,0.037647753953933716,0.0,1791183740742,-0.036000002,8.280001,4.8109503,-0.185624,8.471176,4.923894,0.101608,-0.188103,-0.114623,-0.07535,-2.75E-4,0.0111375,
36533844866763,-0.19062340259552002,-0.12683194763958455,9.628110760079739,5.99114596843725E-4,0.06126444691377931,0.15854044109582902,-0.008078008890151978,-0.00976249948143959,0.04543597623705864,0.0,1791183740742,0.033,8.28495,4.905,-0.181567,8.466988,4.931245,0.193319,-0.171944,-0.076484,-0.0902,-0.0097624995,-0.0026125,
36533854861441,-0.1438533067703247,-0.13191153891384602,9.689459365589519,0.005787627398967737,0.05817566804515287,0.17018233686685563,-0.009048930369317532,-0.0034374999813735485,0.04685622826218605,0.0,1791183740742,0.006,8.259001,5.0670004,-0.178384,8.462025,4.939869,0.202107,-0.190923,0.048966,-0.0924,-0.0034375,-0.0154,
36533864856225,-0.08968930691480637,-0.13481073155999185,9.756692807952437,0.009057204425334947,0.054434142828560066,0.16618214696645736,0.00758435670286417,0.01993750035762787,0.04004308953881264,0.0,1791183740742,-0.072000004,8.247001,5.21295,-0.17722,8.456793,4.948866,0.150665,-0.209633,0.186016,-0.0785125,0.0199375,-0.0218625,
36533874850766,0.031826913356781006,-0.12953312918543816,9.892871867507898,0.03641538470983505,0.06431994669761376,0.12289039045572281,0.03493485972285271,0.052937500178813934,0.025106681510806084,0.0,1791183740742,-0.12705001,8.316,5.3569503,-0.178874,8.452297,4.956478,0.042186,-0.152465,0.32445,-0.0488125,0.0529375,-0.0229625,
36533884845463,0.11882255226373672,-0.1183001596480608,9.934776503868003,0.07552796304225923,0.08406442442739752,0.05470331013202667,0.07079504430294037,0.09350000321865082,0.004055713303387165,0.0,1791183740742,-0.19395001,8.34,5.39505,-0.18258,8.449347,4.961374,0.014767,-0.11839,0.43687,-0.0072875,0.0935,-0.0196625,
36533894840231,0.13822811841964722,-0.10477879457175732,9.968123337534292,0.11107488572597504,0.1008200320895967,0.011066994071006775,0.09261365234851837,0.11797499656677246,-0.019178112968802452,0.0,1791183740743,-0.19605,8.39505,5.3710504,-0.188075,8.448678,4.962305,-0.039592,-0.093779,0.43115,0.0385,0.117975,-0.0165,
36533904834756,0.1637641191482544,-0.0891848262399435,9.934062658264711,0.16138053983449935,0.11590241343521367,0.07259047925472259,0.09635742753744125,0.12636250257492065,-0.03894805908203125,0.0,1791183740743,-0.201,8.436001,5.24205,-0.194089,8.450482,4.959001,0.011911,-0.014181,0.348263,0.077825,0.1263625,-0.0218625,
36533914829525,0.0987861230969429,-0.08016415163874627,9.862088276235328,0.21775075644254685,0.12294630942620922,0.11028556525707245,0.07855600118637085,0.11371249705553055,-0.04938625544309616,0.0,1791183740743,-0.25605002,8.505,4.986,-0.200927,8.454317,4.952187,-0.017163,0.015502,0.168329,0.0991375,0.1137125,-0.034649998,
36533924824284,0.0502157025039196,-0.07290790248662234,9.802585206465569,0.25369364693760876,0.1261039897337393,0.11396332308650017,0.0438651517033577,0.08071249723434448,-0.04366195574402809,0.0,1791183740743,-0.21495001,8.54595,4.7970004,-0.207671,8.459293,4.943406,-0.027179,0.096717,-0.067097,0.08855,0.0807125,-0.0474375,
36533934818979,-0.03040962666273117,-0.06740563046187162,9.717739847252926,0.2426573283970356,0.12543570236968998,0.08411688730120659,0.011463997885584831,0.047712501138448715,-0.023485690355300903,0.0,1791183740743,-0.31095,8.524051,4.656,-0.213326,8.463386,4.936152,-0.016735,0.099808,-0.232225,0.0490875,0.0477125,-0.056925,
36533944813508,-0.07009369134902954,-0.058813048712909224,9.764986809835454,0.21263486221432687,0.11890096290516168,0.04245252534747124,-0.018166806548833847,0.01251249946653843,0.006557119078934193,0.0,1791183740743,-0.38505003,8.553,4.69605,-0.219027,8.465029,4.933085,-0.181022,0.074223,-0.274649,-0.01045,0.0125124995,-0.058025,
36533954808299,0.02325834333896637,-0.04581209477037192,9.880841576380945,0.180533517152071,0.11279153728969137,0.014351370185613633,-0.03759032487869263,-0.018287500366568565,0.03526151552796364,0.0,1791183740743,-0.29700002,8.56995,4.9090505,-0.222303,8.463382,4.935766,-0.125074,0.097417,-0.126495,-0.067925,-0.0182875,-0.0463375,
36533964803058,0.11209136247634888,-0.031918556056916715,9.986034580629958,0.13990280851721765,0.11426271351160651,0.017012418061494828,-0.048735350370407104,-0.03849999979138374,0.05546977370977402,0.0,1791183740743,-0.25395,8.541,5.16795,-0.222574,8.458592,4.943954,-0.052977,0.085448,0.073612,-0.10835,-0.0385,-0.0356125,
36533974797754,0.22570273280143738,-0.016070608608424665,10.075277787596626,0.10681313425302505,0.12628221881556387,0.052109824120998384,-0.06163564324378967,-0.05555000156164169,0.06087677553296089,0.0,1791183740743,-0.060000002,8.524051,5.3710504,-0.220943,8.451739,4.955736,0.014823,0.058782,0.34674,-0.1189375,-0.05555,-0.032449998,
36533984792537,0.28542470932006836,0.0012399861589074135,10.04081092551126,0.1042096972465515,0.1417481386813374,0.11527669131755829,-0.07007578015327454,-0.05238749831914902,0.05396082252264023,0.0,1791183740743,-0.049950004,8.464951,5.4,-0.218409,8.444785,4.967684,0.230161,0.082495,0.432954,-0.1040875,-0.0523875,-0.0537625,
36533994787076,0.19776293635368347,0.015956773795187472,10.062871194845696,0.0962575376033783,0.14604330611845415,0.16884801685810089,-0.07883702218532562,-0.04922499880194664,0.03995580971240997,0.0,1791183740743,-0.30105,8.365951,5.58405,-0.219277,8.438589,4.978164,0.013157,-0.057354,0.487117,-0.07535,-0.049225,-0.075075,
36534004781838,0.33898431062698364,0.03718818072229624,10.237840466416229,0.12170764505863191,0.15993461159514327,0.23199321031570436,-0.08628232777118683,-0.05664999783039093,0.016743484884500504,0.0,1791183740743,-0.36105,8.44995,5.769,-0.222026,8.433511,4.98664,-0.146899,-0.033123,0.715667,-0.0295625,-0.056649998,-0.075075,
36534014776528,0.4332018196582794,0.0643327845260501,10.232736104786188,0.18225197866559026,0.17777774556105552,0.29621530175209043,-0.08207271993160248,-0.050187498331069946,-0.0129814762622118,0.0,1791183740743,-0.333,8.505,5.6800504,-0.225004,8.430946,4.990845,-0.10322,0.04845,0.764134,0.028875,-0.0501875,-0.075075,
36534024771047,0.3928068280220032,0.09320471938699484,10.140545246299233,0.24551923349499705,0.18184314151629863,0.32963612079620364,-0.08641907572746277,-0.05348749831318855,-0.04605855047702789,0.0,1791183740743,-0.27,8.553,5.4409504,-0.22768,8.432362,4.988335,-0.086178,0.10689,0.58708,0.0939125,-0.0534875,-0.075075,
36534034765803,0.27299490571022034,0.11796010714024305,9.983129628354959,0.2846976347267628,0.17058448344075697,0.32715016007423403,-0.088260218501091,-0.05128749832510948,-0.06797823309898376,0.0,1791183740744,-0.22695,8.56005,5.1319504,-0.230274,8.437387,4.979704,-0.028518,0.125806,0.322772,0.1375,-0.0512875,-0.0804375,
36534044760567,0.10242986679077148,0.13261277060955762,9.862595286932857,0.293732175976038,0.15535519218303723,0.3080835461616516,-0.08639024198055267,-0.04702499881386757,-0.07258345186710358,0.0,1791183740744,-0.22500001,8.62005,4.78695,-0.232866,8.44474,4.967105,0.019563,0.137607,-0.030941,0.147125,-0.047025,-0.0836,
36534054755257,0.012062042951583862,0.14040853809565307,9.752254991256002,0.22568667456507682,0.14484271140579894,0.24269909262657166,-0.0842096358537674,-0.04386249929666519,-0.06256838142871857,0.0,1791183740744,-0.26805001,8.62005,4.5529504,-0.236076,8.452805,4.953221,-0.010745,0.182215,-0.287602,0.127875,-0.0438625,-0.0856625,
36534064750022,-0.07922884821891785,0.1409315610304475,9.742797418750683,0.08810313493013383,0.1440274822866288,0.1402129590511322,-0.08630384504795074,-0.04922499880194664,-0.043664466589689255,0.0,1791183740744,-0.41400003,8.635051,4.4929504,-0.239748,8.460012,4.94072,-0.117206,0.160642,-0.437907,0.0906125,-0.049225,-0.082499996,
36534074744570,-0.05520494282245636,0.1365799682214856,9.78559963093002,0.06466608643531799,0.14850341576486523,0.0506106048822403,-0.08812452107667923,-0.05871250107884407,-0.02291419543325901,0.0,1791183740744,-0.51000005,8.6320505,4.5810003,-0.243666,8.465198,4.931637,-0.254546,0.167428,-0.40967,0.0490875,-0.0587125,-0.0719125,
36534084739265,-0.001607164740562439,0.13055848237127066,9.817559078035732,0.17315782606601715,0.15151245525278373,0.00430980920791626,-0.09297405183315277,-0.07150000333786011,-0.007100745104253292,0.0,1791183740744,-0.52395004,8.61495,4.6789503,-0.246546,8.468152,4.926419,-0.263637,0.164473,-0.299108,0.0171875,-0.0715,-0.0611875,
36534094734041,0.015962272882461548,0.12444519009441138,9.837174583506016,0.2535965383052826,0.15353281457027002,0.021603327989578248,-0.10431857407093048,-0.0906125009059906,6.869603530503809E-4,0.0,1791183740744,-0.55005,8.58405,4.7730002,-0.248073,8.469652,4.923767,-0.309994,0.124666,-0.198293,0.0012375,-0.0906125,-0.0517,
36534104728586,0.04555878788232803,0.11853492353111506,9.848273511183514,0.31111928075551987,0.15417927296696196,0.014903979003429412,-0.1098487600684166,-0.10339999943971634,0.0031080148182809353,0.0,1791183740744,-0.52905005,8.58195,4.8019505,-0.2478,8.470448,4.92241,-0.269566,0.128659,-0.144263,-0.004125,-0.1034,-0.040975,
36534114723375,0.013251058757305145,0.11425817031413317,9.77995043877659,0.32604411840438846,0.1558450879806549,0.0035920023918151857,-0.1064411848783493,-0.10449999570846558,0.004475811496376991,0.0,1791183740744,-0.57000005,8.512051,4.782,-0.246422,8.470927,4.921655,-0.263762,0.08269,-0.129143,-0.0072875,-0.104499996,-0.032449998,
36534124718087,-0.03344962000846863,0.11007490418851376,9.774767187757309,0.3192070931196213,0.15860642929641433,0.007943066954612731,-0.0998692587018013,-0.10243749618530273,0.004785950295627117,0.0,1791183740744,-0.59295005,8.500051,4.7899504,-0.244984,8.47121,4.921235,-0.337025,0.024946,-0.126329,-0.0083875,-0.102437496,-0.0229625,
36534134712839,-0.029201161116361618,0.11013532746583224,9.731201472319697,0.3056592784821987,0.15855311952497722,0.002424267679452896,-0.08811920881271362,-0.09391249716281891,0.006641463842242956,0.0,1791183740744,-0.55995005,8.44305,4.806,-0.243125,8.4713,4.921178,-0.326913,0.017673,-0.104724,-0.0125124995,-0.0939125,-0.0144375,
36534144707385,-0.05527971684932709,0.11087602619081735,9.755356787629497,0.2545232228934765,0.15774195687781178,0.01182413026690483,-0.0752849355340004,-0.08538749814033508,0.008032362908124924,0.0,1791183740744,-0.47895002,8.476951,4.8040504,-0.240529,8.471075,4.921687,-0.274442,-0.003649,-0.117204,-0.0158125,-0.0853875,-0.0037125,
36534154702139,-0.05323934927582741,0.10705114156007767,9.756286070845833,0.17179671674966812,0.16071946093430775,0.03158375769853592,-0.06699470430612564,-0.07466249912977219,0.010710460133850574,0.0,1791183740744,-0.49095002,8.44305,4.8640504,-0.237546,8.470663,4.922544,-0.224753,-0.010419,-0.098908,-0.0210375,-0.0746625,-0.0059125,
36534164696831,-0.05627017468214035,0.0986330647021532,9.793029496638596,0.09609860926866531,0.16459739831066236,0.045488004386425016,-0.06088988855481148,-0.06407500058412552,0.013560921885073185,0.0,1791183740744,-0.48600003,8.42595,4.9669504,-0.235871,8.469491,4.924643,-0.252764,-0.069103,-0.005239,-0.0264,-0.064075,-0.0122375,
36534174691598,0.010362673550844193,0.08786606173962355,9.824479334416527,0.032415736466646194,0.16296816636386652,0.03672554567456245,-0.05888324975967407,-0.05555000156164169,0.014379852451384068,0.0,1791183740744,-0.558,8.38095,5.09595,-0.235552,8.46768,4.927771,-0.26266,-0.060109,0.111342,-0.0275,-0.05555,-0.0229625,
36534184686159,0.017577573657035828,0.07447370495647192,9.843126040098799,0.005766470730304719,0.15708220982641452,0.027369798719882966,-0.06591301411390305,-0.06091250106692314,0.00909813679754734,0.0,1791183740744,-0.68895006,8.352,5.163,-0.236564,8.465641,4.931225,-0.388541,-0.10356,0.194079,-0.016775,-0.0609125,-0.027224999,
36534194680899,0.02838481217622757,0.06600479874759912,9.879781274854667,0.004267086088657378,0.1547556003656563,0.010636892914772034,-0.06677333265542984,-0.06517499685287476,-1.1865264968946576E-4,0.0,1791183740745,-0.71295005,8.359051,5.2180505,-0.238068,8.46405,4.933885,-0.466046,-0.137882,0.270428,0.0012375,-0.065175,-0.0207625,
36534204675591,0.06233745813369751,0.05217245612293482,9.877147837639695,0.008886466175317763,0.1415370761182814,0.01247846856713295,-0.059087470173835754,-0.05871250107884407,-0.012571632862091064,0.0,1791183740745,-0.67200005,8.38605,5.175,-0.239069,8.46354,4.934707,-0.433919,-0.101459,0.276789,0.0257125,-0.0587125,-0.0154,
36534214670374,0.035982467234134674,0.03231148850172758,9.82746047754873,0.022985929995775225,0.11132036145496932,0.030928996950387956,-0.05105949938297272,-0.050187498331069946,-0.02016148529946804,0.0,1791183740745,-0.73005,8.389951,5.06505,-0.240373,8.464278,4.933379,-0.466134,-0.080649,0.187137,0.0407,-0.0501875,-0.0133375,
36534224664919,-0.022485200315713882,0.011546887084841728,9.765562267659039,0.02193515449762344,0.07492225014599281,0.02435942217707634,-0.05050771310925484,-0.05128749832510948,-0.02181696519255638,0.0,1791183740745,-0.744,8.38095,4.9570503,-0.241995,8.465849,4.930603,-0.500426,-0.079826,0.067809,0.0438625,-0.0512875,-0.010175,
36534234659673,-0.038686420768499374,-0.0040371792390942575,9.799298197228358,0.024930753558874127,0.04559491619125422,0.013106623291969299,-0.05779401212930679,-0.06187500059604645,-0.017598895356059074,0.0,1791183740745,-0.67995006,8.44095,4.93095,-0.242824,8.467418,4.92787,-0.475655,-0.064635,0.010687,0.0353375,-0.061875,-0.006875,
36534244654362,-0.02776446007192135,-0.0105468955822289,9.755305363310006,0.03346052654087544,0.03870281093007506,0.0018767688423395156,-0.06830507516860962,-0.07369999587535858,-0.01217354740947485,0.0,1791183740745,-0.61005,8.42895,4.87305,-0.242298,8.468712,4.925672,-0.40196,-0.037199,-0.011056,0.0246125,-0.073699996,-0.007975,
36534254649124,-0.06942832469940186,-0.014621413964778184,9.715126700369654,0.02101161666214466,0.04036209612374155,0.024476387724280357,-0.08211318403482437,-0.08428750187158585,-0.008201987482607365,0.0,1791183740745,-0.58395004,8.424001,4.8040504,-0.241318,8.469865,4.923733,-0.359845,-0.040746,-0.085732,0.0171875,-0.0842875,-0.0176,
36534264643665,-0.11692479997873306,-0.016506211552768945,9.688039863602759,0.01833229549229145,0.044047014121337685,0.0550578411668539,-0.08648978173732758,-0.08635000139474869,-0.005927302874624729,0.0,1791183740745,-0.591,8.41395,4.76595,-0.240664,8.471028,4.921766,-0.360499,-0.063457,-0.141225,0.012925,-0.08635,-0.0229625,
36534274638434,-0.133675217628479,-0.020429725293070078,9.685304908401731,0.049926045909523965,0.050361639191742996,0.07729584462940693,-0.0719711109995842,-0.07039999961853027,-0.002224246272817254,0.0,1791183740745,-0.58605003,8.41395,4.761,-0.240745,8.471957,4.920164,-0.362812,-0.064386,-0.173142,0.0055,-0.0704,-0.0218625,
36534284633198,-0.12087199836969376,-0.026392966974526644,9.654965635001359,0.08309606723487377,0.054657593456720666,0.0937329601496458,-0.04896184802055359,-0.048124998807907104,-0.0018532872200012207,0.0,1791183740745,-0.58395004,8.389951,4.74195,-0.24108,8.472728,4.918821,-0.336141,-0.057974,-0.157433,0.0044,-0.048125,-0.0144375,
36534294627871,-0.16532084345817566,-0.03545712279155851,9.618137089809382,0.1337227053940296,0.06148693379776206,0.12124423682689667,-0.029880540445446968,-0.029012499377131462,-0.004674087278544903,0.0,1791183740745,-0.62505,8.36205,4.71105,-0.242078,8.473712,4.917072,-0.347114,-0.099659,-0.174838,0.0097624995,-0.0290125,-0.009075,
36534304622405,-0.16576433181762695,-0.04602327877655625,9.639960418876198,0.17144043520092964,0.0647288106073585,0.1405114382505417,-0.019910627976059914,-0.021449999883770943,-0.010715015232563019,0.0,1791183740745,-0.56700003,8.39295,4.7080503,-0.243317,8.47537,4.914156,-0.369817,-0.084559,-0.203047,0.02145,-0.02145,-0.00165,
36534314617188,-0.16264310479164124,-0.05481798695400357,9.59065473860829,0.17401452139019966,0.06794710344968619,0.1496550992131233,-0.007709878496825695,-0.007699999958276749,-0.015556177124381065,0.0,1791183740745,-0.44700003,8.401951,4.60305,-0.243873,8.477643,4.910207,-0.237579,-0.06289,-0.227828,0.031075,-0.0077,-5.5E-4,
36534324611871,-0.25043684244155884,-0.06566734807565808,9.537564924746777,0.18611404746770857,0.07993501552055512,0.17300742417573928,0.007520436309278011,0.010449999943375587,-0.01393051352351904,0.0,1791183740745,-0.43305,8.376,4.5409503,-0.244546,8.480392,4.90542,-0.18184,-0.099158,-0.337963,0.0279125,0.01045,-0.00165,
36534334606639,-0.2652543783187866,-0.07747000893577934,9.56178142699257,0.20376066900789735,0.09041882489497642,0.20188390016555785,0.020614970475435257,0.026399999856948853,-0.007471400313079357,0.0,1791183740745,-0.40695003,8.400001,4.54995,-0.245978,8.482704,4.90135,-0.166043,-0.108652,-0.350653,0.015125,0.0264,-0.0037125,
36534344601179,-0.25560593605041504,-0.08748631989583373,9.543159131931578,0.19546453095972538,0.09816943202160915,0.21994091868400573,0.017162682488560677,0.027499999850988388,7.498866179957986E-4,0.0,1791183740745,-0.40695003,8.401951,4.50705,-0.248006,8.4844,4.898315,-0.137678,-0.079223,-0.381136,-8.25E-4,0.0275,-0.0133375,
36534354595962,-0.2502627968788147,-0.0973374922759831,9.557637635002987,0.1817827705293894,0.10395363442082767,0.2368406116962433,0.012420497834682465,0.026399999856948853,0.010040339082479477,0.0,1791183740746,-0.43095002,8.40705,4.5259504,-0.250805,8.485332,4.896553,-0.168398,-0.068184,-0.391346,-0.018975,0.0264,-0.0218625,
36534364590732,-0.23277895152568817,-0.10616293111816048,9.582747774688947,0.17357193641364577,0.10752377855157841,0.2508677810430527,0.010950515046715736,0.02956249937415123,0.020394837483763695,0.0,1791183740746,-0.40905002,8.4210005,4.5550504,-0.254672,8.485192,4.896599,-0.18129,-0.060862,-0.369844,-0.0391875,0.0295625,-0.03135,
36534374585438,-0.20129486918449402,-0.11674580825492739,9.61972837029938,0.14730642624199392,0.10593846855772433,0.24103938639163972,0.0076821669936180115,0.02956249937415123,0.030170083045959473,0.0,1791183740746,-0.39000002,8.43795,4.60305,-0.258968,8.483891,4.898622,-0.136293,-0.052378,-0.319195,-0.0583,0.0295625,-0.0389125,
36534384580215,-0.1747741848230362,-0.126363396178931,9.658734553405415,0.10169911086559297,0.10196414664392169,0.22294334769248964,0.004920421168208122,0.030662499368190765,0.04055633395910263,0.0,1791183740746,-0.462,8.42595,4.6990504,-0.264075,8.481367,4.902724,-0.159917,-0.054642,-0.263441,-0.0785125,0.0306625,-0.0474375,
36534394574970,-0.08202797919511795,-0.13188403574749827,9.769549374357902,0.047716318070888525,0.09626598984104916,0.1882277563214302,0.005540952086448669,0.03272499889135361,0.04823124408721924,0.0,1791183740746,-0.51405,8.457001,4.8640504,-0.270257,8.477541,4.908996,-0.225561,-0.022086,-0.138032,-0.0935,0.032725,-0.0506,
36534404569495,0.017348922789096832,-0.1341334625147283,9.892392138920481,0.014949686825275421,0.0921385111704272,0.1347054123878479,0.006390688940882683,0.0317624993622303,0.049837786704301834,0.0,1791183740746,-0.63195,8.484,5.0479503,-0.276817,8.472755,4.91689,-0.295615,-0.007723,0.031244,-0.0966625,0.0317625,-0.0474375,
36534414564279,0.14525815844535828,-0.12866967795416712,9.975570265416604,0.11390943378210067,0.10447805853095636,0.05909799039363861,0.009546788409352303,0.030662499368190765,0.046464309096336365,0.0,1791183740746,-0.71295005,8.469001,5.223,-0.283842,8.467358,4.925779,-0.427454,0.016827,0.235439,-0.0902,0.0306625,-0.0389125,
36534424558970,0.20820766687393188,-0.11713503459468484,10.030492038944102,0.22468641698360442,0.12606814357846882,0.02280251681804657,0.014253087341785431,0.027499999850988388,0.03591810539364815,0.0,1791183740746,-0.66300005,8.476951,5.32095,-0.28972,8.462149,4.934377,-0.409605,0.012459,0.368098,-0.0699875,0.0275,-0.0229625,
36534434553743,0.232093945145607,-0.10359601629897952,10.046312071958187,0.3241170614957809,0.14662948739209908,0.1041761428117752,0.021403606981039047,0.030662499368190765,0.01901496946811676,0.0,1791183740746,-0.55005,8.493,5.3380504,-0.293863,8.458217,4.940874,-0.314482,0.018785,0.409486,-0.0369875,0.0306625,-0.0122375,
36534444548296,0.22970466315746307,-0.0907225601375103,9.991778601649955,0.40336328297853474,0.1630994377661797,0.16652267128229142,0.029169855639338493,0.04028749838471413,7.537812925875187E-4,0.0,1791183740746,-0.46395,8.497951,5.235,-0.29704,8.456295,4.943968,-0.215538,0.051832,0.353719,-8.25E-4,0.0402875,-0.0111375,
36534454543005,0.15272729098796844,-0.07961477935314179,9.917957719921741,0.4444661259651184,0.1715189875296509,0.19359834492206573,0.03404681384563446,0.05197500064969063,-0.013962398283183575,0.0,1791183740746,-0.39000002,8.517,5.0670004,-0.300386,8.456568,4.943302,-0.114029,0.053954,0.20355,0.028875,0.051975,-0.0196625,
36534464537753,0.060628458857536316,-0.07073711641132832,9.817368582748168,0.41771179139614106,0.17393607042567347,0.17667240500450135,0.039563894271850586,0.0625625029206276,-0.019704926759004593,0.0,1791183740746,-0.36795002,8.491051,4.914,-0.304386,8.45832,4.940058,-0.081298,0.04023,0.046383,0.0407,0.0625625,-0.026124999,
36534474532286,-0.007208533585071564,-0.06441378220915794,9.790478028311236,0.35653251260519025,0.17383183210288933,0.13358916491270065,0.04307263717055321,0.06902500241994858,-0.018432380631566048,0.0,1791183740746,-0.37095,8.512051,4.8229504,-0.30903,8.460643,4.935792,-0.055106,0.035513,-0.078637,0.0385,0.069025,-0.0303875,
36534484527068,-0.00908755511045456,-0.05882456004619598,9.820741843074995,0.27358062118291854,0.17372374480625136,0.08535286486148834,0.039410047233104706,0.0668250024318695,-0.012381304986774921,0.0,1791183740746,-0.53400004,8.541,4.8180003,-0.314385,8.462852,4.931664,-0.138337,0.066823,-0.141547,0.0268125,0.066825,-0.034649998,
36534494521822,0.09102489054203033,-0.046007273346185686,9.931343372770511,0.1923223227262497,0.1748465803045879,0.05761691033840179,0.04105864837765694,0.0625625029206276,-0.005198229104280472,0.0,1791183740746,-0.62700003,8.6320505,4.87095,-0.320381,8.464325,4.928751,-0.261628,0.137176,-0.071596,0.0119624995,0.0625625,-0.025024999,
36534504516514,0.1498275101184845,-0.030227681249380113,9.94368067171779,0.11613494455814362,0.17754663214353927,0.05703695416450501,0.05170251056551933,0.06366249918937683,0.002786407945677638,0.0,1791183740747,-0.67005,8.635051,4.8850503,-0.325728,8.464989,4.927256,-0.325713,0.189185,-0.048553,-0.0050875,0.0636625,-0.006875,
36534514511297,0.15469786524772644,-0.014360632747411728,9.954065434826944,0.053048318624496466,0.17917651638849963,0.07585083544254304,0.0445692241191864,0.043449997901916504,0.012863668613135815,0.0,1791183740747,-0.66300005,8.641951,4.8949504,-0.329129,8.464592,4.927716,-0.367802,0.175216,-0.017888,-0.0264,0.043449998,0.0122375,
36534524505856,0.12740474939346313,0.004531446844339371,9.920243619130902,0.0014026507735252353,0.17310570670349631,0.10277349203824997,0.02603764459490776,0.01251249946653843,0.023091858252882957,0.0,1791183740747,-0.63900006,8.58705,4.926,-0.329649,8.463157,4.930146,-0.355311,0.145526,-0.020318,-0.0477125,0.0125124995,0.0270875,
36534534500625,0.10947965830564499,0.02326814867556095,9.889488413799588,0.040035736560821544,0.16286807077909315,0.12648693472146988,0.0034270519390702248,-0.0193875003606081,0.03246225789189339,0.0,1791183740747,-0.56205004,8.51505,4.998,-0.327177,8.460419,4.935004,-0.273985,0.093198,0.039466,-0.066825,-0.0193875,0.0356125,
36534544495313,0.08828939497470856,0.04046291522681713,9.872748739101251,0.0676585093140602,0.15017722480282647,0.12593983560800553,-0.01390426978468895,-0.042762499302625656,0.034496717154979706,0.0,1791183740747,-0.48105,8.44095,5.09805,-0.322189,8.456897,4.941368,-0.197571,0.032076,0.107322,-0.0710875,-0.0427625,0.040975,
36534554490075,0.08416584134101868,0.0571843471378088,9.877398035754068,0.06386490315198899,0.13469602023781396,0.11280750185251236,-0.022608518600463867,-0.05128749832510948,0.03089660406112671,0.0,1791183740747,-0.34905002,8.389951,5.20095,-0.315683,8.453032,4.948398,-0.089155,-0.019124,0.193666,-0.0636625,-0.0512875,0.038775,
36534564484620,0.06463263183832169,0.07205492630600929,9.895671665247374,0.038794709742069236,0.11713548506650762,0.09479445517063141,-0.01429487019777298,-0.0364375002682209,0.019378971308469772,0.0,1791183740747,-0.31305,8.371051,5.268,-0.309341,8.449582,4.954683,-0.033248,-0.092289,0.28315,-0.0402875,-0.0364375,0.03135,
36534574479399,0.09299269318580627,0.08676930442452431,9.905224313094681,0.0025591790676117027,0.09894504994041918,0.08791204392910004,0.003882346674799919,-0.00976249948143959,0.002387756947427988,0.0,1791183740747,-0.26295,8.38095,5.27295,-0.304321,8.447508,4.958529,0.035951,-0.07585,0.315217,-0.0061875,-0.0097624995,0.023924999,
36534584474181,0.07498761266469955,0.09925739429891109,9.874174986831367,0.023396724462509157,0.07887243557573216,0.08101363480091095,0.02408999390900135,0.01993750035762787,-0.015085872262716293,0.0,1791183740747,-0.37095,8.364,5.235,-0.301515,8.447188,4.959246,-0.007555,-0.092289,0.304922,0.028875,0.0199375,0.0154,
36534594468873,0.06437362730503082,0.10657747462391853,9.855834324379764,0.019193527102470395,0.06771190475480766,0.0762304812669754,0.04850311949849129,0.04867500066757202,-0.030203722417354584,0.0,1791183740747,-0.42795002,8.39295,5.14905,-0.301368,8.448651,4.956763,-0.12023,-0.065022,0.230791,0.0587125,0.048675,0.0165,
36534604463651,0.01598091796040535,0.10650907438248396,9.772930367071886,0.013257338851690295,0.0678026359942473,0.06259349659085274,0.062047120183706284,0.0625625029206276,-0.03996194899082184,0.0,1791183740747,-0.41895002,8.40495,4.9690504,-0.301995,8.451664,4.951582,-0.102843,-0.056064,0.12105,0.077825,0.0625625,0.0207625,
36534614458166,-0.08979479968547821,0.09475642647594214,9.645286619700238,0.07106548175215721,0.0794402837851942,0.031708010286092755,0.05551814287900925,0.055137500166893005,-0.042054593563079834,0.0,1791183740747,-0.39495003,8.38305,4.75395,-0.302327,8.455968,4.944212,-0.095329,-0.057973,-0.084663,0.0820875,0.0551375,0.0207625,
36534624452937,-0.202235147356987,0.0742342857643962,9.5661821907313,0.15382449254393576,0.09826617412662195,0.027337557822465896,0.03341832011938095,0.03272499889135361,-0.0337560661137104,0.0,1791183740747,-0.36405003,8.36205,4.6320004,-0.301818,8.460438,4.936586,-0.057531,-0.093568,-0.244631,0.0661375,0.032725,0.0143,
36534634447623,-0.25205114483833313,0.05002703126519918,9.549157236669105,0.21868514493107796,0.1146620046714583,0.09274530932307243,0.00836535356938839,0.008249999955296516,-0.0195179246366024,0.0,1791183740747,-0.28500003,8.3539505,4.617,-0.30067,8.463961,4.930615,-0.041919,-0.11385,-0.308092,0.0385,0.00825,0.0048125,
36534644442416,-0.28274720907211304,0.024404437653720377,9.489459609988483,0.27497697845101354,0.12811553455136382,0.1621694765985012,-0.015160806477069855,-0.011962499469518661,-0.004078758414834738,0.0,1791183740748,-0.20595,8.326051,4.5480003,-0.298619,8.466027,4.927192,0.073345,-0.127888,-0.338188,0.0086624995,-0.0119624995,-0.009075,
36534654436976,-0.3815920352935791,-0.0023115286603569984,9.396482372471942,0.3364785224199295,0.15204659287592404,0.24168406724929808,-0.043443139642477036,-0.03739999979734421,0.007535215001553297,0.0,1791183740748,-0.186,8.2560005,4.4830503,-0.295963,8.467075,4.925551,0.101813,-0.193579,-0.420343,-0.013612499,-0.0374,-0.0229625,
36534664431731,-0.44796961545944214,-0.02774143237620592,9.358664146080436,0.40123107433319094,0.17945464835777608,0.31331903040409087,-0.06209651380777359,-0.05555000156164169,0.02060556598007679,0.0,1791183740748,-0.14805001,8.211,4.4880004,-0.292966,8.467002,4.925858,0.113182,-0.246178,-0.461352,-0.0391875,-0.05555,-0.0303875,
36534674426433,-0.4400235414505005,-0.04938218276947737,9.399443274525341,0.44189034402370453,0.20053277940558312,0.3608767092227936,-0.055639877915382385,-0.04386249929666519,0.032061923295259476,0.0,1791183740748,-0.052050002,8.199,4.596,-0.290099,8.465558,4.928508,0.198901,-0.268676,-0.401752,-0.0614625,-0.0438625,-0.0389125,
36534684421200,-0.33157357573509216,-0.06550648380070925,9.534419790255711,0.4530116766691208,0.20941303396557534,0.3767811954021454,-0.03275812417268753,-0.014024999924004078,0.03767167776823044,0.0,1791183740748,-0.105000004,8.235001,4.8040504,-0.288605,8.462782,4.933357,0.218954,-0.23717,-0.239008,-0.0721875,-0.014025,-0.0452375,
36534694415741,-0.18433058261871338,-0.07927425745874643,9.690991714399717,0.41969136670231816,0.20771403892968449,0.35709787011146543,-0.010888131335377693,0.01677500084042549,0.030973289161920547,0.0,1791183740748,-0.25605002,8.280001,5.0290504,-0.290162,8.459491,4.938909,0.110378,-0.195571,-0.024293,-0.0583,0.016775,-0.0537625,
36534704410505,-0.03338532894849777,-0.08843489941209555,9.803063550676011,0.319164539128542,0.20135072212466826,0.2874565288424492,0.003811977803707123,0.03918749839067459,0.01626976951956749,0.0,1791183740748,-0.38505003,8.32995,5.1540003,-0.295162,8.456649,4.94348,-0.042639,-0.135269,0.162671,-0.0286,0.0391875,-0.0611875,
36534714405260,0.05050092935562134,-0.0936447462067008,9.894862235292361,0.1604248620569706,0.19627646817617822,0.18776241987943648,0.016130050644278526,0.05403750017285347,-9.231801377609372E-4,0.0,1791183740748,-0.51000005,8.41395,5.18205,-0.302111,8.45522,4.945502,-0.143429,-0.081168,0.230082,0.0055,0.0540375,-0.0600875,
36534724399954,0.09125738590955734,-0.0954521143808961,9.897137493069042,0.011239074915647504,0.19439002373527245,0.08150623440742492,0.03436223417520523,0.06998749822378159,-0.015152215026319027,0.0,1791183740748,-0.53595,8.48595,5.06505,-0.310218,8.455528,4.944474,-0.252637,-0.012044,0.185619,0.0331375,0.0699875,-0.0495,
36534734394729,0.07611261308193207,-0.09712046664208174,9.838494404822768,0.1622004799544811,0.19276039308213627,3.100335597991943E-5,0.047634322196245193,0.07961250096559525,-0.021337229758501053,0.0,1791183740748,-0.49500003,8.52,4.8949504,-0.317749,8.457421,4.940753,-0.197223,0.055494,0.043293,0.044825,0.0796125,-0.0389125,
36534744389257,-0.014113590121269226,-0.10224061589688063,9.765998140032968,0.2757584691047668,0.18909262135534927,0.03407440185546875,0.05033329129219055,0.07851249724626541,-0.015616045333445072,0.0,1791183740748,-0.522,8.532001,4.72305,-0.324653,8.459839,4.936167,-0.187925,0.060259,-0.143655,0.0331375,0.0785125,-0.032449998,
36534754384033,-0.052053190767765045,-0.10905156750231981,9.780041988595409,0.3436598598957062,0.18465698174269268,0.030340829491615297,0.03461095690727234,0.05623750016093254,0.0046188910491764545,0.0,1791183740748,-0.54300004,8.57205,4.677,-0.3304,8.461244,4.933377,-0.206119,0.078008,-0.250998,-0.0072875,0.0562375,-0.0281875,
36534764378736,-0.002356290817260742,-0.11240101363509894,9.812216549354357,0.38064609467983246,0.1820655545819687,0.01976938545703888,0.009449094533920288,0.023237500339746475,0.030211003497242928,0.0,1791183740748,-0.56205004,8.544001,4.7920504,-0.334457,8.460263,4.934788,-0.218822,0.098142,-0.187766,-0.0583,0.0232375,-0.025024999,
36534774373503,0.03998611494898796,-0.11505134254693986,9.88177611473561,0.38629632666707037,0.1794229779869971,0.009515131264925003,-0.02759113907814026,-0.021449999883770943,0.05278840288519859,0.0,1791183740748,-0.546,8.52705,4.96395,-0.336486,8.456301,4.941432,-0.216793,0.075768,-0.065123,-0.1029875,-0.02145,-0.025024999,
36534784368038,0.10217104107141495,-0.11369217112660408,9.950182049645443,0.371824686974287,0.1809538495172678,0.014726816862821578,-0.060432396829128265,-0.059812501072883606,0.06481959670782089,0.0,1791183740749,-0.55995005,8.47395,5.18505,-0.336405,8.450048,4.952122,-0.228844,0.031743,0.132481,-0.1265,-0.0598125,-0.026124999,
36534794362798,0.20214048027992249,-0.10680382847785949,10.063664698568003,0.3454341597855091,0.1899973372098686,0.057977630943059924,-0.06976042687892914,-0.07369999587535858,0.0636822059750557,0.0,1791183740749,-0.558,8.48595,5.3809505,-0.335098,8.442641,4.964829,-0.23494,0.029572,0.332858,-0.1243,-0.073699996,-0.0207625,
36534804357582,0.3222360908985138,-0.09149106983095408,10.145106138076855,0.3205979071557522,0.21051001280815823,0.1328354872763157,-0.05881601572036743,-0.06297499686479568,0.048493582755327225,0.0,1791183740749,-0.52905005,8.52,5.4820504,-0.33331,8.435765,4.976622,-0.200815,0.079545,0.486265,-0.0944625,-0.062975,-0.0154,
36534814352346,0.33435651659965515,-0.0702835040166974,10.101496376282231,0.2816842831671238,0.2300692702677682,0.20017804875969886,-0.03541874885559082,-0.03849999979138374,0.026708973571658134,0.0,1791183740749,-0.45705003,8.505,5.4310503,-0.331668,8.430796,4.985144,-0.154573,0.084514,0.504079,-0.051975,-0.0385,-0.007975,
36534824347018,0.23345080018043518,-0.0484992066398263,10.002526728121618,0.2388399824500084,0.23706429102172907,0.2388709858059883,-0.017032412812113762,-0.016224998980760574,0.006602329667657614,0.0,1791183740749,-0.36405003,8.505,5.2519503,-0.33037,8.428251,4.989534,-0.09841,0.051145,0.365614,-0.0125124995,-0.016224999,-0.006875,
36534834341548,0.15109683573246002,-0.02834180761128664,9.876695857392159,0.21458174288272858,0.23603689705500458,0.24865614473819733,-0.015550214797258377,-0.008662499487400055,-0.0034032133407890797,0.0,1791183740749,-0.36105,8.509951,4.9999504,-0.329414,8.4279,4.99019,-0.041905,0.089803,0.142298,0.0077,-0.0086624995,-0.0154,
36534844336317,0.018707558512687683,-0.013269069232046604,9.794968475917859,0.18162873089313508,0.22882483706345558,0.21196956038475037,-0.03281877189874649,-0.0193875003606081,-0.0017470442689955235,0.0,1791183740749,-0.32505003,8.479051,4.893,-0.329127,8.428652,4.98894,0.020056,0.06511,-0.07193,0.0055,-0.0193875,-0.03135,
36534854331001,-0.020783625543117523,0.004771351255476475,9.777760589013889,0.12359623163938521,0.21273241959597916,0.1433656170964241,-0.05366342514753342,-0.03423750028014183,0.007998179644346237,0.0,1791183740749,-0.47100002,8.44995,4.8970504,-0.329816,8.428864,4.988538,-0.058263,0.038561,-0.109836,-0.0125124995,-0.0342375,-0.0484,
36534864325768,0.017932061105966568,0.02806643508374691,9.866304661886527,0.07056559473276137,0.18566734361132026,0.08008072599768638,-0.07030969858169556,-0.05348749831318855,0.015116946771740913,0.0,1791183740749,-0.61005,8.493,4.9840503,-0.331625,8.428047,4.989798,-0.214471,0.044166,-0.053634,-0.0264,-0.0534875,-0.0495,
36534874320532,0.10238118469715118,0.055186671391129496,9.915615270161053,0.03913998603820801,0.15184721946821853,0.05386680290102959,-0.06730818748474121,-0.05871250107884407,0.013574302196502686,0.0,1791183740749,-0.63195,8.497951,5.07,-0.333,8.426764,4.991874,-0.308864,0.071785,0.05921,-0.0243375,-0.0587125,-0.034649998,
36534884315085,0.11175563186407089,0.07735313177108764,9.922051542140728,0.011979068815708163,0.1234789618560414,0.04599856212735176,-0.0496617890894413,-0.050187498331069946,0.004726303741335869,0.0,1791183740749,-0.55305004,8.524051,5.0479503,-0.332694,8.425987,4.993201,-0.273257,0.074957,0.074643,-0.0083875,-0.0501875,-0.0133375,
36534894309856,0.09686043113470078,0.09141268245875836,9.856629914744403,0.07120635062456132,0.1079096449493162,0.06162913665175438,-0.03329099342226982,-0.03739999979734421,-0.004357415251433849,0.0,1791183740749,-0.43995002,8.51505,4.9450502,-0.330979,8.426384,4.992645,-0.164839,0.098503,0.012949,0.0086624995,-0.0374,-0.00165,
36534904304543,0.014420084655284882,0.09380295313894749,9.767828322560847,0.13150817006826399,0.10562406876478957,0.06866987869143486,-0.031329743564128876,-0.031075000762939453,-0.007994278334081173,0.0,1791183740749,-0.41895002,8.508,4.7800503,-0.329041,8.427835,4.990327,-0.099739,0.087475,-0.125989,0.016224999,-0.031075,-0.007975,
36534914299306,-0.050492532551288605,0.08875328004360199,9.711339510207175,0.1838860258460045,0.10990109553776799,0.05498495995998383,-0.038532011210918427,-0.03217500075697899,-0.0037134408485144377,0.0,1791183740749,-0.44700003,8.503051,4.66995,-0.327932,8.42981,4.98706,-0.084089,0.099865,-0.273557,0.0086624995,-0.032175,-0.0207625,
36534924294076,-0.10924474149942398,0.07872817367315292,9.699946149915705,0.23599637001752855,0.11805759332673618,0.012659774720668792,-0.04840797185897827,-0.040699999779462814,0.007834304124116898,0.0,1791183740749,-0.51000005,8.509951,4.6270504,-0.327704,8.431206,4.984716,-0.151354,0.084104,-0.366981,-0.013612499,-0.0407,-0.027224999,
36534934288582,-0.08296943455934525,0.07077407129108906,9.764097128176628,0.2382547989487648,0.12321238316395751,0.026285238564014435,-0.04505769535899162,-0.03739999979734421,0.023044759407639503,0.0,1791183740749,-0.64095,8.51505,4.73505,-0.328354,8.431216,4.984652,-0.227319,0.096064,-0.340581,-0.043449998,-0.0374,-0.0281875,
36534944283351,-0.02621868997812271,0.07016881629824638,9.843465753513932,0.19426667988300322,0.12365681972808402,0.05090106278657913,-0.025336241349577904,-0.020487500354647636,0.03523619845509529,0.0,1791183740750,-0.86595005,8.46,4.9570503,-0.330855,8.429146,4.987992,-0.423536,0.043067,-0.152384,-0.067925,-0.0204875,-0.0196625,
36534954278126,0.08955208957195282,0.07724908031523228,9.99164171788675,0.11595538780093192,0.12046889034224396,0.03587466180324554,-0.004558761604130268,-0.008662499487400055,0.0389413982629776,0.0,1791183740750,-0.90495,8.47395,5.21595,-0.334356,8.425305,4.994239,-0.575659,0.027754,0.090364,-0.07645,-0.0086624995,5.5E-4,
36534964272816,0.24008670449256897,0.08937123008072376,10.076664829912517,0.031625617295503616,0.12399500337547266,0.02224118560552597,0.02074308507144451,0.009349999949336052,0.030653299763798714,0.0,1791183740750,-0.92100006,8.448,5.4150004,-0.336875,8.420975,5.001371,-0.580322,0.056027,0.337018,-0.0614625,0.00935,0.0207625,
36534974267595,0.257433146238327,0.10024358164519072,10.061212513181195,0.04957820102572441,0.12863455498753681,0.09557676315307617,0.032361939549446106,0.018975000828504562,0.015214765444397926,0.0,1791183740750,-0.96195006,8.40495,5.44605,-0.339317,8.417389,5.007241,-0.606611,0.021306,0.426916,-0.0317625,0.018975,0.0292875,
36534984262133,0.2472606897354126,0.1074980640783906,10.062380125619871,0.09999365136027336,0.13256974379562117,0.16162278801202773,0.028004450723528862,0.01251249946653843,3.7750403862446547E-4,0.0,1791183740750,-0.96000004,8.424001,5.41905,-0.341535,8.415106,5.010922,-0.635517,0.004435,0.432811,-0.003025,0.0125124995,0.03355,
36534994256827,0.20024557411670685,0.10740331877022982,9.997519499136178,0.1382457621395588,0.13250273082867162,0.20691564083099365,0.018814288079738617,0.0019249999895691872,-0.008381567895412445,0.0,1791183740750,-0.9889501,8.397,5.33505,-0.343036,8.414104,5.012501,-0.629228,-0.006533,0.359407,0.014025,0.001925,0.0345125,
36535004251599,0.1752563863992691,0.10005433354526758,9.971265195284358,0.16907154023647308,0.12419948483603332,0.2240565001964569,0.00519147515296936,-0.015124999918043613,-0.010079867206513882,0.0,1791183740750,-0.93795,8.41395,5.268,-0.343764,8.413733,5.013078,-0.621318,0.010597,0.282215,0.0171875,-0.015125,0.0367125,
36535014246388,0.14108487963676453,0.09039075169712305,9.942371205477569,0.19159636050462722,0.11256743248305,0.204256135225296,-0.007855711504817009,-0.029012499377131462,-0.010002021677792072,0.0,1791183740750,-0.93600005,8.40495,5.22795,-0.343498,8.413653,5.013227,-0.592853,-0.003688,0.241365,0.0171875,-0.0290125,0.0345125,
36535024240932,0.1358097642660141,0.085508699901402,9.953560130927405,0.20621669739484788,0.1082932495016388,0.17993145883083345,-0.01702081598341465,-0.03849999979138374,-0.009435777552425861,0.0,1791183740750,-0.97395,8.41695,5.223,-0.342951,8.413594,5.013366,-0.617342,0.003553,0.217284,0.016224999,-0.0385,0.032449998,
36535034235701,0.12932088971138,0.084419902600348,9.924518630018763,0.20724456161260604,0.10773638024719887,0.1563434988260269,-0.0164194218814373,-0.03959999978542328,-0.010599245317280293,0.0,1791183740750,-0.98595005,8.41395,5.17005,-0.342386,8.413699,5.013227,-0.629878,0.015419,0.183904,0.0182875,-0.0396,0.0356125,
36535044230481,0.062210239470005035,0.08659503664821386,9.861595827714927,0.1646110936999321,0.1068230044006732,0.12873643189668654,-0.011377783492207527,-0.03849999979138374,-0.014688423834741116,0.0,1791183740750,-0.94995004,8.3880005,5.09805,-0.341416,8.414324,5.012243,-0.647607,-0.028301,0.125032,0.0257125,-0.0385,0.0441375,
36535054225159,0.01168855931609869,0.08821864589117467,9.780210624289365,0.0737816808745265,0.10541611985283725,0.09602286648005247,0.009223278611898422,-0.022549999877810478,-0.017897319048643112,0.0,1791183740750,-0.92100006,8.359051,4.99305,-0.339572,8.415653,5.010139,-0.584808,-0.027235,0.028974,0.031075,-0.02255,0.058025,
36535064219912,-0.09014478325843811,0.08281480367295443,9.720135049154186,0.04579982925206423,0.11147655474121167,0.04977693390101194,0.029416399076581,-0.004537499975413084,-0.01981763169169426,0.0,1791183740750,-0.84495,8.36205,4.8829503,-0.337527,8.417631,5.006952,-0.555729,-0.072309,-0.092336,0.0342375,-0.0045375,0.0675125,
36535074214667,-0.12359002977609634,0.07151624294929207,9.663412792370227,0.16372581291943789,0.12004320215148126,0.0021030249074101446,0.04543164744973183,0.011549999937415123,-0.01937255635857582,0.0,1791183740751,-0.85695004,8.335051,4.81395,-0.335283,8.420085,5.002977,-0.522059,-0.065186,-0.16737,0.0331375,0.01155,0.071775,
36535084209220,-0.15967759490013123,0.05794458161108196,9.629723331793972,0.266818362660706,0.12968326608806496,0.05990272182971239,0.053022585809230804,0.018975000828504562,-0.017806526273489,0.0,1791183740751,-0.81105006,8.32995,4.7629504,-0.333369,8.422562,4.998931,-0.509608,-0.082028,-0.208813,0.029975,0.018975,0.073975,
36535094203991,-0.17973771691322327,0.044114674208685756,9.6241056833214,0.33234881330281496,0.13919556296409596,0.10829231310635805,0.056988365948200226,0.02213750034570694,-0.014624755829572678,0.0,1791183740751,-0.77505004,8.328,4.761,-0.331269,8.424927,4.995085,-0.497343,-0.084393,-0.243275,0.02365,0.0221375,0.0760375,
36535104198682,-0.20082750916481018,0.033352294517681,9.592185295246555,0.35505166202783583,0.14904804983504405,0.15079552680253983,0.06239331141114235,0.026399999856948853,-0.012530632317066193,0.0,1791183740751,-0.73005,8.302051,4.749,-0.328551,8.426966,4.991822,-0.428234,-0.115162,-0.228041,0.0193875,0.0264,0.0792,
36535114193479,-0.2484475076198578,0.023454545764252543,9.560907637823224,0.3623875305056572,0.16042572861661034,0.18245607167482375,0.06503133475780487,0.030662499368190765,-0.011873958632349968,0.0,1791183740751,-0.63705003,8.29695,4.7080503,-0.32584,8.428939,4.988671,-0.395033,-0.155443,-0.251226,0.0182875,0.0306625,0.0771375,
36535124188019,-0.2682967483997345,0.015501945419237018,9.502253896136212,0.3677409142255783,0.17043666386733355,0.2113974153995514,0.06916865706443787,0.03918749839067459,-0.01107638981193304,0.0,1791183740751,-0.555,8.28495,4.6200004,-0.322928,8.431168,4.985093,-0.2926,-0.131336,-0.324263,0.0171875,0.0391875,0.0708125,
36535134182771,-0.3124990463256836,0.0040254648309201,9.456070598173943,0.3706981375813484,0.1838786248563728,0.24196170568466185,0.07557816058397293,0.05197500064969063,-0.005915655288845301,0.0,1791183740751,-0.53400004,8.259001,4.5739503,-0.32057,8.433305,4.981631,-0.211161,-0.140655,-0.390233,0.0077,0.051975,0.0611875,
36535144177558,-0.31794992089271545,-0.010561096714809537,9.517767597985799,0.3656270129606128,0.19681527610155633,0.2696041464805603,0.0861193984746933,0.06792499870061874,0.0035565770231187344,0.0,1791183740751,-0.57705003,8.280001,4.6579504,-0.319579,8.434596,4.979505,-0.221729,-0.151523,-0.383318,-0.01045,0.067925,0.0537625,
36535154172238,-0.2393016666173935,-0.027003784524276854,9.624853703757525,0.3270759118720889,0.20144694298270152,0.27729897797107694,0.09533988684415817,0.08387500047683716,0.009803630411624908,0.0,1791183740751,-0.56700003,8.307,4.82805,-0.32065,8.434703,4.979256,-0.278118,-0.144448,-0.244205,-0.0221375,0.083875,0.0441375,
36535164167012,-0.1619827002286911,-0.047107254760339855,9.670545844265614,0.25790299158543345,0.1937029174783323,0.2600060164928436,0.10214565694332123,0.0976250022649765,0.007946654222905636,0.0,1791183740751,-0.58395004,8.2900505,4.9450502,-0.322844,8.434118,4.980105,-0.220858,-0.143863,-0.089431,-0.017875,0.097625,0.0345125,
36535174161553,-0.09692168980836868,-0.06482499656267464,9.711779506775585,0.16582828294485807,0.18081408399231427,0.22573100477457048,0.11119717359542847,0.11261250078678131,-0.0015695304609835148,0.0,1791183740751,-0.70095,8.292001,5.0070004,-0.327033,8.433825,4.980328,-0.33159,-0.122021,-0.005857,0.0012375,0.1126125,0.0281875,
36535184156304,-0.05592039227485657,-0.0799840506631881,9.780203086606033,0.06612296085804702,0.16612653872282448,0.17441527396440507,0.12479811906814575,0.12856249511241913,-0.011892789043486118,0.0,1791183740751,-0.67695004,8.36205,5.0269504,-0.332764,8.434275,4.979184,-0.378532,-0.115289,0.059929,0.02145,0.1285625,0.0292875,
36535194151068,-0.025144239887595177,-0.0912535413634032,9.776781062413322,0.03494138903915882,0.15393168471586668,0.11585413776338101,0.13346761465072632,0.1391499936580658,-0.0183973740786314,0.0,1791183740751,-0.72300005,8.43795,4.8850503,-0.338705,8.435769,4.976253,-0.334284,-0.040169,-0.004176,0.0342375,0.13915,0.0292875,
36535204145772,-0.04819687455892563,-0.10242620441131293,9.740183720385822,0.10482289232313632,0.14181485080165335,0.07763317935168743,0.12791819870471954,0.13062499463558197,-0.015791891142725945,0.0,1791183740751,-0.83805007,8.448,4.77495,-0.345035,8.438068,4.971919,-0.435693,0.014991,-0.150677,0.028875,0.130625,0.032449998,
36535214140541,-0.06651594489812851,-0.11280624563805759,9.776165211815949,0.15285758711397648,0.13077959162739422,0.05853982828557491,0.12012315541505814,0.11151249706745148,-1.573499757796526E-4,0.0,1791183740752,-0.79905003,8.496,4.7700005,-0.350399,8.439445,4.969204,-0.504549,0.025586,-0.210211,-0.003025,0.1115125,0.0473,
36535224135091,-0.0025658458471298218,-0.11972502614371479,9.807311608692434,0.2022930461913347,0.12071695544046267,0.03966865949332714,0.11078427731990814,0.09019999951124191,0.019234640523791313,0.0,1791183740752,-0.68205005,8.524051,4.8019505,-0.352617,8.439112,4.969612,-0.392198,0.090563,-0.186677,-0.04235,0.0902,0.0622875,
36535234129870,0.03533468022942543,-0.12442433661781252,9.843307079928811,0.24818650148808957,0.11247880702027274,0.02141764499247074,0.09329889714717865,0.0668250024318695,0.033725250512361526,0.0,1791183740752,-0.60105,8.497951,4.93095,-0.352015,8.436905,4.973405,-0.304215,0.085587,-0.097096,-0.0710875,0.066825,0.06545,
36535244124639,0.09538239240646362,-0.12276572897098958,9.917839933447135,0.27998665943741796,0.1154246841278817,0.0026876814663410187,0.08331192284822464,0.05719999969005585,0.040432773530483246,0.0,1791183740752,-0.62895006,8.481,5.103,-0.350267,8.433256,4.97971,-0.238925,0.070082,0.05222,-0.083875,0.0572,0.0611875,
36535254119329,0.15206366777420044,-0.1157469735480845,9.98240796731789,0.30274580642580984,0.12706792223909852,0.04273978993296623,0.08593674004077911,0.05719999969005585,0.038705844432115555,0.0,1791183740752,-0.66495,8.484,5.2180505,-0.348769,8.428903,4.987182,-0.321825,0.057677,0.178824,-0.0807125,0.0572,0.06655,
36535264114109,0.19664107263088226,-0.10140768075361847,10.00660079842278,0.32110219821333885,0.14417760750792896,0.09537119343876839,0.09771816432476044,0.06476250290870667,0.02855473943054676,0.0,1791183740752,-0.57900006,8.4529505,5.3239503,-0.346505,8.424934,4.994039,-0.264235,0.052067,0.279706,-0.0614625,0.0647625,0.0782375,
36535274108620,0.21331919729709625,-0.08456221939995885,10.013384649271657,0.3129634760320187,0.15947244431707472,0.1385482020676136,0.11759938299655914,0.08277499675750732,0.013652399182319641,0.0,1791183740752,-0.48105,8.457001,5.34,-0.343342,8.421918,4.999341,-0.202754,0.028748,0.355807,-0.0328625,0.082775,0.088825,
36535284103399,0.2068209946155548,-0.06623728992417455,9.996205158637583,0.2886996027082205,0.170466273335355,0.1728454649448395,0.1335148811340332,0.10092499852180481,-0.005434416234493256,0.0,1791183740752,-0.42600003,8.48595,5.2660503,-0.339731,8.420827,5.001425,-0.108202,0.048993,0.315415,0.0044,0.100925,0.0919875,
36535294098164,0.140400230884552,-0.05023039253428578,9.892801958107215,0.2594822119921446,0.17404989366488438,0.18184903264045715,0.14623503386974335,0.11797499656677246,-0.0183821152895689,0.0,1791183740752,-0.37605003,8.47395,5.091,-0.336541,8.421678,5.00021,-0.051538,0.05293,0.182556,0.029975,0.117975,0.089925,
36535304092864,0.03128904849290848,-0.03862456465139985,9.797623429638039,0.21623393706977367,0.1713387481870587,0.15769410878419876,0.14181509613990784,0.11687500029802322,-0.020860057324171066,0.0,1791183740752,-0.321,8.445001,4.9570503,-0.333695,8.42376,4.996888,-0.037624,0.026906,0.013494,0.0353375,0.116875,0.0834625,
36535314087638,-0.037753861397504807,-0.028089882340282202,9.74843293055263,0.1504837814718485,0.16445285535776727,0.11081512197852135,0.11703083664178848,0.09556250274181366,-0.012231357395648956,0.0,1791183740752,-0.32805002,8.424001,4.8949504,-0.330642,8.425711,4.993808,0.011994,0.01059,-0.091163,0.0193875,0.0955625,0.0697125,
36535324082155,-0.05260507017374039,-0.017305298428982496,9.775779376356043,0.07904791347682476,0.15515642810339234,0.05763026848435402,0.0952228307723999,0.0742499977350235,0.0011063138954341412,0.0,1791183740752,-0.42795002,8.401951,4.97895,-0.327684,8.426509,4.992653,-0.038847,-0.009361,-0.090008,-0.0061875,0.07425,0.0611875,
36535334076924,0.004232605919241905,-0.0014687158167362214,9.862257499351132,0.014424909278750418,0.13960281680284697,0.017112590745091437,0.07831820845603943,0.05197500064969063,0.010762320831418037,0.0,1791183740752,-0.44295,8.42895,5.1010504,-0.32456,8.425646,4.994316,-0.142528,-0.022863,0.037614,-0.0253,0.051975,0.06435,
36535344071693,0.11936266720294952,0.020396913588047027,9.898921909532824,0.02983471192419529,0.12137888699369112,0.012905078008770943,0.07025609910488129,0.04124999791383743,0.011287938803434372,0.0,1791183740752,-0.35205,8.412001,5.2060504,-0.320129,8.424097,4.997212,-0.067949,0.036146,0.168795,-0.0264,0.041249998,0.06655,
36535354066359,0.103922538459301,0.03755812384188175,9.898643469420536,0.06793941743671894,0.10684093757975686,0.027431776002049445,0.0595862902700901,0.030662499368190765,0.004317563027143478,0.0,1791183740752,-0.29700002,8.41695,5.20095,-0.314686,8.422663,4.999974,-0.011143,-0.007909,0.216311,-0.0125124995,0.0306625,0.06435,
36535364061129,0.05481721833348274,0.04839811976999044,9.828437855770634,0.09260221011936663,0.09654816013159148,0.04594599194824696,0.06325744092464447,0.038087498396635056,-0.004141491372138262,0.0,1791183740752,-0.28005,8.38605,5.118,-0.309246,8.422202,5.001091,0.009751,-0.033784,0.164916,0.0044,0.0380875,0.0600875,
36535374055879,-0.021179404109716415,0.052185234054923056,9.789961294511658,0.12061433978378774,0.09215945002470077,0.05223112516105175,0.08013783395290375,0.05623750016093254,-0.009682947769761086,0.0,1791183740753,-0.24900001,8.409,5.0070004,-0.304497,8.422689,5.00056,0.016974,-0.065397,0.069678,0.015125,0.0562375,0.06325,
36535384050648,-0.0027273818850517273,0.0548448845744133,9.761841638878243,0.13100990504026414,0.08973694297907833,0.050839127600193025,0.09464378654956818,0.07315000146627426,-0.010214312002062798,0.0,1791183740753,-0.22200002,8.436001,4.90695,-0.300307,8.423872,4.998819,0.017572,0.00764,-0.017166,0.016224999,0.07315,0.06325,
36535394045192,-0.05831601098179817,0.05318629601970315,9.698445958445335,0.14239071682095528,0.0914894771642116,0.015303391963243484,0.08912352472543716,0.06902500241994858,-0.006758613977581263,0.0,1791183740753,-0.097950004,8.389951,4.8640504,-0.295887,8.425256,4.996752,0.113708,-9.26E-4,-0.106079,0.0097624995,0.069025,0.0589875,
36535404039855,-0.13811102509498596,0.04869058849290013,9.686490247831294,0.14391844272613524,0.0983154053801758,0.03310332074761391,0.0650719553232193,0.05197500064969063,-2.0054250489920378E-4,0.0,1791183740753,0.08505,8.400001,4.8229504,-0.290446,8.426223,4.995438,0.299804,-0.056959,-0.157436,-0.001925,0.051975,0.039875,
36535414034624,-0.15011803805828094,0.04451048383489251,9.697450757806768,0.13172064051032067,0.10469509010873357,0.07409037202596665,0.028182318434119225,0.03382499888539314,0.007574895862489939,0.0,1791183740753,0.17205001,8.42895,4.7920504,-0.285669,8.426698,4.994914,0.426708,-0.035886,-0.209585,-0.014712499,0.033825,-0.0026125,
36535424029155,-0.14206060767173767,0.03753574574366212,9.68954100852297,0.11537920348346234,0.11199126970401233,0.0982666127383709,-0.006422443315386772,0.02419999986886978,0.014488616026937962,0.0,1791183740753,-0.00705,8.38605,4.854,-0.284457,8.426478,4.995352,0.372823,-0.038061,-0.193264,-0.0253,0.0242,-0.0548625,
36535434023938,-0.02655813656747341,0.034441104903817174,9.721904500663456,0.11593784168362617,0.11286109489547307,0.10303276367485523,-0.014970798045396805,0.0317624993622303,0.017069393768906593,0.0,1791183740753,-0.42600003,8.338051,4.98105,-0.28812,8.425342,4.997061,0.23044,-0.008193,-0.024984,-0.0286,0.0317625,-0.0845625,
36535444018707,-0.11967401206493378,0.023688284680247307,9.771323963983798,0.1427361398935318,0.11672139922068764,0.11530436389148235,0.03076602891087532,0.07644999772310257,0.01237135473638773,0.0,1791183740753,-0.9289501,8.29695,5.07705,-0.299547,8.423728,4.999109,-0.49794,-0.162203,0.00888,-0.020075,0.07645,-0.0697125,
36535454013408,0.09436963498592377,0.020803583040833473,9.97505390543697,0.11475422382354737,0.11419870510348369,0.06880823187530041,0.0783076211810112,0.08703749626874924,-2.873651683330536E-4,0.0,1791183740753,-0.95505005,8.41905,5.2639503,-0.309617,8.422568,5.00045,-0.686589,-0.029362,0.191892,1.375E-4,0.087037496,0.006875,
36535464008187,0.18111814558506012,0.020027436688542365,10.005387953107409,0.05479212030768395,0.11304794847794926,0.0025609951466321946,0.12474198639392853,0.10188750177621841,-0.020426079630851746,0.0,1791183740753,-0.62895006,8.51505,5.21595,-0.313104,8.423011,4.999485,-0.489172,0.046809,0.24553,0.0353375,0.1018875,0.075075,
36535474002965,0.18541319668293,0.01863213665783405,9.863909883178318,0.012094638124108319,0.11080356058081216,0.06293376572430134,0.15796564519405365,0.12430000305175781,-0.04032183438539505,0.0,1791183740753,-0.38295,8.55105,4.9020004,-0.311006,8.426311,4.994055,-0.16087,0.156037,0.090548,0.0726,0.1243,0.104775,
36535483997499,-0.003589823842048645,0.00811159573495388,9.765575316215546,0.05222403630614281,0.10208175997467457,0.06752742826938629,0.16827204823493958,0.13708749413490295,-0.042351655662059784,0.0,1791183740753,-0.30105,8.61495,4.58895,-0.307631,8.431848,4.984909,-0.030169,0.148105,-0.259435,0.0768625,0.1370875,0.103675,
36535493992270,-0.1290597915649414,-0.00536140538752079,9.663455228486058,0.09875359311699868,0.10151329610195202,0.06565027236938477,0.16249924898147583,0.13488750159740448,-0.017556071281433105,0.0,1791183740753,-0.354,8.566951,4.45695,-0.304557,8.436872,4.97659,-0.004514,0.140686,-0.49293,0.028875,0.1348875,0.0930875,
36535503987039,-0.14682722091674805,-0.014267218858003616,9.693324046361957,0.09150127321481705,0.10563665003963799,0.017410901188850404,0.1309434473514557,0.10188750177621841,0.019512077793478966,0.0,1791183740753,-0.38295,8.533951,4.5810003,-0.301822,8.438519,4.973963,-0.086257,0.105522,-0.473544,-0.043449998,0.1018875,0.082499996,
36535513981734,-0.002657182514667511,-0.012512384913861752,9.849943259656987,0.07892244830727577,0.10552336669065861,0.019344164431095122,0.0760476142168045,0.04661250114440918,0.052038032561540604,0.0,1791183740753,-0.40905002,8.532001,4.905,-0.298043,8.43598,4.978494,-0.082854,0.132002,-0.233866,-0.1062875,0.0466125,0.06435,
36535523976495,0.12722022831439972,-0.003521119989454746,9.967768524132685,0.07205000557005405,0.10931709409878625,0.030982758104801177,0.023006953299045563,-0.006599999964237213,0.06728696823120117,0.0,1791183740753,-0.52395004,8.481,5.2110004,-0.293609,8.430001,4.988876,-0.183056,0.087702,0.090939,-0.135025,-0.0066,0.0484,
36535533971039,0.2066524475812912,0.006599872093647719,10.082561923033966,0.12637006007134916,0.11854717623568287,0.011065696179866791,-0.005586819723248482,-0.03849999979138374,0.06537741422653198,0.0,1791183740754,-0.51900005,8.448,5.47905,-0.288564,8.422412,5.001968,-0.252744,0.023466,0.350786,-0.1307625,-0.0385,0.0463375,
36535543965832,0.2976171672344208,0.015512597095221282,10.127648975658955,0.16520931981503964,0.13256235224229332,0.09640108793973923,-0.004990367218852043,-0.04166249930858612,0.04788367822766304,0.0,1791183740754,-0.51705,8.43795,5.577,-0.282226,8.41523,5.014404,-0.206409,0.021071,0.534675,-0.0966625,-0.0416625,0.054725,
36535553960621,0.26502153277397156,0.02356754681095481,10.045965938472877,0.18133183382451534,0.14223155268668056,0.17877083867788315,0.010608909651637077,-0.03217500075697899,0.02406000904738903,0.0,1791183740754,-0.56700003,8.40705,5.4700503,-0.275485,8.410138,5.023312,-0.282582,-1.73E-4,0.501824,-0.050875,-0.032175,0.071775,
36535563955283,0.16096313297748566,0.028874842543154956,9.942373004574426,0.14856113605201243,0.14524702216590843,0.21149490177631378,0.046964120119810104,-0.006599999964237213,0.0063926284201443195,0.0,1791183740754,-0.54105,8.356951,5.3590503,-0.268023,8.407352,5.028377,-0.306804,-0.047665,0.377049,-0.017875,-0.0066,0.1016125,
36535573950042,0.1187501847743988,0.03587132198736072,9.884232043312126,0.1422734647989273,0.1460354552843608,0.2098008930683136,0.09074229747056961,0.023237500339746475,-0.002077830024063587,0.0,1791183740754,-0.32295,8.38095,5.23005,-0.25826,8.406039,5.031087,-0.182491,-0.029593,0.271389,-0.003025,0.0232375,0.137775,
36535583944831,0.05201131850481033,0.038608257006853816,9.803149033537284,0.11322239488363266,0.14579916105436705,0.17887266725301743,0.10920020192861557,0.036024998873472214,-0.0066546108573675156,0.0,1791183740754,-0.165,8.332951,5.1610503,-0.245738,8.405906,5.031933,0.006099,-0.036642,0.162804,0.0055,0.036025,0.1527625,
36535593939360,-0.019881218671798706,0.04052999662235379,9.775352569001889,0.09796208888292313,0.1447585490843593,0.11537299007177353,0.10424758493900299,0.03698749840259552,-0.012190714478492737,0.0,1791183740754,0.025950002,8.34195,5.09595,-0.232244,8.406455,5.03166,0.169776,-0.073104,0.09125,0.0171875,0.0369875,0.1420375,
36535603934135,-0.06726884841918945,0.044072105456143616,9.714614225927562,0.06825907826423644,0.14116617801591935,0.048914913833141324,0.08230828493833542,0.030662499368190765,-0.014605988748371601,0.0,1791183740754,-0.009000001,8.326051,5.00505,-0.219497,8.40768,5.030184,0.250403,-0.081511,0.016112,0.02365,0.0306625,0.1101375,
36535613928905,-0.10701704025268555,0.04622715534642339,9.69102773433183,0.026301637291908264,0.13848881355992687,0.004681120812892914,0.05350503325462341,0.013612499460577965,-0.01389631349593401,0.0,1791183740754,-0.094950005,8.292001,5.0149503,-0.209284,8.409101,5.028243,0.153998,-0.10448,-0.027436,0.02365,0.013612499,0.082499996,
36535623923583,-0.076972097158432,0.04948158087208867,9.715164012335604,0.05489127337932587,0.13473993061265352,0.04382557719945908,0.03480513393878937,0.0019249999895691872,-0.011781005188822746,0.0,1791183740754,-0.20295002,8.3230505,5.0070004,-0.201099,8.410265,5.026631,0.047651,-0.081703,-0.011459,0.02035,0.001925,0.06545,
36535633918340,-0.07147829234600067,0.047235573083162306,9.715892671812188,0.1649245873093605,0.13635346334269313,0.06852349936962128,0.03136271983385086,-2.749999985098839E-4,-0.010049277916550636,0.0,1791183740754,-0.30105,8.31795,5.01195,-0.194446,8.411249,5.025243,-0.090682,-0.085081,-4.94E-4,0.0171875,-2.75E-4,0.0622875,
36535643913100,-0.0691976472735405,0.04975939132273197,9.728520965335923,0.2571576237678528,0.13368167999564087,0.07838678508996963,0.03484707325696945,-0.0012374999932944775,-0.011787242256104946,0.0,1791183740754,-0.19800001,8.38095,4.9360504,-0.18762,8.41242,5.023545,-0.063989,-0.052733,-0.049075,0.02035,-0.0012375,0.0708125,
36535653907636,-0.11318986117839813,0.03938141651451588,9.633671769094795,0.2990658894181252,0.13780859355601283,0.08757098764181137,0.03716889023780823,8.249999955296516E-4,-0.010122437961399555,0.0,1791183740754,-0.16995001,8.31795,4.8570004,-0.179683,8.41395,5.021275,0.026235,-0.059051,-0.121024,0.0171875,8.25E-4,0.071775,
36535663902400,-0.20136263966560364,0.020257377251982688,9.610575919797526,0.3162410005927086,0.14324419566283797,0.10644010752439499,0.03979736194014549,0.006187499966472387,-0.004002428147941828,0.0,1791183740754,-0.10005,8.28705,4.866,-0.172049,8.415049,5.019698,0.040149,-0.129582,-0.174514,0.0055,0.0061875,0.0675125,
36535673897169,-0.18344318866729736,0.0018145579844713211,9.647301498295754,0.3066069930791855,0.1445324731738708,0.12773432582616806,0.03975982964038849,0.011549999937415123,0.0027578016743063927,0.0,1791183740754,0.010950001,8.29905,4.91895,-0.164622,8.415394,5.019369,0.135673,-0.129927,-0.135878,-0.0072875,0.01155,0.058025,
36535683891862,-0.12997138500213623,-0.004504520073533058,9.683954745488805,0.2548059344291687,0.14736560462180334,0.13943294435739517,0.030481215566396713,0.0147124994546175,0.004795692395418882,0.0,1791183740755,0.009000001,8.280001,5.0220003,-0.158258,8.4151,5.020063,0.191558,-0.124845,-0.03841,-0.01045,0.014712499,0.0345125,
36535693886638,-0.09833058714866638,-0.002968059852719307,9.765646586181768,0.19417444616556168,0.146214658895283,0.14525953233242034,0.017988383769989014,0.013612499460577965,7.935734465718269E-4,0.0,1791183740755,-0.094950005,8.314051,5.1220503,-0.154337,8.414524,5.021153,0.099052,-0.143423,0.051479,-0.001925,0.013612499,0.0122375,
36535703881422,-0.014994833618402481,0.0036235595121979713,9.80533819652608,0.1209394060075283,0.14250521493359553,0.1256205268204212,0.015245340764522552,0.018975000828504562,-0.006596854422241449,0.0,1791183740755,-0.17400001,8.352,5.1340504,-0.152736,8.414425,5.021369,0.042383,-0.085863,0.115907,0.012925,0.018975,-0.00165,
36535713875956,0.0032827630639076233,0.003920556791126728,9.809464813687983,0.04086586907505989,0.14249800523858963,0.08469144627451897,0.01708732172846794,0.023237500339746475,-0.013097018003463745,0.0,1791183740755,-0.21795002,8.376,5.1010504,-0.152765,8.415028,5.020359,-0.046171,-0.05534,0.097763,0.0257125,0.0232375,-0.0048125,
36535723870636,-0.008233832195401192,-0.0028521462343633177,9.78767618979166,0.018873924389481544,0.13966766984309603,0.049649574980139735,0.01767093688249588,0.025299999862909317,-0.017423395067453384,0.0,1791183740755,-0.333,8.38305,5.0410504,-0.153641,8.416388,5.018052,-0.114727,-0.039941,0.047397,0.0342375,0.0253,-0.006875,
36535733865479,-0.01250417809933424,-0.013809977518394589,9.796562840941643,0.052230651490390294,0.13113745947445293,0.026156133599579336,0.017151575535535812,0.02419999986886978,-0.01960732229053974,0.0,1791183740755,-0.35895002,8.4210005,4.99305,-0.155493,8.418269,5.014834,-0.196673,-0.022669,0.00752,0.0385,0.0242,-0.0059125,
36535743860187,-0.0024783629924058914,-0.028814754029735924,9.835875294386677,0.08058529887348413,0.11013158906145963,0.006985688768327236,0.014111784286797047,0.01677500084042549,-0.018640737980604172,0.0,1791183740755,-0.33,8.496,4.9450502,-0.156809,8.420453,5.011129,-0.21451,0.020636,-0.046235,0.0364375,0.016775,5.5E-4,
36535753854961,0.020206984132528305,-0.04105548146180808,9.8094820723442,0.10649478230625391,0.08821734449431629,5.467478185892105E-5,0.021708715707063675,0.021037500351667404,-0.014389963820576668,0.0,1791183740755,-0.25095,8.500051,4.8900003,-0.15693,8.422644,5.007438,-0.149746,0.075906,-0.092822,0.0279125,0.0210375,0.007975,
36535763849501,0.012521669268608093,-0.048477554647251966,9.814842621525317,0.12963678184896707,0.07635549897865693,0.0019024560227990151,0.021283797919750214,0.02419999986886978,-0.009362269192934036,0.0,1791183740755,-0.15105,8.532001,4.84905,-0.156554,8.424603,5.004153,-0.037594,0.095495,-0.137422,0.0182875,0.0242,0.0015125,
36535773844271,0.015998251736164093,-0.0536151512991637,9.819996934107893,0.14618181716650724,0.06792177827293507,0.006748872809112072,0.011754756793379784,0.02419999986886978,-0.001963938819244504,0.0,1791183740755,-0.20295002,8.54595,4.833,-0.156821,8.426167,5.001511,0.022527,0.127449,-0.182663,0.0044,0.0242,-0.0176,
36535783839068,-0.008156023919582367,-0.05662351842038334,9.843942627414073,0.15287803597748278,0.06441891607257047,0.007618503645062447,5.627218633890152E-4,0.021037500351667404,0.005336001515388489,0.0,1791183740755,-0.44700003,8.493,4.9570503,-0.159889,8.426837,5.000285,-0.173123,0.069319,-0.138342,-0.00935,0.0210375,-0.034649998,
36535793833770,0.12467257678508759,-0.04939582864753902,10.001104954188435,0.15866921842098236,0.07532244768864867,0.03304869160056114,0.0037750015035271645,0.02213750034570694,0.008019857108592987,0.0,1791183740755,-0.54105,8.544001,5.17005,-0.165077,8.426268,5.001076,-0.371442,0.093831,0.07395,-0.014712499,0.0221375,-0.0303875,
36535803828537,0.24172312021255493,-0.0339462302159518,10.05506298890823,0.16204336509108544,0.09826658084819234,0.07735191881656647,0.013746232725679874,0.023237500339746475,6.32826704531908E-4,0.0,1791183740755,-0.56505,8.56005,5.2450504,-0.169551,8.425508,5.002208,-0.386122,0.144868,0.216471,-8.25E-4,0.0232375,-0.0122375,
36535813823335,0.23134127259254456,-0.017028314573690296,10.00514723221282,0.17076541446149351,0.11234772287528938,0.12111583948135377,0.017427310347557068,0.017875000834465027,-0.011593841947615147,0.0,1791183740755,-0.59295005,8.532001,5.1919503,-0.172644,8.425734,5.001721,-0.418942,0.130277,0.219352,0.02255,0.017875,0.0048125,
36535823817870,0.17973291873931885,-0.004193063778802753,9.985023626572104,0.18001890648156404,0.11921976960852441,0.15386277288198472,0.03001530095934868,0.02213750034570694,-0.019485758617520332,0.0,1791183740755,-0.55005,8.52705,5.1660004,-0.174257,8.426991,4.999546,-0.395781,0.090712,0.185614,0.0374,0.0221375,0.022824999,
36535833812639,0.1771891713142395,0.008240309404209256,9.953421324563374,0.1979175006970763,0.12440810004980375,0.19093181192874908,0.03717866539955139,0.02419999986886978,-0.021837590262293816,0.0,1791183740756,-0.43095002,8.536051,5.1010504,-0.174195,8.428836,4.99644,-0.307258,0.117598,0.138442,0.0416625,0.0242,0.03355,
36535843807344,0.13240398466587067,0.018320391001179815,9.902824039543107,0.19242341872304677,0.1258839400757829,0.1924780935049057,0.03043418563902378,0.015812499448657036,-0.022393848747015,0.0,1791183740756,-0.30600002,8.509951,5.0550003,-0.172485,8.430995,4.992852,-0.203623,0.101074,0.082174,0.0427625,0.0158125,0.0345125,
36535853802124,0.08375897258520126,0.028167832689359785,9.864076831446022,0.15898280795663597,0.12287862848262437,0.16088526397943498,0.016797803342342377,0.006187499966472387,-0.02113654464483261,0.0,1791183740756,-0.36105,8.476951,5.031,-0.170281,8.433147,4.989292,-0.165126,0.070191,0.040244,0.0407,0.0061875,0.023924999,
36535863796898,0.09691126644611359,0.04308152799494565,9.92252247107666,0.1272503899410367,0.11170859468886804,0.13399926275014878,0.00942311342805624,0.0019249999895691872,-0.01882385089993477,0.0,1791183740756,-0.39000002,8.508,5.091,-0.169126,8.435025,4.986159,-0.223741,0.068313,0.06732,0.0364375,0.001925,0.0165,
36535873791676,0.11506487429141998,0.05800693114288151,9.929393723965099,0.11344715021550655,0.0997469308424566,0.121065653860569,0.015334269031882286,0.006187499966472387,-0.016717780381441116,0.0,1791183740756,-0.34005,8.508,5.10795,-0.1678,8.436509,4.983693,-0.177183,0.062041,0.115275,0.032175,0.0061875,0.0207625,
36535883786210,0.12924480438232422,0.07096774061210454,9.917064268574418,0.07842808887362479,0.09093083631277375,0.11147678047418594,0.024403054267168045,0.013612499460577965,-0.016236811876296997,0.0,1791183740756,-0.37800002,8.48595,5.118,-0.166265,8.437837,4.981495,-0.200266,0.065502,0.136627,0.031075,0.013612499,0.0259875,
36535893780981,0.08243390917778015,0.08000596542842686,9.880614134249786,0.024130846560001362,0.08222046549770455,0.10148276537656784,0.024981319904327393,0.013612499460577965,-0.01568717509508133,0.0,1791183740756,-0.37305,8.42895,5.142,-0.16497,8.438938,4.979673,-0.21832,0.006939,0.143238,0.029975,0.013612499,0.0270875,
36535903775746,0.09118308871984482,0.08531486154533922,9.88906294599527,0.018148250877857208,0.07929066390159581,0.10296758860349656,0.0193175058811903,0.008249999955296516,-0.015644194558262825,0.0,1791183740756,-0.36405003,8.41905,5.175,-0.163406,8.439791,4.978278,-0.176789,-0.008277,0.187728,0.029975,0.00825,0.025024999,
36535913770408,0.07532213628292084,0.08891683020628989,9.88642524167877,0.055213010311126715,0.07708803196713808,0.098649762570858,0.004835403524339199,-0.006599999964237213,-0.01830669306218624,0.0,1791183740756,-0.41595003,8.40495,5.18895,-0.161655,8.440633,4.976907,-0.233606,-0.042638,0.213041,0.0353375,-0.0066,0.0218625,
36535923765177,0.07265126705169678,0.09296108516864479,9.889651539027033,0.10076477080583572,0.07394271121177805,0.09016704112291336,-0.0027163056656718254,-0.015124999918043613,-0.024786029011011124,0.0,1791183740756,-0.47895002,8.39295,5.20905,-0.159886,8.441965,4.974703,-0.278471,-0.046365,0.212851,0.048125,-0.015125,0.0218625,
36535933759931,0.08748374879360199,0.09796048151329159,9.901353506641735,0.11066326349973678,0.06991340751541582,0.08181483000516891,-0.0017966525629162788,-0.016224998980760574,-0.031810082495212555,0.0,1791183740756,-0.53805,8.401951,5.2110004,-0.158496,8.443799,4.971635,-0.378023,-0.048199,0.242256,0.061875,-0.016224999,0.0259875,
36535943754470,0.0683729276061058,0.10150304604321718,9.87482454422862,0.08188263028860093,0.06644326813151548,0.07900263369083405,0.0022123362869024277,-0.018287500366568565,-0.0384477935731411,0.0,1791183740756,-0.47895002,8.42595,5.1270003,-0.156469,8.446382,4.967312,-0.358503,-0.048387,0.205877,0.0746625,-0.0182875,0.0378125,
36535953749227,0.02865538001060486,0.101925465837121,9.797253949925354,0.06750217080116273,0.06595010295461867,0.06649709194898605,0.002779606729745865,-0.023649999871850014,-0.04398250952363014,0.0,1791183740756,-0.40695003,8.397,5.031,-0.15278,8.449972,4.961312,-0.311913,-0.044795,0.123291,0.0853875,-0.02365,0.0484,
36535963743982,-0.02575366571545601,0.10001169908791781,9.747093991824666,0.07478372231125832,0.06900144684144136,0.046281931549310686,0.0064919088035821915,-0.022549999877810478,-0.042310431599617004,0.0,1791183740757,-0.31095,8.412001,4.914,-0.147552,8.454012,4.954584,-0.192643,-0.039258,0.010309,0.0820875,-0.02255,0.0537625,
36535973738658,-0.09598550200462341,0.09441251140087843,9.65409189321277,0.09892220273613929,0.07935792927280029,0.012554577738046645,0.004103314131498337,-0.020487500354647636,-0.03730897977948189,0.0,1791183740757,-0.25605002,8.37405,4.7970004,-0.142137,8.458177,4.947633,-0.126232,-0.050605,-0.107238,0.0726,-0.0204875,0.0452375,
36535983733432,-0.18796223402023315,0.08542220089584589,9.615178494872122,0.14401738420128823,0.09837486912917609,0.042534618824720385,-0.016490120440721512,-0.0364375002682209,-0.030595960095524788,0.0,1791183740757,-0.21000001,8.347051,4.76805,-0.136776,8.461955,4.941316,-0.100468,-0.114239,-0.179929,0.0598125,-0.0364375,0.03135,
36535993728186,-0.22972291707992554,0.06770242620259523,9.557401116823241,0.2051213763654232,0.11938348767659941,0.10215378776192666,-0.03562876209616661,-0.050187498331069946,-0.02231496386229992,0.0,1791183740757,-0.21495001,8.30895,4.7179503,-0.131596,8.465008,4.936229,-0.062552,-0.141234,-0.215543,0.0438625,-0.0501875,0.0165,
36536003722735,-0.25976747274398804,0.042627896554768084,9.544118687272539,0.2584881208837032,0.13217924092454106,0.15983835831284524,-0.04654615744948387,-0.05555000156164169,-0.016241658478975296,0.0,1791183740757,-0.29895002,8.28705,4.7250004,-0.127424,8.467388,4.932251,-0.100243,-0.174738,-0.218748,0.032175,-0.05555,0.0037125,
36536013717506,-0.23853152990341187,0.019134256429970263,9.578956253423417,0.29256097227334976,0.13817125187465817,0.2023939311504364,-0.0399947352707386,-0.048124998807907104,-0.010836418718099594,0.0,1791183740757,-0.29700002,8.29695,4.7779503,-0.124569,8.469123,4.929344,-0.174925,-0.166896,-0.191899,0.02145,-0.048125,0.0037125,
36536023712265,-0.19036908447742462,6.29156269133091E-4,9.59335729528678,0.3030854776501656,0.1401921612945532,0.22127064764499665,-0.019164806231856346,-0.029012499377131462,-0.009900009259581566,0.0,1791183740757,-0.30900002,8.29695,4.806,-0.122007,8.470381,4.927249,-0.177487,-0.151395,-0.122766,0.0193875,-0.0290125,0.0122375,
36536033706955,-0.21291843056678772,-0.01887622382491827,9.570524963845946,0.3052645206451416,0.14140310775354423,0.22626188695430755,0.006967802066355944,-0.005499999970197678,-0.012661255896091461,0.0,1791183740757,-0.30105,8.283,4.7850003,-0.119808,8.471784,4.924893,-0.184474,-0.171952,-0.132381,0.0246125,-0.0055,0.023924999,
36536043701720,-0.21191954612731934,-0.03609240036457777,9.585584101450744,0.28919830471277236,0.1428896192448644,0.22270121276378632,0.033599838614463806,0.021037500351667404,-0.014396212995052338,0.0,1791183740757,-0.25605002,8.29905,4.7899504,-0.117847,8.473427,4.92211,-0.15531,-0.166412,-0.139175,0.0279125,0.0210375,0.03135,
36536053696461,-0.22553960978984833,-0.05155732948333025,9.611239256872961,0.2621375717222691,0.1457894849889664,0.21585564017295839,0.047944389283657074,0.03698749840259552,-0.014396878890693188,0.0,1791183740757,-0.27495003,8.29905,4.84005,-0.116402,8.475033,4.919379,-0.147178,-0.19196,-0.122079,0.0279125,0.0369875,0.032449998,
36536063690931,-0.16500742733478546,-0.0646532641723752,9.628836419328405,0.21370539739727973,0.14361222254470732,0.2011508196592331,0.044559646397829056,0.03918749839067459,-0.013159948401153088,0.0,1791183740758,-0.30600002,8.29905,4.87305,-0.116009,8.476354,4.917114,-0.173907,-0.159762,-0.057564,0.0257125,0.0391875,0.0218625,
36536073685722,-0.14629438519477844,-0.07772122714668513,9.658733578424973,0.14980126097798346,0.13846310691074987,0.19233587980270386,0.031492941081523895,0.02956249937415123,-0.009318447671830654,0.0,1791183740758,-0.32295,8.326051,4.8850503,-0.116563,8.477212,4.915616,-0.214055,-0.153438,-0.032124,0.0182875,0.0295625,0.0122375,
36536083680506,-0.15596438944339752,-0.09198168683797121,9.651851189690213,0.07879128381609915,0.1308931777318325,0.1809450715780258,7.078354246914387E-4,0.0019249999895691872,-0.005427829921245575,0.0,1791183740758,-0.30900002,8.328,4.8690004,-0.117241,8.477721,4.914724,-0.234925,-0.151553,-0.055175,0.0108624995,0.001925,-0.00165,
36536093675210,-0.16979607939720154,-0.10459318626672029,9.633306842927517,0.012682019919157017,0.1255216636150404,0.17252037823200225,-0.03581927716732025,-0.029975000768899918,-9.371971245855093E-4,0.0,1791183740758,-0.22200002,8.304001,4.8780003,-0.11714,8.477815,4.914566,-0.11771,-0.166011,-0.055016,0.0023375,-0.029975,-0.0196625,
36536103669980,-0.15525761246681213,-0.11691522132605314,9.649892846269477,0.0439299523830414,0.11754055555599695,0.15846397876739501,-0.05645892024040222,-0.042762499302625656,0.0025348723866045475,0.0,1791183740758,-0.28500003,8.2900505,4.93095,-0.117339,8.47736,4.915344,-0.117511,-0.175133,-0.010304,-0.004125,-0.0427625,-0.0389125,
36536113664749,-0.0965641513466835,-0.12550953570753337,9.705903910521462,0.07649532407522203,0.10915524806515682,0.14477532356977463,-0.053885284811258316,-0.03423750028014183,0.0010054700542241335,0.0,1791183740758,-0.38805002,8.314051,4.99305,-0.119785,8.476726,4.91638,-0.227592,-0.145769,0.053302,-8.25E-4,-0.0342375,-0.0484,
36536123659255,-0.0630112886428833,-0.13229266349226237,9.771631315944376,0.09814318269491196,0.1005026055106062,0.1281187042593956,-0.035929691046476364,-0.015124999918043613,-0.0054307603277266026,0.0,1791183740758,-0.43800002,8.344951,5.06505,-0.123708,8.476402,4.91684,-0.288313,-0.138263,0.105514,0.0119624995,-0.015125,-0.0452375,
36536133654040,-0.0034796372056007385,-0.1368408327922225,9.789237723098559,0.12507945895195008,0.09216639348283913,0.09762175381183624,-0.011343988589942455,0.010449999943375587,-0.013961689546704292,0.0,1791183740758,-0.51405,8.3539505,5.07705,-0.128711,8.476666,4.916257,-0.312041,-0.105009,0.165952,0.028875,0.01045,-0.039875,
36536143648809,-0.044287823140621185,-0.14247387032955885,9.783560687789214,0.14333553761243822,0.08237464162394782,0.07252010256052017,0.009380554780364037,0.0317624993622303,-0.025789963081479073,0.0,1791183740758,-0.60105,8.35005,5.06295,-0.135223,8.47793,4.913904,-0.410873,-0.146973,0.15394,0.0523875,0.0317625,-0.034649998,
36536153643515,0.0033526942133903503,-0.14373900461941957,9.829326313836413,0.16035277843475343,0.0798936126866415,0.04079804122447968,0.02339285984635353,0.043449997901916504,-0.038123227655887604,0.0,1791183740758,-0.67995006,8.4210005,5.02395,-0.142767,8.480498,4.909252,-0.515857,-0.089687,0.146621,0.0768625,0.043449998,-0.026124999,
36536163638277,0.012564454227685928,-0.14182309862226247,9.795239847655786,0.17336355969309808,0.0830953079595799,0.01897232010960579,0.03236669301986694,0.04867500066757202,-0.04933501034975052,0.0,1791183740758,-0.72795004,8.445001,4.9090505,-0.150423,8.484603,4.901931,-0.560873,-0.038724,0.074934,0.0991375,0.048675,-0.0165,
36536173633038,-0.044224150478839874,-0.1392350310459733,9.759619587815902,0.1657301791012287,0.08526051596060769,0.015214892476797104,0.03632870316505432,0.045512501150369644,-0.05583104118704796,0.0,1791183740758,-0.70095,8.524051,4.701,-0.157286,8.490113,4.892161,-0.585134,-0.015504,-0.080496,0.111925,0.0455125,-0.0026125,
36536183627806,-0.0820617526769638,-0.13394000697880984,9.685522861259598,0.14158906266093255,0.08535830641762683,0.030931315571069717,0.035535331815481186,0.036024998873472214,-0.054366741329431534,0.0,1791183740758,-0.51705,8.56005,4.5019503,-0.16158,8.496735,4.880512,-0.456342,0.054488,-0.274748,0.1087625,0.036025,0.0122375,
36536193622566,-0.14455673098564148,-0.12968169767409563,9.644358865101037,0.10747888162732123,0.08255195166930215,0.05098509714007378,0.03001938946545124,0.027499999850988388,-0.04479483142495155,0.0,1791183740758,-0.33705002,8.635051,4.28205,-0.16323,8.503498,4.868663,-0.287098,0.09082,-0.459224,0.08965,0.0275,0.0154,
36536203617105,-0.19839653372764587,-0.12661315072327853,9.591510331690987,0.05344038084149361,0.07871073455976645,0.09133494272828102,0.02003314346075058,0.017875000834465027,-0.030374543741345406,0.0,1791183740759,-0.15795001,8.6629505,4.1140504,-0.162359,8.510086,4.857168,-0.04376,0.156058,-0.675179,0.0609125,0.017875,0.0111375,
36536213611866,-0.23815083503723145,-0.1265941159799695,9.631315540691242,0.013359296321868913,0.07868370824895779,0.1414780005812645,0.015717461705207825,0.015812499448657036,-0.01225345116108656,0.0,1791183740759,-0.049950004,8.71395,4.1020503,-0.160508,8.515579,4.847593,0.059733,0.157748,-0.756583,0.0246125,0.0158125,0.0048125,
36536223606635,-0.1977541446685791,-0.12696336898952723,9.687085333410312,0.0745622456073761,0.07899882752185412,0.17218399941921234,0.03918137401342392,0.043449997901916504,0.0035573053173720837,0.0,1791183740759,-0.040050004,8.754001,4.14795,-0.1589,8.519521,4.840717,0.115585,0.199296,-0.747313,-0.0072875,0.043449998,0.0026125,
36536233601354,-0.085355743765831,-0.12058523464947939,9.782211734680123,0.10032269507646562,0.07692386005309539,0.1728427976369858,0.0798066109418869,0.0859375,0.018108319491147995,0.0,1791183740759,-0.028050002,8.800051,4.2720003,-0.158848,8.521715,4.836852,0.134687,0.266533,-0.638103,-0.0369875,0.0859375,0.009075,
36536243596163,0.010583803057670593,-0.1094600671902299,9.87098811541027,0.1010166496038437,0.07897264649526628,0.14181469082832338,0.12299869954586029,0.12856249511241913,0.028429260477423668,0.0,1791183740759,-0.16305001,8.812051,4.44495,-0.160279,8.522213,4.835927,0.059504,0.285189,-0.47916,-0.0583,0.1285625,0.0207625,
36536253590686,0.13452008366584778,-0.09145708251744508,9.984171712607177,0.05625904724001884,0.09063754259366621,0.07523136734962463,0.16032004356384277,0.16046249866485596,0.032322268933057785,0.0,1791183740759,-0.17205001,8.82405,4.668,-0.162947,8.521357,4.837347,-0.016836,0.307593,-0.269891,-0.066825,0.1604625,0.039875,
36536263585676,0.1848893165588379,-0.07396224532276392,9.998818064735593,0.02459155544638634,0.10703727739406578,0.009376662969589233,0.17622530460357666,0.17641249299049377,0.030150827020406723,0.0,1791183740759,-0.26505002,8.781,4.77495,-0.166076,8.519738,4.840092,-0.054408,0.278087,-0.117012,-0.0625625,0.1764125,0.0441375,
36536273580232,0.23687981069087982,-0.05480353552848101,10.081610615998532,0.12723476961255073,0.12513778349231244,0.09630345404148102,0.17132580280303955,0.17215000092983246,0.024954145774245262,0.0,1791183740759,-0.37605003,8.769,4.96005,-0.170187,8.518044,4.842929,-0.155642,0.265416,0.007043,-0.051975,0.17215,0.042075,
36536283574953,0.32529017329216003,-0.03074080739170313,10.1684536554515,0.229417734593153,0.14762227280460136,0.17843263745307922,0.17003242671489716,0.17641249299049377,0.018250735476613045,0.0,1791183740759,-0.56505,8.766001,5.1220503,-0.176222,8.51612,4.846094,-0.29326,0.252975,0.202596,-0.0380875,0.1764125,0.032449998,
36536293569835,0.39022916555404663,-0.0027395451441407205,10.258552004462176,0.34569665268063543,0.1700065652056134,0.2543617099523544,0.15801775455474854,0.16788749396800995,0.007848422974348068,0.0,1791183740759,-0.79695004,8.78505,5.2369504,-0.184871,8.514434,4.848738,-0.512059,0.245084,0.338816,-0.016775,0.1678875,0.023924999,
36536303564538,0.4688558578491211,0.028466128371655942,10.295190582703121,0.4627068653702736,0.19464187965764893,0.3212288647890091,0.13777364790439606,0.14451250433921814,-0.0043071177788078785,0.0,1791183740759,-0.984,8.745001,5.3430004,-0.194395,8.5135,4.850003,-0.689283,0.267565,0.450078,0.0077,0.1445125,0.025024999,
36536313559307,0.4640806317329407,0.05649836752563715,10.289649705031582,0.549251127243042,0.21402342423036158,0.3770671278238297,0.12539124488830566,0.12540000677108765,-0.015553148463368416,0.0,1791183740759,-1.149,8.710951,5.355,-0.204023,8.513262,4.850025,-0.878375,0.229496,0.49794,0.029975,0.1254,0.0345125,
36536323554066,0.4184498190879822,0.08057142291218042,10.250897309331348,0.5862239271402359,0.22597085850209597,0.4133811295032501,0.11457260698080063,0.10188750177621841,-0.02445223554968834,0.0,1791183740759,-1.16805,8.67,5.3430004,-0.212325,8.513786,4.848749,-0.968234,0.169117,0.506399,0.047025,0.1018875,0.054725,
36536333548602,0.37606796622276306,0.09954880308359862,10.177721718931663,0.565351378917694,0.2339131660554462,0.4235366880893707,0.10594785213470459,0.07961250096559525,-0.032307565212249756,0.0,1791183740759,-1.0510501,8.629951,5.2920003,-0.217256,8.515141,4.84615,-0.893872,0.146214,0.463509,0.061875,0.0796125,0.0771375,
36536343543386,0.31651079654693604,0.11758873406797647,10.095564911757478,0.4840243816375732,0.23602776684611196,0.4087930142879486,0.09993379563093185,0.06572499871253967,-0.037885427474975586,0.0,1791183740759,-1.0030501,8.556001,5.2639503,-0.219111,8.517105,4.842612,-0.803431,0.091578,0.443105,0.0726,0.065725,0.089925,
36536353538155,0.22612740099430084,0.128727469407022,10.027448197437563,0.35087065994739536,0.23563016311209722,0.3602473229169846,0.10041695833206177,0.06476250290870667,-0.042615510523319244,0.0,1791183740760,-0.95295006,8.493,5.2450504,-0.219854,8.519522,4.83833,-0.723679,0.007759,0.411473,0.0820875,0.0647625,0.0930875,
36536363532823,0.17766520380973816,0.13698250688612462,9.999790673316808,0.20666078329086304,0.23430424860018642,0.30296423733234407,0.10370089113712311,0.06572499871253967,-0.04642582684755325,0.0,1791183740760,-0.95505005,8.46195,5.24205,-0.219908,8.522261,4.833499,-0.716443,-0.038075,0.394756,0.08965,0.065725,0.09845,
36536373527586,0.14876961708068848,0.14663219526410104,9.96131125201406,0.0705955594778061,0.23058733397776573,0.24902819693088532,0.10906730592250824,0.0668250024318695,-0.051801469177007675,0.0,1791183740760,-0.97905004,8.400001,5.2639503,-0.219389,8.525234,4.828274,-0.731327,-0.086539,0.42153,0.100237496,0.066825,0.1079375,
36536383522349,0.1079898551106453,0.1561347756534815,9.92176980713192,0.05894913524389264,0.2248106647565908,0.19541257470846177,0.10996344685554504,0.06476250290870667,-0.061815761029720306,0.0,1791183740760,-0.95295006,8.3880005,5.21295,-0.218582,8.528908,4.821825,-0.772836,-0.130913,0.416008,0.12045,0.0647625,0.1144,
36536393517108,0.06222519278526306,0.16647387184202672,9.856260514117919,0.1766734108328819,0.21529774605829746,0.14455545395612718,0.11061909049749374,0.06146249920129776,-0.07544412463903427,0.0,1791183740760,-0.96000004,8.38605,5.0890503,-0.216607,8.534012,4.812871,-0.734109,-0.150383,0.360318,0.1480875,0.0614625,0.122925,
36536403511645,-0.05284677445888519,0.17375135980546474,9.680086268047862,0.2883065089583397,0.2050578315461001,0.08876061886548996,0.11984339356422424,0.06366249918937683,-0.08547511696815491,0.0,1791183740760,-0.95295006,8.332951,4.833,-0.213764,8.540898,4.800771,-0.748924,-0.171634,0.164123,0.1683,0.0636625,0.138875,
36536413506433,-0.21920396387577057,0.1746987033635378,9.57416848240367,0.4039943441748619,0.20318794312958496,0.009386785328388214,0.12646770477294922,0.05829999968409538,-0.0867292508482933,0.0,1791183740760,-0.86595005,8.38305,4.5430503,-0.208839,8.549141,4.786291,-0.713147,-0.203819,-0.115884,0.1705,0.0583,0.16225,
36536423501202,-0.2949387729167938,0.16983947195112706,9.471330998493446,0.502891580760479,0.21296394027933058,0.07935489267110825,0.12706293165683746,0.045512501150369644,-0.07642366737127304,0.0,1791183740760,-0.65595,8.397,4.3320003,-0.200318,8.557908,4.770962,-0.58041,-0.155125,-0.351946,0.1491875,0.0455125,0.185625,
36536433495919,-0.3844178318977356,0.15488636754453183,9.37676275422493,0.586629444360733,0.23923601853640897,0.17783643007278443,0.12834998965263367,0.036024998873472214,-0.05616450309753418,0.0,1791183740760,-0.46695003,8.39295,4.155,-0.187548,8.56574,4.757409,-0.384884,-0.160563,-0.517958,0.1076625,0.036025,0.203775,
36536443490676,-0.4639022946357727,0.13116206265985966,9.351272505825412,0.6433092504739761,0.27344988359690786,0.28306192755699155,0.1215135008096695,0.02419999986886978,-0.03004007413983345,0.0,1791183740760,-0.32295,8.424001,4.0470004,-0.171784,8.571922,4.746855,-0.228266,-0.157169,-0.682181,0.054449998,0.0242,0.2091375,
36536453485460,-0.5196008086204529,0.09845601804554463,9.265784145156774,0.6793769717216491,0.30802468310420333,0.3764127343893051,0.12527799606323242,0.026399999856948853,-0.002924911677837372,0.0,1791183740760,-0.17895001,8.344951,4.0230002,-0.154238,8.575764,4.740517,-0.073429,-0.189741,-0.733304,-8.25E-4,0.0264,0.2112,
36536463480205,-0.531339168548584,0.06264459379017354,9.285267170681873,0.6878679722547532,0.3362369854619045,0.4388397753238678,0.13988710939884186,0.038087498396635056,0.02570558711886406,0.0,1791183740760,-0.031050002,8.326051,4.11,-0.13546,8.576612,4.739558,0.015531,-0.231289,-0.679672,-0.0594,0.0380875,0.218625,
36536473474724,-0.520576536655426,0.024771776422858237,9.288471934555506,0.679379902780056,0.35652546740262653,0.48396732807159426,0.15653835237026215,0.05829999968409538,0.04782930389046669,0.0,1791183740760,0.078,8.25105,4.2649503,-0.116169,8.574617,4.743675,0.171017,-0.269997,-0.583232,-0.1040875,0.0583,0.2154625,
36536483469471,-0.46986550092697144,-0.014986007288098336,9.381411208451734,0.6456123158335685,0.3650307713130661,0.5010568618774414,0.16568484902381897,0.07851249724626541,0.05982138216495514,0.0,1791183740760,0.054,8.224951,4.512,-0.098523,8.570223,4.752009,0.194072,-0.327852,-0.373694,-0.1274625,0.0785125,0.19745,
36536493464250,-0.3503607213497162,-0.05201550163328648,9.504905155964947,0.56710916608572,0.35956935865069584,0.4783485472202301,0.17925767600536346,0.10298749804496765,0.060921087861061096,0.0,1791183740760,-0.19095,8.184,4.8300004,-0.084537,8.564202,4.763119,0.012492,-0.350562,-0.090318,-0.1285625,0.1029875,0.1813625,
36536503458943,-0.2187187373638153,-0.08639423139393329,9.669853059924513,0.4275589182972908,0.3404884379890396,0.4181721329689026,0.20613153278827667,0.12966249883174896,0.05290897190570831,0.0,1791183740760,-0.37305,8.199,5.1130505,-0.074302,8.557313,4.775657,-0.218009,-0.370008,0.210784,-0.1115125,0.1296625,0.188925,
36536513453696,-0.05107222497463226,-0.11215187422931194,9.809122108827381,0.242763851583004,0.31651251744587894,0.32211874425411224,0.2254847288131714,0.14024999737739563,0.0344187431037426,0.0,1791183740760,-0.27495003,8.268001,5.2710004,-0.064366,8.551056,4.786998,-0.275829,-0.30629,0.438864,-0.0732875,0.14025,0.2101,
36536523448469,-0.00548437237739563,-0.13334858380258083,9.777080173645507,0.04126388132572173,0.2936372986410305,0.21910031139850616,0.23428261280059814,0.1434125006198883,0.013278404250741005,0.0,1791183740761,-0.124050006,8.27295,5.20905,-0.052138,8.546708,4.794902,-0.13004,-0.263635,0.457295,-0.0295625,0.1434125,0.2228875,
36536533443248,-0.07470685243606567,-0.15588732473552228,9.718816914975095,0.14299334585666654,0.2700213878033672,0.14006858170032502,0.2184077948331833,0.13062499463558197,6.437323754653335E-4,0.0,1791183740761,0.076050006,8.2900505,5.0719504,-0.03847,8.544277,4.799364,0.019097,-0.265993,0.321152,-0.003025,0.130625,0.2134,
36536543437803,-0.11569824814796448,-0.1774977769702673,9.65724746113988,0.28327664732933044,0.24772423593535303,0.09313608705997467,0.17708295583724976,0.10298749804496765,-0.0021284904796630144,0.0,1791183740761,0.112050004,8.280001,4.9690504,-0.024428,8.542966,4.801786,0.141524,-0.245528,0.201415,0.0034375,0.1029875,0.1782,
36536553432591,-0.1702350527048111,-0.1973158996552229,9.645006258663772,0.355400425195694,0.22985106531586894,0.08343935012817383,0.13226890563964844,0.0742499977350235,0.003388294717296958,0.0,1791183740761,-0.031050002,8.24895,4.998,-0.013117,8.541488,4.804457,0.039234,-0.28954,0.167618,-0.0072875,0.07425,0.137775,
36536563427360,-0.10333898663520813,-0.2113661091774702,9.679931557655083,0.39007462561130524,0.21458132595934196,0.093892702460289,0.09838521480560303,0.05087500065565109,0.011893817223608494,0.0,1791183740761,0.009000001,8.268001,5.0340004,-0.004353,8.538945,4.808992,-0.043749,-0.263055,0.256457,-0.0243375,0.050875,0.1101375,
36536573422136,-0.04815948009490967,-0.22121256403625011,9.84084541274422,0.39862913787364956,0.2019780332106277,0.10242772400379181,0.052496183663606644,0.01677500084042549,0.016654079779982567,0.0,1791183740761,0.14505,8.3209505,5.2519503,0.004379,8.535479,4.815143,0.072015,-0.266771,0.374805,-0.033825,0.016775,0.0771375,
36536583416836,0.11198686063289642,-0.22101271376013756,9.980536151404689,0.4132595658302307,0.20230538092419756,0.06508898138999938,0.025887394323945045,0.0030249999836087227,0.005200590938329697,0.0,1791183740761,0.291,8.401951,5.379,0.012475,8.532366,4.820644,0.236302,-0.143948,0.481832,-0.01045,0.003025,0.0473,
36536593411595,0.16160434484481812,-0.21604375615715982,9.951360421542772,0.40854367017745974,0.21026502729362492,0.00962846279144287,0.016654128208756447,0.011549999937415123,-0.008977151475846767,0.0,1791183740761,0.26295,8.344951,5.4150004,0.018664,8.530266,4.824334,0.289968,-0.149031,0.590669,0.0182875,0.01155,0.0133375,
36536603406369,0.13225993514060974,-0.20678842067718506,9.95821266168551,0.37298927903175355,0.22104259950234298,0.050870534777641294,-0.004020190332084894,0.008249999955296516,-0.02476312220096588,0.0,1791183740761,0.081,8.34195,5.43795,0.020899,8.529389,4.825877,0.165629,-0.19125,0.605886,0.0501875,0.00825,-0.0229625,
36536613400910,0.1264418065547943,-0.18950613215565681,9.972604134846682,0.3159270048141479,0.23260603008009031,0.09682669341564179,-0.02402533032000065,0.006187499966472387,-0.044243376702070236,0.0,1791183740761,-0.0049500004,8.364,5.4310503,0.018307,8.530373,4.824151,0.007809,-0.197022,0.605217,0.08965,0.0061875,-0.0600875,
36536623395679,0.16837337613105774,-0.16634052470326424,9.952297359622834,0.2802018463611603,0.2437560356107418,0.14013326466083526,-0.04518447071313858,-0.005499999970197678,-0.0635288804769516,0.0,1791183740761,-0.045,8.433001,5.2849503,0.013021,8.533387,4.818831,-0.065913,-0.137787,0.586596,0.128975,-0.0055,-0.082499996,
36536633390457,0.12637631595134735,-0.1408008173108101,9.901192362558627,0.2361472427845001,0.2463148393569789,0.14301115572452544,-0.09347227960824966,-0.05555000156164169,-0.07639575004577637,0.0,1791183740761,-0.08400001,8.503051,5.0719504,0.008661,8.538861,4.809134,-0.063946,-0.045099,0.337719,0.1555125,-0.05555,-0.092125,
36536643385203,0.03340473026037216,-0.11593546606600284,9.787361077266114,0.20081058293581008,0.23738231779700186,0.11737123280763626,-0.1390914022922516,-0.1013374999165535,-0.08035421371459961,0.0,1791183740761,-0.064050004,8.46,4.92105,0.005463,8.545632,4.7971,-0.096661,-0.085389,0.220466,0.1640375,-0.1013375,-0.1038125,
36536653379908,-0.0264811422675848,-0.09127948274835944,9.81135391263779,0.17951571978628633,0.21907821811546763,0.08562301732599735,-0.17525522410869598,-0.13750000298023224,-0.07549333572387695,0.0,1791183740761,0.049950004,8.566951,4.782,0.003695,8.552795,4.784316,-0.00152,-0.059033,0.05129,0.15455,-0.1375,-0.113299996,
36536663374686,0.01599399745464325,-0.06391282444819808,9.811375543994131,0.16596117950975897,0.1952923072999656,0.06353345550596715,-0.20118394494056702,-0.15771250426769257,-0.06645387411117554,0.0,1791183740761,0.112050004,8.61495,4.69395,0.002844,8.559771,4.771828,0.085522,0.044124,-0.046354,0.1364,-0.1577125,-0.13035,
36536673369479,0.0042100269347429276,-0.037673496268689634,9.79553705642682,0.09578976705670356,0.16509249464744022,0.03070078566670418,-0.22875279188156128,-0.1821874976158142,-0.05647403001785278,0.0,1791183740761,0.126,8.589001,4.7080503,0.002271,8.566028,4.760585,0.12919,0.040262,-0.063841,0.1161875,-0.1821875,-0.1431375,
36536683364248,-0.018285933881998062,-0.015094517916440963,9.789108541651334,0.011396798491477966,0.13200385963948721,0.0017683357000350952,-0.2444116175174713,-0.19181250035762787,-0.04861331358551979,0.0,1791183740761,0.126,8.578951,4.7130003,0.00112,8.571321,4.751051,0.11837,0.015815,-0.066278,0.100237496,-0.1918125,-0.158125,
36536693358786,0.11636091768741608,0.00824156403541565,9.908972260326559,0.032510961592197414,0.11011040576675553,0.01835957318544388,-0.25113794207572937,-0.19071249663829803,-0.04490560665726662,0.0,1791183740762,0.22905001,8.71605,4.7080503,-4.79E-4,8.576084,4.742447,0.263622,0.121185,0.021333,0.0928125,-0.1907125,-0.17407499,
36536703353573,0.03633881360292435,0.020994441583752632,9.829891381567014,0.06590312905609608,0.09708547483253159,0.030923564359545706,-0.25458860397338867,-0.19181250035762787,-0.040655817836523056,0.0,1791183740762,0.124050006,8.658,4.6530004,-0.003249,8.580798,4.733912,0.15147,0.080557,-0.070688,0.0842875,-0.1918125,-0.1793,
36536713348313,0.0478343591094017,0.02593977078795433,9.845488039488165,0.10284162797033786,0.09579912306340548,0.0372916366904974,-0.25622469186782837,-0.19607499241828918,-0.031792815774679184,0.0,1791183740762,0.08295,8.665951,4.67205,-0.005955,8.584772,4.726698,0.111081,0.090949,-0.065868,0.0661375,-0.19607499,-0.1750375,
36536723343005,0.06614235043525696,0.02952110692858696,9.846378804262725,0.09333305433392523,0.09589621756355342,0.04967810139060021,-0.23502662777900696,-0.17366249859333038,-0.01838279701769352,0.0,1791183740762,0.0019500001,8.649,4.7059503,-0.009568,8.587369,4.721972,0.06681,0.090746,-0.027623,0.0385,-0.1736625,-0.171875,
36536733337781,0.11024793982505798,0.03876884654164314,9.949412383658029,0.041986356675624836,0.0943039318207583,0.07538487613201142,-0.2163805365562439,-0.15771250426769257,-0.0065198722295463085,0.0,1791183740762,-0.016050002,8.685,4.854,-0.014201,8.588413,4.720062,0.004405,0.087307,0.070055,0.014025,-0.1577125,-0.16225,
36536743332551,0.2023429274559021,0.05467090532183647,10.014015267556495,0.006958260759711274,0.09372926924744655,0.09258127808570862,-0.19818350672721863,-0.1480875015258789,0.0032384153455495834,0.0,1791183740762,0.07095,8.70195,4.9549503,-0.017786,8.587978,4.720839,0.055874,0.128444,0.186594,-0.0061875,-0.1480875,-0.1420375,
36536753327297,0.22431007027626038,0.07439816147089004,10.034031320297146,0.06664207391440868,0.08547367486552489,0.13017552942037583,-0.17124587297439575,-0.12787500023841858,0.010918842628598213,0.0,1791183740762,-0.028050002,8.67,5.05095,-0.019795,8.58639,4.72372,0.0507,0.103695,0.277086,-0.0221375,-0.127875,-0.122925,
36536763322056,0.20679791271686554,0.08990500643849372,10.034825132647882,0.1312674544751644,0.07976369393291362,0.16196824014186859,-0.1344470977783203,-0.09171249717473984,0.018117325380444527,0.0,1791183740762,-0.17895001,8.57505,5.20905,-0.023493,8.583523,4.728913,-0.084464,0.022767,0.386815,-0.0369875,-0.0917125,-0.1123375,
36536773316604,0.2770177125930786,0.10616386607289315,10.178214152869087,0.20237497687339784,0.08303833133770454,0.20414331257343293,-0.08469792455434799,-0.03959999978542328,0.023379532620310783,0.0,1791183740762,-0.35205,8.58705,5.4529505,-0.030014,8.579164,4.73678,-0.212019,-0.01118,0.592032,-0.0477125,-0.0396,-0.1038125,
36536783311361,0.44067463278770447,0.12259825468063354,10.34844468798057,0.25186907798051833,0.11053710974855653,0.27022865116596223,-0.05202169716358185,-0.008662499487400055,0.021412096917629242,0.0,1791183740762,-0.63195,8.58405,5.7450004,-0.03924,8.573901,4.746227,-0.425453,0.034782,0.843554,-0.043449998,-0.0086624995,-0.092125,
36536793306120,0.5678089261054993,0.1429084837436676,10.509557070374484,0.31239828653633595,0.1471071057801277,0.34332185089588163,-0.042257338762283325,-0.010862499475479126,0.0069479490630328655,0.0,1791183740762,-0.90195006,8.58195,5.9989505,-0.049572,8.568624,4.755656,-0.73355,0.016118,1.133399,-0.013612499,-0.0108624995,-0.06765,
36536803300783,0.644569456577301,0.16852395981550217,10.567973953868794,0.39008209146559236,0.18319897641763924,0.42737372815608976,-0.04257487505674362,-0.02681249938905239,-0.018475327640771866,0.0,1791183740762,-1.09605,8.566951,6.09,-0.059004,8.56479,4.762447,-0.934808,7.98E-4,1.313356,0.0385,-0.0268125,-0.0389125,
36536813295546,0.6308797001838684,0.19374585449695586,10.51192808871787,0.4625119842588901,0.20862841882297462,0.5121900856494903,-0.04661431908607483,-0.048124998807907104,-0.04921168461441994,0.0,1791183740762,-1.113,8.56005,5.9989505,-0.066081,8.563712,4.764293,-1.037864,-0.0077,1.297145,0.1013375,-0.048125,-0.007975,
36536823290315,0.5381553173065186,0.2122349515557289,10.312415877289046,0.48903273046016693,0.2215461040082695,0.5644176065921783,-0.05257890373468399,-0.07039999961853027,-0.07728776335716248,0.0,1791183740762,-1.0720501,8.508,5.72805,-0.069651,8.565978,4.760167,-1.036689,-0.014755,1.119311,0.1588125,-0.0704,0.0207625,
36536833285094,0.2966010570526123,0.22074618861079215,10.054386334261013,0.44302161335945134,0.22135386097260365,0.5356028914451599,-0.0525067001581192,-0.08635000139474869,-0.09846415370702744,0.0,1791183740762,-1.01505,8.491051,5.28795,-0.06975,8.571539,4.750143,-1.000676,-0.094536,0.767811,0.2024,-0.08635,0.0504625,
36536843279630,0.02646566927433014,0.22039923556149005,9.678378964870761,0.29715871065855026,0.22165246738960406,0.42733424007892606,-0.06041554734110832,-0.10876250267028809,-0.10547459870576859,0.0,1791183740762,-0.93600005,8.412001,4.69395,-0.066185,8.579933,4.735016,-0.90129,-0.122084,0.263396,0.21725,-0.1087625,0.075075,
36536853274414,-0.32625633478164673,0.20541047593578696,9.337426513182246,0.07120084166526794,0.24657508585883134,0.23316908180713652,-0.09613174200057983,-0.16307500004768372,-0.09133162349462509,0.0,1791183740763,-0.93600005,8.307,4.1599503,-0.057993,8.589725,4.717335,-0.828079,-0.206095,-0.312684,0.1885125,-0.163075,0.09955,
36536863269159,-0.73786461353302,0.1677175453864038,8.940740130839783,0.24472309350967408,0.31948862351811347,0.04057978093624115,-0.13451102375984192,-0.227974995970726,-0.05992495268583298,0.0,1791183740763,-0.97695005,8.11695,3.6190503,-0.044867,8.598842,4.700844,-0.920214,-0.397171,-0.820523,0.1236125,-0.227975,0.137775,
36536873263908,-1.0888218879699707,0.11306594964116812,8.721542576309346,0.6362038731575013,0.42034987283150815,0.365975221991539,-0.1628323644399643,-0.2917749881744385,-0.008246836252510548,0.0,1791183740763,-0.771,8.08605,3.17595,-0.024289,8.605472,4.68885,-0.845024,-0.518723,-1.328071,0.016224999,-0.291775,0.19525,
36536883258683,-1.2350053787231445,0.0522299773991108,8.672299393110372,1.015618360042572,0.5128305270978617,0.6722965091466904,-0.16299334168434143,-0.3236750066280365,0.06417232751846313,0.0,1791183740763,-0.46695003,8.09805,3.0679502,0.005371,8.607245,4.685649,-0.640054,-0.522892,-1.621751,-0.133925,-0.323675,0.253825,
36536893253373,-1.1367229223251343,-0.010424214601516723,8.830700332908323,1.3323079556226731,0.5740595899044285,0.9049342274665833,-0.10628180205821991,-0.2780250012874603,0.14697140455245972,0.0,1791183740763,-0.40695003,8.079,3.5419502,0.04051,8.600999,4.696934,-0.423801,-0.490308,-1.470231,-0.30415,-0.278025,0.2899875,
36536903248166,-0.8098005056381226,-0.05273118056356907,9.219992219169272,1.5138331472873687,0.5996626694113583,1.0016430616378784,-0.01361951231956482,-0.1779250055551529,0.21355783939361572,0.0,1791183740763,-0.53595,8.103001,4.3660502,0.072444,8.584826,4.726046,-0.517985,-0.486107,-0.788265,-0.43821248,-0.177925,0.301675,
36536913242931,-0.3871120810508728,-0.0744785025715828,9.663109984417545,1.4959101617336272,0.6034958400959238,0.931492555141449,0.02395614981651306,-0.13433749973773956,0.2369752824306488,0.0,1791183740763,-0.72495,8.148001,5.1439505,0.09989,8.561668,4.767377,-0.72739,-0.436613,0.003586,-0.4808375,-0.1343375,0.300575,
36536923237460,-0.032049328088760376,-0.07938808649778366,10.00956752139734,1.2557409346103667,0.602730806850042,0.7201380431652069,0.023398473858833313,-0.13750000298023224,0.21377870440483093,0.0,1791183740763,-0.96195006,8.187,5.6779504,0.124946,8.537037,4.810759,-0.984684,-0.373674,0.623398,-0.427625,-0.1375,0.302775,
36536933232236,0.22150367498397827,-0.07382529973983765,10.225770912848207,0.8561704725027084,0.6049646125286935,0.4288362324237823,0.04228982329368591,-0.1289750039577484,0.1643715649843216,0.0,1791183740763,-1.06305,8.20395,6.01095,0.14929,8.515064,4.848859,-1.174227,-0.318182,1.042591,-0.3223,-0.128975,0.3218875,
36536943227016,0.3097061812877655,-0.06845713704824448,10.249222967683703,0.3727194935083389,0.607860790479735,0.1395504117012024,0.12086638808250427,-0.06091250106692314,0.10523650795221329,0.0,1791183740763,-1.1010001,8.268001,5.9560504,0.172688,8.498033,4.877874,-1.250298,-0.274815,1.145257,-0.198825,-0.0609125,0.3559875,
36536953221775,0.26655519008636475,-0.06634488105773925,10.067177756548997,0.11630050837993622,0.6089468860743577,0.07572072744369507,0.2229328453540802,0.023237500339746475,0.04793946072459221,0.0,1791183740763,-0.98595005,8.292001,5.62305,0.195728,8.487594,4.895146,-1.261367,-0.194944,0.922083,-0.0796125,0.0232375,0.4092,
36536963216544,0.07017949223518372,-0.07317580208182335,9.817193752978957,0.5331542640924454,0.6066063340530008,0.16717904210090637,0.317893922328949,0.09129999577999115,0.007500156760215759,0.0,1791183740763,-0.74700004,8.30895,5.175,0.221791,8.483188,4.901666,-1.100682,-0.188144,0.515731,0.0066,0.091299996,0.4772625,
36536973211254,-0.18710686266422272,-0.09638203084468841,9.507214702628788,0.8084640443325043,0.6016227679385812,0.1361675351858139,0.38721001148223877,0.13598750531673431,-0.0054182857275009155,0.0,1791183740763,-0.47400004,8.304001,4.605,0.252502,8.482887,4.900701,-0.880002,-0.175872,-0.024393,0.0385,0.1359875,0.5369375,
36536983206024,-0.41522735357284546,-0.1391771301627159,9.334892532494088,0.9137555569410324,0.592266965455717,0.008821329474449158,0.420839786529541,0.1498750001192093,0.009045303799211979,0.0,1791183740763,-0.10305001,8.304001,4.263,0.289003,8.484087,4.896605,-0.576526,-0.174678,-0.494348,0.016224999,0.149875,0.581625,
36536993200812,-0.47115451097488403,-0.19112530201673508,9.391602382846855,0.8542922526597977,0.5732368888093384,0.14735080897808076,0.4170941114425659,0.1381874978542328,0.04194387048482895,0.0,1791183740763,0.27195,8.424001,4.143,0.331443,8.483712,4.894564,-0.231105,-0.114448,-0.729334,-0.043449998,0.1381875,0.5985375,
36537003195586,-0.4174223840236664,-0.24422489404678344,9.427574225267183,0.647346231341362,0.5416845908895855,0.284146323800087,0.3861097991466522,0.11041250079870224,0.07903364300727844,0.0,1791183740764,0.44700003,8.43795,4.18095,0.377934,8.480218,4.897255,0.019284,-0.043916,-0.760755,-0.1126125,0.1104125,0.59015,
36537013190350,-0.36672383546829224,-0.29410507082939147,9.474075826886116,0.34861105382442475,0.5033826188513498,0.37152698934078215,0.3423348069190979,0.07535000145435333,0.11197754740715027,0.0,1791183740764,0.555,8.412001,4.3230004,0.42551,8.472996,4.905845,0.108177,-0.053454,-0.649635,-0.17435,0.07535,0.5688375,
36537023184857,-0.29352468252182007,-0.3356890708208084,9.581450766306514,0.03602567911148069,0.4658669134698017,0.39281055331230164,0.29332664608955383,0.0317624993622303,0.13603056967258453,0.0,1791183740764,0.67200005,8.445001,4.4760003,0.473887,8.462523,4.919466,0.141203,-0.042981,-0.524392,-0.2179375,0.0317625,0.5506875,
36537033179626,-0.20803436636924744,-0.3609208419919014,9.657189604859521,0.21182154417037966,0.4440952427999772,0.35137195587158204,0.25758063793182373,-0.002337499987334013,0.15156956017017365,0.0,1791183740764,0.84405005,8.467051,4.56705,0.523523,8.449784,4.936301,0.194517,-0.018271,-0.402363,-0.2435125,-0.0023375,0.5412,
36537043174332,-0.12009622156620026,-0.36824893653392793,9.746407750508189,0.35688102543354033,0.43882034267176107,0.28116029798984526,0.22866752743721008,-0.029975000768899918,0.15870630741119385,0.0,1791183740764,1.2199501,8.52705,4.5600004,0.575777,8.435955,4.954103,0.446327,0.045836,-0.367493,-0.2520375,-0.029975,0.53267497,
36537053169177,-0.06530550122261047,-0.3552013948559761,9.785665704023007,0.37791596353054047,0.44372696798655226,0.2107369214296341,0.20374329388141632,-0.04386249929666519,0.16159574687480927,0.0,1791183740764,1.6129501,8.56995,4.44,0.630604,8.422006,4.971136,0.791332,0.141188,-0.468323,-0.2541,-0.0438625,0.5082,
36537063163893,-0.11842173337936401,-0.3242292508482933,9.8535563952469,0.2972440361976624,0.43751116771134124,0.16107650101184845,0.1921951025724411,-0.031075000762939453,0.16843418776988983,0.0,1791183740764,1.8760501,8.644051,4.34205,0.684744,8.408089,4.987504,1.046044,0.162287,-0.64989,-0.2668875,-0.031075,0.46667498,
36537073158662,0.05356559157371521,-0.267109876871109,10.01793679789303,0.10047977566719056,0.4075042958050814,0.0916584461927414,0.19694790244102478,0.006187499966472387,0.18239082396030426,0.0,1791183740764,2.0629501,8.800051,4.32,0.735249,8.39344,5.004958,1.26369,0.346924,-0.662557,-0.295625,0.0061875,0.4186875,
36537083153437,0.13678687810897827,-0.19852026402950287,10.10818746382576,0.1246566116809845,0.3502438585025239,0.022694197297096253,0.21268396079540253,0.05403750017285347,0.20006440579891205,0.0,1791183740764,1.9770001,8.851951,4.4620504,0.77995,8.377446,5.024945,1.271661,0.446715,-0.675361,-0.3317875,0.0540375,0.3762,
36537093147967,0.28996047377586365,-0.12718609422445298,10.233251410334988,0.3434634655714035,0.29240666339133686,0.05931714177131653,0.25600677728652954,0.1200374960899353,0.21724960207939148,0.0,1791183740764,1.9390501,8.88405,4.69395,0.817832,8.359257,5.049154,1.10928,0.522364,-0.481698,-0.363825,0.120037496,0.3570875,
36537103142722,0.4390493333339691,-0.06474360227584838,10.42272808103469,0.5317150980234147,0.2726455542137721,0.16018810868263245,0.3053229749202728,0.1891999989748001,0.2298164814710617,0.0,1791183740764,1.93605,8.91195,5.046,0.84999,8.338758,5.077661,1.062758,0.54047,-0.218112,-0.3861,0.1892,0.3432,
36537113137506,0.6388142108917236,-0.013447287678718566,10.527688812085842,0.7044458508491516,0.3020892158938447,0.31163529753685,0.3380716145038605,0.24461250007152557,0.2330847680568695,0.0,1791183740764,1.9150501,8.88105,5.3190002,0.876618,8.316529,5.109493,1.052889,0.593823,0.078061,-0.3925625,0.2446125,0.317625,
36537123132265,0.7060674428939819,0.023458550870418548,10.561684016288101,0.7935076236724854,0.3402405384731915,0.4421356678009033,0.3316427171230316,0.2583625018596649,0.2279389202594757,0.0,1791183740764,1.812,8.818951,5.5219502,0.898273,8.293648,5.142813,0.973773,0.549666,0.288949,-0.385,0.2583625,0.2825625,
36537133127034,0.713252067565918,0.04804597049951553,10.535808987751533,0.8385890036821366,0.37011990495109753,0.5574287056922913,0.2940204441547394,0.24131250381469727,0.22166216373443604,0.0,1791183740764,1.8070501,8.74005,5.59905,0.915784,8.270859,5.176315,0.898802,0.507812,0.379946,-0.377575,0.2413125,0.237875,
36537143121798,0.6918923854827881,0.06715528070926666,10.485320939798653,0.8485520094633102,0.39233555193631137,0.6378150880336761,0.2289905548095703,0.1966249942779541,0.21786712110042572,0.0,1791183740764,1.7880001,8.685,5.5960503,0.930908,8.248257,5.209573,0.871707,0.472953,0.396967,-0.376475,0.196625,0.186725,
36537153116505,0.669823944568634,0.08731871843338013,10.44372749197158,0.8450465112924576,0.4119382002427523,0.6839700102806091,0.12829764187335968,0.11577499657869339,0.22008098661899567,0.0,1791183740764,1.7880001,8.62695,5.6080503,0.94478,8.225695,5.242648,0.872199,0.46439,0.366286,-0.3883,0.115775,0.12815,
36537163111268,0.5752577781677246,0.11257263273000717,10.399632109464196,0.7629171699285507,0.42537613858669204,0.6712587237358093,0.006677929311990738,0.01251249946653843,0.22466152906417847,0.0,1791183740765,1.6870501,8.59395,5.6080503,0.958293,8.20276,5.276017,0.7701,0.393952,0.316157,-0.4052125,0.0125124995,0.06655,
36537173106022,0.590435266494751,0.15144973918795585,10.379143424976768,0.6708264857530594,0.4316951177762193,0.6481322884559632,-0.13237598538398743,-0.10876250267028809,0.23184576630592346,0.0,1791183740765,1.623,8.509951,5.71605,0.972154,8.179278,5.309836,0.729903,0.407857,0.327828,-0.427625,-0.1087625,0.0015125,
36537183100791,0.5714954137802124,0.20078587755560875,10.473033234810472,0.5604638159275055,0.42034794186124325,0.619780957698822,-0.2608814239501953,-0.22055000066757202,0.23231543600559235,0.0,1791183740765,1.4599501,8.42895,6.0420003,0.985831,8.154833,5.344795,0.574969,0.298227,0.486799,-0.43725,-0.22055,-0.0611875,
36537193095580,0.7915465831756592,0.2639209322631359,10.732080530088048,0.4795236885547638,0.40936667349989575,0.6397117972373962,-0.3532356917858124,-0.30250000953674316,0.2141825407743454,0.0,1791183740765,1.2390001,8.36205,6.6120005,0.998125,8.130109,5.380065,0.373533,0.289432,0.935158,-0.410575,-0.3025,-0.1101375,
36537203090147,0.9831395745277405,0.33394903019070626,10.959239751083599,0.3907396256923676,0.40660727478689923,0.7023749232292176,-0.38334742188453674,-0.32903748750686646,0.16403630375862122,0.0,1791183740765,1.005,8.314051,7.0690503,1.007182,8.107461,5.412456,0.091537,0.2211,1.431885,-0.3232625,-0.3290375,-0.141075,
36537213084894,1.1483078002929688,0.4097006119787693,11.172066511605879,0.37484925985336304,0.41012566471121903,0.8169849276542663,-0.36055243015289307,-0.31418749690055847,0.0854937806725502,0.0,1791183740765,0.9670501,8.3209505,7.392,1.012972,8.090466,5.436751,-0.084241,0.199788,1.788269,-0.181775,-0.3141875,-0.1485,
36537223079679,1.3413997888565063,0.49144683554768565,11.231491835661457,0.40974912643432615,0.4244967524675549,0.9671778321266175,-0.2809126675128937,-0.23966249823570251,-0.015039441175758839,0.0,1791183740765,0.96405005,8.328,7.4740505,1.015254,8.081916,5.449031,-0.081735,0.258617,2.04414,-8.25E-4,-0.2396625,-0.1496,
36537233074448,1.2489278316497803,0.564294945448637,11.050100089854922,0.46484922766685477,0.42322077113534107,1.102664315700531,-0.17395290732383728,-0.13323749601840973,-0.12462987005710602,0.0,1791183740765,0.88005006,8.2900505,7.25295,1.011804,8.08406,5.446487,-0.090256,0.21577,1.943733,0.19607499,-0.1332375,-0.1516625,
36537243069144,1.0271363258361816,0.6216565728187561,10.763539431666835,0.4658122539520263,0.4038774672117772,1.1497822642326354,-0.0728665441274643,-0.031075000762939453,-0.22828352451324463,0.0,1791183740765,0.73200005,8.25105,6.873,1.001615,8.09744,5.428463,-0.190199,0.152112,1.662482,0.38334998,-0.031075,-0.155925,
36537253063921,0.781257688999176,0.6639847323298455,10.450214546308358,0.43814716339111326,0.3728312174289392,1.1094058871269226,0.01142214983701706,0.04977500066161156,-0.3125065267086029,0.0,1791183740765,0.59295005,8.30895,6.3100505,0.985683,8.121263,5.395694,-0.322708,0.164202,1.230775,0.5396875,0.049775,-0.1527625,
36537263058686,0.4727362394332886,0.6935426309704781,10.068558488474745,0.32615928649902337,0.3306814974262643,0.9742915749549865,0.07065847516059875,0.10092499852180481,-0.36663946509361267,0.0,1791183740765,0.45900002,8.328,5.6400003,0.966244,8.153713,5.350081,-0.46368,0.19879,0.646713,0.6461125,0.100925,-0.141075,
36537273053470,0.0869784951210022,0.6952132761478425,9.757015112331935,0.10362635850906377,0.3275132572613765,0.7234073162078858,0.10636655241250992,0.12319999933242798,-0.3828531801700592,0.0,1791183740765,0.37500003,8.3539505,5.0269504,0.9463,8.19137,5.295847,-0.534717,0.149163,0.025783,0.6876375,0.1232,-0.1166,
36537283048253,-0.218231201171875,0.6774623721837998,9.548979779982556,0.20973628759384155,0.36479703623573684,0.4299755096435547,0.1317121833562851,0.1317249983549118,-0.3624722957611084,0.0,1791183740765,0.23895001,8.39295,4.5480003,0.928051,8.230354,5.238322,-0.61463,0.122149,-0.4913,0.6642625,0.131725,-0.0782375,
36537293042792,-0.3973188102245331,0.6430984079837799,9.406009628366249,0.5572904407978059,0.42678547192975325,0.14508448243141175,0.14359663426876068,0.12319999933242798,-0.3191997706890106,0.0,1791183740766,0.16395001,8.3880005,4.25295,0.912952,8.267381,5.182366,-0.688116,0.121035,-0.823205,0.5982625,0.1232,-0.0303875,
36537303037563,-0.5237299203872681,0.594959445297718,9.321786045144826,0.9328979671001434,0.49580348473260927,0.11591303944587708,0.15212786197662354,0.1083500012755394,-0.2635021507740021,0.0,1791183740766,0.078,8.412001,4.01595,0.902296,8.300144,5.131614,-0.794776,0.090666,-1.007085,0.5077875,0.10835,0.0259875,
36537313032327,-0.6053893566131592,0.5327492669224739,9.23672957353916,1.298715990781784,0.5602648386867568,0.3315381586551666,0.15151268243789673,0.08167500048875809,-0.19926874339580536,0.0,1791183740766,0.07395,8.40495,3.82995,0.897421,8.327597,5.087803,-0.825814,0.096732,-1.178752,0.3993,0.081675,0.087725,
36537323027101,-0.7079253196716309,0.46204962879419326,9.09942075023193,1.593183237314224,0.6199677109512608,0.49051892161369326,0.12913930416107178,0.036024998873472214,-0.12525127828121185,0.0,1791183740766,0.15,8.302051,3.7219503,0.899847,8.34841,5.053145,-0.765991,0.020853,-1.270987,0.2684,0.036025,0.1431375,
36537333021880,-0.8613700866699219,0.3833185210824013,8.956969919304965,1.768928962945938,0.6801310382583146,0.6191466987133026,0.08050887286663055,-0.035337500274181366,-0.048904985189437866,0.0,1791183740766,0.25995,8.14605,3.7150502,0.910507,8.361739,5.029144,-0.740738,-0.124156,-1.337965,0.130075,-0.0353375,0.1920875,
36537343016561,-0.9448361396789551,0.3014820948243141,8.899336792565439,1.8380560517311095,0.734384012077601,0.728650164604187,0.021238766610622406,-0.11096250265836716,0.026446666568517685,0.0,1791183740766,0.492,7.9669504,3.93495,0.929966,8.366656,5.017394,-0.532747,-0.318215,-1.216082,-0.00935,-0.1109625,0.22825,
36537353011330,-0.9071125984191895,0.22263526767492295,8.931769968394537,1.7796182751655578,0.7741797761223375,0.8053267002105713,-0.022431686520576477,-0.16513749957084656,0.08799267560243607,0.0,1791183740766,0.80895007,7.83195,4.2169504,0.957574,8.363172,5.018008,-0.263475,-0.467961,-0.941363,-0.1232,-0.1651375,0.254925,
36537363006085,-0.8552972078323364,0.1511075183749199,8.973433184628568,1.5787155866622924,0.8038145906732824,0.8553082704544067,-0.050792619585990906,-0.19607499241828918,0.12773101031780243,0.0,1791183740766,1.08105,7.69605,4.48605,0.99109,8.353302,5.027933,-0.016868,-0.59456,-0.675955,-0.196625,-0.19607499,0.2655125,
36537373000820,-0.7986575365066528,0.0816528782248497,8.960129126515646,1.3034302234649657,0.8226458464012255,0.8734547138214112,-0.07166087627410889,-0.21312500536441803,0.1488986611366272,0.0,1791183740766,1.2250501,7.62405,4.545,1.027596,8.339391,5.043669,0.140555,-0.662053,-0.485789,-0.2360875,-0.213125,0.26125,
36537382995584,-0.8906773328781128,0.008544240891933442,8.828061773571832,1.024400645494461,0.840639835029083,0.8793161630630493,-0.09373141825199127,-0.22907499969005585,0.1657716929912567,0.0,1791183740766,1.40505,7.5139503,4.4160004,1.065341,8.323662,5.06179,0.232096,-0.725331,-0.580524,-0.2679875,-0.229075,0.251625,
36537392990123,-1.024480938911438,-0.08225713521242142,8.725533478044806,0.7793320834636689,0.8491954192290364,0.8952451229095459,-0.11524870991706848,-0.24076250195503235,0.1937660574913025,0.0,1791183740766,1.5289501,7.3900504,4.38,1.104865,8.30569,5.082794,0.37932,-0.822281,-0.714056,-0.3212,-0.2407625,0.2410375,
36537402984909,-1.1141271591186523,-0.18712047189474107,8.738081752175683,0.6051098763942719,0.8406074116464733,0.9366480350494385,-0.1306479424238205,-0.24392500519752502,0.22832874953746796,0.0,1791183740766,1.7160001,7.2910504,4.5,1.144845,8.284,5.109273,0.451868,-0.956215,-0.687863,-0.3861,-0.243925,0.2314125,
36537412979659,-1.0341410636901855,-0.2962429150938988,8.873481645493225,0.4818978846073151,0.8008850563867407,0.9724168062210083,-0.16042885184288025,-0.258774995803833,0.25604164600372314,0.0,1791183740766,1.9579501,7.215,4.7800503,1.186067,8.258244,5.141468,0.666825,-0.999891,-0.518945,-0.4393125,-0.258775,0.2112,
36537422974432,-0.9245045185089111,-0.40953813046216964,8.999237679355703,0.3784395039081573,0.7170934517511859,0.9975862026214599,-0.192439466714859,-0.2694999873638153,0.26445040106773376,0.0,1791183740767,2.11095,7.1070004,5.1010504,1.226781,8.229429,5.17798,0.793705,-1.071632,-0.234633,-0.459525,-0.2695,0.172975,
36537432969198,-0.7917806506156921,-0.5115735545754433,9.151934365585095,0.24915670156478886,0.6112215560718752,0.9778068661689758,-0.21856608986854553,-0.267300009727478,0.2548540532588959,0.0,1791183740767,2.3070002,7.0540504,5.355,1.26477,8.199485,5.216208,0.966406,-1.101543,0.009653,-0.4500375,-0.2673,0.1186625,
36537442963952,-0.6655919551849365,-0.5962099686264992,9.31938210134201,0.10070236921310427,0.4992325576382216,0.9060290694236756,-0.22777733206748962,-0.2428250014781952,0.22852495312690735,0.0,1791183740767,2.4079502,7.0690503,5.5750504,1.297871,8.170442,5.253512,1.072169,-1.115596,0.228528,-0.412775,-0.242825,0.054725,
36537452958711,-0.5629353523254395,-0.66341962069273,9.40522067740068,0.05951756238937378,0.38716987471831704,0.7957907080650329,-0.22119703888893127,-0.1970375031232834,0.19179008901119232,0.0,1791183740767,2.39805,7.05,5.7450004,1.323254,8.144063,5.288028,1.09467,-1.09161,0.364001,-0.3595625,-0.1970375,-0.0165,
36537462953392,-0.47944942116737366,-0.7110289037227631,9.495209506841459,0.18860233426094053,0.2911762573588357,0.6848523795604706,-0.19822770357131958,-0.13433749973773956,0.14627930521965027,0.0,1791183740767,2.36205,7.0639505,5.8890004,1.339051,8.121372,5.318862,1.028595,-1.076102,0.500761,-0.2913625,-0.1343375,-0.0867625,
36537472948157,-0.3641396164894104,-0.7335848093032837,9.586036240007694,0.3065367639064789,0.24176571804607674,0.5727793991565704,-0.16148605942726135,-0.05871250107884407,0.0967782512307167,0.0,1791183740767,2.262,7.1449504,5.9770503,1.344704,8.103271,5.344979,0.965481,-1.000541,0.606326,-0.215875,-0.0587125,-0.1527625,
36537482942931,-0.25569799542427063,-0.7354581490159035,9.687087511677651,0.4296822547912598,0.2378791211811681,0.4655628681182861,-0.12800700962543488,0.008249999955296516,0.04791206121444702,0.0,1791183740767,2.01795,7.2840004,6.0589504,1.34007,8.090231,5.365854,0.795338,-0.886944,0.671642,-0.14025,0.00825,-0.2112,
36537492937469,-0.14887797832489014,-0.7230361074209213,9.754816745126512,0.5744279623031616,0.26061288031680063,0.3622200727462769,-0.09524702280759811,0.06572499871253967,0.003953170031309128,0.0,1791183740767,1.70595,7.4659505,6.0420003,1.325458,8.082283,5.381439,0.520252,-0.73295,0.701547,-0.0699875,0.065725,-0.254925,
36537502932241,-0.04426240921020508,-0.6990627318620681,9.785895619274063,0.7139313220977783,0.2973127806048223,0.25848548412322997,-0.0695941299200058,0.10724999755620956,-0.029613681137561798,0.0,1791183740767,1.36905,7.6840506,5.9029503,1.302732,8.079288,5.391476,0.243702,-0.490535,0.595741,-0.014712499,0.10725,-0.2836625,
36537512927000,-0.033618003129959106,-0.6704741641879082,9.775201769198642,0.8282670021057128,0.3305747761061822,0.16931920051574706,-0.05801205337047577,0.12430000305175781,-0.04485147073864937,0.0,1791183740767,1.1080501,7.8469505,5.7229505,1.274362,8.080026,5.397145,-0.051144,-0.311708,0.417689,0.0119624995,0.1243,-0.29425,
36537522921793,-0.014200061559677124,-0.6357879012823104,9.82980850497177,0.8784755766391754,0.3599183257351138,0.09933128952980042,-0.06351568549871445,0.1200374960899353,-0.043730229139328,0.0,1791183740767,1.0309501,8.007,5.6080503,1.243705,8.082565,5.400494,-0.178504,-0.161017,0.256324,0.0108624995,0.120037496,-0.29741248,
36537532916572,0.11199365556240082,-0.5871197141706943,9.9921915911309,0.8802361100912094,0.3906239950167919,0.025792959332466125,-0.09771131724119186,0.08923749625682831,-0.03179679438471794,0.0,1791183740767,1.098,8.17695,5.637,1.213808,8.085055,5.403567,-0.12227,0.018451,0.202972,-0.01155,0.089237496,-0.3081375,
36537542911289,0.2577372193336487,-0.5269910462200642,10.183262765452561,0.8513207882642746,0.4222117461937307,0.05553008019924164,-0.15504351258277893,0.04441250115633011,-0.02543957531452179,0.0,1791183740767,1.02195,8.304001,5.8050003,1.184166,8.086797,5.407538,-0.128542,0.124448,0.309134,-0.0286,0.0444125,-0.3411375,
36537552906070,0.522064745426178,-0.4555321790277958,10.448219522365685,0.8536478906869889,0.4700613490817657,0.16879551112651825,-0.22426803410053253,-0.007699999958276749,-0.03118891268968582,0.0,1791183740767,0.90405005,8.481,6.0349503,1.153049,8.088472,5.411755,-0.176433,0.31431,0.513213,-0.0264,-0.0077,-0.3889875,
36537562900928,0.7301818132400513,-0.3762582279741764,10.592130589917042,0.8943348735570907,0.5262875566124958,0.32155547440052035,-0.2978026866912842,-0.06407500058412552,-0.05069716274738312,0.0,1791183740768,0.65805006,8.61795,6.123,1.119079,8.091548,5.414289,-0.355547,0.466857,0.697427,1.375E-4,-0.064075,-0.4433,
36537572895633,0.8386527895927429,-0.2943927116692066,10.63426118470942,0.9576889127492905,0.5789266013262047,0.49212604463100434,-0.3723287880420685,-0.1311749964952469,-0.07556690275669098,0.0,1791183740768,0.47295,8.7300005,6.0540004,1.083194,8.097314,5.412966,-0.508805,0.599955,0.722692,0.0396,-0.131175,-0.4857875,
36537582890402,0.7983787655830383,-0.20993990674614907,10.60626050782312,0.9916231393814087,0.6082379806161636,0.6294030666351318,-0.4217127561569214,-0.17682500183582306,-0.08932967483997345,0.0,1791183740768,0.22005,8.7949505,5.92395,1.045971,8.10561,5.407867,-0.706213,0.663485,0.588927,0.062975,-0.176825,-0.5113625,
36537592885171,0.8189996480941772,-0.1177658773958683,10.662227321156891,1.0001410365104675,0.6174296438454084,0.7416555523872376,-0.4281696081161499,-0.19071249663829803,-0.09184613823890686,0.0,1791183740768,0.0019500001,8.895,5.87895,1.008077,8.115244,5.400611,-0.888586,0.771166,0.493233,0.0726,-0.1907125,-0.5039375,
36537602879682,0.8323329091072083,-0.020442873984575272,10.715741449211322,0.9730283856391906,0.6060075850399819,0.8037091851234436,-0.39918678998947144,-0.17682500183582306,-0.08966819196939468,0.0,1791183740768,-0.0139500005,8.910001,5.95305,0.970488,8.124906,5.392965,-1.013803,0.778264,0.522426,0.077825,-0.176825,-0.473,
36537612874662,0.9007865190505981,0.07630350515246391,10.784906917428955,0.9371614158153534,0.5907108514229608,0.837830126285553,-0.34744399785995483,-0.13750000298023224,-0.09783126413822174,0.0,1791183740768,0.010950001,8.90295,6.0870004,0.934143,8.134665,5.384663,-0.943939,0.780475,0.624102,0.1013375,-0.1375,-0.4422,
36537622869212,0.9790518283843994,0.17148132249712944,10.862484803662012,0.8917028933763504,0.574932504575971,0.8659099340438843,-0.2845202684402466,-0.07796250283718109,-0.1267302930355072,0.0,1791183740768,-0.0019500001,8.93595,6.1759505,0.897017,8.145947,5.373913,-0.858929,0.762011,0.773716,0.159775,-0.0779625,-0.42734998,
36537632864000,1.042181134223938,0.26317941173911097,10.852571521680682,0.8591403275728225,0.5600455980651604,0.9146704077720642,-0.20967113971710205,-0.004537499975413084,-0.16607320308685303,0.0,1791183740768,-0.186,8.991,6.0750003,0.856814,8.160768,5.357959,-0.938436,0.819016,0.808823,0.2374625,-0.0045375,-0.4145625,
36537642858780,0.968485951423645,0.34488330706954,10.745689619751783,0.7757721573114396,0.5373244816171955,0.9445676684379578,-0.13904032111167908,0.05829999968409538,-0.201800137758255,0.0,1791183740768,-0.36795002,9.003,5.8549504,0.813229,8.179933,5.335479,-1.107935,0.845341,0.651738,0.3108875,0.0583,-0.39214998,
36537652853558,0.7983648777008057,0.4129483185708523,10.591530174968344,0.6162185877561569,0.5031503687590214,0.9377740621566772,-0.0779254138469696,0.1083500012755394,-0.2275267243385315,0.0,1791183740768,-0.47895002,8.950951,5.64195,0.767862,8.202682,5.307204,-1.179883,0.76992,0.454958,0.3674,0.10835,-0.3645125,
36537662848327,0.6536254286766052,0.46960206106305125,10.4515749404747,0.3962157994508743,0.4615498178050934,0.8883418440818787,-0.05086033046245575,0.11797499656677246,-0.24123945832252502,0.0,1791183740768,-0.54105,8.958,5.3569503,0.723224,8.227779,5.274523,-1.250168,0.740035,0.231459,0.4024625,0.117975,-0.3337125,
36537672843091,0.51543790102005,0.5135809369385242,10.302941068667876,0.16621599197387704,0.42005104423090445,0.7956190586090088,-0.06749841570854187,0.08277499675750732,-0.24128457903862,0.0,1791183740768,-0.48105,8.967,5.05095,0.682034,8.254169,5.238655,-1.211372,0.723221,-0.017581,0.4109875,0.082775,-0.3102,
36537682837792,0.3201645314693451,0.542374063283205,10.125583773499104,0.09043981432914738,0.38457096502614607,0.6512157380580902,-0.11845347285270691,0.017875000834465027,-0.22948098182678223,0.0,1791183740768,-0.37605003,8.955001,4.71105,0.645996,8.280736,5.201164,-1.069989,0.667924,-0.32725,0.3950375,0.017875,-0.3007125,
36537692832575,0.14035049080848694,0.5568354867398739,9.965278082473011,0.318120539188385,0.3631464893987645,0.48558864593505857,-0.17578771710395813,-0.05348749831318855,-0.2056543380022049,0.0,1791183740768,-0.31095,8.91705,4.4380503,0.615738,8.306336,5.163879,-0.953539,0.615987,-0.610787,0.3557125,-0.0534875,-0.2899875,
36537702827320,-0.02387353777885437,0.5578549303114414,9.82007860472572,0.5166891634464263,0.3614824311492128,0.3211409628391266,-0.20936310291290283,-0.09913749992847443,-0.17080867290496826,0.0,1791183740768,-0.32295,8.86695,4.20795,0.590064,8.329483,5.129474,-0.875193,0.537774,-0.818197,0.2949375,-0.0991375,-0.2729375,
36537712822084,-0.11273038387298584,0.55389931127429,9.737573074343105,0.6980401337146759,0.3683016735474886,0.16786980032920837,-0.223792165517807,-0.1289750039577484,-0.13221029937267303,0.0,1791183740768,-0.282,8.85,4.05195,0.568334,8.349581,5.099169,-0.853463,0.522464,-0.977034,0.22687499,-0.128975,-0.24419999,
36537722816845,-0.2151089310646057,0.5438538677990437,9.625994071408716,0.892909973859787,0.38597545358715113,0.02176043391227722,-0.22300919890403748,-0.1438249945640564,-0.0912698358297348,0.0,1791183740769,-0.21300001,8.75205,4.0020003,0.550852,8.365952,5.074191,-0.783308,0.443843,-1.062189,0.15345,-0.143825,-0.2102375,
36537732811614,-0.3268183469772339,0.5219132676720619,9.496872248576185,1.0522038102149964,0.42080162068532057,0.10763614177703858,-0.20101788640022278,-0.13323749601840973,-0.05042630806565285,0.0,1791183740769,-0.13095,8.589001,4.05,0.536823,8.377962,5.055847,-0.692665,0.290576,-1.041451,0.078925,-0.1332375,-0.1772375,
36537742806156,-0.37871813774108887,0.49009049981832503,9.472096385534968,1.149223929643631,0.4616586537828117,0.21144986748695374,-0.16391581296920776,-0.10559999942779541,-0.014376243576407433,0.0,1791183740769,-0.19095,8.43105,4.31295,0.5247,8.385304,5.044933,-0.692513,0.137187,-0.891673,0.012925,-0.1056,-0.1442375,
36537752800928,-0.3353821337223053,0.44721815586090086,9.528452677158224,1.1620934307575226,0.4952876038760408,0.2737515866756439,-0.1143670380115509,-0.06613750010728836,0.0050500002689659595,0.0,1791183740769,-0.08805001,8.27505,4.72305,0.513553,8.388319,5.041067,-0.664607,-0.03342,-0.528677,-0.0210375,-0.0661375,-0.1101375,
36537762795697,-0.21571363508701324,0.39992338344454764,9.59918624240358,1.0899672955274582,0.5109241836691197,0.2943482369184494,-0.0722074806690216,-0.027912499383091927,-4.6617118641734123E-4,0.0,1791183740769,-0.025950002,8.151,5.07,0.503289,8.388978,5.041005,-0.570546,-0.141819,-0.126389,-0.0083875,-0.0279125,-0.0930875,
36537772790471,-0.1794765591621399,0.3490169160068035,9.598393815772486,0.9384375005960464,0.5153766516972229,0.2872217625379562,-0.03933614864945412,0.008249999955296516,-0.025663338601589203,0.0,1791183740769,-0.055050004,8.06505,5.2039504,0.49217,8.390001,5.040405,-0.506754,-0.255369,0.125602,0.0407,0.00825,-0.0941875,
36537782785254,-0.2573571503162384,0.2962301202118397,9.604213045761876,0.7589181691408158,0.5206868724358908,0.27332952320575715,-0.009248349815607071,0.04028749838471413,-0.05941710248589516,0.0,1791183740769,0.15495001,8.07705,5.1940503,0.479175,8.393513,5.035808,-0.503336,-0.371408,0.166111,0.1065625,0.0402875,-0.0952875,
36537792780034,-0.1865631490945816,0.24595198035240173,9.536276089082506,0.5560394883155823,0.5163109488085716,0.23489852547645568,0.021203037351369858,0.08813749998807907,-0.08824633061885834,0.0,1791183740769,0.35595003,8.080951,5.05095,0.465441,8.400153,5.026013,-0.16399,-0.289463,0.135205,0.160875,0.0881375,-0.1208625,
36537802774709,-0.3932783901691437,0.18467141538858414,9.348952384163784,0.4143475770950317,0.5158103642491211,0.24647777676582336,0.037008509039878845,0.13598750531673431,-0.10647424310445786,0.0,1791183740769,0.30600002,7.9999504,4.82805,0.446502,8.409471,5.012134,-0.113927,-0.404126,-0.080759,0.192775,0.1359875,-0.172975,
36537812769478,-0.4780672490596771,0.11572872698307038,9.301797695813507,0.32070893347263335,0.5075700172048401,0.29894849956035613,0.0301394984126091,0.1541374921798706,-0.111988365650177,0.0,1791183740769,0.14805001,8.023951,4.70295,0.421766,8.420373,4.995944,-0.187353,-0.407845,-0.234557,0.2013,0.15413749,-0.2176625,
36537822764239,-0.49037688970565796,0.0422572910785675,9.292662669616657,0.2534924238920212,0.4830436134862699,0.36112856566905976,0.011493638157844543,0.15193749964237213,-0.10633786767721176,0.0,1791183740769,-0.16305001,7.9900503,4.74195,0.392207,8.431361,4.979793,-0.38285,-0.394891,-0.26629,0.1896125,0.1519375,-0.2495625,
36537832759022,-0.4875412583351135,-0.03422882854938507,9.356225458889988,0.19571551978588106,0.4376333471956211,0.4071653872728348,0.007279887795448303,0.1508374959230423,-0.0994839072227478,0.0,1791183740769,-0.31605002,8.038051,4.7779503,0.358877,8.441372,4.965326,-0.620064,-0.416873,-0.208727,0.177925,0.1508375,-0.254925,
36537842753782,-0.4405874013900757,-0.10468249619007111,9.400213962563114,0.18421865105628965,0.38018909148061686,0.45797023773193357,0.02314399927854538,0.1615625023841858,-0.09360067546367645,0.0,1791183740769,-0.28500003,8.047951,4.84905,0.325373,8.450585,4.951946,-0.639233,-0.406932,-0.135493,0.1694,0.1615625,-0.2410375,
36537852748580,-0.42718571424484253,-0.16596002578735353,9.351274692349241,0.17040346562862396,0.3243678435904748,0.4647517025470734,0.04284624010324478,0.17531250417232513,-0.0905216857790947,0.0,1791183740769,-0.27495003,8.017051,4.806,0.29315,8.45905,4.939487,-0.59025,-0.424975,-0.084726,0.1662375,0.1753125,-0.2250875,
36537862743112,-0.474223792552948,-0.2223524868488312,9.313622918562118,0.17676124870777132,0.2705544306189522,0.46398301124572755,0.054874517023563385,0.18067499995231628,-0.08920813351869583,0.0,1791183740769,-0.13605,8.019,4.73505,0.262746,8.467509,4.926691,-0.47126,-0.447799,-0.148544,0.1662375,0.180675,-0.2102375,
36537872737866,-0.5059165358543396,-0.2734202086925507,9.240229058242022,0.1937614172697067,0.21770503757624013,0.46709094047546384,0.04688854515552521,0.17531250417232513,-0.0858430340886116,0.0,1791183740769,0.028050002,7.9999504,4.62405,0.234416,8.475867,4.913729,-0.272942,-0.458551,-0.205014,0.160875,0.1753125,-0.2165625,
36537882732645,-0.6002392768859863,-0.31944039911031724,9.204392767585562,0.2547320187091828,0.18166182438551212,0.48963054418563845,0.02192751318216324,0.15729999542236328,-0.07901305705308914,0.0,1791183740769,0.066,7.998,4.5550504,0.206941,8.48403,4.900862,-0.176036,-0.497838,-0.331012,0.1480875,0.1573,-0.2347125,
36537892727415,-0.5951367616653442,-0.3562147617340088,9.249647462873277,0.27406263947486875,0.15772985065098244,0.5205404162406921,-0.0021960660815238953,0.14135000109672546,-0.07270503789186478,0.0,1791183740770,0.04695,8.0119505,4.62195,0.179213,8.491652,4.888736,-0.121971,-0.500672,-0.318886,0.1364,0.14135,-0.254925,
36537902722198,-0.5005790591239929,-0.3800500378012657,9.355889481998535,0.23627058565616604,0.14081940016284533,0.5352190852165222,-0.009153991937637329,0.1424500048160553,-0.07313118129968643,0.0,1791183740770,0.049950004,8.08605,4.7059503,0.150171,8.498728,4.877403,-0.112083,-0.455075,-0.209391,0.13859999,0.14245,-0.270875,
36537912716967,-0.4123304784297943,-0.3950300425291061,9.403997547000293,0.16171185672283167,0.1268259216174646,0.5228404223918914,-0.006643503904342651,0.1541374921798706,-0.08282458037137985,0.0,1791183740770,0.102000006,8.115001,4.7509503,0.119856,8.506325,4.864987,-0.069796,-0.395634,-0.137119,0.159775,0.15413749,-0.286825,
36537922711751,-0.43032053112983704,-0.4057906225323677,9.360500502039697,0.10055583417415614,0.120052967159773,0.507721221446991,-0.0018387436866760254,0.16898749768733978,-0.0976691022515297,0.0,1791183740770,0.076050006,8.10795,4.677,0.088222,8.515092,4.850303,0.00972,-0.428343,-0.117646,0.1918125,0.1689875,-0.303875,
36537932706442,-0.4949183166027069,-0.4141956210136414,9.268931100817056,0.02868679165840149,0.12011422564206256,0.48665702939033506,0.014943301677703857,0.19456249475479126,-0.11414958536624908,0.0,1791183740770,0.025950002,8.12205,4.46595,0.054281,8.52587,4.831832,-0.006616,-0.427151,-0.25001,0.227975,0.1945625,-0.3155625,
36537942701187,-0.580345630645752,-0.4242769956588745,9.17957329206792,0.01894710063934324,0.12507258604876043,0.4836988031864166,0.03918568789958954,0.2232999950647354,-0.12602616846561432,0.0,1791183740770,0.061950002,8.14095,4.24095,0.018381,8.538972,4.808913,-0.013812,-0.401946,-0.468906,0.2556125,0.2233,-0.317625,
36537952695951,-0.6534596681594849,-0.4401808723807335,9.107009361222447,0.050291913747787464,0.1327453898669574,0.514274924993515,0.06185734272003174,0.25203749537467957,-0.1340070515871048,0.0,1791183740770,0.15300001,8.139,4.083,-0.01813,8.553811,4.782471,0.137621,-0.395236,-0.631606,0.275825,0.2520375,-0.3229875,
36537962690710,-0.7992432117462158,-0.4693573512136936,8.949768272452856,0.12456653118133543,0.14386480723393477,0.5916574716567993,0.06345973908901215,0.2648249864578247,-0.14064058661460876,0.0,1791183740770,0.24300002,8.080951,3.8389502,-0.055513,8.569934,4.753227,0.249225,-0.476003,-0.786715,0.293975,0.264825,-0.3432,
36537972685495,-0.8873341083526611,-0.5047502286732197,8.94786873664696,0.19342964291572573,0.15484867381088788,0.6830601871013642,0.028521493077278137,0.24557499587535858,-0.13695119321346283,0.0,1791183740770,0.34395,8.10105,3.7840502,-0.093625,8.586689,4.722288,0.378316,-0.504729,-0.916188,0.291775,0.245575,-0.3815625,
36537982680264,-0.8423988223075867,-0.534002312272787,9.00350954580454,0.23201587200164797,0.16050728726226357,0.7525562882423401,-0.01853501796722412,0.22439999878406525,-0.12803137302398682,0.0,1791183740770,0.36795002,8.22,3.6550503,-0.134157,8.603011,4.691504,0.538558,-0.425283,-0.964412,0.2800875,0.2244,-0.4422,
36537992674799,-0.8128431439399719,-0.5653163120150566,9.015415285641476,0.2638367056846619,0.1504457860798225,0.7990557909011841,-0.07670228183269501,0.19236250221729279,-0.1128523126244545,0.0,1791183740770,0.22905001,8.280001,3.55905,-0.178741,8.61865,4.661216,0.504133,-0.345154,-1.051441,0.2567125,0.1923625,-0.5071,
36538002669569,-0.8084620237350464,-0.5860754936933518,9.053391617343188,0.3072158396244049,0.153880247120809,0.8300562620162963,-0.12629400193691254,0.15619999170303345,-0.09000970423221588,0.0,1791183740770,-0.036000002,8.356951,3.4819503,-0.22728,8.632667,4.63308,0.337194,-0.299316,-1.135831,0.21725,0.15619999,-0.547525,
36538012664543,-0.750141978263855,-0.5996792301535606,9.156566662766101,0.3125147938728333,0.155745530692878,0.8202360153198243,-0.14909274876117706,0.13392500579357147,-0.06180167198181152,0.0,1791183740770,-0.165,8.448,3.528,-0.278395,8.644206,4.608707,0.153678,-0.241423,-1.133007,0.1651375,0.133925,-0.55825,
36538022659078,-0.5886844992637634,-0.6045946106314659,9.317783153535403,0.2738490641117096,0.15375696241003567,0.7605060935020447,-0.14956969022750854,0.1317249983549118,-0.03706810995936394,0.0,1791183740770,-0.273,8.58405,3.6139503,-0.329801,8.652883,4.588993,0.142834,-0.127995,-1.005553,0.11935,0.131725,-0.5592125,
36538032653822,-0.48830699920654297,-0.6046328976750374,9.395384768215806,0.20598892569541932,0.15372790276335138,0.6896877288818359,-0.12207663059234619,0.1541374921798706,-0.017487376928329468,0.0,1791183740770,-0.51900005,8.649,3.6330001,-0.382418,8.65934,4.572702,-0.010449,-0.045867,-0.960532,0.0831875,0.15413749,-0.5465625,
36538042648602,-0.39114344120025635,-0.6021606996655464,9.520488871242355,0.09107286334037779,0.15671470091777026,0.6053477883338928,-0.06821346282958984,0.1956624984741211,-0.001011345535516739,0.0,1791183740770,-0.69600004,8.7300005,3.7339501,-0.435995,8.664011,4.559042,-0.157985,0.018893,-0.891805,0.0512875,0.1956625,-0.5135625,
36538052643361,-0.2581959366798401,-0.5937112107872963,9.651842379942352,0.09636290073394771,0.16992021437746713,0.49529457092285156,0.004118412733078003,0.25093749165534973,0.017360609024763107,0.0,1791183740771,-0.74895006,8.793,3.9090002,-0.489408,8.666314,4.549232,-0.248224,0.07405,-0.723978,0.012925,0.2509375,-0.467775,
36538062638130,-0.06929463148117065,-0.5734647527337075,9.810460544605263,0.32393508553504946,0.2037148386031564,0.3591251015663147,0.08074446022510529,0.3147374987602234,0.03648660331964493,0.0,1791183740771,-0.684,8.907001,4.05495,-0.541707,8.66608,4.543747,-0.219868,0.189207,-0.536534,-0.0275,0.3147375,-0.42941248,
36538072632796,0.06749801337718964,-0.5447940252721309,9.902976456881262,0.524667689204216,0.24696406651734087,0.22788859903812408,0.14021891355514526,0.3647874891757965,0.05430594086647034,0.0,1791183740771,-0.64905006,8.991,4.0999503,-0.592552,8.663875,4.541604,-0.07086,0.303939,-0.443411,-0.0647625,0.3647875,-0.401775,
36538082627566,0.12992407381534576,-0.5082858577370644,9.968019052812425,0.6948134064674377,0.2868221063995901,0.10424238443374634,0.13008639216423035,0.3445749878883362,0.07083361595869064,0.0,1791183740771,-0.66495,9.03405,4.1599503,-0.641156,8.66007,4.542258,-0.029439,0.365204,-0.420124,-0.0977625,0.344575,-0.3900875,
36538092622409,0.17085902392864227,-0.469986068457365,9.993112532439993,0.8382143706083297,0.32169050560998347,0.008158108592033387,0.09371641278266907,0.29878750443458557,0.09226596355438232,0.0,1791183740771,-0.675,9.003,4.2840004,-0.687068,8.654118,4.546891,0.011684,0.373551,-0.34096,-0.14025,0.2987875,-0.3878875,
36538102617094,0.21188750863075256,-0.4343627400696278,10.043218044877412,0.9224108129739762,0.3541419801108548,0.10217479765415191,0.049706459045410156,0.24667499959468842,0.11307341605424881,0.0,1791183740771,-0.66495,9.0060005,4.395,-0.730266,8.645502,4.556534,0.064459,0.353436,-0.204555,-0.180675,0.246675,-0.3900875,
36538112611864,0.2588234543800354,-0.40080504342913625,10.082593467413101,0.9283045083284378,0.38508636311112576,0.16779841482639313,-0.016116559505462646,0.17215000092983246,0.1292443424463272,0.0,1791183740771,-0.66105,8.995951,4.50495,-0.77037,8.634869,4.570074,0.087803,0.368858,-0.127116,-0.2105125,0.17215,-0.3953125,
36538122606643,0.3233371078968048,-0.3631221614778042,10.144236191682406,0.9086539626121521,0.41598923306695496,0.21896623373031615,-0.106952965259552,0.07218749821186066,0.13870221376419067,0.0,1791183740771,-0.68895006,8.979,4.66995,-0.806272,8.622747,4.586739,0.157225,0.380979,0.002264,-0.2253625,0.0721875,-0.4038375,
36538132601421,0.3543509244918823,-0.32065869942307473,10.152067153008934,0.8691993921995163,0.4428473400024187,0.26385160386562345,-0.19939154386520386,-0.029012499377131462,0.13900594413280487,0.0,1791183740782,-0.87105006,8.887951,4.82805,-0.838393,8.609697,4.605452,0.057664,0.329386,0.148752,-0.2211,-0.0290125,-0.4103,
36538142596200,0.40199559926986694,-0.2715416379272938,10.315480295736688,0.80537348985672,0.46523206840867526,0.3100789189338684,-0.26324695348739624,-0.10243749618530273,0.13020886480808258,0.0,1791183740791,-0.96495,8.94795,5.0410504,-0.867892,8.596417,4.624759,-0.08043,0.285204,0.306615,-0.199925,-0.102437496,-0.4049375,
36538152590736,0.5618429780006409,-0.21077650561928749,10.400487929827806,0.7391951143741609,0.49008356734729486,0.3800700128078461,-0.2824680805206299,-0.1289750039577484,0.10681763291358948,0.0,1791183740801,-0.957,9.00105,5.1220503,-0.894291,8.58454,4.641756,-0.063607,0.378485,0.473971,-0.150975,-0.128975,-0.386925,
36538162585524,0.5619404315948486,-0.14271732345223426,10.323762907063758,0.6685820072889328,0.4980861077650011,0.4406934082508087,-0.27257683873176575,-0.12787500023841858,0.07570621371269226,0.0,1791183740810,-1.005,9.01305,4.93305,-0.917657,8.575836,4.653275,-0.023482,0.430285,0.385839,-0.089237496,-0.127875,-0.3559875,
36538172580288,0.42424270510673523,-0.07713848277926445,10.190181083164157,0.5651169121265411,0.48180770260123956,0.4608745276927948,-0.24538198113441467,-0.11508750170469284,0.045886263251304626,0.0,1791183740821,-1.0200001,8.967,4.7320504,-0.938401,8.570955,4.658128,-0.067382,0.396859,0.148748,-0.033825,-0.1150875,-0.3113,
36538182575078,0.3537409007549286,-0.017331496626138688,10.143194893769511,0.45259441435337067,0.45668749653144053,0.46075252294540403,-0.21630489826202393,-0.10243749618530273,0.023275788873434067,0.0,1791183740831,-1.005,9.01305,4.5430503,-0.95559,8.569187,4.657883,-0.040616,0.401021,-0.001841,0.0055,-0.102437496,-0.2655125,
36538192569851,0.29032206535339355,0.037826763838529585,10.03040253675986,0.33624301850795746,0.4226246945577158,0.4384178161621094,-0.19098500907421112,-0.09171249717473984,0.006127489730715752,0.0,1791183740841,-1.09095,9.007951,4.275,-0.9698,8.570242,4.653004,-0.050348,0.459821,-0.245959,0.0342375,-0.0917125,-0.2261875,
36538202564620,0.15232810378074646,0.08586627021431922,9.921537014849719,0.18871642649173737,0.3756981907342162,0.3565148413181305,-0.1667340099811554,-0.08855000138282776,-0.0023043397814035416,0.0,1791183740851,-1.2349501,8.9740505,4.0470004,-0.98187,8.573209,4.645,-0.232208,0.411364,-0.486952,0.0427625,-0.08855,-0.1793,
36538212559399,0.09775492548942566,0.12826111540198326,9.858905329089785,0.04471150636672977,0.3231306006129918,0.2636777400970459,-0.1407059133052826,-0.0906125009059906,-0.002808813937008381,0.0,1791183740862,-1.1700001,8.9740505,3.9109502,-0.989516,8.577213,4.635979,-0.174284,0.445667,-0.655102,0.032175,-0.0906125,-0.122925,
36538222554160,-0.06245303153991699,0.1545726887881756,9.723631320491384,0.097513011097908,0.28255818822186407,0.16633859276771545,-0.11184363067150116,-0.08635000139474869,0.003969878889620304,0.0,1791183740871,-1.1509501,8.89305,3.7600503,-0.99286,8.581238,4.627811,-0.173334,0.353057,-0.824105,0.0077,-0.08635,-0.075075,
36538232548938,-0.14681926369667053,0.1716470755636692,9.663364411294616,0.2438523590564728,0.2518426807290322,0.06622655987739563,-0.10402261465787888,-0.10339999943971634,0.016995612531900406,0.0,1791183740882,-1.04805,8.863951,3.7030501,-0.991787,8.584446,4.622084,-0.114553,0.297176,-0.88781,-0.0286,-0.1034,-0.034649998,
36538242543702,-0.2099081575870514,0.18070883974432944,9.592170326958565,0.41388949751853943,0.23406234591660421,0.03381948471069336,-0.11099688708782196,-0.12787500023841858,0.03061039187014103,0.0,1791183740891,-0.87795,8.802,3.7099502,-0.985989,8.586566,4.619387,0.042454,0.254355,-0.909055,-0.0625625,-0.127875,-0.0111375,
36538252538486,-0.2959303855895996,0.17882211729884148,9.503188960900196,0.5641645908355712,0.23771621625868666,0.12347118258476257,-0.1350277215242386,-0.16307500004768372,0.04330185055732727,0.0,1791183740900,-0.87795,8.70405,3.7120502,-0.976685,8.587296,4.620006,0.088217,0.157856,-0.902491,-0.091299996,-0.163075,-0.0026125,
36538262533186,-0.360236257314682,0.16427503600716592,9.491087545145724,0.6759439468383789,0.26028538646845034,0.2150694191455841,-0.1567123383283615,-0.1938749998807907,0.051679447293281555,0.0,1791183740911,-0.93795,8.62695,3.8440502,-0.965481,8.586794,4.623293,0.067436,0.067379,-0.874653,-0.11055,-0.193875,0.0048125,
36538272527955,-0.31200405955314636,0.14529993236064911,9.525737295735453,0.725732147693634,0.27975386876425107,0.26497962474823,-0.15027455985546112,-0.19923749566078186,0.05044727399945259,0.0,1791183740921,-1.21095,8.566951,3.9850502,-0.953183,8.585247,4.628715,-0.095695,0.018648,-0.714875,-0.1126125,-0.1992375,0.0281875,
36538282522696,-0.24689286947250366,0.12645908519625665,9.645873116478777,0.7234121620655061,0.2925511722859447,0.2849943459033966,-0.09039948135614395,-0.16087499260902405,0.03834982588887215,0.0,1791183740932,-1.554,8.59605,4.09095,-0.941265,8.583692,4.634032,-0.449985,-0.01092,-0.5933,-0.098725,-0.160875,0.0867625,
36538292517465,-0.11732037365436554,0.11205011531710625,9.787396407065714,0.62299163043499,0.29707141143638405,0.26647678911685946,0.02466414123773575,-0.08428750187158585,0.01474679820239544,0.0,1791183740941,-1.6800001,8.673,4.2130504,-0.927235,8.583544,4.637132,-0.720194,0.041899,-0.469508,-0.0699875,-0.0842875,0.19415,
36538302512239,0.008729055523872375,0.10189219266176223,9.85992118956599,0.46922264099121097,0.296957281296132,0.20554490089416505,0.1672784388065338,0.013612499460577965,-0.016885027289390564,0.0,1791183740951,-1.48395,8.766001,4.263,-0.907078,8.586083,4.636421,-0.692467,0.144704,-0.384999,-0.0275,0.013612499,0.3229875,
36538312507004,-0.028819769620895386,0.0875100314617157,9.759117209323446,0.30560019612312317,0.29597244831735714,0.13926160335540771,0.3063053488731384,0.11797499656677246,-0.046950146555900574,0.0,1791183740961,-1.077,8.7300005,4.227,-0.87965,8.591812,4.631087,-0.466109,0.131793,-0.39403,0.0171875,0.117975,0.432575,
36538322501773,-0.044784292578697205,0.06910396143794059,9.762478621593283,0.1520442098379135,0.2921562521304652,0.08581764996051788,0.4155084490776062,0.21367499232292175,-0.06772872805595398,0.0,1791183740970,-0.46695003,8.833051,4.131,-0.845839,8.600305,4.621616,0.045957,0.164002,-0.391742,0.05335,0.21367499,0.4932125,
36538332496546,-0.07220159471035004,0.04777633547782898,9.743273814240453,0.017059910297393795,0.2860602725706063,0.05087939500808716,0.44390368461608887,0.25519999861717224,-0.07265886664390564,0.0,1791183740981,0.042000003,8.89095,3.9850502,-0.80842,8.610848,4.608663,0.619059,0.26838,-0.546383,0.0704,0.2552,0.4794625,
36538342491092,-0.15093843638896942,0.020129633694887163,9.713689678670073,0.06586817502975464,0.2770684989484183,0.05760300755500793,0.4101976454257965,0.2563000023365021,-0.05935303121805191,0.0,1791183740991,0.303,8.934,3.801,-0.772298,8.621522,4.594879,1.0522,0.298407,-0.704982,0.0587125,0.2563,0.4038375,
36538352485870,-0.2158222198486328,-0.018753626197576524,9.675770011527815,0.11255615651607515,0.25172612438769587,0.10251326262950897,0.32839733362197876,0.2116124927997589,-0.032759636640548706,0.0,1791183741000,0.162,8.97,3.624,-0.741894,8.630743,4.582562,0.973913,0.332283,-0.929691,0.02035,0.2116125,0.3070375,
36538362480630,-0.12734025716781616,-0.05321766063570976,9.827728363163871,0.1427622646093369,0.2142604616185604,0.12221736013889313,0.24811232089996338,0.15619999170303345,0.008060205727815628,0.0,1791183741010,0.0,9.06795,3.7890003,-0.7179,8.636456,4.575613,0.811055,0.386424,-0.874858,-0.053075,0.15619999,0.22825,
36538372475400,0.07630816102027893,-0.07061438784003257,10.012012312657879,0.1869954764842987,0.18720396944673603,0.0979988694190979,0.18538804352283478,0.11261250078678131,0.04932985082268715,0.0,1791183741021,-0.261,9.17805,3.9919503,-0.699556,8.63733,4.576805,0.598781,0.502866,-0.694091,-0.1307625,0.1126125,0.16445,
36538382470178,0.2499060034751892,-0.07580613270401955,10.154811511203228,0.2328994393348694,0.1764969333342629,0.03357734978199005,0.12049590051174164,0.06146249920129776,0.08109866082668304,0.0,1791183741031,-0.57705003,9.21195,4.2340503,-0.686757,8.633869,4.585268,0.255582,0.561393,-0.484681,-0.1903,0.0614625,0.113299996,
36538392464953,0.4411684274673462,-0.06826381459832191,10.340084125435737,0.2903889238834381,0.19430626041528395,0.08484402298927307,0.057836540043354034,0.006187499966472387,0.09782890230417252,0.0,1791183741040,-0.80205005,9.298051,4.452,-0.677676,8.627321,4.598922,-0.028832,0.625402,-0.237367,-0.22013749,0.0061875,0.0792,
36538402459722,0.570095419883728,-0.047375448793172834,10.39438387279135,0.38128915429115295,0.23507591305848413,0.24202755093574524,0.001063171774148941,-0.04922499880194664,0.10656541585922241,0.0,1791183741051,-0.83100003,9.312,4.5430503,-0.669661,8.619103,4.615477,-0.182893,0.681504,-0.088722,-0.2349875,-0.049225,0.0600875,
36538412454497,0.5971255898475647,-0.022406915575265883,10.35061887172429,0.4727383702993393,0.27267782347067643,0.3869207203388214,-0.05502999573945999,-0.1013374999165535,0.11056321859359741,0.0,1791183741063,-0.71595,9.255,4.57905,-0.660629,8.610273,4.633228,-0.088974,0.709487,-0.068165,-0.23925,-0.1013375,0.0378125,
36538422449280,0.5051098465919495,0.005971228331327438,10.276765515946177,0.5235604524612427,0.2956034311527836,0.47268105745315553,-0.11228432506322861,-0.14492499828338623,0.11216850578784943,0.0,1791183741071,-0.57900006,9.16395,4.6150503,-0.651453,8.601079,4.651566,0.028741,0.60376,-0.048196,-0.2360875,-0.144925,-0.00165,
36538432443977,0.45155614614486694,0.03588999882340431,10.264076467057219,0.570614093542099,0.3086200008229829,0.5130110859870911,-0.16976045072078705,-0.1821874976158142,0.10927522927522659,0.0,1791183741081,-0.67005,9.097051,4.7059503,-0.643979,8.591821,4.669684,0.038026,0.529222,-0.020824,-0.2222,-0.1821875,-0.0517,
36538442438749,0.5012388229370117,0.07144734784960746,10.328318222390571,0.6275384277105331,0.3190432879072425,0.5250251650810241,-0.21522417664527893,-0.20666250586509705,0.10047067701816559,0.0,1791183741091,-0.86895007,9.08895,4.82805,-0.640562,8.582729,4.686837,-0.111436,0.516765,0.08652,-0.196625,-0.2066625,-0.09845,
36538452433518,0.5369595289230347,0.11309184357523919,10.378746916158526,0.6406153470277787,0.32270902546948077,0.5183979868888855,-0.2226777970790863,-0.19923749566078186,0.08191962540149689,0.0,1791183741101,-1.12695,9.09405,4.87305,-0.641647,8.574745,4.701281,-0.328223,0.498414,0.16545,-0.15413749,-0.1992375,-0.121825,
36538462428302,0.6002746820449829,0.16111739054322244,10.40207037412802,0.617026674747467,0.32015627950776926,0.5190278053283691,-0.19492207467556,-0.1704999953508377,0.055172670632600784,0.0,1791183741110,-1.35,9.109051,4.83795,-0.645826,8.56911,4.710973,-0.582617,0.554327,0.160547,-0.099825,-0.1705,-0.109037496,
36538472423056,0.5592259764671326,0.20467889234423636,10.334498613274343,0.5634283810853957,0.31198520133389235,0.5298510313034057,-0.13411597907543182,-0.12155000120401382,0.026700254529714584,0.0,1791183741121,-1.40505,9.08205,4.72695,-0.650767,8.56643,4.715165,-0.766818,0.540247,0.074951,-0.0466125,-0.12155,-0.06435,
36538482417812,0.425025999546051,0.23827483579516412,10.184986782422412,0.43970097899436955,0.2973850500850507,0.5245450019836426,-0.08053356409072876,-0.08635000139474869,0.006835918873548508,0.0,1791183741131,-1.36695,9.003,4.56195,-0.653517,8.566392,4.714852,-0.764069,0.470853,-0.077964,-0.0125124995,-0.08635,-0.0122375,
36538492412586,0.3369410037994385,0.2609879046678543,10.12992501071593,0.24965788722038268,0.28650713342381573,0.4916854381561279,-0.06083599478006363,-0.08538749814033508,-0.0072343796491622925,0.0,1791183741141,-1.08,9.018001,4.48605,-0.65186,8.56839,4.711453,-0.583766,0.44252,-0.184698,0.0108624995,-0.0853875,0.03025,
36538502407359,0.2554503083229065,0.273323967307806,9.988651401956805,0.04846287369728086,0.2806313702374826,0.4353835940361023,-0.08477786928415298,-0.10986249893903732,-0.014133878983557224,0.0,1791183741151,-0.90705,8.91195,4.419,-0.645997,8.571605,4.706411,-0.326267,0.40818,-0.25627,0.0257125,-0.1098625,0.0270875,
36538512402109,0.20501254498958588,0.2850155830383301,10.005998676103069,0.11634989082813263,0.27255467839622877,0.3563311666250229,-0.13978828489780426,-0.15771250426769257,-0.018565427511930466,0.0,1791183741162,-0.92100006,8.922001,4.43505,-0.639074,8.57529,4.700639,-0.268547,0.354217,-0.255287,0.0385,-0.1577125,0.0015125,
36538522396650,0.22869524359703064,0.2986895598471165,10.076703629325994,0.22278606593608863,0.2623342833252896,0.2902250200510025,-0.20370875298976898,-0.2194499969482422,-0.022379552945494652,0.0,1791183741170,-0.81600004,9.007951,4.4419503,-0.631318,8.579343,4.694288,-0.240389,0.383683,-0.256119,0.0490875,-0.21945,-0.0176,
36538532391638,0.254104346036911,0.31500485688447954,10.016913519243436,0.26898447573184964,0.2485446980493699,0.2560406893491745,-0.2632383108139038,-0.281187504529953,-0.027869010344147682,0.0,1791183741181,-0.81405,8.955001,4.41405,-0.620828,8.584,4.687165,-0.195812,0.405362,-0.237024,0.061875,-0.2811875,-0.027224999,
36538542386417,0.18007998168468475,0.33155577778816225,9.976345664470983,0.29372950196266173,0.22705861008944617,0.22466848492622377,-0.302168071269989,-0.32477501034736633,-0.037108413875103,0.0,1791183741191,-0.69600004,8.977051,4.296,-0.608157,8.589583,4.678589,-0.167783,0.366259,-0.317033,0.081125,-0.324775,-0.026124999,
36538552381200,0.14171473681926727,0.34943262562155725,9.937666507896232,0.3171064347028732,0.1950817217328602,0.20192137062549592,-0.30168581008911133,-0.3258749842643738,-0.045435380190610886,0.0,1791183741200,-0.60795003,8.998051,4.1740503,-0.593403,8.596662,4.667472,-0.055644,0.3927,-0.432809,0.098037496,-0.32587498,-0.0207625,
36538562375966,0.1042805016040802,0.3610136635601521,9.934973075237036,0.34807606935501095,0.1719363743419974,0.18177496194839476,-0.2642402648925781,-0.2917749881744385,-0.05039241164922714,0.0,1791183741211,-0.51195,9.00105,4.1740503,-0.57835,8.604728,4.654477,-0.01563,0.396605,-0.515583,0.1065625,-0.291775,-0.0037125,
36538572370485,0.1718965470790863,0.3657930828630924,10.022410482215404,0.3541297793388367,0.1651504677604024,0.1704152226448059,-0.18580082058906555,-0.2194499969482422,-0.057743847370147705,0.0,1791183741221,-0.42600003,9.054001,4.2769504,-0.562623,8.613158,4.640793,0.100323,0.41451,-0.394159,0.1183875,-0.21945,0.0292875,
36538582365250,0.21210534870624542,0.36390305012464524,10.021596302480559,0.32967001497745513,0.16667516311912728,0.1620154231786728,-0.054640818387269974,-0.09391249716281891,-0.06708631664514542,0.0,1791183741232,-0.43995002,9.06795,4.2439504,-0.547977,8.622257,4.625624,0.133561,0.441325,-0.357443,0.1332375,-0.0939125,0.075075,
36538592360029,0.17695116996765137,0.3506921872496605,9.928472798180264,0.27399393320083615,0.17045567297923028,0.16138966083526612,0.10559640824794769,0.0668250024318695,-0.06693145632743835,0.0,1791183741240,-0.45000002,9.0060005,4.155,-0.537092,8.631678,4.609304,0.086763,0.412751,-0.386612,0.128975,0.066825,0.1144,
36538602354798,0.013695091009140015,0.3228721708059311,9.755490866909952,0.22054543495178225,0.17763064587814265,0.13578573167324065,0.24103955924510956,0.2116124927997589,-0.04687470197677612,0.0,1791183741250,-0.53595,8.91495,3.9250503,-0.531991,8.639996,4.594287,0.050537,0.320635,-0.56792,0.0853875,0.2116125,0.1260875,
36538612349558,-0.15027716755867004,0.2855020329356194,9.606626085689808,0.20535082221031187,0.19387853691830279,0.08487419784069061,0.27528586983680725,0.2531374990940094,-0.002058966550976038,0.0,1791183741262,-0.85395,8.776051,3.8130002,-0.532356,8.645043,4.584738,-0.131056,0.207848,-0.72836,-0.0083875,0.2531375,0.1101375,
36538622344326,-0.28996968269348145,0.24574805647134781,9.564154557593966,0.26353973746299747,0.22395426679652522,0.007499048113822937,0.22633439302444458,0.2008875012397766,0.064304880797863,0.0,1791183741270,-1.17795,8.649,3.9090002,-0.536897,8.643915,4.586336,-0.488039,0.048565,-0.768265,-0.147675,0.2008875,0.087725,
36538632339101,-0.2306235432624817,0.21163907200098037,9.651254695845076,0.3207133114337921,0.24128973736498754,0.09604482650756836,0.12277153134346008,0.07741250097751617,0.14356893301010132,0.0,1791183741280,-1.281,8.566951,4.25595,-0.54025,8.634177,4.604251,-0.740866,-0.025493,-0.53,-0.314875,0.0774125,0.0792,
36538642333890,-0.1642453372478485,0.17836486399173737,9.677641978523724,0.36620549857616425,0.24491757410959464,0.16428412795066832,0.004111733287572861,-0.06187500059604645,0.22037583589553833,0.0,1791183741291,-1.2090001,8.377951,4.6909504,-0.538626,8.615112,4.640012,-0.747278,-0.142898,-0.168324,-0.47341248,-0.061875,0.0686125,
36538652328678,-0.1050746887922287,0.1462631531059742,9.817552467692193,0.36981304585933683,0.2377845465630492,0.18803808391094207,-0.11819416284561157,-0.19813749194145203,0.27792680263519287,0.0,1791183741301,-0.96000004,8.199,5.31405,-0.530602,8.587715,4.691443,-0.568555,-0.307037,0.278238,-0.5861625,-0.19813749,0.0495,
36538662323456,0.06779545545578003,0.11963919177651405,10.042407075779868,0.31483878195285797,0.21408921230545835,0.14442355930805206,-0.21408064663410187,-0.28751251101493835,0.30250006914138794,0.0,1791183741311,-0.76605004,8.058001,5.9440503,-0.518117,8.554327,4.753425,-0.332043,-0.436454,0.889028,-0.624525,-0.2875125,0.007975,
36538672318222,0.23656150698661804,0.10350596830248833,10.226118477687496,0.20113274455070496,0.19129982815434393,0.039117321372032166,-0.26919126510620117,-0.318450003862381,0.28681889176368713,0.0,1791183741321,-0.62895006,7.9429502,6.4099503,-0.505942,8.519266,4.817275,-0.181412,-0.513921,1.371055,-0.5787375,-0.31845,-0.0452375,
36538682312904,0.45707955956459045,0.10510864630341529,10.541398182055481,0.06296636164188386,0.19410052388508067,0.09842329919338226,-0.2892800271511078,-0.30882498621940613,0.240216463804245,0.0,1791183741330,-0.56700003,7.9690504,6.8770504,-0.496501,8.486323,4.876047,-0.078325,-0.516891,1.810277,-0.47341248,-0.308825,-0.092125,
36538692307682,0.6077994108200073,0.11865156665444374,10.661969016360997,0.11704651713371278,0.21780539666921497,0.25283224880695343,-0.24915382266044617,-0.23003749549388885,0.16646428406238556,0.0,1791183741340,-0.558,7.9470005,7.0860004,-0.493048,8.458828,4.923937,-0.069807,-0.518126,2.092788,-0.3180375,-0.2300375,-0.13255,
36538702302449,0.5817563533782959,0.1349668689072132,10.63154887363435,0.3053242594003677,0.2386642183463167,0.39019845724105834,-0.18162178993225098,-0.1247124969959259,0.07585786283016205,0.0,1791183741351,-0.64905006,7.9930506,6.9799504,-0.49712,8.439656,4.956315,-0.080101,-0.518108,2.024497,-0.133925,-0.1247125,-0.1601875,
36538712297219,0.6977789402008057,0.1596051886677742,10.594395576676016,0.5236942023038864,0.26822772761411534,0.5161951541900635,-0.10469631850719452,-0.011962499469518661,-0.013302084989845753,0.0,1791183741362,-0.80895007,8.11305,6.7650003,-0.509586,8.429941,4.971563,-0.196922,-0.350376,1.949394,0.044825,-0.0119624995,-0.1815,
36538722291974,0.5449554920196533,0.17541820108890532,10.338094919129185,0.6739187777042389,0.2808596331432555,0.5778739511966705,-0.043815042823553085,0.07218749821186066,-0.09527461230754852,0.0,1791183741371,-1.113,8.137051,6.2790003,-0.529231,8.429845,4.969675,-0.426273,-0.319154,1.570603,0.2077625,0.0721875,-0.186725,
36538732286729,0.3137845993041992,0.17840221375226975,10.039090940150718,0.7134990870952607,0.2819945331654564,0.5492149591445923,0.008988022804260254,0.13282500207424164,-0.15062275528907776,0.0,1791183741381,-1.38405,8.14095,5.709,-0.55415,8.437824,4.953386,-0.667111,-0.27925,1.021861,0.31735,0.132825,-0.172975,
36538742281497,0.02352815866470337,0.17057462260127068,9.781478666778405,0.6203987926244736,0.28400493561499607,0.4323607087135315,0.03962147235870361,0.15303750336170197,-0.17314110696315765,0.0,1791183741390,-1.5630001,8.12895,5.2110004,-0.581125,8.45076,4.92818,-0.932229,-0.330492,0.503582,0.3609375,0.1530375,-0.141075,
36538752276297,-0.15021124482154846,0.15597832351922988,9.63175967487031,0.4303907483816147,0.29248809461810354,0.2859671890735626,0.04443400725722313,0.13282500207424164,-0.1691565364599228,0.0,1791183741400,-1.4310001,8.172,4.893,-0.605089,8.465577,4.899785,-0.929813,-0.323762,0.144117,0.35035,0.132825,-0.09735,
36538762271086,-0.23485565185546875,0.13902151584625244,9.461356967272614,0.1385575920343399,0.3045745865017161,0.09944027066230773,0.02710975706577301,0.09239999949932098,-0.14610035717487335,0.0,1791183741411,-1.19895,8.22,4.52895,-0.622394,8.48014,4.872359,-0.692241,-0.228192,-0.163644,0.3025,0.0924,-0.06765,
36538772265855,-0.46870651841163635,0.1069913625717163,9.208070466970593,0.20171543061733244,0.3318921177447891,0.10329213142395019,-0.01700723171234131,0.02956249937415123,-0.1070023775100708,0.0,1791183741420,-1.008,8.16495,4.13595,-0.633569,8.492928,4.848586,-0.477559,-0.279287,-0.520549,0.2237125,0.0295625,-0.056925,
36538782260604,-0.7325223684310913,0.05975997671484947,8.996297229006569,0.5653857737779617,0.3776351304291206,0.3125535249710083,-0.07984130084514618,-0.050187498331069946,-0.04652053862810135,0.0,1791183741430,-0.87600005,8.10105,3.8130002,-0.639383,8.501903,4.832065,-0.292179,-0.364876,-0.882313,0.1023,-0.0501875,-0.0600875,
36538792255389,-0.9106706380844116,0.005378886312246323,8.8481535427246,0.8895917415618897,0.4313363871261335,0.4993932843208313,-0.15252390503883362,-0.13956250250339508,0.030772322788834572,0.0,1791183741440,-0.86205006,7.96395,3.75795,-0.640814,8.504692,4.826964,-0.228499,-0.458645,-1.071142,-0.053075,-0.1395625,-0.0708125,
36538802250158,-0.9876537322998047,-0.04468855485320091,8.905651758596287,1.1830769360065458,0.4825417715726976,0.6668817818164825,-0.22011087834835052,-0.2237125039100647,0.11186318099498749,0.0,1791183741451,-0.88605005,7.8559504,4.0999503,-0.639229,8.499006,4.837179,-0.244449,-0.599006,-0.980801,-0.215875,-0.2237125,-0.0814,
36538812244683,-0.765002429485321,-0.07542481794953346,9.20427273180868,1.3507850885391235,0.5072346592910565,0.772911137342453,-0.263238787651062,-0.28325000405311584,0.17682987451553345,0.0,1791183741462,-0.89295006,7.8180003,4.77495,-0.634446,8.484166,4.863785,-0.237262,-0.646415,-0.444769,-0.345675,-0.28325,-0.0814,
36538822239439,-0.4482667148113251,-0.08333966955542564,9.478763992178,1.318038135766983,0.5117357069460229,0.7688231766223907,-0.275205135345459,-0.30992498993873596,0.2053709626197815,0.0,1791183741472,-0.83100003,7.7920504,5.33295,-0.626796,8.462607,4.902181,-0.254489,-0.646404,0.18721,-0.40205,-0.309925,-0.06655,
36538832234217,-0.2569592297077179,-0.08465645387768746,9.607648274638862,1.1060712575912475,0.5121467177023206,0.6737105488777161,-0.28256097435951233,-0.3269749879837036,0.2001313865184784,0.0,1791183741480,-0.72300005,7.7530503,5.6280003,-0.61575,8.438791,4.944457,-0.16019,-0.648925,0.578285,-0.3903625,-0.326975,-0.0506,
36538842228986,-0.2560635507106781,-0.08924736455082893,9.53328520508889,0.828756320476532,0.5132499236404053,0.5427891314029694,-0.2807080149650574,-0.3258749842643738,0.1774294525384903,0.0,1791183741490,-0.555,7.6429505,5.67105,-0.602015,8.416058,4.984733,-0.00633,-0.7052,0.68645,-0.3436125,-0.32587498,-0.043175,
36538852223755,-0.36934298276901245,-0.10246077924966812,9.400281530079473,0.5185672521591187,0.516876235037458,0.41912698149681094,-0.2713647484779358,-0.3119874894618988,0.15179188549518585,0.0,1791183741501,-0.53805,7.5070505,5.63205,-0.587649,8.395686,5.020672,0.031975,-0.802144,0.624175,-0.2913625,-0.3119875,-0.042075,
36538862218540,-0.45980730652809143,-0.1288409173488617,9.417072397884432,0.2547958254814148,0.5209612254433709,0.358087956905365,-0.246183842420578,-0.2854500114917755,0.12517645955085754,0.0,1791183741513,-0.41205,7.4610004,5.7310505,-0.573465,8.377702,5.052252,0.077647,-0.901475,0.611748,-0.23925,-0.28545,-0.03135,
36538872213309,-0.40140780806541443,-0.16073938310146332,9.45773683041989,0.03616265058517454,0.5171283933495829,0.34871617555618284,-0.20099610090255737,-0.23539999127388,0.09254952520132065,0.0,1791183741520,-0.261,7.5160503,5.73495,-0.559132,8.36251,5.078957,0.22133,-0.864737,0.673628,-0.1764125,-0.23539999,-0.0196625,
36538882208087,-0.40952885150909424,-0.20406980365514754,9.442275789420187,0.12016318440437318,0.4995538484954744,0.3792300999164581,-0.17026455700397491,-0.19181250035762787,0.059417273849248886,0.0,1791183741530,-0.069000006,7.6050005,5.5960503,-0.54565,8.35102,5.099289,0.377837,-0.819727,0.595836,-0.1115125,-0.1918125,-0.025024999,
36538892202862,-0.4330121576786041,-0.25611038208007814,9.340789795403854,0.2522619605064392,0.4653063235616972,0.4146198213100433,-0.156626358628273,-0.15771250426769257,0.03591343015432358,0.0,1791183741540,-0.07395,7.66695,5.33505,-0.534175,8.343341,5.113058,0.483678,-0.706703,0.373771,-0.0636625,-0.1577125,-0.0495,
36538902197636,-0.5649615526199341,-0.31344627737998965,9.212498144120568,0.31916760206222533,0.4276575602213396,0.45374353528022765,-0.1695224642753601,-0.15344999730587006,0.03429403156042099,0.0,1791183741551,-0.201,7.6860003,5.07495,-0.526482,8.337806,5.122871,0.38261,-0.679621,0.064683,-0.0573375,-0.15345,-0.0804375,
36538912192395,-0.6122147440910339,-0.3789459615945816,9.197919339605088,0.2845981538295746,0.3632286992842587,0.48422502279281615,-0.19576701521873474,-0.17256249487400055,0.05782154202461243,0.0,1791183741563,-0.591,7.6819506,5.02395,-0.522079,8.331536,5.133512,0.153153,-0.649409,-0.099186,-0.099825,-0.1725625,-0.1038125,
36538922187164,-0.5757256746292114,-0.43498001992702484,9.321048649917863,0.15462195277214053,0.2967350506160431,0.5190885961055756,-0.22684147953987122,-0.21408750116825104,0.09367285668849945,0.0,1791183741570,-1.044,7.6980004,5.151,-0.520943,8.321921,5.149203,-0.312457,-0.639794,-0.093329,-0.1678875,-0.2140875,-0.1027125,
36538932181934,-0.41270577907562256,-0.4713045388460159,9.502732125596864,0.023065149784088135,0.24233159911381927,0.5197239816188812,-0.2507968246936798,-0.26413750648498535,0.13082928955554962,0.0,1791183741580,-1.26405,7.6840506,5.44605,-0.519593,8.307779,5.172118,-0.663361,-0.606498,0.125569,-0.24035,-0.2641375,-0.075075,
36538942176688,-0.28283849358558655,-0.48662287145853045,9.599689879890233,0.07056226730346676,0.21914140457602205,0.4896892488002777,-0.2634979486465454,-0.30992498993873596,0.16258101165294647,0.0,1791183741591,-1.1080501,7.6480503,5.6950502,-0.513298,8.289141,5.202565,-0.686415,-0.609408,0.370455,-0.30305,-0.309925,-0.032449998,
36538952171457,-0.3098223805427551,-0.49460342824459075,9.515861728220276,0.08057345747947692,0.2094362611046907,0.4386614143848419,-0.27157819271087646,-0.34072500467300415,0.18667380511760712,0.0,1791183741602,-1.0530001,7.4160004,5.8690505,-0.500919,8.266949,5.238954,-0.571901,-0.738051,0.530391,-0.3488375,-0.340725,-0.0037125,
36538962166144,-0.37793442606925964,-0.5017573669552803,9.548463867514565,0.04308917522430422,0.20277945177682724,0.39180535078048706,-0.3011265993118286,-0.38651248812675476,0.2012358158826828,0.0,1791183741611,-1.02195,7.2510004,6.12795,-0.484637,8.241635,5.280207,-0.561847,-0.935398,0.70701,-0.3744125,-0.3865125,0.0100375,
36538972160897,-0.3148993253707886,-0.49406700730323794,9.659839237834422,0.03959001898765563,0.2067644623408473,0.3396400809288025,-0.34213149547576904,-0.4376625120639801,0.2062864750623703,0.0,1791183741620,-0.957,7.1260505,6.4510503,-0.464808,8.214134,5.324654,-0.519427,-1.034789,0.971415,-0.38073748,-0.4376625,0.0122375,
36538982155734,-0.2008991837501526,-0.46748584806919097,9.85724248466911,0.11734105944633483,0.20856487129113038,0.2972787618637085,-0.39445364475250244,-0.5014625191688538,0.1939990520477295,0.0,1791183741631,-0.768,7.0620003,6.834,-0.440649,8.18587,5.370044,-0.450212,-1.104687,1.280367,-0.3553,-0.5014625,0.0154,
36538992150426,-0.03534984588623047,-0.4237198084592819,9.995628546938258,0.20596250295639038,0.202732034044059,0.24778103232383727,-0.4295988976955414,-0.5398250222206116,0.16334208846092224,0.0,1791183741640,-0.42600003,7.0950003,7.0279503,-0.411518,8.158895,5.413231,-0.189645,-1.092078,1.567581,-0.296725,-0.539825,0.0133375,
36539002145195,-0.004479944705963135,-0.37456111907958983,9.89808732565927,0.29751247763633726,0.17768154246065934,0.1867125451564789,-0.44856011867523193,-0.5450500249862671,0.12036476284265518,0.0,1791183741650,-0.25395,7.0950003,6.8970003,-0.379911,8.135838,5.450122,0.07084,-1.035502,1.54266,-0.215875,-0.54505,-0.007975,
36539012139965,-0.14523249864578247,-0.3435726225376129,9.679288894816656,0.37891643643379214,0.16005562650904656,0.14017215967178345,-0.45882648229599,-0.5376250147819519,0.08376122266054153,0.0,1791183741662,-0.12195001,7.1190004,6.55695,-0.3493,8.117657,5.479201,0.174304,-1.014927,1.255007,-0.147675,-0.537625,-0.03355,
36539022134719,-0.37397539615631104,-0.33985805660486224,9.26608789177428,0.3677366077899933,0.15843667303206452,0.15198737382888794,-0.4707227647304535,-0.5355625152587891,0.07165397703647614,0.0,1791183741671,-0.26805001,7.0330505,6.0270004,-0.320641,8.103089,5.502466,0.133674,-0.990782,0.800786,-0.1243,-0.5355625,-0.056925,
36539032129570,-0.757834792137146,-0.36490183472633364,8.944195136124502,0.2263147532939911,0.18129149272962847,0.2633744955062866,-0.4918716847896576,-0.5685625076293945,0.09073413908481598,0.0,1791183741680,-0.30105,6.9490504,5.62305,-0.292383,8.089315,5.524263,-0.033447,-1.106295,0.273812,-0.1584,-0.5685625,-0.0484,
36539042124262,-0.9803641438484192,-0.4011168643832207,8.783282883318758,0.013715940713882435,0.22338863233658193,0.45237735509872434,-0.5170838832855225,-0.6238374710083008,0.1328772008419037,0.0,1791183741690,-0.13905,6.8770504,5.4619503,-0.258877,8.073267,5.549357,0.031209,-1.174044,-0.021826,-0.2338875,-0.6238375,-0.0165,
36539052119037,-1.0621145963668823,-0.43575544506311414,8.792789193567467,0.2720989346504211,0.2655147282024608,0.6639042854309082,-0.5434674024581909,-0.6792500019073486,0.1819750964641571,0.0,1791183741700,0.22395001,6.8869505,5.4619503,-0.217658,8.053118,5.580315,0.243775,-1.194596,-0.131792,-0.3201,-0.67925,0.0133375,
36539062113786,-1.031016230583191,-0.46431589126586914,8.819148059416491,0.5014209508895874,0.2955845350183744,0.8410610318183899,-0.5716061592102051,-0.7282000184059143,0.23300647735595703,0.0,1791183741711,0.72495,6.9199505,5.41905,-0.167737,8.028282,5.617704,0.634388,-1.138636,-0.152422,-0.4074125,-0.7282,0.03135,
36539072108551,-1.0622326135635376,-0.4973571315407753,8.818688463595354,0.6814337134361267,0.32242183979483474,0.9787124752998352,-0.6144288182258606,-0.7781124711036682,0.2916050851345062,0.0,1791183741720,1.12695,6.9469504,5.31405,-0.109739,7.998806,5.661015,1.057624,-1.06367,-0.315443,-0.5053125,-0.7781125,0.0259875,
36539082103315,-1.0813161134719849,-0.5309464946389199,8.856841270841452,0.7956277072429657,0.3456765999508611,1.043408739566803,-0.656326174736023,-0.8185374736785889,0.3645714521408081,0.0,1791183741732,1.4650501,6.9870005,5.24205,-0.046437,7.963444,5.711514,1.351058,-1.001971,-0.447345,-0.625625,-0.8185375,0.0100375,
36539092098099,-1.0778824090957642,-0.5631900072097779,8.84199739779448,0.8761998474597932,0.3645957427878513,1.062912392616272,-0.6928510665893555,-0.8494749665260315,0.45797958970069885,0.0,1791183741745,1.6990501,7.0020003,5.12505,0.020326,7.920314,5.77133,1.538079,-0.915745,-0.578987,-0.7777,-0.84947497,-0.007975,
36539102092878,-1.0925588607788086,-0.5895698726177215,8.852446718804604,0.9288290858268738,0.3824206722941063,1.0690012454986573,-0.7525477409362793,-0.8984249830245972,0.5693356990814209,0.0,1791183741750,1.83105,6.8869505,5.2519503,0.090027,7.867114,5.842981,1.671886,-0.920006,-0.619513,-0.9554875,-0.898425,-0.0378125,
36539112087647,-1.0893185138702393,-0.6134250611066818,8.963816969436094,0.928674328327179,0.39766606127694265,1.080661702156067,-0.8256622552871704,-0.9686874747276306,0.6806104779243469,0.0,1791183741762,1.8499501,6.7170005,5.6400003,0.162521,7.80218,5.927865,1.692766,-1.001119,-0.529621,-1.1268125,-0.9686875,-0.059125,
36539122082416,-0.9235410094261169,-0.6308158278465271,9.133398932929161,0.7895488858222961,0.40320390673551476,1.0529233813285828,-0.9246971011161804,-1.0740125179290771,0.7873228192329407,0.0,1791183741771,1.8499501,6.4560003,6.19005,0.239372,7.724086,6.026707,1.601549,-1.128926,-0.118497,-1.2832875,-1.0740125,-0.076175,
36539132077171,-0.7714389562606812,-0.64875248670578,9.412706100445545,0.5385705947875977,0.40107581604885545,0.9909479498863221,-1.0408302545547485,-1.2080750465393066,0.8733770847320557,0.0,1791183741780,2.0340002,6.2520003,6.73605,0.323278,7.633717,6.136928,1.539191,-1.316285,0.324341,-1.3992,-1.208075,-0.0856625,
36539142071964,-0.42655450105667114,-0.6559382870793342,10.026220363216673,0.19677808284759524,0.3957071129200417,0.8606823682785034,-1.1687548160552979,-1.338974952697754,0.9291359782218933,0.0,1791183741790,2.4840002,6.2140503,7.4659505,0.416402,7.534373,6.25299,1.850687,-1.33665,0.818801,-1.4642375,-1.338975,-0.1208625,
36539152066748,0.10525339841842651,-0.6351844981312752,10.586684777051518,0.21994111537933347,0.4232425162072901,0.6211199164390564,-1.270075798034668,-1.3975499868392944,0.9317134022712708,0.0,1791183741800,2.7840002,6.22095,8.10105,0.512297,7.430811,6.368721,2.13547,-1.24506,1.442879,-1.45035,-1.39755,-0.207075,
36539162061308,0.6147949695587158,-0.5855480283498764,11.078217366507346,0.6984152555465698,0.5014818061471926,0.2802972197532654,-1.3804399967193604,-1.4368749856948853,0.8694459795951843,0.0,1791183741810,2.8530002,6.3360004,8.628,0.604231,7.330256,6.476284,2.306899,-1.053525,1.907529,-1.3470875,-1.436875,-0.336875,
36539172056316,0.9557071328163147,-0.5220177054405213,11.11358953968606,1.1389611482620239,0.6021285058337146,0.09555240869522094,-1.457314372062683,-1.4273874759674072,0.762791633605957,0.0,1791183741820,2.226,6.3430505,8.85,0.685054,7.238603,6.570641,1.91483,-0.885258,2.201033,-1.18745,-1.4273875,-0.4772625,
36539182051089,0.9382908344268799,-0.46505820453166963,11.05116049522904,1.500410759449005,0.6788103926175622,0.43749836683273313,-1.4694526195526123,-1.382699966430664,0.6383795142173767,0.0,1791183741830,1.6680001,6.4870505,8.79,0.751158,7.159259,6.649869,1.166378,-0.784366,2.095469,-1.0044374,-1.3827,-0.563475,
36539192045844,1.2247735261917114,-0.4020520359277725,11.160273343132138,1.836765217781067,0.7683474943519742,0.7677639722824097,-1.411278247833252,-1.2836999893188477,0.5271573662757874,0.0,1791183741842,1.17495,6.76905,8.7949505,0.804341,7.092924,6.714423,0.651114,-0.394814,2.126683,-0.8416375,-1.2837,-0.6029375,
36539202040613,1.191909909248352,-0.34223254323005675,10.99534938225537,2.0657569766044617,0.8401857271567421,0.9850952744483947,-1.316445231437683,-1.1687500476837158,0.42314401268959045,0.0,1791183741850,0.363,6.834,8.60595,0.844099,7.03869,6.766413,-0.121269,-0.235235,1.986108,-0.688325,-1.16875,-0.605,
36539212035383,1.0753456354141235,-0.2812036365270615,11.018974741951615,2.130128788948059,0.8948315329796094,1.0772054076194764,-1.1946489810943604,-1.0410125255584717,0.3433822989463806,0.0,1791183741861,-0.21495001,6.9610505,8.53905,0.87106,6.995,6.808173,-0.797059,-0.0862,1.738446,-0.56815,-1.0410125,-0.5773625,
36539222030137,1.077010154724121,-0.20865435898303986,11.048221861215863,2.0924139618873596,0.9419485017295206,1.1014660120010376,-1.0869907140731812,-0.9260625243186951,0.27820998430252075,0.0,1791183741870,-0.65805006,7.0210505,8.505,0.886887,6.959224,6.842705,-1.339611,0.021401,1.694337,-0.47025,-0.9260625,-0.5539875,
36539232024911,1.0283602476119995,-0.11934460699558258,11.122552572656499,1.980162262916565,0.969907752082091,1.1194798946380615,-1.0708177089691162,-0.9229000210762024,0.21762941777706146,0.0,1791183741881,-1.0339501,7.1119504,8.488951,0.89762,6.93051,6.870393,-1.790876,0.095605,1.604401,-0.3818375,-0.9229,-0.5465625,
36539242019701,1.1575658321380615,-0.012448108196258545,11.188313176468483,1.7271582722663879,0.986788461337936,1.1060383558273315,-1.1592934131622314,-1.037850022315979,0.15652155876159668,0.0,1791183741890,-1.17795,7.2240005,8.46195,0.911205,6.908489,6.890754,-2.017545,0.280432,1.631923,-0.297825,-1.03785,-0.5688375,
36539252014455,1.1542378664016724,0.0983695149421692,11.16178499970942,1.378801167011261,0.9871366385553696,1.0985039472579956,-1.3292182683944702,-1.2273249626159668,0.09494829922914505,0.0,1791183741900,-0.96900004,7.4400005,8.26395,0.932533,6.893665,6.902737,-2.060421,0.405389,1.512201,-0.22013749,-1.227325,-0.631675,
36539262008979,1.1430459022521973,0.2070726215839386,11.107134687051794,1.0164915919303894,0.9764293150992476,1.1120440006256103,-1.5347836017608643,-1.456125020980835,0.04143950343132019,0.0,1791183741910,-0.9289501,7.7059503,7.9450502,0.966041,6.886501,6.905277,-1.840144,0.685493,1.196021,-0.1573,-1.456125,-0.704,
36539272003735,1.0235458612442017,0.3113615453243256,10.973433342457326,0.6638527750968933,0.9462096312792868,1.1013511419296265,-1.639488935470581,-1.5751999616622925,0.008640050888061523,0.0,1791183741921,-1.197,7.8679504,7.5550504,1.006163,6.885787,6.900259,-2.057437,0.896896,0.858668,-0.120037496,-1.5752,-0.7390625,
36539281998510,0.9307079315185547,0.41196274757385254,11.086684458710023,0.3140567064285278,0.8985510606919941,1.0818206787109375,-1.5882246494293213,-1.540137529373169,0.004360690712928772,0.0,1791183741930,-1.48905,8.07705,7.4470506,1.044761,6.888609,6.891701,-2.39531,1.095187,0.591893,-0.1126125,-1.5401375,-0.7019375,
36539291993279,0.9765846729278564,0.5146861016750336,11.212378454405656,0.06052917242050171,0.8377349745473435,1.0456244468688964,-1.3838245868682861,-1.3528624773025513,3.7979334592819214E-4,0.0,1791183741941,-1.695,8.23695,7.4160004,1.07604,6.892978,6.882515,-2.689952,1.25123,0.557983,-0.0944625,-1.3528625,-0.6007375,
36539301988068,1.050283432006836,0.6218282163143158,9.786098450694423,0.052371847629547164,0.7586183898355788,1.0248335599899292,-1.093569278717041,-1.0803375244140625,-0.016559679061174393,0.0,1791183741951,-0.65295005,7.7320504,5.96295,1.096963,6.899631,6.872537,-2.787488,1.409777,0.527259,-0.050875,-1.0803375,-0.46667498,
36539311982843,-0.1629660725593567,0.66814583837986,10.078364234160713,0.33783484697341915,0.6765726025078844,0.7636311650276184,-1.2494888305664062,-1.27201247215271,0.05947020649909973,0.0,1791183741960,-0.18405001,7.8370504,6.33405,1.132485,6.907032,6.859328,-1.439162,0.866074,-0.867321,-0.1637625,-1.2720125,-0.4772625,
36539321977598,0.3792797923088074,0.7332868784666061,10.524220101051878,0.48470194339752193,0.5753311741209739,0.6347779512405396,-1.3512598276138306,-1.3039125204086304,0.1542862504720688,0.0,1791183741970,-0.62895006,8.017051,6.7890005,1.171957,6.901434,6.858333,-1.55046,1.063209,-0.262987,-0.3169375,-1.3039125,-0.564575,
36539331972367,0.7439674735069275,0.8090571999549866,11.030678007849097,0.5086084961891173,0.46050030419935667,0.5974298596382142,-1.2907048463821411,-1.231587529182434,0.1681315302848816,0.0,1791183741980,-0.68700004,7.9879503,7.5760503,1.203347,6.890673,6.863715,-1.933797,1.095517,0.301449,-0.33605,-1.2315875,-0.547525,
36539341967131,1.2579541206359863,0.8932826310396195,11.281596937221503,0.4448001980781555,0.3724314908977299,0.6537037491798401,-1.0865752696990967,-1.031387448310852,0.09591251611709595,0.0,1791183741990,-0.37095,7.8850503,8.059951,1.228385,6.881375,6.868609,-1.73378,1.088056,1.014817,-0.2222,-1.0313874,-0.4772625,
36539351961891,1.2992064952850342,0.9529802858829498,11.119164448227616,0.40855563879013057,0.3351575913259786,0.7034883618354797,-0.8815312385559082,-0.7845749855041504,-0.03061199001967907,0.0,1791183742000,-0.22500001,7.59495,8.118,1.241121,6.880979,6.866716,-1.531039,0.875368,1.253735,-0.0402875,-0.784575,-0.46461248,
36539361956660,1.1097369194030762,0.9777273833751678,11.001643525734194,0.1433221817016601,0.3274574153808467,0.9580289602279664,-0.7454226016998291,-0.602524995803833,-0.17515107989311218,0.0,1791183742011,-0.21495001,7.34595,8.187,1.239343,6.893,6.854969,-1.414339,0.554495,1.284636,0.161975,-0.602525,-0.4890875,
36539371951429,0.9394149780273438,0.9769127756357193,10.72368419524995,0.011764681339263783,0.3275314378049507,1.0700559973716737,-0.6710691452026367,-0.5036625266075134,-0.29657280445098877,0.0,1791183742020,-0.53595,7.188,7.9399505,1.227113,6.916587,6.833376,-1.538578,0.351342,1.267922,0.3333,-0.5036625,-0.5124625,
36539381946217,0.551419734954834,0.957569220662117,10.601803031005135,0.014077997207641468,0.3404119611556236,1.031546449661255,-0.584743857383728,-0.43230000138282776,-0.37180984020233154,0.0,1791183742031,-1.3240501,7.0660505,7.7920504,1.206587,6.949147,6.803934,-2.114209,0.146399,1.019637,0.4503125,-0.4323,-0.4805625,
36539391940997,0.4985522925853729,0.9212581589818001,10.834040426550215,0.14516747593879697,0.348606841679619,0.8796660840511322,-0.40135103464126587,-0.3227125108242035,-0.42765721678733826,0.0,1791183742041,-1.5870001,7.29405,7.8520503,1.180398,6.987855,6.768791,-2.76079,0.150788,1.047596,0.5589375,-0.3227125,-0.3454,
36539401935780,0.859656810760498,0.9046455040574074,11.53491680090098,0.02812498211860659,0.34318780218885797,0.791756147146225,-0.17030486464500427,-0.18328750133514404,-0.49403977394104004,0.0,1791183742050,-2.11905,8.31105,7.7130003,1.155921,7.033933,6.72515,-2.800957,0.614675,1.091238,0.6898375,-0.1832875,-0.1750375,
36539411930559,1.1106762886047363,0.906412036716938,11.054944671470608,0.15716606974601743,0.3441514991982178,0.791944020986557,0.030109906569123268,-0.05128749832510948,-0.5583426356315613,0.0,1791183742061,-3.10995,9.279,5.142,1.127789,7.094642,6.665898,-3.553334,2.129351,-0.032245,0.81427497,-0.0512875,-0.0389125,
36539421925328,-0.755940854549408,0.8147644862532616,10.68722647115771,0.14455700516700748,0.49674606365434654,0.4528728544712067,-0.03384411334991455,-0.29823750257492065,-0.4209120571613312,0.0,1791183742070,-2.7169502,9.583051,3.8730001,1.111691,7.159156,6.599293,-4.425486,1.487834,-1.991135,0.652575,-0.2982375,0.16335,
36539431920083,0.12419915199279785,0.7695564314723015,10.470190798437677,0.28627501130104066,0.5160191373579106,0.3674287378787994,-0.020531296730041504,-0.45567500591278076,-0.1608763188123703,0.0,1791183742080,-1.86195,9.286051,4.464,1.134368,7.205184,6.545116,-3.607798,2.626936,-2.08061,0.3130875,-0.455675,0.416625,
36539441914872,-0.9271063804626465,0.6653228208422661,9.265538115215637,0.6211913585662842,0.6259526936235106,0.08229700326919556,-0.023813962936401367,-0.5407875180244446,-0.002616994082927704,0.0,1791183742090,-0.069000006,8.58405,3.48705,1.184267,7.23219,6.506379,-1.988938,1.735624,-2.963641,0.1034,-0.5407875,0.546425,
36539451909655,-1.2152891159057617,0.5468464717268944,8.844179772581391,1.2907211422920226,0.7366568374067138,0.3326921820640564,-0.21032902598381042,-0.6631624698638916,0.17287898063659668,0.0,1791183742100,0.6,7.7869506,4.15005,1.251607,7.239955,6.485103,-1.074655,0.798909,-2.520986,-0.17325,-0.66316247,0.45595,
36539461904438,-1.0820090770721436,0.4355937227606773,8.948601810428558,1.841285252571106,0.8032259668612921,0.7712292551994324,-0.21725675463676453,-0.6238374710083008,0.3033134937286377,0.0,1791183742110,1.7160001,7.2580504,4.9450502,1.324503,7.227723,6.484264,-0.103679,0.368212,-2.024547,-0.3680875,-0.6238375,0.4422,
36539471899204,-0.6703498959541321,0.35089893490076063,9.482216597417132,1.7856575131416321,0.8257541554730767,0.7541110634803772,-0.1894206404685974,-0.5344625115394592,0.3686594069004059,0.0,1791183742120,2.4409502,6.918,6.0079503,1.400171,7.197985,6.501427,0.728054,-0.200599,-0.945165,-0.46805,-0.5344625,0.407,
36539481893957,-0.29007551074028015,0.2898597627878189,9.565382443055482,1.7166320800781252,0.8257588226105224,0.8369659960269928,-0.08931039273738861,-0.3386625051498413,0.3248509168624878,0.0,1791183742130,2.3770502,6.5869503,6.5160003,1.463545,7.163245,6.525794,0.980715,-0.455558,-0.155504,-0.4137375,-0.3386625,0.3304125,
36539491888707,-0.33833619952201843,0.22411371916532516,9.457674594705928,1.5109681069850922,0.8207965911904619,0.7192119598388672,0.025382235646247864,-0.14066250622272491,0.24716436862945557,0.0,1791183742140,1.9860001,6.39795,6.67605,1.506047,7.132889,6.549329,0.694005,-0.664622,0.057987,-0.3095125,-0.1406625,0.26235,
36539501883467,-0.41979318857192993,0.15060988813638687,9.415194779193843,1.3520567953586577,0.8092633789469953,0.5601127743721008,0.1143793910741806,-0.016224998980760574,0.17674238979816437,0.0,1791183742151,1.67505,6.3739505,6.7240505,1.531589,7.108767,6.569602,0.194411,-0.779364,0.171789,-0.20845,-0.016224999,0.236775,
36539511878237,-0.4643365442752838,0.13554136455059052,9.327485108029151,0.8894511222839356,0.8177234359379284,0.4365782678127289,0.14085671305656433,0.01677500084042549,0.11843760311603546,0.0,1791183742161,1.4670001,6.1729503,6.8370004,1.549676,7.090833,6.584725,-0.031971,-0.80692,0.185396,-0.1243,0.016775,0.220825,
36539521873006,-0.5158611536026001,0.09078431725502015,9.341039223173,0.7731092572212219,0.827595472059887,0.4056805193424225,0.1394694298505783,0.006187499966472387,0.07047444581985474,0.0,1791183742170,1.69395,6.1330504,6.83895,1.566092,7.076488,6.596262,-0.053175,-0.967351,0.283992,-0.0540375,0.0061875,0.2134,
36539531867770,-0.44885772466659546,0.031143057346343993,9.308136676298915,0.5197339653968811,0.8213315106462428,0.43743696212768557,0.12109586596488953,0.0030249999836087227,0.030697789043188095,0.0,1791183742181,2.11605,6.1369505,6.6709504,1.584691,7.066809,6.602192,0.411854,-0.806838,0.098498,-0.003025,0.003025,0.1772375,
36539541862539,-0.5843673348426819,-0.060973015427589414,9.293827080592704,0.15395100712776189,0.7808901730789598,0.48664318919181826,0.061883024871349335,8.249999955296516E-4,0.002591092139482498,0.0,1791183742190,2.427,6.15705,6.525,1.601204,7.060008,6.605485,0.692222,-0.96763,-5.62E-4,0.0171875,8.25E-4,0.0867625,
36539551857304,-0.6019474267959595,-0.1560307115316391,9.235540494117414,0.2481552183628083,0.7231056267533285,0.5230740368366241,-0.04705217480659485,-0.03849999979138374,0.0027434835210442543,0.0,1791183742200,2.18805,6.36705,6.32205,1.613913,7.055114,6.607619,0.72979,-0.816691,-0.199021,-0.01045,-0.0385,-0.026124999,
36539561852069,-0.6739904880523682,-0.24521708190441133,9.03889318768192,0.18910623788833614,0.669502255792033,0.565004825592041,-0.2006731927394867,-0.1588124930858612,0.040331967175006866,0.0,1791183742210,1.89795,6.5470505,5.9359503,1.623878,7.050469,6.610138,0.454069,-0.560654,-0.512786,-0.086075,-0.1588125,-0.106975,
36539571846794,-0.8155144453048706,-0.33296355307102204,9.205902788417044,0.21203051209449775,0.6217942791410968,0.6249354839324951,-0.36358943581581116,-0.31735000014305115,0.1303076297044754,0.0,1791183742220,1.7230501,6.4099503,6.3790503,1.637463,7.040313,6.617606,0.069383,-0.538527,-0.651936,-0.2286625,-0.31735,-0.1442375,
36539581841544,3.041501522064209,-0.2084594637155533,11.475747665198352,0.792348325252533,0.9494055479429018,0.07313636541366578,-0.21957962214946747,-0.11302500218153,0.07634700834751129,0.0,1791183742231,2.2740002,6.97305,8.826,1.645323,7.025362,6.631531,0.794149,-1.05509,5.415412,-0.15413749,-0.113025,-0.1665125,
36539591836314,0.6027267575263977,-0.20325074046850206,10.008334953439723,0.8706679582595825,0.9535468718244273,0.3105551838874817,0.01569080352783203,0.14135000109672546,-0.21561190485954285,0.0,1791183742240,0.76305,6.453,7.6120505,1.620189,7.034251,6.628297,-0.43049,-0.534859,1.563981,0.2715625,0.14135,-0.1931875,
36539601831069,-0.44574156403541565,-0.2685206592082977,8.742759468290553,0.7783746242523193,0.9227366587096114,0.34179635643959044,0.1506572812795639,0.19456249475479126,-0.20662476122379303,0.0,1791183742250,0.54495,7.05705,5.1319504,1.595371,7.052326,6.615099,-0.898877,-0.256053,-0.170588,0.292875,0.1945625,-0.0548625,
36539611825842,-1.6494364738464355,-0.4065262973308563,8.419517707364886,0.5523876786231995,0.9124881360795927,0.146707159280777,-0.016174685209989548,-0.015124999918043613,-0.04911309853196144,0.0,1791183742261,0.47595003,7.1140504,4.47795,1.580704,7.073601,6.595874,-1.171514,-0.009178,-2.160099,0.0672375,-0.015125,-0.023924999,
36539621820616,-1.0402822494506836,-0.4207433670759201,9.47879901051265,0.5391905605792999,0.9200055853724081,0.10175359845161439,-0.19635100662708282,-0.24598750472068787,0.18322066962718964,0.0,1791183742270,1.24395,7.65495,5.44995,1.588965,7.073593,6.593898,-0.741636,0.299682,-1.688859,-0.263725,-0.2459875,0.0356125,
36539631815400,-0.03329390287399292,-0.4286180198192596,9.856187851251617,0.026562297344207786,0.9159727091303915,0.513205486536026,-0.3073408007621765,-0.34072500467300415,0.34379249811172485,0.0,1791183742282,1.302,7.6170006,6.11805,1.612029,7.051092,6.612371,-0.226005,0.683706,-0.723315,-0.50215,-0.340725,0.03025,
36539641810169,0.11504963040351868,-0.3765102192759514,10.273633090945555,0.08766687512397764,0.9157756135671548,0.6107409119606018,-0.39547207951545715,-0.4184125065803528,0.43779289722442627,0.0,1791183742290,1.07895,7.3630505,7.083,1.637157,7.014399,6.645143,-0.476188,0.46422,-0.203027,-0.641575,-0.4184125,0.0165,
36539651804934,0.8405953049659729,-0.27371599823236464,10.933014684529756,0.2115312874317169,0.9311112251013707,0.3534735381603241,-0.40783390402793884,-0.45787498354911804,0.43347644805908203,0.0,1791183742301,1.3969501,7.1260505,8.17305,1.665534,6.969678,6.68503,-0.44471,0.329376,0.999677,-0.6265875,-0.45787498,0.0356125,
36539661799688,1.1817851066589355,-0.1605262890458107,11.237423774514692,0.8377062618732452,0.9630231001881597,0.2127707779407501,-0.3436478078365326,-0.41318750381469727,0.335467129945755,0.0,1791183742310,1.5270001,6.60405,8.962951,1.69511,6.926928,6.721925,-0.215712,-0.094743,1.874973,-0.477675,-0.4131875,0.0452375,
36539671794458,1.3116871118545532,-0.06142443865537643,11.18955602099497,0.6100282847881318,1.0064625795958269,0.6831646502017975,-0.1906335949897766,-0.267300009727478,0.18338344991207123,0.0,1791183742319,1.74195,6.4150505,9.00105,1.718287,6.893517,6.750328,-0.090448,-0.413279,2.349352,-0.2509375,-0.2673,0.0600875,
36539681789242,0.9579693078994751,9.77802276611328E-4,10.544524261666151,0.5708621084690094,1.0287939537831814,0.8814172923564911,-0.04892238229513168,-0.1311749964952469,0.019558927044272423,0.0,1791183742330,2.013,6.3150005,8.200951,1.735107,6.876684,6.763181,0.256649,-0.432359,1.76189,-0.01155,-0.131175,0.06545,
36539691784006,0.3113136291503906,0.03346029371023178,9.931271290144284,0.578873735666275,1.0278232356647405,0.9206700921058655,7.335562258958817E-4,-0.06091250106692314,-0.10011458396911621,0.0,1791183742349,2.17995,6.03,7.5840006,1.746138,6.874099,6.76297,0.334203,-0.743414,1.120456,0.15125,-0.0609125,0.023924999,
36539701778775,-0.1316741704940796,0.047866244614124295,9.58757471248677,0.579509037733078,1.0233790138332175,0.726216197013855,0.012386768124997616,-0.031075000762939453,-0.17520344257354736,0.0,1791183742368,2.4720001,6.051,7.0140004,1.755167,6.881496,6.753103,0.610085,-0.825032,0.49107,0.25025,-0.031075,-0.0154,
36539711773545,-0.42259854078292847,0.04995314478874206,9.247643863697693,0.30358586907386775,1.0223744527664704,0.40533946752548217,-0.002513539046049118,-0.012924999929964542,-0.19696184992790222,0.0,1791183742368,2.5110002,6.0679502,6.51105,1.762746,6.894382,6.73797,0.765311,-0.804399,0.00821,0.2704625,-0.012925,-0.0611875,
36539721768309,-0.732511043548584,0.03912065029144287,9.01069800559617,0.5097053229808808,1.029435475404273,0.0035001635551452637,-0.03803790360689163,-0.014024999924004078,-0.18546941876411438,0.0,1791183742437,2.45295,6.19995,6.0610504,1.767898,6.909213,6.721407,0.736217,-0.783317,-0.456461,0.242825,-0.014025,-0.1049125,
36539731763068,-0.9010979533195496,0.016508638858795166,8.862719051829623,0.2354272961616516,1.0447585852086916,0.3753136157989502,-0.10796238481998444,-0.05664999783039093,-0.14819079637527466,0.0,1791183742438,2.2399502,6.3030005,5.814,1.771614,6.923667,6.705537,0.574484,-0.678061,-0.768597,0.177925,-0.056649998,-0.1463,
36539741757852,-0.9808408617973328,-0.003315037488937378,8.810693467438051,0.28027097582817073,1.0596274004373867,0.6337445139884949,-0.19383369386196136,-0.1247124969959259,-0.09041889011859894,0.0,1791183742438,2.0299501,6.3840003,5.7229505,1.774981,6.934774,6.693157,0.331697,-0.588611,-0.914234,0.0853875,-0.1247125,-0.1772375,
36539751752626,-0.9856699705123901,-0.022501164674758913,8.891574889358353,1.0173144519329071,1.0736736674272622,0.804543673992157,-0.26210540533065796,-0.18535000085830688,-0.020961690694093704,0.0,1791183742438,2.025,6.52995,5.6850004,1.779592,6.940347,6.686153,0.202587,-0.493628,-0.986238,-0.018975,-0.18535,-0.186725,
36539761747438,-0.8927528858184814,-0.033439284563064574,8.904273777821663,1.5817391932010652,1.0813419845931933,0.8985745429992675,-0.31274884939193726,-0.22907499969005585,0.043566763401031494,0.0,1791183742438,1.9189501,6.6160502,5.64195,1.786906,6.940344,6.684204,0.188091,-0.338002,-1.008232,-0.114675,-0.229075,-0.190025,
36539771742212,-0.8898206949234009,-0.037154597043991086,8.931045612333259,1.8114537656307221,1.0841466977513639,0.930036473274231,-0.34683704376220703,-0.2630375027656555,0.10692743957042694,0.0,1791183742438,1.7710501,6.7570505,5.565,1.795887,6.935197,6.687141,0.090524,-0.222721,-1.09736,-0.20515,-0.2630375,-0.1804,
36539781736976,-0.9687715768814087,-0.23766825199127198,8.86797361009966,1.8642412900924683,0.8394389026574961,0.9435711979866028,-0.3564247786998749,-0.28008750081062317,0.1786554753780365,0.0,1791183742438,1.35,6.78105,5.5530005,1.8053,6.924656,6.695525,-0.244499,-0.157114,-1.189542,-0.3020875,-0.2800875,-0.1505625,
36539791731742,-0.9130415320396423,-0.313456666469574,9.012196597638034,1.6562275290489197,0.8284968631773694,0.9300113320350647,-0.32052427530288696,-0.272662490606308,0.25610747933387756,0.0,1791183742481,1.14405,6.7980003,5.8050003,1.814419,6.907049,6.71123,-0.617537,-0.120353,-1.04244,-0.395725,-0.2726625,-0.0804375,
36539801726511,-0.6737534403800964,-0.324857260286808,9.283897717350433,1.2729674935340882,0.8318009391156465,0.867628026008606,-0.25178980827331543,-0.23966249823570251,0.317950040102005,0.0,1791183742481,1.3780501,6.93195,6.0199504,1.82615,6.882012,6.733729,-0.60772,-0.011519,-0.803971,-0.461725,-0.2396625,0.0037125,
36539811721284,-0.3535929322242737,-0.26006508320569993,9.535727050837355,0.7562958717346191,0.7746034846262535,0.7597960352897644,-0.18961399793624878,-0.19607499241828918,0.3561519682407379,0.0,1791183742482,1.608,7.0519505,6.2140503,1.841946,6.852082,6.759898,-0.317058,0.178821,-0.60748,-0.49995,-0.19607499,0.0600875,
36539821716045,-0.2679646611213684,-0.22144920378923416,9.552145577934187,0.2601112127304077,0.7537145023770089,0.6354248285293579,-0.12349067628383636,-0.1289750039577484,0.3709847629070282,0.0,1791183742482,1.7590501,7.0399504,6.2119503,1.857387,6.819823,6.788235,-0.215183,0.213474,-0.542443,-0.510675,-0.128975,0.091025,
36539831710818,-0.28851261734962463,-0.23421013951301575,9.518645632200494,0.13437147736549376,0.7525805364355825,0.4993730366230011,-0.07236243784427643,-0.057750001549720764,0.38342198729515076,0.0,1791183742482,1.8760501,6.9940505,6.1780505,1.870506,6.786633,6.817834,-0.051131,0.237088,-0.636685,-0.52442497,-0.05775,0.09735,
36539841705607,-0.333611398935318,-0.2566431909799576,9.446878556105169,0.42105666399002073,0.7485112779365317,0.38348701000213625,-0.06796696782112122,-0.03217500075697899,0.39521047472953796,0.0,1791183742504,1.8000001,6.9270005,6.1660504,1.88076,6.752341,6.848988,-0.039838,0.206736,-0.670233,-0.542575,-0.032175,0.0834625,
36539851700360,-0.34571146965026855,-0.31595852971076965,9.476848446807542,0.5806959271430969,0.7049474206303681,0.31787861585617067,-0.09098587185144424,-0.04702499881386757,0.4112531244754791,0.0,1791183742505,1.7950501,6.8149505,6.3360004,1.890169,6.716511,6.881552,-0.075583,0.173135,-0.640549,-0.56595,-0.047025,0.071775,
36539861695135,-0.31817275285720825,-0.3909564226865768,9.55872899628373,0.6192418932914734,0.6157634505453441,0.31079457998275756,-0.1017259880900383,-0.05128749832510948,0.4241468608379364,0.0,1791183742516,1.69395,6.66405,6.6400504,1.898983,6.67796,6.916553,-0.156223,0.044091,-0.450494,-0.583,-0.0512875,0.06545,
36539871689904,-0.15027040243148804,-0.4640542984008789,9.783180257028205,0.6563154697418213,0.4814229588679179,0.2872557282447815,-0.08487953245639801,-0.03217500075697899,0.424211710691452,0.0,1791183742520,1.70595,6.5830503,7.0330505,1.905928,6.637207,6.95377,-0.223023,-0.018105,-0.133369,-0.5787375,-0.032175,0.0697125,
36539881684683,0.13411486148834229,-0.5052470207214356,10.053020035766487,0.7272810995578766,0.3832153249823368,0.2027302324771881,-0.05083325505256653,-0.0012374999932944775,0.40232357382774353,0.0,1791183742530,1.7539501,6.6450005,7.3369503,1.911212,6.596256,6.991185,-0.185211,0.022845,0.217075,-0.542575,-0.0012375,0.0782375,
36539891679678,0.27785786986351013,-0.5069198086857796,10.139408865619624,0.7871916472911835,0.3797042083236534,0.08043637871742249,-0.011749416589736938,0.043449997901916504,0.36492446064949036,0.0,1791183742541,1.7730001,6.6139503,7.4779506,1.913646,6.557972,7.026448,-0.142156,0.051552,0.378138,-0.4882625,0.043449998,0.0760375,
36539901674450,0.35976871848106384,-0.4823476642370224,10.105582137360063,0.8204556941986083,0.4172391175847713,0.06065965890884399,0.03414767608046532,0.10092499852180481,0.324115514755249,0.0,1791183742550,1.7730001,6.5800505,7.4620504,1.911837,6.523396,7.059049,-0.140347,0.088522,0.455669,-0.4307875,0.100925,0.0708125,
36539911669244,0.2111833244562149,-0.45065857097506523,9.91062424666273,0.8019557029008866,0.44379617656911824,0.16653087437152864,0.054914720356464386,0.13598750531673431,0.29503512382507324,0.0,1791183742560,1.7329501,6.5850005,7.2010503,1.906158,6.492617,7.0889,-0.158609,0.083388,0.258224,-0.3925625,0.1359875,0.056925,
36539921664013,0.014704316854476929,-0.4132978029549122,9.726247874575995,0.6988988548517228,0.4499058894968752,0.19952581822872162,0.03825874626636505,0.13062499463558197,0.2925783097743988,0.0,1791183742570,1.62705,6.58995,6.9660006,1.898906,6.464583,7.116414,-0.213606,0.147335,-0.056593,-0.3925625,0.130625,0.038775,
36539931658777,-0.10483114421367645,-0.37348446249961853,9.711357461455105,0.5352236270904541,0.4401026493543595,0.15173661708831787,0.0013758447021245956,0.10188750177621841,0.3211959898471832,0.0,1791183742580,1.6819501,6.5080504,7.0090504,1.891944,6.435531,7.144543,-0.24974,0.13808,-0.202038,-0.43395,0.1018875,0.025024999,
36539941653532,-0.06969014555215836,-0.3279269266873598,9.691681542127302,0.40010562986135484,0.42164595629689794,0.08222701400518417,-0.03104766272008419,0.08167500048875809,0.3542105257511139,0.0,1791183742591,1.7730001,6.4489503,7.0140004,1.886533,6.402589,7.175506,-0.146167,0.084831,-0.132444,-0.4808375,0.081675,0.0111375,
36539951648302,-0.08894599229097366,-0.28309072777628896,9.820848566521404,0.30327865183353425,0.3962314052343279,0.007515928149223328,-0.07672487199306488,0.05623750016093254,0.3808518350124359,0.0,1791183742600,1.7539501,6.3460503,7.287,1.881991,6.366715,7.20854,-0.100923,0.036908,-0.127171,-0.5223625,0.0562375,-0.0176,
36539961643061,0.07581523060798645,-0.23466232195496559,9.935295478659452,0.2526661813259125,0.3775053549346406,0.03458954691886902,-0.1001104936003685,0.04441250115633011,0.38202768564224243,0.0,1791183742610,1.6900501,6.22095,7.5600004,1.876511,6.328065,7.243916,-0.150511,-0.046545,0.182217,-0.526625,0.0444125,-0.0378125,
36539971637839,0.10912826657295227,-0.18471487388014793,9.952997867091954,0.18702547550201415,0.35279387634938986,0.01570475697517395,-0.11198411881923676,0.03272499889135361,0.35829055309295654,0.0,1791183742620,1.66305,6.0540004,7.7230506,1.870088,6.290006,7.278641,-0.213519,-0.144956,0.327057,-0.49568748,0.032725,-0.0517,
36539981632623,0.19804427027702332,-0.12637408152222634,10.018063047528718,0.12530670464038848,0.31248656544308373,0.044870325922966005,-0.09835536777973175,0.043449997901916504,0.3236934244632721,0.0,1791183742630,1.8840001,6.0390005,7.76805,1.86333,6.253644,7.311631,-0.099022,-0.230699,0.487997,-0.4478375,0.043449998,-0.0548625,
36539991627378,0.208095520734787,-0.07031722888350486,10.029605349316945,0.03976780027151108,0.26297660487422636,0.10042745918035507,-0.0970400869846344,0.05403750017285347,0.27623096108436584,0.0,1791183742641,1.9789501,6.0150003,7.7779503,1.85676,6.22178,7.340433,0.067959,-0.206017,0.435253,-0.3883,0.0540375,-0.0771375,
36540001622143,0.2076045721769333,-0.026249328255653383,10.035120685568547,0.006793302297592174,0.22993472585365332,0.15973757207393646,-0.08148197829723358,0.09350000321865082,0.2263907790184021,0.0,1791183742649,2.022,5.9890504,7.794,1.847171,6.19482,7.365609,0.166132,-0.202999,0.405288,-0.327525,0.0935,-0.1049125,
36540011616907,0.1965009719133377,0.0012553669512271881,9.92246007107916,0.01565109789371491,0.2218933594168195,0.1838747203350067,-0.056356918066740036,0.1508374959230423,0.17603321373462677,0.0,1791183742660,1.89495,5.9940004,7.6770005,1.831872,6.172867,7.387827,0.164673,-0.181046,0.3711,-0.2668875,0.1508375,-0.1346125,
36540021611676,0.0537901446223259,0.017343107238411905,9.792973330173936,0.021070478856563574,0.21328823580594194,0.17280709594488144,-0.02757304161787033,0.19882500171661377,0.13045431673526764,0.0,1791183742670,1.761,6.0220504,7.51905,1.810489,6.156601,7.406645,0.016067,-0.15281,0.194264,-0.2094125,0.198825,-0.1505625,
36540031606446,-0.09827224910259247,0.026855125650763513,9.570271890612846,0.031316778063774114,0.20345110556805382,0.11354379206895829,-0.00445421040058136,0.23388749361038208,0.10158108919858932,0.0,1791183742679,1.5990001,6.1210504,7.18095,1.784994,6.145197,7.422288,-0.090118,-0.060002,-0.058403,-0.17215,0.2338875,-0.158125,
36540041601240,-0.40760496258735657,0.02315544746816158,9.223065303388443,0.0020803764462471,0.2105222966444265,0.009596304595470428,0.007992222905158997,0.2531374990940094,0.10841530561447144,0.0,1791183742690,1.40205,6.1780505,6.70305,1.75648,6.136782,7.436039,-0.238775,0.01545,-0.493534,-0.1797125,0.2531375,-0.155925,
36540051596004,-0.605902373790741,0.010145902261137962,9.0099313336365,0.13770814687013627,0.23902496964768652,0.17229769378900528,0.016650870442390442,0.2424124926328659,0.15354785323143005,0.0,1791183742700,0.98100007,6.2430005,6.4219503,1.726659,6.12822,7.450072,-0.714131,0.213153,-0.806842,-0.230725,0.2424125,-0.124025,
36540061590792,-1.0157456398010254,-0.024732742086052896,8.932135828414271,0.399042259156704,0.3211688529767135,0.4147470161318779,0.02449115738272667,0.20624999701976776,0.23801568150520325,0.0,1791183742709,1.2559501,6.1590004,6.3460503,1.702162,6.11395,7.467413,-0.536405,-0.007207,-1.204861,-0.3265625,0.20625,-0.0622875,
36540071585646,-0.7497323751449585,-0.05470584072172642,9.156024703411038,0.6203218460083008,0.3574133232954266,0.5754515200853347,0.007845111191272736,0.19030000269412994,0.3185378611087799,0.0,1791183742719,1.2970501,6.29505,6.5209503,1.682989,6.090966,7.490507,-0.371186,0.173793,-1.038814,-0.427625,0.1903,-0.0484,
36540081580415,-0.6987662315368652,-0.0963498953729868,9.12642412736915,0.7959777757525445,0.3807467437194654,0.6955503165721894,-0.0022818613797426224,0.17861250042915344,0.37570875883102417,0.0,1791183742730,1.14795,6.183,6.6139503,1.665251,6.061991,7.517926,-0.446821,0.178826,-0.956099,-0.4978875,0.1786125,-0.0367125,
36540091575165,-0.769283652305603,-0.14870697148144246,9.005376867133382,0.927623626589775,0.3973251048161408,0.7678860545158386,0.008562976494431496,0.19236250221729279,0.438064843416214,0.0,1791183742741,1.01205,6.1330504,6.5160003,1.646481,6.0265,7.550523,-0.590857,0.104184,-0.952783,-0.5724125,0.1923625,-0.0176,
36540101569919,-0.892723798751831,-0.2113315973430872,8.90521083258001,1.0091250598430632,0.41072627229309144,0.8252503395080566,0.012287787161767483,0.19139999151229858,0.5056828856468201,0.0,1791183742749,1.0170001,6.1590004,6.3510003,1.628065,5.985745,7.586848,-0.610749,0.173669,-1.159097,-0.6521625,0.19139999,0.0048125,
36540111564679,-1.018568515777588,-0.27281918935477734,8.738770918757469,0.9986220106482505,0.4342475975148401,0.8258149147033691,-0.002944696694612503,0.17008750140666962,0.5857231616973877,0.0,1791183742760,0.88995004,6.1090503,6.1849504,1.611996,5.939144,7.626798,-0.644957,0.237029,-1.357064,-0.748,0.1700875,0.0218625,
36540121559448,-1.2484831809997559,-0.33597856424748895,8.510617594165039,1.039108867943287,0.477539937815739,0.9255650758743286,-0.022327151149511337,0.1434125006198883,0.6813991069793701,0.0,1791183742769,0.753,5.8450503,6.1399503,1.597792,5.884317,7.67215,-0.748069,0.114685,-1.526915,-0.86185,0.1434125,0.040975,
36540131554227,-1.3794550895690918,-0.3997097615152597,8.587013589368444,1.0521065428853036,0.5251223030488462,1.061702847480774,-0.04299718141555786,0.08703749626874924,0.7943575382232666,0.0,1791183742780,0.55200005,5.40705,6.6480002,1.587463,5.817305,7.725213,-0.960401,-0.179826,-1.417172,-0.99055,0.087037496,0.0834625,
36540141549006,-0.9879201054573059,-0.4456212595105171,9.28123430238883,0.9331324443221092,0.5343215236177138,1.1054301381111145,-0.07385887950658798,-0.011962499469518661,0.8836042881011963,0.0,1791183742790,1.00995,5.1529503,7.6530004,1.585982,5.734759,7.78699,-0.889488,-0.497112,-0.696044,-1.0841875,-0.0119624995,0.136675,
36540151543771,-0.13997146487236023,-0.44817253313958644,9.993992718493312,0.5401326552033424,0.5327318360487154,0.9548796713352203,-0.11654764413833618,-0.09171249717473984,0.8872259855270386,0.0,1791183742800,1.575,4.998,8.509951,1.597454,5.643218,7.851256,-0.300016,-0.565982,0.293138,-1.0789624,-0.0917125,0.139975,
36540161538540,0.4605898857116699,-0.42893380038440226,10.700451615071975,0.08359647095203404,0.557671389054316,0.6590479910373688,-0.16291913390159607,-0.11618749797344208,0.8023495078086853,0.0,1791183742810,1.98405,4.8970504,9.304951,1.61372,5.554254,7.911142,0.231989,-0.589546,0.937147,-0.9777625,-0.1161875,0.0792,
36540171533294,0.9002522826194763,-0.3893775995820761,10.86645756894511,0.466249418258667,0.6191073638033188,0.22930089831352235,-0.12861071527004242,0.021037500351667404,0.6350221037864685,0.0,1791183742819,1.881,4.84695,9.54195,1.618792,5.477186,7.963665,0.332262,-0.598669,1.452049,-0.7841625,0.0210375,-0.0133375,
36540181528068,0.9142005443572998,-0.35356978587806226,10.617087280500277,0.9973162829875946,0.670614870549123,0.22943022847175598,-0.029384158551692963,0.2073500007390976,0.4457739591598511,0.0,1791183742830,1.4860501,4.8229504,9.34095,1.604716,5.418517,8.006531,0.114101,-0.568731,1.481009,-0.558525,0.20735,-0.06435,
36540191522828,0.5651875734329224,-0.33571518324315547,10.275957382631686,1.365302103757858,0.6898100290646302,0.5400517642498016,0.11143945157527924,0.3903625011444092,0.2825472056865692,0.0,1791183742840,1.01205,4.782,9.0390005,1.571758,5.378079,8.040265,-0.319809,-0.585753,1.143212,-0.3553,0.3903625,-0.055825,
36540201517826,0.3171146512031555,-0.3302396792918444,10.106825044223893,1.4572839021682737,0.694519558299331,0.6314689874649048,0.27070507407188416,0.5489000082015991,0.17035624384880066,0.0,1791183742850,0.82305,4.9020004,8.800051,1.524622,5.351456,8.06706,-0.655745,-0.525611,0.857843,-0.20625,0.5489,0.0037125,
36540211512586,0.21607962250709534,-0.3292607467621565,10.009368593799612,1.5081320106983185,0.6952747024347291,0.5825669348239899,0.4010395407676697,0.6638500094413757,0.09418168663978577,0.0,1791183742859,0.81600004,5.09805,8.57505,1.469868,5.3354,8.087829,-0.663241,-0.32999,0.600048,-0.102025,0.66385,0.06655,
36540221507110,0.13516458868980408,-0.3251920245587826,9.874982387364298,1.4912522435188293,0.6977381333181482,0.4295493960380554,0.4646020531654358,0.7074375152587891,0.04735413193702698,0.0,1791183742869,0.91395,5.15805,8.371051,1.413161,5.326739,8.103632,-0.553861,-0.187254,0.383132,-0.0391875,0.7074375,0.103675,
36540231501880,0.02915307879447937,-0.31882075816392896,9.788063816258852,1.3579700410366058,0.7003579820632353,0.25253990292549133,0.46077439188957214,0.6819999814033508,0.03587869554758072,0.0,1791183742879,1.12905,5.1990004,8.21595,1.359932,5.321272,8.116321,-0.342615,-0.124326,0.174119,-0.0243375,0.682,0.113299996,
36540241496649,-0.04166875034570694,-0.3005239475518465,9.753217672025308,1.0860483095049858,0.7025760170865791,0.13116863816976548,0.39709651470184326,0.6128374934196472,0.056441064924001694,0.0,1791183742889,1.1010001,5.1199503,8.22795,1.312748,5.315054,8.128155,-0.187692,-0.146839,0.076093,-0.0540375,0.6128375,0.0867625,
36540251491394,0.007745370268821716,-0.26984156034886836,9.931541699701503,0.7283427730202675,0.701968909821255,0.0692947819828987,0.30058184266090393,0.5053125023841858,0.09643682092428207,0.0,1791183742900,1.1580001,5.151,8.412001,1.271777,5.304632,8.141467,-0.158692,-0.213032,0.172915,-0.10835,0.5053125,0.0495,
36540261486163,0.18771642446517944,-0.20966845713555812,10.051345100596093,0.2929230406880379,0.6868688875553384,0.06362214237451554,0.19522692263126373,0.38403749465942383,0.13572803139686584,0.0,1791183742910,1.24395,5.2249503,8.496,1.239277,5.290054,8.155948,-0.049577,-0.102684,0.299691,-0.1615625,0.3840375,0.0100375,
36540271480953,0.3424479365348816,-0.15505944155156612,10.198202928271446,0.12435141652822494,0.6851750856092584,0.10507881194353104,0.07794976234436035,0.24667499959468842,0.16398678719997406,0.0,1791183742919,1.32105,5.2870502,8.62005,1.21642,5.272485,8.170753,0.066652,-0.01329,0.409385,-0.2019875,0.246675,-0.0356125,
36540281475941,0.3816782534122467,-0.10103721730411053,10.194169890860666,0.3644679173827171,0.6827664397236873,0.1755838468670845,-0.001417994499206543,0.16362500190734863,0.1837991625070572,0.0,1791183742930,1.2900001,5.256,8.63895,1.199917,5.252846,8.185831,0.087944,-8.33E-4,0.444585,-0.230725,0.163625,-0.072875,
36540291470719,0.42017653584480286,-0.04156420789659023,10.267320846997336,0.3635160833597183,0.6737124730134817,0.26795290410518646,-0.025578409433364868,0.13708749413490295,0.20199884474277496,0.0,1791183742939,1.251,5.2039504,8.7619505,1.185989,5.231394,8.201582,0.111449,0.018224,0.474325,-0.2531375,0.1370875,-0.0814,
36540301465474,0.5301292538642883,0.029578444734215736,10.474039948066013,0.21013725399971012,0.654939125053892,0.3724296808242798,-0.0055351294577121735,0.15619999170303345,0.20939698815345764,0.0,1791183742949,1.15995,5.14905,9.04695,1.17096,5.207929,8.218656,0.021133,-0.061262,0.66794,-0.2594625,0.15619999,-0.0686125,
36540311460234,0.7977913618087769,0.12039643861353397,10.720043632463472,0.06489527225494385,0.6287084390006208,0.49444466829299927,0.04152582213282585,0.1999250054359436,0.1887083649635315,0.0,1791183742959,1.1340001,5.1919503,9.31005,1.153122,5.184549,8.235942,-0.018489,-0.023516,0.966689,-0.230725,0.199925,-0.0441375,
36540321455004,0.9813443422317505,0.23188781477510928,10.891444434862258,0.3696840465068817,0.5711514407753817,0.622223949432373,0.08761148899793625,0.24351249635219574,0.14031150937080383,0.0,1791183742969,1.2349501,5.2180505,9.4800005,1.132743,5.164994,8.251046,0.033013,0.043922,1.133544,-0.1700875,0.2435125,-0.025024999,
36540331449787,1.1381860971450806,0.3577698741108179,11.016442758130509,0.6423568800091743,0.4707602431169323,0.7735255181789398,0.13817377388477325,0.30524998903274536,0.07360578328371048,0.0,1791183742979,1.3069501,5.2489505,9.597,1.109443,5.151192,8.26283,0.180812,0.050541,1.294142,-0.089237496,0.30525,-0.0144375,
36540341444556,1.226073980331421,0.46846957840025427,11.035062795337181,0.8654102250933647,0.39561889105327086,0.9347050070762635,0.17328770458698273,0.36272498965263367,-0.005192305892705917,0.0,1791183742990,1.3740001,5.3089504,9.576,1.081523,5.144988,8.270392,0.261404,0.123783,1.341647,0.0034375,0.362725,-0.0207625,
36540351439306,1.1689821481704712,0.5339172590523958,10.951063065304982,0.9988534435629843,0.39781500212893595,1.0624755859375,0.17091868817806244,0.3807374835014343,-0.08424810320138931,0.0,1791183743001,1.2919501,5.247,9.525001,1.050698,5.147072,8.273071,0.287441,0.126488,1.269537,0.0939125,0.38073748,-0.0463375,
36540361434076,1.100921630859375,0.565933846309781,10.918709465586243,1.0180228278040886,0.415977844070564,1.1231016397476197,0.14968226850032806,0.369049996137619,-0.14603906869888306,0.0,1791183743010,1.33305,5.1150002,9.55395,1.019164,5.155193,8.271957,0.30461,0.032175,1.246708,0.1640375,0.36905,-0.072875,
36540371428931,1.1496925354003906,0.5784058589488268,11.051833618311358,0.9811874315142632,0.42933935898067543,1.1567712783813477,0.11366428434848785,0.34773749113082886,-0.20517635345458984,0.0,1791183743020,1.50495,5.1049504,9.68595,0.988362,5.168064,8.267664,0.433574,-0.05731,1.34677,0.2300375,0.3477375,-0.1101375,
36540381423698,1.348006248474121,0.6000961441546678,11.298077968273155,0.9307824045419693,0.4558926969562816,1.1987353086471557,0.06328821182250977,0.33605000376701355,-0.2779945433139801,0.0,1791183743030,1.48395,5.1769505,9.931951,0.957353,5.187042,8.259424,0.581899,-0.030797,1.551334,0.309925,0.33605,-0.171875,
36540391418471,1.4970782995224,0.6466906804591417,11.331805072826072,0.8805064916610719,0.4958175261742554,1.2529361724853516,0.02696789801120758,0.3573625087738037,-0.36931338906288147,0.0,1791183743039,1.218,5.2369504,9.975,0.921105,5.214159,8.246462,0.462523,0.004334,1.724708,0.4120875,0.3573625,-0.2399375,
36540401413226,1.429208517074585,0.7022953737527132,11.228868135048508,0.8105367779731751,0.517618418937488,1.3049814462661744,0.019067108631134033,0.37757501006126404,-0.4634731113910675,0.0,1791183743049,0.837,5.23995,9.89595,0.878217,5.250658,8.22796,0.124734,-0.024981,1.704902,0.522775,0.377575,-0.2740375,
36540411408010,1.3985098600387573,0.7614168856292963,11.291395911280574,0.7422751426696778,0.5261643442542757,1.3644990921020508,0.053182825446128845,0.40851250290870667,-0.5455024838447571,0.0,1791183743059,0.63405,5.23005,9.987,0.830884,5.29556,8.204066,-0.079324,-0.055518,1.714431,0.6249375,0.4085125,-0.26345,
36540421402779,1.5079964399337769,0.8300584781914949,11.419944432606748,0.6626343548297882,0.5295249791173513,1.436159873008728,0.11778359115123749,0.4489375054836273,-0.6340376734733582,0.0,1791183743071,0.45195,5.4100504,10.047001,0.780389,5.348066,8.174912,-0.320921,-0.067323,1.882449,0.7387875,0.4489375,-0.223025,
36540431397533,1.490247368812561,0.903113192692399,11.254262135071608,0.5299030900001525,0.5145674958877909,1.464608097076416,0.1663704514503479,0.4606249928474426,-0.7527520656585693,0.0,1791183743080,0.33195,5.44995,9.84105,0.729421,5.412086,8.137399,-0.375298,0.024279,1.812222,0.88989997,0.460625,-0.1857625,
36540441392327,1.2347650527954102,0.9669348828494548,10.802559255730825,0.3496698617935181,0.4707180700915092,1.412145447731018,0.1746990978717804,0.428725004196167,-0.8762279748916626,0.0,1791183743089,0.33,5.49795,9.292951,0.682348,5.489161,8.089718,-0.323437,0.004665,1.519928,1.0473375,0.428725,-0.1676125,
36540451387092,0.7351117134094238,1.003303200006485,10.302055900070146,0.1502244472503662,0.4206396558339074,1.2733260869979859,0.18334759771823883,0.4265249967575073,-0.9512010216712952,0.0,1791183743103,0.279,5.6010003,8.641951,0.636589,5.576721,8.033365,-0.294438,-0.027828,0.939422,1.1474375,0.426525,-0.16335,
36540461381875,0.31560999155044556,1.0096978783607482,9.89106188740947,0.10002516508102421,0.40900346719159786,1.0567461133003235,0.18685799837112427,0.41263750195503235,-0.9709776043891907,0.0,1791183743109,0.25305,5.7780004,8.023951,0.59227,5.670248,7.97104,-0.333915,0.043844,0.381649,1.1825,0.4126375,-0.1516625,
36540471376615,-0.13908080756664276,0.9856214411556721,9.535488496438603,0.47140464484691613,0.4587239481049365,0.7273306638002396,0.18242217600345612,0.38499999046325684,-0.9461120367050171,0.0,1791183743120,0.19800001,5.87895,7.5049505,0.550914,5.76541,7.905476,-0.318895,0.080364,-0.208797,1.1633875,0.385,-0.1357125,
36540481371404,-0.3049606680870056,0.9512894950807095,9.485748078511088,0.8846471160650253,0.5237286686610403,0.3682890564203262,0.16085004806518555,0.3339875042438507,-0.8894258141517639,0.0,1791183743130,0.16695,6.0100503,7.3369503,0.514192,5.857423,7.840038,-0.349211,0.103272,-0.435452,1.10385,0.3339875,-0.1208625,
36540491366173,-0.32342779636383057,0.9141092784702778,9.50600426717472,1.2483309596776964,0.5831384996312936,0.056650486588478086,0.12530042231082916,0.2540999948978424,-0.824295163154602,0.0,1791183743139,0.22200002,6.14895,7.2460504,0.484608,5.943781,7.776673,-0.278926,0.148595,-0.503768,1.0324875,0.2541,-0.10065,
36540501360942,-0.2794934809207916,0.8736281417310238,9.580973235448647,1.5107696443796157,0.6342508428981487,0.146270552277565,0.06700343638658524,0.15193749964237213,-0.7703372836112976,0.0,1791183743149,0.42105,6.3150005,7.1929502,0.46455,6.024932,7.715205,-0.148734,0.218279,-0.51652,0.97295,0.1519375,-0.092125,
36540511355726,-0.2586863934993744,0.8208042539656162,9.484389788682215,1.697289702296257,0.6806636600213153,0.261129829287529,-0.017712824046611786,0.03272499889135361,-0.7281762957572937,0.0,1791183743159,0.44700003,6.4339504,6.9540005,0.455038,6.102122,7.65487,0.0164,0.284741,-0.559136,0.9260625,0.032725,-0.1038125,
36540521350481,-0.44770562648773193,0.7493517555296421,9.29508460663434,1.7874628901481628,0.7330516819326133,0.3228547930717468,-0.10286490619182587,-0.06297499686479568,-0.683495044708252,0.0,1791183743170,0.37005,6.4939504,6.6400504,0.45191,6.176337,7.595305,-0.033143,0.265593,-0.791664,0.87395,-0.062975,-0.1335125,
36540531345486,-0.6224758625030518,0.6613186575472355,9.165522850769632,1.7985032796859741,0.7849527918688743,0.38635783195495604,-0.14492161571979523,-0.10766249895095825,-0.6118343472480774,0.0,1791183743181,0.30600002,6.609,6.3430505,0.451368,6.245774,7.538341,-0.078092,0.308684,-1.060311,0.7866375,-0.1076625,-0.1463,
36540541340282,-0.7681480050086975,0.5616075582802296,9.086123927099978,1.7486279606819153,0.8321237290108917,0.47530187368392945,-0.15966568887233734,-0.13750000298023224,-0.5168593525886536,0.0,1791183743190,0.094950005,6.7170005,6.11805,0.451948,6.307834,7.486453,-0.270207,0.349574,-1.283757,0.668525,-0.1375,-0.1335125,
36540551335065,-0.7984617352485657,0.46323536410927774,9.081840973507775,1.6358416378498077,0.8699408263409434,0.5790955245494842,-0.16517508029937744,-0.17586250603199005,-0.4201767146587372,0.0,1791183743201,-0.117000006,6.76695,6.05595,0.454894,6.36148,7.440744,-0.46469,0.394091,-1.360152,0.54725,-0.1758625,-0.10065,
36540561329825,-0.804649829864502,0.3679567910730839,9.140961838180312,1.4156188756227492,0.8987566352298951,0.6882882118225098,-0.1565008908510208,-0.20666250586509705,-0.3242359757423401,0.0,1791183743209,-0.21300001,6.801,6.1039505,0.460748,6.405595,7.402436,-0.640532,0.361946,-1.338603,0.4258375,-0.2066625,-0.0548625,
36540571324571,-0.6528353691101074,0.277830395847559,9.278760450677549,1.097603216767311,0.9061931445724141,0.7293141603469848,-0.12911373376846313,-0.21834999322891235,-0.23151014745235443,0.0,1791183743219,-0.01905,6.906,6.1969504,0.47085,6.439901,7.371973,-0.621904,0.423409,-1.198007,0.307725,-0.21835,-5.5E-4,
36540581319369,-0.6101024150848389,0.17992496266961097,9.245408061180667,0.7834899574518204,0.8909309498965362,0.7268394708633423,-0.10736154019832611,-0.22687499225139618,-0.14963120222091675,0.0,1791183743229,0.23205002,6.86805,6.1849504,0.486538,6.465574,7.348445,-0.398171,0.426466,-1.162508,0.2024,-0.22687499,0.0430375,
36540591314138,-0.6175026893615723,0.07419591322541237,9.278106725541628,0.5504398554563522,0.853011853938295,0.6967104077339172,-0.10479521751403809,-0.24818749725818634,-0.07846660166978836,0.0,1791183743240,0.42795002,6.7530003,6.3480005,0.508234,6.483176,7.331447,-0.158899,0.320278,-1.097626,0.1098625,-0.2481875,0.071775,
36540601308894,-0.5089176893234253,-0.022710397094488143,9.364754559203714,0.3776717692613602,0.8021449406583567,0.6388015985488892,-0.11425252258777618,-0.2737624943256378,-0.0167895145714283,0.0,1791183743250,0.47100002,6.6109505,6.6160502,0.534273,6.492395,7.321431,-0.0772,0.186561,-0.841007,0.028875,-0.2737625,0.087725,
36540611303740,-0.3576086461544037,-0.11051632240414619,9.540013193397638,0.22653856873512268,0.7350789863689403,0.5493933618068695,-0.13989876210689545,-0.3152875006198883,0.021946091204881668,0.0,1791183743260,0.47295,6.5010004,6.9660006,0.563647,6.494749,7.31714,-0.094602,0.052526,-0.518288,-0.0221375,-0.3152875,0.0941875,
36540621298405,-0.1426708847284317,-0.19304968863725663,9.740861602481514,0.06100263297557834,0.6345091625507049,0.4473604649305344,-0.16347357630729675,-0.3460874855518341,0.03160007297992706,0.0,1791183743270,0.53295004,6.477,7.2559505,0.595082,6.493162,7.316059,-0.121249,-0.015318,-0.167653,-0.034925,-0.3460875,0.091025,
36540631293167,0.010624435730278492,-0.2670308352913707,9.83265041358789,0.15208677891641859,0.5074725367607815,0.32321509476751087,-0.16300088167190552,-0.3386625051498413,0.026762204244732857,0.0,1791183743280,0.73695004,6.5280004,7.3159504,0.627236,6.490543,7.315698,0.021373,0.013637,3.01E-4,-0.0286,-0.3386625,0.0845625,
36540641287942,0.009128235280513763,-0.32831267616711557,9.718138732831592,0.3812066147103905,0.38054770881525585,0.19788890983909369,-0.14180117845535278,-0.29397499561309814,0.022232554852962494,0.0,1791183743290,0.74895006,6.4560003,7.2250504,0.65728,6.48848,7.314891,0.111039,0.022881,-0.018044,-0.0232375,-0.293975,0.072875,
36540651282802,-0.15230348706245422,-0.3726834361907095,9.606857984818717,0.5617221424356102,0.29640037863441,0.12656606938689946,-0.09990102797746658,-0.2311374992132187,0.028036469593644142,0.0,1791183743300,0.67905,6.3960004,7.1359506,0.682301,6.486214,7.314609,0.011797,-0.068226,-0.144655,-0.0306625,-0.2311375,0.073975,
36540661277569,-0.18686160445213318,-0.3978070159908384,9.605199390514136,0.6368974993005394,0.25546249375710467,0.09241666104644537,-0.04719424992799759,-0.15991249680519104,0.04478025808930397,0.0,1791183743309,0.63900006,6.32205,7.2030005,0.702052,6.482484,7.316047,-0.031894,-0.119562,-0.141305,-0.051975,-0.1599125,0.0834625,
36540671272338,-0.19188189506530762,-0.40044707036577165,9.628406792099447,0.6245806077495217,0.25303638286742053,0.10225886311382056,0.017392762005329132,-0.08318749815225601,0.06795186549425125,0.0,1791183743320,0.52395004,6.30495,7.2580504,0.716552,6.475926,7.320447,-0.144557,-0.180041,-0.083455,-0.0807125,-0.0831875,0.104775,
36540681267102,-0.172369584441185,-0.3938175161834806,9.63779042130623,0.557852740585804,0.2571547090648911,0.13885766714811326,0.07654745876789093,-0.022549999877810478,0.08610504120588303,0.0,1791183743330,0.57600003,6.29295,7.2769504,0.727178,6.467272,7.327046,-0.162365,-0.176176,-0.058929,-0.102025,-0.02255,0.1324125,
36540691261857,-0.16406495869159698,-0.38584937429986893,9.605130982435341,0.4653052926063538,0.2616421780983717,0.1734963059425354,0.12040595710277557,0.026399999856948853,0.09952545166015625,0.0,1791183743340,0.66495,6.24795,7.2649503,0.735887,6.457115,7.335129,-0.104037,-0.182779,-0.047859,-0.117975,0.0264,0.1494625,
36540701256631,-0.24676474928855896,-0.3842129377182573,9.497374153867737,0.3570048034191131,0.26240350469892393,0.19238855838775634,0.13626514375209808,0.047712501138448715,0.11358290165662766,0.0,1791183743349,0.87105006,6.2040005,7.1380506,0.743914,6.445585,7.344456,0.033981,-0.22392,-0.136195,-0.1359875,0.0477125,0.153725,
36540711251376,-0.3479599952697754,-0.38867661780677737,9.366717085423154,0.2227522283792496,0.2609857141013228,0.22460823655128478,0.11304254829883575,0.03698749840259552,0.13004328310489655,0.0,1791183743360,0.91605,6.1729503,6.98505,0.753168,6.433077,7.354472,0.161197,-0.225778,-0.282681,-0.1595,0.0369875,0.1346125,
36540721246126,-0.4765992760658264,-0.3901213002856821,9.359254756462263,0.0416633820161223,0.26138812971515485,0.28155171275138857,0.06751373410224915,0.010449999943375587,0.159727543592453,0.0,1791183743370,0.85905004,6.1800003,6.9760504,0.762131,6.418544,7.366237,0.097167,-0.263917,-0.414155,-0.2019875,0.01045,0.1016125,
36540731241115,-0.40745025873184204,-0.3793700200971216,9.362329503795873,0.13067893777042627,0.2559760669304336,0.32856784760951996,0.03373689949512482,-0.007699999958276749,0.19918301701545715,0.0,1791183743380,0.96195006,6.2400002,6.91305,0.770758,6.400794,7.38077,0.129242,-0.167159,-0.409534,-0.2563,-0.0077,0.0782375,
36540741235898,-0.4600944221019745,-0.36396734095178546,9.282604260253718,0.261207670904696,0.24094586465153628,0.38777374029159545,0.00728197768330574,-0.016224998980760574,0.24295666813850403,0.0,1791183743389,0.98595005,6.24795,6.7939506,0.77971,6.379694,7.398078,0.196905,-0.105357,-0.539371,-0.3158375,-0.016224999,0.056925,
36540751230667,-0.5645201802253723,-0.35227026320062577,9.24196470624527,0.35890816543251275,0.22469955762757599,0.4513248264789581,-0.01814737543463707,-0.029975000768899918,0.29087308049201965,0.0,1791183743400,1.005,6.216,6.7650003,0.78861,6.354792,7.418538,0.202369,-0.116368,-0.66757,-0.379775,-0.029975,0.042075,
36540761225436,-0.5466533303260803,-0.3393704382237047,9.257146482343426,0.38880463037639856,0.20489109530699048,0.4910634934902191,-0.033061135560274124,-0.02681249938905239,0.3415093421936035,0.0,1791183743409,0.91905004,6.1249504,6.88005,0.796974,6.324717,7.443305,0.210765,-0.146149,-0.618116,-0.4467375,-0.0268125,0.0270875,
36540771220202,-0.5064007639884949,-0.3320487079676241,9.363067055735952,0.35816612392663955,0.19598136784814316,0.4970237910747528,-0.03426682949066162,-0.010862499475479126,0.38766804337501526,0.0,1791183743419,0.74100006,6.0610504,7.0980005,0.80213,6.289331,7.472678,0.049986,-0.182588,-0.515808,-0.5064125,-0.0108624995,0.0185625,
36540781214970,-0.2980192303657532,-0.3164445487316698,9.673040289148465,0.30164127945899966,0.18535752971859462,0.47513758540153506,-0.024670235812664032,8.249999955296516E-4,0.4159359037876129,0.0,1791183743430,0.54300004,6.0010505,7.5670505,0.804554,6.24925,7.50597,-0.129608,-0.202362,-0.206729,-0.540375,8.25E-4,0.025024999,
36540791209744,0.047919467091560364,-0.28317344090901314,10.073121616749948,0.18114624917507174,0.1880337836852668,0.3735348075628281,-0.012489460408687592,-0.004537499975413084,0.4195763170719147,0.0,1791183743441,0.48495004,6.02505,8.058001,0.805755,6.205811,7.541796,-0.324739,-0.218779,0.276986,-0.540375,-0.0045375,0.0452375,
36540801204528,0.43650779128074646,-0.23590216687880455,10.322041675525742,0.05127902328968048,0.23763661538630315,0.1733292132616043,-0.010054878890514374,-0.020487500354647636,0.3904649019241333,0.0,1791183743450,0.59505004,6.0319505,8.3550005,0.808749,6.163151,7.576379,-0.270272,-0.092321,0.668571,-0.4989875,-0.0204875,0.056925,
36540811199379,0.5263854265213013,-0.19170246324501933,10.427732746139846,0.3228302508592606,0.28780382653579584,0.041278538107872007,-0.02571604773402214,-0.04386249929666519,0.339277446269989,0.0,1791183743460,0.79695004,6.051,8.45505,0.81408,6.124181,7.607346,-0.155893,-0.137149,0.805197,-0.4318875,-0.0438625,0.0484,
36540821194151,0.6247602701187134,-0.15333090550266207,10.356625131802952,0.5960785925388337,0.33848047371904466,0.26751074492931365,-0.05234468728303909,-0.059812501072883606,0.2850317060947418,0.0,1791183743470,0.87795,6.0799503,8.338051,0.821146,6.090921,7.633245,0.050123,0.015821,0.784087,-0.363825,-0.0598125,0.0196625,
36540831188910,0.4986512064933777,-0.1289295669645071,10.261335751555212,0.8146185725927353,0.3659010409780431,0.42684483230113984,-0.09169280529022217,-0.09391249716281891,0.23583699762821198,0.0,1791183743480,0.90195006,6.0060005,8.271001,0.829185,6.063328,7.654311,0.066026,-0.021229,0.648099,-0.30305,-0.0939125,-0.010175,
36540841183688,0.41691192984580994,-0.1085403822362423,10.17558873730655,0.9519681513309478,0.38394270676612985,0.5006433248519897,-0.10938361287117004,-0.1013374999165535,0.19453248381614685,0.0,1791183743490,0.86100006,5.9550004,8.20605,0.836839,6.040168,7.671769,0.039219,-0.038771,0.558815,-0.2520375,-0.1013375,-0.032449998,
36540851178457,0.40034058690071106,-0.08090817853808403,10.21982421044184,0.9844733774662018,0.3993753810238841,0.4934098839759827,-0.11231987178325653,-0.08855000138282776,0.15397311747074127,0.0,1791183743500,0.85605,5.979,8.244,0.842596,6.021105,7.686113,0.026279,-0.053226,0.54926,-0.2019875,-0.08855,-0.0517,
36540861173232,0.4320432245731354,-0.049962937086820605,10.298064178807246,0.9715652346611023,0.4136879713915282,0.4745414435863495,-0.10766177624464035,-0.06613750010728836,0.1066240519285202,0.0,1791183743510,0.87105006,6.0730505,8.271001,0.845352,6.006783,7.697009,0.021129,0.008979,0.540759,-0.1434125,-0.0661375,-0.0697125,
36540871168016,0.44358640909194946,-0.018189521878957747,10.155343618210841,0.9134442567825318,0.42579418277385633,0.4383066713809967,-0.09992419183254242,-0.04592499881982803,0.056333303451538086,0.0,1791183743520,0.76500005,6.04395,8.125051,0.845325,5.997872,7.703957,-0.036304,0.065774,0.51705,-0.0807125,-0.045925,-0.082499996,
36540881162785,0.2762734889984131,0.004242631793022156,9.984351696128236,0.7673659354448319,0.4288873199569516,0.3938311278820038,-0.08630391955375671,-0.040699999779462814,0.015161853283643723,0.0,1791183743529,0.77505004,6.0220504,7.9260006,0.843973,5.993923,7.70718,-0.128325,0.033809,0.339052,-0.0275,-0.0407,-0.075075,
36540891157545,0.12011773884296417,0.018451766669750215,9.874337658259732,0.5078015029430389,0.4277819695555978,0.3344722896814346,-0.07213203608989716,-0.033137500286102295,-0.010057883337140083,0.0,1791183743540,1.005,6.04605,7.7419505,0.84414,5.993839,7.707227,0.103744,0.050654,0.101978,0.0055,-0.0331375,-0.06655,
36540901152567,0.008686002343893051,0.031224304251372813,9.759858634103917,0.21486283466219902,0.42346434826486,0.25614137277007104,-0.06809493899345398,-0.018287500366568565,-0.02582416497170925,0.0,1791183743549,1.074,6.04605,7.5859504,0.844922,5.996329,7.705204,0.24422,0.055346,-0.058804,0.0246125,-0.0182875,-0.075075,
36540911147355,-0.05294579267501831,0.045975014381110665,9.766965414996966,0.10836717560887335,0.41505380905698697,0.1591435693204403,-0.06464023888111115,8.249999955296516E-4,-0.03524558246135712,0.0,1791183743559,1.062,6.1129503,7.5430503,0.844077,6.000451,7.702088,0.235489,0.065589,-0.144273,0.0353375,8.25E-4,-0.0867625,
36540921142119,-0.05248488485813141,0.06718073394149542,9.721717027993714,0.36691552177071574,0.3983095592711079,0.05992931053042412,-0.05861721932888031,0.02419999986886978,-0.03610534593462944,0.0,1791183743570,0.82005006,6.1249504,7.5049505,0.840069,6.005398,7.698667,0.126968,0.11092,-0.167189,0.0353375,0.0242,-0.09735,
36540931136874,-0.10163994133472443,0.0824712498113513,9.70501364495814,0.5162967003881931,0.38545816529282395,0.015653375536203384,-0.04929147660732269,0.02213750034570694,-0.02472749724984169,0.0,1791183743579,0.69405,6.1639504,7.464,0.833807,6.009938,7.695804,-0.096611,0.125535,-0.216998,0.02255,0.0221375,-0.082499996,
36540941131658,-0.13125662505626678,0.09891313966363668,9.666755719921303,0.5593381322920322,0.36860923246281935,0.06592824831604957,-0.03862801194190979,0.0030249999836087227,-0.005347718950361013,0.0,1791183743590,0.70995003,6.1369505,7.4350505,0.829527,6.013068,7.693823,-0.152187,0.112827,-0.238959,0.0012375,0.003025,-0.0517,
36540951126407,-0.1546873152256012,0.11940478291362525,9.640004300190732,0.5731443554162979,0.341557213147077,0.09860291182994843,-0.03459852188825607,-0.023649999871850014,0.01716238632798195,0.0,1791183743600,0.73395,6.1090503,7.4209504,0.82923,6.013941,7.693173,-0.132736,0.104772,-0.264645,-0.0243375,-0.02365,-0.0229625,
36540961121176,-0.15967991948127747,0.13875345345586537,9.640386353681771,0.5582564085721969,0.31304904064054623,0.11994973719120025,-0.03909885510802269,-0.05348749831318855,0.038855671882629395,0.0,1791183743609,0.82005006,6.0730505,7.4419503,0.833261,6.012489,7.693872,-0.040999,0.072705,-0.255767,-0.049775,-0.0534875,-0.0026125,
36540971115945,-0.18237324059009552,0.15495482962578536,9.618628584920046,0.5397585362195969,0.2864998023093546,0.14592740833759307,-0.04115032032132149,-0.0672374963760376,0.05737358704209328,0.0,1791183743619,0.82995003,6.0010505,7.4710503,0.84003,6.008699,7.696097,-0.002279,0.011851,-0.241233,-0.0721875,-0.0672375,0.007975,
36540981110705,-0.15285490453243256,0.1622130459174514,9.658396324141918,0.4906426906585693,0.27659993074914063,0.1561704009771347,-0.044244132936000824,-0.07796250283718109,0.07134994119405746,0.0,1791183743630,0.89505005,5.9869504,7.5259504,0.848212,6.002958,7.699678,0.013481,-0.011137,-0.187353,-0.089237496,-0.0779625,0.0143,
36540991105489,-0.14390182495117188,0.15262198131531476,9.59082240935038,0.41484081372618675,0.2836330336377116,0.1586994409561157,-0.05685799568891525,-0.09391249716281891,0.08203212171792984,0.0,1791183743640,1.026,6.018,7.3969502,0.8582,5.996027,7.70397,0.101655,0.014946,-0.20601,-0.1029875,-0.0939125,0.0122375,
36541001100317,-0.2842661142349243,0.11658328603953123,9.44849119774584,0.34375877007842065,0.29096892095211774,0.18461520075798035,-0.08631324023008347,-0.11935000121593475,0.10002563148736954,0.0,1791183743649,1.2060001,6.0150003,7.1860504,0.870813,5.988568,7.708354,0.254242,0.036771,-0.41869,-0.1274625,-0.11935,-0.0026125,
36541011095086,-0.4348497688770294,0.06852152626961469,9.342629022836633,0.29957848116755487,0.2985967367427465,0.23964917063713073,-0.12336254119873047,-0.13859999179840088,0.13459479808807373,0.0,1791183743660,1.19895,5.979,7.07805,0.885168,5.979058,7.714102,0.330866,0.01755,-0.604002,-0.17435,-0.13859999,-0.0292875,
36541021089832,-0.4986324906349182,0.012351888231933117,9.368195513061993,0.28724764510989187,0.29430951376525205,0.30290102064609525,-0.15897583961486816,-0.15661250054836273,0.18545612692832947,0.0,1791183743670,1.0360501,5.91195,7.1929502,0.898871,5.965035,7.723366,0.23576,-0.023492,-0.641998,-0.24145,-0.1566125,-0.0526625,
36541031084597,-0.3639729917049408,-0.030779321677982807,9.550986026614712,0.2791963897645473,0.28286826976588186,0.3451246380805969,-0.1824066936969757,-0.17586250603199005,0.23454627394676208,0.0,1791183743680,0.85605,5.89095,7.4689503,0.911268,5.945024,7.737333,0.034222,-0.05376,-0.423727,-0.30415,-0.1758625,-0.0600875,
36541041079366,-0.1445993036031723,-0.058854883350431916,9.777109028870468,0.2466612219810486,0.26429641968223055,0.345264133810997,-0.19020268321037292,-0.19071249663829803,0.25997984409332275,0.0,1791183743690,0.74595004,5.8330503,7.8109503,0.923374,5.920638,7.754574,-0.092805,-0.058104,-0.127327,-0.3350875,-0.1907125,-0.0548625,
36541051074135,0.09149729460477829,-0.07429704796522855,10.02739082355132,0.15016171485185623,0.24535973973879785,0.2701114520430565,-0.17504020035266876,-0.18645000457763672,0.2628624439239502,0.0,1791183743700,0.61695004,5.78805,8.16495,0.934537,5.893489,7.773894,-0.283533,-0.114752,0.236424,-0.33605,-0.18645,-0.0389125,
36541061068905,0.2900625765323639,-0.08139608036726713,10.084463155624178,0.02079842537641524,0.23231418131946988,0.12512898296117783,-0.14383651316165924,-0.16733749210834503,0.25045087933540344,0.0,1791183743710,0.65505004,5.781,8.23695,0.944619,5.866123,7.79335,-0.322345,-0.073021,0.458783,-0.3169375,-0.16733749,-0.0165,
36541071063683,0.27374574542045593,-0.08988811355084181,10.065177777094648,0.1855170652270317,0.21546164234915838,0.029346664249897004,-0.12431017309427261,-0.16197499632835388,0.2306370735168457,0.0,1791183743720,0.80595005,5.802,8.18505,0.955644,5.840828,7.810985,-0.237603,-0.040543,0.40284,-0.2893,-0.161975,5.5E-4,
36541081058447,0.2239837646484375,-0.09250259976834059,9.937261750363103,0.3056374564766884,0.21127930713337825,0.14693801552057267,-0.12187065184116364,-0.16513749957084656,0.21691901981830597,0.0,1791183743730,0.99000007,5.7780004,8.023951,0.968796,5.817576,7.826701,-0.075978,-0.014897,0.300933,-0.27115,-0.1651375,0.0037125,
36541091053423,0.07771674543619156,-0.09462264943867922,9.798369960621864,0.3760164260864258,0.20933898792792843,0.19140122532844545,-0.1312294602394104,-0.16197499632835388,0.21681995689868927,0.0,1791183743740,1.0309501,5.7109504,7.8949504,0.982791,5.79532,7.841452,0.034525,-0.038131,0.120982,-0.27225,-0.161975,-0.010175,
36541101048195,-0.020560385659337044,-0.09608496883884073,9.788630754393788,0.40863885991275306,0.20871344124854702,0.16898968927562236,-0.1528988480567932,-0.16830000281333923,0.228843554854393,0.0,1791183743749,0.98805004,5.6920505,7.9020004,0.996098,5.772388,7.856674,0.011641,-0.079842,0.031539,-0.2893,-0.1683,-0.0303875,
36541111042979,0.007225647568702698,-0.09307639682665467,9.863418773845096,0.41532332412898537,0.20974473485496326,0.11242230348289013,-0.17045901715755463,-0.17586250603199005,0.2441081404685974,0.0,1791183743761,0.95895004,5.6920505,7.998,1.008505,5.748023,7.872938,-0.03189,-0.055477,0.053583,-0.3095125,-0.1758625,-0.0441375,
36541121037744,0.10307208448648453,-0.08529854835942388,10.010099780218983,0.42341220937669277,0.21394785969127536,0.07828757129609584,-0.1833847463130951,-0.18754999339580536,0.25078243017196655,0.0,1791183743770,0.95205003,5.65605,8.20395,1.021001,5.722301,7.890045,-0.056357,-0.058486,0.177733,-0.3180375,-0.18755,-0.0506,
36541131032528,0.29262080788612366,-0.06558551089838147,10.18558377695202,0.43727911375463013,0.229156895500814,0.09201497994363309,-0.1889423280954361,-0.18535000085830688,0.23729458451271057,0.0,1791183743779,0.90705,5.58405,8.470051,1.032758,5.696397,7.907241,-0.106421,-0.075677,0.431083,-0.3020875,-0.18535,-0.0611875,
36541141027362,0.4429123103618622,-0.036877064127475025,10.304179886114897,0.4351655449718237,0.2537746535593278,0.16505409292876722,-0.18244972825050354,-0.16940000653266907,0.19879081845283508,0.0,1791183743789,1.0020001,5.6250005,8.57505,1.042371,5.672627,7.923052,-0.11364,-0.061484,0.606808,-0.2552,-0.1694,-0.0708125,
36541151022132,0.49488189816474915,-0.004398603457957506,10.25817148898879,0.3932715326547622,0.2771121457414136,0.2681425496935844,-0.184128537774086,-0.15661250054836273,0.14176630973815918,0.0,1791183743799,1.11,5.61495,8.51295,1.050874,5.654107,7.935158,0.007143,-0.028599,0.630616,-0.1871375,-0.1566125,-0.091025,
36541161016905,0.34974128007888794,0.021072456520050763,10.069994488284701,0.30729901194572445,0.284969305226519,0.33664567619562147,-0.17507445812225342,-0.12581250071525574,0.08184318989515305,0.0,1791183743809,1.041,5.5360503,8.347051,1.056736,5.641855,7.943096,0.00607,-0.071414,0.481419,-0.115775,-0.1258125,-0.111237496,
36541171011655,0.17607878148555756,0.038995057623833415,9.892920262099077,0.2043090000748634,0.2828747527551612,0.3512470155954361,-0.1482761800289154,-0.07039999961853027,0.040814731270074844,0.0,1791183743820,0.91095006,5.517,8.161051,1.057426,5.634679,7.948098,-0.042503,-0.097757,0.292063,-0.066825,-0.0704,-0.124025,
36541181006443,0.049068234860897064,0.049091214593499896,9.806184444244954,0.11113527566194531,0.2794296806116914,0.30253650099039076,-0.1157783642411232,-0.018287500366568565,0.014902886003255844,0.0,1791183743830,0.72195005,5.52405,8.070001,1.052143,5.631207,7.951258,-0.228756,-0.087102,0.152434,-0.034925,-0.0182875,-0.125125,
36541191001218,-0.0028018951416015625,0.056146211083978416,9.789951843604802,0.044403970614075666,0.2762308862302252,0.21339365988969802,-0.08131299912929535,0.01677500084042549,2.219565212726593E-4,0.0,1791183743840,0.61695004,5.58195,8.019,1.042691,5.629925,7.953411,-0.379716,-0.069061,0.095214,-0.014712499,0.016775,-0.1101375,
36541200996011,-0.06510165333747864,0.0671044341288507,9.68940731512994,0.011025353893637665,0.2666916656461569,0.10139694958925247,-0.060046687722206116,0.030662499368190765,-0.007575985975563526,0.0,1791183743851,0.51195,5.5939503,7.8949504,1.031692,5.630263,7.954607,-0.464485,-0.035879,0.005433,-0.003025,0.0306625,-0.0952875,
36541210990785,-0.17243611812591553,0.08022511666640639,9.587341967536657,0.08132610134780406,0.24743357679957803,0.0030385300517082213,-0.06064682826399803,0.011549999937415123,-0.006145675200968981,0.0,1791183743859,0.41595003,5.6010003,7.7700005,1.021717,5.631456,7.955049,-0.519154,-0.037072,-0.119506,-0.003025,0.01155,-0.082499996,
36541220985773,-0.2842363119125366,0.09094492560252547,9.496896563988624,0.18711652867496015,0.22582351691922006,0.09510154873132706,-0.06921062618494034,-0.020487500354647636,0.012759916484355927,0.0,1791183743870,0.34905002,5.577,7.6789503,1.013711,5.631816,7.955818,-0.659588,-0.047009,-0.232803,-0.0243375,-0.0204875,-0.06765,
36541230980542,-0.3677605092525482,0.0907555497251451,9.413505490084463,0.3435213904827833,0.226206196100932,0.1784672975540161,-0.08106233179569244,-0.06613750010728836,0.0452456921339035,0.0,1791183743879,0.423,5.544,7.596,1.010204,5.629632,7.95781,-0.639322,-0.061585,-0.328169,-0.0614625,-0.0661375,-0.0452375,
36541240975312,-0.41065430641174316,0.07745279958471656,9.371579923992703,0.5281803295016289,0.24656292672552316,0.26003777980804443,-0.09503129124641418,-0.10559999942779541,0.08064170926809311,0.0,1791183743890,0.51600003,5.55105,7.5330005,1.011972,5.624206,7.961422,-0.538139,-0.060948,-0.394031,-0.1029875,-0.1056,-0.0292875,
36541250970076,-0.4498797059059143,0.05038394955918193,9.33464671755277,0.6736390665173531,0.2719460798928415,0.3369933903217316,-0.1114373430609703,-0.13433749973773956,0.11499270796775818,0.0,1791183743900,0.64095,5.6010003,7.4400005,1.017723,5.615787,7.966631,-0.42418,-0.050135,-0.463882,-0.1445125,-0.1343375,-0.023924999,
36541260964845,-0.5670508146286011,0.00752828000113368,9.159831765537293,0.7671633452177047,0.2971650284703918,0.41591632962226865,-0.13700376451015472,-0.16087499260902405,0.1480736881494522,0.0,1791183743909,0.78195006,5.5459504,7.248,1.026637,5.604881,7.973162,-0.318172,-0.039228,-0.628431,-0.1860375,-0.160875,-0.03135,
36541270959687,-0.721442461013794,-0.04223113032057881,9.004402253588884,0.8058940604329109,0.3299354260280675,0.5033575594425201,-0.1662541925907135,-0.18535000085830688,0.190280482172966,0.0,1791183743919,0.84195006,5.46705,7.1050506,1.038397,5.590784,7.981531,-0.219799,-0.07541,-0.804394,-0.23925,-0.18535,-0.043175,
36541280954454,-0.8581250309944153,-0.09633657010272145,8.967912504692574,0.8148241236805916,0.3683349169939955,0.6014304637908936,-0.185575470328331,-0.1938749998807907,0.2407432496547699,0.0,1791183743930,0.79905003,5.34705,7.155,1.05089,5.571841,7.993137,-0.229898,-0.17857,-0.897403,-0.3020875,-0.193875,-0.0526625,
36541290949223,-0.7980819940567017,-0.14012650707736612,9.115003802541095,0.7803129509091378,0.39605638066598975,0.6789160013198853,-0.18172414600849152,-0.1821874976158142,0.28229543566703796,0.0,1791183743940,0.63105005,5.22795,7.4400005,1.06196,5.54734,8.008698,-0.351101,-0.266597,-0.74537,-0.352,-0.1821875,-0.0495,
36541300943977,-0.5248618125915527,-0.1653415784239769,9.433864404425545,0.6908738926053047,0.4036224928558068,0.6939124226570129,-0.13992087543010712,-0.1363999992609024,0.2975459694862366,0.0,1791183743950,0.47805002,5.1340504,7.90005,1.068774,5.518449,8.027731,-0.544662,-0.33108,-0.340629,-0.3669875,-0.1364,-0.0281875,
36541310938751,-0.262104332447052,-0.17880807742476462,9.586794485422102,0.5378215774893761,0.40213051276639494,0.6329231262207031,-0.07741428911685944,-0.07259999960660934,0.2795298397541046,0.0,1791183743961,0.6,5.15595,8.059951,1.071439,5.488464,8.047908,-0.549722,-0.34419,-0.011252,-0.3403125,-0.0726,5.5E-4,
36541320933526,-0.16504302620887756,-0.19221383295953273,9.711668689055692,0.34317594170570376,0.3969456985081196,0.5216432392597199,-0.019843745976686478,-0.007699999958276749,0.24116916954517365,0.0,1791183743969,0.564,5.11695,8.235001,1.070982,5.461758,8.066114,-0.446314,-0.295937,0.059125,-0.2904,-0.0077,0.0196625,
36541330928309,-0.06348200142383575,-0.2100189734250307,9.783934509106455,0.10267685353755951,0.38252349903167093,0.36271463334560394,0.026143161579966545,0.055137500166893005,0.19924689829349518,0.0,1791183743979,0.61200005,5.11005,8.3209505,1.065258,5.438051,8.082872,-0.517205,-0.353633,0.229115,-0.23815,0.0551375,0.0259875,
36541340923309,-0.029413610696792603,-0.23363526947796345,9.718381935513367,0.12801243364810946,0.3550794976580638,0.20898095667362213,0.048428766429424286,0.09019999951124191,0.1579868048429489,0.0,1791183743989,0.78495,5.2180505,8.161051,1.057064,5.418724,8.096916,-0.36057,-0.264874,0.188735,-0.1882375,0.0902,0.022824999,
36541350918086,-0.16683250665664673,-0.26672098971903324,9.541865551871442,0.2785412341356277,0.31412267038810276,0.13737509548664092,0.02694120444357395,0.0849749967455864,0.13691219687461853,0.0,1791183743999,0.897,5.3040004,7.8810005,1.049247,5.403906,8.107829,-0.182765,-0.142317,-0.083145,-0.165825,0.084975,-0.0026125,
36541360912845,-0.4035876393318176,-0.3043874356895685,9.29147835728234,0.3376858025789261,0.28140651802027006,0.16567175686359406,-0.019187290221452713,0.05719999969005585,0.15373043715953827,0.0,1791183744009,0.77295005,5.2920003,7.5979505,1.042211,5.390257,8.117816,-0.209248,-0.102331,-0.392407,-0.1903,0.0572,-0.0367125,
36541370907625,-0.5615169405937195,-0.34126722179353236,9.266635227905532,0.35646392405033117,0.2638046617925892,0.24496653974056243,-0.061890147626399994,0.009349999949336052,0.20567461848258972,0.0,1791183744020,0.57600003,5.2590003,7.6080003,1.036155,5.373461,8.129719,-0.399516,-0.0999,-0.559933,-0.2541,0.00935,-0.0484,
36541380902398,-0.4612882137298584,-0.3667850442230701,9.499721346039113,0.3543882191181183,0.24908613733233892,0.324527782201767,-0.08429797738790512,-0.040699999779462814,0.2660546898841858,0.0,1791183744029,0.53595,5.2710004,7.8850503,1.033043,5.350579,8.14519,-0.523297,-0.086595,-0.431752,-0.3243625,-0.0407,-0.03355,
36541390897167,-0.1395386904478073,-0.3736218839883804,9.853315501850826,0.347359624505043,0.24073848894103486,0.34655279815196993,-0.07335656136274338,-0.05664999783039093,0.30429428815841675,0.0,1791183744040,0.66495,5.2920003,8.28495,1.033423,5.321963,8.163869,-0.466216,-0.048402,-0.076935,-0.3658875,-0.056649998,-0.0048125,
36541400891932,0.14600810408592224,-0.36306639611721037,10.066081818593902,0.348938450217247,0.25804094892608626,0.2839846760034561,-0.04328969120979309,-0.03959999978542328,0.3049827814102173,0.0,1791183744049,0.73695004,5.23995,8.56305,1.035594,5.290837,8.183801,-0.336706,-0.050796,0.25029,-0.362725,-0.0396,0.0196625,
36541410886776,0.35604119300842285,-0.3366425305604935,10.252322885034753,0.3895843297243119,0.29987614400660106,0.13205890953540803,-0.005886107683181763,-0.004537499975413084,0.2817266285419464,0.0,1791183744059,0.82800007,5.27505,8.75205,1.036801,5.260483,8.203192,-0.258904,-0.022836,0.472714,-0.3317875,-0.0045375,0.0378125,
36541420881545,0.4850812256336212,-0.2981766536831856,10.244140004617169,0.43997535705566404,0.34938553783373294,0.07726072371006013,0.0214801374822855,0.02213750034570694,0.25045326352119446,0.0,1791183744070,0.8880001,5.2660503,8.742001,1.036798,5.233003,8.220749,-0.184681,0.064498,0.560503,-0.2924625,0.0221375,0.0484,
36541430876319,0.4554920792579651,-0.2570140242576599,10.246903836988677,0.4695977389812469,0.38540189969563565,0.2606167823076248,0.03614766523241997,0.027499999850988388,0.22246460616588593,0.0,1791183744080,0.98100007,5.2780504,8.72805,1.036889,5.208698,8.23616,-0.11534,0.067255,0.513966,-0.2574,0.0275,0.058025,
36541440871083,0.4593176543712616,-0.21351542621850966,10.296272323643402,0.5177631467580796,0.4136650615328546,0.3803880512714386,0.04415774345397949,0.03272499889135361,0.20256319642066956,0.0,1791183744089,1.09305,5.256,8.785951,1.038012,5.186697,8.249891,0.010429,0.070103,0.500235,-0.232925,0.032725,0.0611875,
36541450865853,0.5393351316452026,-0.16405468434095383,10.36439319252085,0.6247252136468887,0.4407019544250739,0.4590534567832947,0.041396480053663254,0.03382499888539314,0.17866241931915283,0.0,1791183744100,1.2060001,5.2660503,8.845051,1.039611,5.166673,8.262245,0.11178,0.109281,0.557313,-0.20515,0.033825,0.0537625,
36541460860626,0.6216287612915039,-0.10462070554494858,10.43063261223073,0.7571375101804734,0.4619853294037156,0.5121709704399109,0.02589459903538227,0.02956249937415123,0.14621588587760925,0.0,1791183744109,1.263,5.3110504,8.887951,1.04159,5.149637,8.272627,0.222329,0.147864,0.616363,-0.1689875,0.0295625,0.03355,
36541470855631,0.6062277555465698,-0.03823719471693039,10.375400281958688,0.8609280586242676,0.4639671291214838,0.5364002764225007,0.01557951234281063,0.03698749840259552,0.10621336847543716,0.0,1791183744119,1.2229501,5.34705,8.806951,1.042134,5.136622,8.280644,0.202631,0.165668,0.589192,-0.1243,0.0369875,0.0111375,
36541480850413,0.5018238425254822,0.029760248959064484,10.244943140632877,0.892219427227974,0.4377377497455985,0.545666629076004,0.017135586589574814,0.05087500065565109,0.07179020345211029,0.0,1791183744129,1.062,5.352,8.67105,1.040366,5.128083,8.286158,0.108631,0.22209,0.44242,-0.084975,0.050875,-5.5E-4,
36541490845191,0.3683411180973053,0.08808140456676483,10.114612162438368,0.8114559978246689,0.3995981627112094,0.5274713218212128,0.0355214960873127,0.06792499870061874,0.05469708517193794,0.0,1791183744140,0.94305,5.3689504,8.52,1.035989,5.122571,8.290114,-0.021066,0.239574,0.290024,-0.0636625,0.067925,0.007975,
36541500839961,0.27815425395965576,0.12823220789432527,10.037321037046313,0.6072940558195115,0.3756168522112966,0.4752351462841034,0.053832508623600006,0.07315000146627426,0.05393274873495102,0.0,1791183744150,0.88005006,5.38605,8.424001,1.030874,5.118271,8.293407,-0.135662,0.258239,0.186175,-0.0605,0.07315,0.0259875,
36541510834794,0.22128161787986755,0.15240150541067124,10.003178510824135,0.317904993891716,0.36512825639949925,0.3951657176017761,0.06442362070083618,0.0625625029206276,0.06503996253013611,0.0,1791183744163,0.97905004,5.3880005,8.371051,1.027163,5.113593,8.296755,-0.115191,0.274888,0.106212,-0.0710875,0.0625625,0.0463375,
36541520829563,0.14128077030181885,0.16771769523620605,9.895584807259114,0.041559538245201144,0.3578431080170149,0.30217632055282595,0.05428527668118477,0.03492499887943268,0.08203259110450745,0.0,1791183744170,1.0690501,5.3419504,8.26095,1.027056,5.107579,8.30047,-0.016921,0.2402,0.021094,-0.0902,0.034925,0.0537625,
36541530824330,0.05807109177112579,0.17379534989595413,9.87154559773557,0.16696228086948395,0.35488477843505833,0.21342577040195465,0.03167973458766937,0.0030249999836087227,0.10063616931438446,0.0,1791183744179,1.1200501,5.2710004,8.271001,1.030547,5.099859,8.304784,0.068172,0.195249,-0.059833,-0.1126125,0.003025,0.0495,
36541540819102,0.1126168742775917,0.18089687414467334,9.988040017801575,0.29677253514528273,0.3521579482688633,0.16228092163801194,0.00889279693365097,-0.010862499475479126,0.11524581909179688,0.0,1791183744189,1.182,5.2920003,8.3880005,1.035282,5.089889,8.310308,0.101744,0.162122,0.020833,-0.131725,-0.0108624995,0.03355,
36541550813885,0.24394790828227997,0.20143589489161967,10.087128628326532,0.3567313179373741,0.3431418871070094,0.15543965250253677,-0.014594698324799538,-0.014024999924004078,0.11355774104595184,0.0,1791183744199,1.2079501,5.3590503,8.46,1.039759,5.079657,8.316008,0.181064,0.244181,0.115689,-0.132825,-0.014025,0.007975,
36541560808869,0.3103594183921814,0.23713324777781963,10.121590646567505,0.3631450638175011,0.3142651691400999,0.17325521260499954,-0.030497930943965912,-0.016224998980760574,0.10633093863725662,0.0,1791183744210,1.074,5.3160005,8.54595,1.043054,5.070153,8.321395,0.125096,0.275233,0.182129,-0.1265,-0.016224999,-0.010175,
36541570803638,0.30961668491363525,0.28068992905318735,10.14809647938419,0.33874423354864125,0.25541338710918804,0.20692239552736283,-0.033602721989154816,-0.01718750037252903,0.09776601940393448,0.0,1791183744220,1.02405,5.307,8.589001,1.044735,5.060984,8.326763,-0.015447,0.217363,0.234222,-0.116875,-0.0171875,-0.0144375,
36541580798383,0.34617945551872253,0.32106331251561643,10.131757084857202,0.26292725354433066,0.19050945884083742,0.26454406827688215,-0.03359853848814964,-0.022549999877810478,0.09080928564071655,0.0,1791183744229,0.92595005,5.2969503,8.58705,1.046343,5.052581,8.331661,-0.052968,0.256891,0.258054,-0.10835,-0.02255,-0.0122375,
36541590793157,0.3386461138725281,0.3449725527316332,10.15212822168654,0.16548523008823396,0.15852428718844153,0.30974991619586945,-0.028679564595222473,-0.027912499383091927,0.08077307790517807,0.0,1791183744240,0.89505005,5.2369504,8.65095,1.047739,5.044968,8.336099,-0.152526,0.219014,0.28474,-0.0955625,-0.0279125,-0.0048125,
36541600787931,0.4080027639865875,0.35807228572666644,10.242502584409399,0.052604830265045144,0.1522420586085197,0.34256088733673096,-0.016957787796854973,-0.022549999877810478,0.06815051287412643,0.0,1791183744249,0.92100006,5.2489505,8.74695,1.049375,5.037949,8.340139,-0.125432,0.204486,0.37168,-0.0796125,-0.02255,0.0037125,
36541610782681,0.4243054687976837,0.3614854995161295,10.217121249577714,0.06317377686500547,0.15292197304864924,0.3653500974178314,-5.437382496893406E-4,-0.0034374999813735485,0.0451032854616642,0.0,1791183744259,0.85200006,5.2110004,8.74695,1.04985,5.032718,8.343234,-0.152243,0.195352,0.39971,-0.051975,-0.0034375,0.007975,
36541620777517,0.42290759086608887,0.3583768177777529,10.21202461125694,0.1745825082063675,0.15099769676556635,0.38800827860832215,0.016912925988435745,0.013612499460577965,0.019444217905402184,0.0,1791183744270,0.82500005,5.2519503,8.71905,1.048508,5.029935,8.345082,-0.198785,0.205317,0.397862,-0.0210375,0.013612499,0.0143,
36541630772304,0.37608760595321655,0.35440659411251546,10.123908375653636,0.231708987057209,0.14942776399593624,0.39398990869522094,0.038396384567022324,0.036024998873472214,-0.0013119000941514969,0.0,1791183744279,0.744,5.2519503,8.623051,1.045515,5.029749,8.345568,-0.246071,0.231839,0.332732,0.0044,0.036025,0.022824999,
36541640767087,0.27246516942977905,0.3450639698654413,10.028832119063068,0.2253140673041344,0.14841420198459554,0.38075371980667116,0.053023986518383026,0.038087498396635056,-0.006166710983961821,0.0,1791183744289,0.76500005,5.2200003,8.529,1.04192,5.030841,8.345361,-0.304725,0.204411,0.234777,0.0119624995,0.0380875,0.0378125,
36541650761846,0.1746458113193512,0.3268295038491488,9.946763637685068,0.16082711666822436,0.14580580517583686,0.3340823292732239,0.04945296794176102,0.017875000834465027,-0.0016353609971702099,0.0,1791183744299,0.91905004,5.2200003,8.41695,1.040814,5.031936,8.344839,-0.215033,0.188951,0.117983,0.0077,0.017875,0.0463375,
36541660756630,0.08164549618959427,0.2998303405940533,9.83752113885465,0.05862793922424317,0.13853089105925298,0.265550334751606,0.024411875754594803,-0.005499999970197678,0.014223825186491013,0.0,1791183744310,0.94695,5.184,8.307,1.042695,5.03204,8.34454,-0.090022,0.172088,0.00336,-0.0125124995,-0.0055,0.03355,
36541670751400,-0.00845392793416977,0.2690962564200163,9.775039556089311,0.08526603728532789,0.13529306916569553,0.17927803099155426,-0.008974089287221432,-0.035337500274181366,0.033140163868665695,0.0,1791183744319,0.86805004,5.103,8.292001,1.046177,5.030475,8.345051,-0.122234,0.123374,-0.068975,-0.0369875,-0.0353375,0.0154,
36541680746374,0.02661067619919777,0.24533559810370206,9.876279472049122,0.20036727115511893,0.13405783097110194,0.1093826450407505,-0.027157995849847794,-0.05238749831914902,0.049572113901376724,0.0,1791183744329,0.78000003,5.09595,8.424001,1.049892,5.026675,8.346871,-0.238477,0.084078,0.010606,-0.0573375,-0.0523875,0.006875,
36541690741158,0.10497162491083145,0.23216712344437837,9.932569452159616,0.26667695119977,0.13426346364854028,0.07588393613696098,-0.024882446974515915,-0.05555000156164169,0.05555616319179535,0.0,1791183744339,0.804,5.0670004,8.505,1.053814,5.021375,8.349567,-0.232822,0.053465,0.120438,-0.0636625,-0.05555,0.0122375,
36541700735937,0.14199672639369965,0.22535924706608057,9.936189364536155,0.29599597826600077,0.13520770949425595,0.06935411915183068,-0.010128345340490341,-0.04386249929666519,0.04466162994503975,0.0,1791183744349,0.84000003,5.043,8.52,1.057544,5.016345,8.35212,-0.210215,0.041736,0.168163,-0.049775,-0.0438625,0.0207625,
36541710730696,0.10438759624958038,0.2195145459845662,9.862044503916243,0.31410573944449427,0.1377600807129021,0.0739025391638279,0.016299381852149963,-0.00976249948143959,0.024613959714770317,0.0,1791183744362,0.82995003,4.9999504,8.46,1.059425,5.012942,8.353925,-0.23125,0.01162,0.144811,-0.0253,-0.0097624995,0.0281875,
36541720725461,0.03152275085449219,0.21402664501219987,9.811427972688222,0.3120920337736607,0.14285916963875744,0.08189787492156028,0.041494131088256836,0.018975000828504562,0.007602978497743607,0.0,1791183744370,0.84405005,4.97895,8.412001,1.059044,5.011346,8.354928,-0.21411,-0.02509,0.079164,-0.004125,0.018975,0.0378125,
36541730720230,-0.04064062610268593,0.20909105911850928,9.707233989001878,0.31230610534548764,0.14970319489336203,0.06844761446118355,0.05471758916974068,0.03272499889135361,-0.005553302355110645,0.0,1791183744379,0.88995004,4.9830003,8.283,1.057805,5.011356,8.35508,-0.200899,-0.0251,-0.007179,0.0119624995,0.032725,0.0430375,
36541740715088,-0.1334695965051651,0.19678673557937146,9.635929877465378,0.31332295909523966,0.16631799934328895,0.020759370177984238,0.05348777025938034,0.03492499887943268,-0.008594555780291557,0.0,1791183744389,0.92805004,4.9450502,8.21805,1.056719,5.012386,8.354599,-0.144747,-0.035707,-0.11683,0.015125,0.034925,0.039875,
36541750709857,-0.21804237365722656,0.17368722148239613,9.573138757498421,0.316798784583807,0.1887353703919954,0.051248449832201004,0.043136678636074066,0.02956249937415123,-0.006819298956543207,0.0,1791183744399,1.04805,4.93305,8.137051,1.056085,5.013146,8.354224,-0.084258,-0.110687,-0.178705,0.0119624995,0.0295625,0.03135,
36541760704651,-0.23552563786506653,0.14639296866953372,9.530817845783835,0.29850912764668464,0.20570575476332742,0.11923109665513039,0.020710185170173645,0.02419999986886978,-0.003710042219609022,0.0,1791183744409,1.113,4.947,8.070001,1.05637,5.014074,8.353632,0.044743,-0.049365,-0.252333,0.0055,0.0242,0.009075,
36541770699429,-0.29125574231147766,0.11634934730827809,9.505426131138096,0.2931694403290749,0.2228384145343706,0.18378679528832437,-0.002192745916545391,0.027499999850988388,5.64920948818326E-4,0.0,1791183744419,0.98100007,4.93095,8.067,1.055212,5.014893,8.353286,-0.009165,-0.071733,-0.297476,-0.003025,0.0275,-0.0187,
36541780694203,-0.265643835067749,0.0857581827789545,9.540343012799635,0.30467137321829796,0.2310324333984708,0.22878743708133698,-0.006830792874097824,0.036024998873472214,0.006821064278483391,0.0,1791183744430,0.78705,4.9690504,8.106,1.051453,5.01513,8.353616,-0.139481,-0.057605,-0.259499,-0.01155,0.036025,-0.0281875,
36541790689196,-0.22884926199913025,0.05738341398537159,9.611622770645006,0.3172174893319607,0.2330710936791175,0.24786337018013,0.006356643512845039,0.04867500066757202,0.01220439001917839,0.0,1791183744441,0.61695004,4.986,8.194051,1.044922,5.014821,8.354622,-0.324486,-0.045325,-0.200651,-0.016775,0.048675,-0.0196625,
36541800683970,-0.19924384355545044,0.027021083608269693,9.614570579871389,0.3180062033236027,0.22482536475836987,0.24410366415977477,0.03383713588118553,0.05719999969005585,0.01878230646252632,0.0,1791183744449,0.59505004,4.9830003,8.200951,1.037274,5.013717,8.356238,-0.436548,-0.041827,-0.154383,-0.0210375,0.0572,0.007975,
36541810678716,-0.1608142852783203,-0.00223490409553051,9.678943515270248,0.3110592685639858,0.20871725845430394,0.22916139364242555,0.05471469461917877,0.05829999968409538,0.025929104536771774,0.0,1791183744459,0.72495,5.0340004,8.235001,1.03092,5.012048,8.358026,-0.389492,-0.013821,-0.132229,-0.0264,0.0583,0.032449998,
36541820673495,-0.12031032145023346,-0.029395799711346628,9.663494858976355,0.26341992393136027,0.18570127324305638,0.19497230947017669,0.06278668344020844,0.06366249918937683,0.03490784391760826,0.0,1791183744469,0.87600005,5.031,8.20395,1.026485,5.009813,8.359912,-0.19831,0.053056,-0.14848,-0.036025,0.0636625,0.039875,
36541830668360,-0.13127842545509338,-0.05476410128176212,9.661218383671669,0.1888585977256298,0.16167738251678906,0.16809922754764556,0.054572731256484985,0.06572499871253967,0.05032153055071831,0.0,1791183744479,0.88500005,4.9740005,8.235001,1.022548,5.00609,8.362623,-0.151277,0.018472,-0.146403,-0.0551375,0.065725,0.03135,
36541840663131,-0.07339611649513245,-0.0720571655780077,9.778337847241852,0.08576014861464501,0.14319194727271237,0.137008598446846,0.038178153336048126,0.060499999672174454,0.06521924585103989,0.0,1791183744489,0.91605,4.92105,8.400001,1.018431,5.000187,8.366658,-0.106459,-0.03069,-0.05467,-0.07425,0.0605,0.0176,
36541850657890,0.05279717221856117,-0.0781495975330472,9.933350127825296,0.0326307013630867,0.1349189696797841,0.08660039529204369,0.013618385419249535,0.04977500066161156,0.07032637298107147,0.0,1791183744499,0.92100006,4.97895,8.54595,1.014407,4.992617,8.371664,-0.073704,-0.042274,0.095947,-0.082775,0.049775,-0.0037125,
36541860652665,0.1666257381439209,-0.07390058543533087,9.988698978179956,0.1626744046807289,0.1410818873014718,0.021112390607595444,-0.008934278041124344,0.04441250115633011,0.058798376470804214,0.0,1791183744510,0.75795,4.99305,8.61795,1.009395,4.985568,8.376471,-0.147702,-0.008889,0.218032,-0.0721875,0.0444125,-0.0281875,
36541870647439,0.1808513104915619,-0.06443532351404428,9.99422456441617,0.2679073728621006,0.1511465213503779,0.03911993578076363,-0.004381831735372543,0.05197500064969063,0.045099060982465744,0.0,1791183744520,0.48795003,5.0340004,8.62005,1.001686,4.980069,8.380665,-0.369836,0.030128,0.237781,-0.0562375,0.051975,-0.0292875,
36541880642188,0.19258150458335876,-0.05613678209483623,10.007829488189419,0.351755291968584,0.16020243106678264,0.10389192178845405,0.02585066296160221,0.060499999672174454,0.03711732104420662,0.0,1791183744529,0.35595003,5.0719504,8.62005,0.991942,4.975995,8.384242,-0.601906,0.08448,0.246174,-0.043449998,0.0605,-5.5E-4,
36541890636958,0.19894099235534668,-0.05143831372261047,10.02387426129525,0.40246300771832466,0.1661270023963298,0.1583593435585499,0.06369189918041229,0.06146249920129776,0.034112054854631424,0.0,1791183744539,0.46395,5.11005,8.611051,0.983294,4.972577,8.387291,-0.590864,0.119023,0.231155,-0.034925,0.0614625,0.042075,
36541900631963,0.18155376613140106,-0.0494604617357254,9.973122230766956,0.41327205598354344,0.16863474954232632,0.18411066234111786,0.08031515777111053,0.05087500065565109,0.03487195819616318,0.0,1791183744549,0.67695004,5.184,8.493,0.978212,4.969657,8.389614,-0.411006,0.169827,0.159399,-0.0328625,0.050875,0.0675125,
36541910626730,0.0702478289604187,-0.05116745010018349,9.803935801446901,0.3598073899745941,0.16723578396893365,0.16483508050441742,0.06496177613735199,0.023237500339746475,0.03924946486949921,0.0,1791183744560,0.79905003,5.103,8.332951,0.977459,4.967347,8.39107,-0.230687,0.184108,-7.3E-5,-0.0380875,0.0232375,0.06655,
36541920621470,-0.01617806777358055,-0.05355249103158712,9.788811133887362,0.2935284323990345,0.1663774275451541,0.12542920485138892,0.03696603327989578,-0.006599999964237213,0.05448201298713684,0.0,1791183744570,0.93795,5.0500503,8.332951,0.980123,4.963668,8.392934,-0.096882,0.115961,-0.076157,-0.0573375,-0.0066,0.0537625,
36541930616241,0.03461989015340805,-0.04978946521878243,9.872355189662322,0.23084548041224479,0.16747438807372808,0.09383688196539879,0.0103323794901371,-0.025712499395012856,0.07283879071474075,0.0,1791183744579,1.0020001,5.0410504,8.42895,0.985046,4.957621,8.395933,0.010722,0.090883,-0.014513,-0.0807125,-0.0257125,0.0367125,
36541940610995,0.1197766363620758,-0.03712715357542038,9.881163055665219,0.1646044060587883,0.17022000894776512,0.07800401076674461,-0.019638167694211006,-0.03849999979138374,0.07561278343200684,0.0,1791183744589,0.85905004,5.03595,8.458051,0.98996,4.950652,8.399467,-0.022921,0.109823,0.07772,-0.087037496,-0.0385,0.0100375,
36541950605824,0.05776128172874451,-0.023336970806121828,9.866915541907657,0.07435790449380875,0.1661275329986808,0.053245513886213305,-0.03126022219657898,-0.050187498331069946,0.06947115063667297,0.0,1791183744599,0.57405,4.9690504,8.505,0.993301,4.944082,8.402942,-0.282442,0.061326,0.064669,-0.0807125,-0.0501875,0.0026125,
36541960600593,0.08967465162277222,-0.007076956331729889,9.955786359293162,0.018010942637920378,0.1603787671991162,0.05713087841868401,0.008995553478598595,-0.02681249938905239,0.0635385513305664,0.0,1791183744609,0.55695003,5.0070004,8.58705,0.994327,4.937549,8.406662,-0.455851,0.015187,0.149535,-0.0699875,-0.0268125,0.0345125,
36541970595362,-0.3823081851005554,-0.011629578471183778,9.068245602805154,0.11998706683516502,0.16941861536468075,0.016095145046710967,0.06921818852424622,0.013612499460577965,0.08680471777915955,0.0,1791183744619,0.18795002,5.37795,7.2990003,0.993285,4.932978,8.409466,-0.617614,0.331004,-0.566741,-0.091299996,0.013612499,0.0834625,
36541980590357,-0.6300101280212402,-0.029847893118858337,9.409127787058148,0.3073804922401905,0.21039088221417812,0.14902114868164062,0.10047510266304016,-0.023649999871850014,0.24487687647342682,0.0,1791183744629,0.67395,5.1919503,7.8180003,0.995268,4.91958,8.417076,-0.698605,0.229481,-0.785041,-0.265925,-0.02365,0.16225,
36541990585125,-0.29859471321105957,-0.033335165679454805,9.609080778590846,0.4168060809373856,0.21420393944468125,0.2326954185962677,0.03677687048912048,-0.1013374999165535,0.2896912097930908,0.0,1791183744639,0.85605,5.4,7.9020004,1.008766,4.898251,8.427904,-0.130313,0.502201,-0.623486,-0.3201,-0.1013375,0.139975,
36542000579908,-0.13232870399951935,-0.029989408701658248,9.710257641218057,0.4355484962463379,0.21209864484619997,0.2707134157419205,-0.0365157350897789,-0.17682500183582306,0.3614431321620941,0.0,1791183744649,0.66195005,5.1870003,8.182051,1.026964,4.86979,8.442185,-0.316105,0.403769,-0.348069,-0.4063125,-0.176825,0.109037496,
36542010574663,-0.08529684692621231,-0.02621353678405285,9.81136344950108,0.4311369203031063,0.21040144048090426,0.3057077154517174,-0.09856025129556656,-0.258774995803833,0.4008439779281616,0.0,1791183744659,0.79695004,5.0500503,8.37405,1.049318,4.834598,8.459645,-0.340853,0.264184,-0.207511,-0.45319998,-0.258775,0.089925,
36542020569417,0.09417682141065598,-0.015489179641008377,9.947063920609224,0.3042475961148739,0.2107978557609037,0.2104107141494751,-0.15190942585468292,-0.34814998507499695,0.4091048240661621,0.0,1791183744669,0.87795,4.91895,8.601001,1.079975,4.796144,8.477657,-0.227858,0.185323,0.033049,-0.4626875,-0.34814999,0.0803,
36542030564187,0.15193787217140198,-0.001328364759683609,9.98469224558198,0.13202512487769127,0.21205291963779152,0.05402111411094666,-0.16047020256519318,-0.3620375096797943,0.39506620168685913,0.0,1791183744680,0.84705,4.72695,8.754001,1.113359,4.757136,8.495298,-0.234906,0.071102,0.166243,-0.445775,-0.3620375,0.0760375,
36542040559055,0.197550967335701,0.012218989431858063,10.02678995688759,0.008037491887807849,0.2156406068347188,0.04520802199840546,-0.11940942704677582,-0.3110249936580658,0.3586280047893524,0.0,1791183744689,0.85200006,4.533,8.90295,1.143347,4.719526,8.512277,-0.307989,-0.078035,0.31207,-0.40094998,-0.311025,0.088825,
36542050553824,0.2589079737663269,0.022524529509246348,10.083362076605232,0.06632447913289069,0.22216010097099834,0.1234553575515747,-0.039755575358867645,-0.22261250019073486,0.3090028762817383,0.0,1791183744699,1.0189501,4.38,9.02505,1.16797,4.684664,8.528175,-0.239239,-0.22992,0.456583,-0.33825,-0.2226125,0.122925,
36542060548578,0.278109073638916,0.028098696283996104,10.120772657885714,0.21223168671131135,0.2270505542200047,0.19613654166460037,0.04966846853494644,-0.11192499846220016,0.24297598004341125,0.0,1791183744710,1.2540001,4.2439504,9.102,1.186647,4.654427,8.542141,-0.056803,-0.379249,0.533597,-0.2574,-0.111925,0.153725,
36542070543586,0.3108367919921875,0.03459797035902738,10.133476424501705,0.3884896844625473,0.23310960316765453,0.23946853578090668,0.12860199809074402,0.013612499460577965,0.1656550019979477,0.0,1791183744719,1.4500501,4.2439504,9.087001,1.197728,4.63092,8.553363,0.154776,-0.386867,0.543923,-0.166925,0.013612499,0.16335,
36542080538365,0.31574249267578125,0.04075601976364851,10.079675813267897,0.5049248784780502,0.2387600003845847,0.27222945988178254,0.19006916880607605,0.15193749964237213,0.09130611270666122,0.0,1791183744729,1.5960001,4.3180504,8.967,1.198656,4.615128,8.561767,0.371721,-0.335161,0.49003,-0.083875,0.1519375,0.14739999,
36542090533139,0.16457049548625946,0.03903749492019415,9.860064013768397,0.5363467812538147,0.237736748102267,0.2656333655118942,0.22488820552825928,0.2796750068664551,0.027036333456635475,0.0,1791183744739,1.536,4.41795,8.680051,1.187482,4.607083,8.567652,0.402048,-0.288809,0.287819,-0.0158125,0.279675,0.109037496,
36542100527913,-0.03904488682746887,0.028007562272250652,9.665732910795644,0.5117505088448524,0.23597966124858014,0.20604279339313508,0.23015937209129333,0.3488374948501587,-0.0024960143491625786,0.0,1791183744749,1.3740001,4.45905,8.464951,1.166974,4.604996,8.571593,0.317211,-0.152647,-0.005819,0.012925,0.3488375,0.073975,
36542110522682,-0.2325374037027359,0.012868300639092922,9.493627444695655,0.3143242120742798,0.24240910716895192,0.10391349792480468,0.2043638378381729,0.36272498965263367,0.004394971765577793,0.0,1791183744767,1.1370001,4.4809504,8.292001,1.141195,4.604304,8.575433,0.122723,-0.132801,-0.210772,1.375E-4,0.362725,0.038775,
36542120517518,-0.35008665919303894,-0.003827128931879997,9.435304240614508,0.025749921798706055,0.2550060164728042,0.028271192312240602,0.16781125962734222,0.3414124846458435,0.033898547291755676,0.0,1791183744769,0.957,4.5880504,8.188951,1.11304,4.602293,8.580211,-0.088541,-0.090089,-0.340048,-0.0369875,0.34141248,0.0133375,
36542130512295,-0.3912336230278015,-0.025119804590940476,9.440287759973758,0.21487443745136262,0.2683374206482643,0.16966641545295716,0.11547357589006424,0.2626250088214874,0.07931937277317047,0.0,1791183744779,0.55005,4.464,8.299951,1.087295,4.596986,8.586358,-0.407561,-0.077599,-0.353378,-0.0902,0.262625,0.0026125,
36542140507059,-0.25947245955467224,-0.04408225938677788,9.603923092802399,0.37793036401271823,0.2708167388524283,0.2544750064611435,0.07348431646823883,0.1467124968767166,0.1246405839920044,0.0,1791183744789,0.54795,4.473,8.481,1.06905,4.586433,8.594286,-0.504237,-0.033527,-0.21526,-0.1392875,0.1467125,0.022824999,
36542150501823,-0.08011364936828613,-0.05097600594162941,9.859433748964411,0.4588253006339073,0.26988977381693136,0.26268875896930693,0.03644079715013504,0.03382499888539314,0.15132243931293488,0.0,1791183744800,0.63900006,4.428,8.785951,1.061737,4.571301,8.603251,-0.480165,-0.142894,0.043926,-0.166925,0.033825,0.0441375,
36542160496592,0.21355150640010834,-0.044782163202762605,10.138655437064394,0.4129395127296448,0.2744298383716702,0.1734709769487381,0.02276792749762535,-0.027912499383091927,0.1447468101978302,0.0,1791183744809,0.74100006,4.43505,9.087001,1.062973,4.554752,8.611872,-0.354508,-0.131134,0.356127,-0.1573,-0.0279125,0.0600875,
36542170491592,0.3277164697647095,-0.009280930459499358,10.075337031772765,0.310139811038971,0.2743956440391027,0.03791035115718842,0.03218751773238182,-0.029975000768899918,0.11485815048217773,0.0,1791183744819,0.84405005,4.3699503,9.0390005,1.066667,4.539892,8.619258,-0.274405,-0.140215,0.480422,-0.122237496,-0.029975,0.0675125,
36542180486370,0.1822354644536972,0.03133134916424751,9.896759470625732,0.1888498991727829,0.23709133651852782,0.07678346633911133,0.054922379553318024,-0.008662499487400055,0.09554211795330048,0.0,1791183744829,0.96405005,4.2990003,8.862,1.070364,4.527391,8.625373,-0.175152,-0.180387,0.323472,-0.098725,-0.0086624995,0.0792,
36542190481153,0.06282957643270493,0.049402563646435735,9.892926212318077,0.06479891985654831,0.22470598488604965,0.14124387353658677,0.06342639029026031,0.008249999955296516,0.09005942195653915,0.0,1791183744839,1.1839501,4.27005,8.845051,1.074175,4.515681,8.631037,-0.00658,-0.245291,0.200492,-0.0924,0.00825,0.0792,
36542200475936,0.1380665898323059,0.062922328338027,10.052450134970337,0.08096642345190048,0.2214762930908356,0.18487992137670517,0.058331526815891266,0.02419999986886978,0.0752987191081047,0.0,1791183744849,1.3399501,4.25595,9.007951,1.078117,4.504874,8.636191,0.19059,-0.234484,0.255193,-0.07755,0.0242,0.06325,
36542210470688,0.3340609073638916,0.08389021605253219,10.206624391226523,0.23725299388170243,0.22625087036751332,0.20898180156946183,0.04844798892736435,0.04977500066161156,0.03545921668410301,0.0,1791183744860,1.39995,4.2769504,9.160951,1.079942,4.49647,8.640342,0.308475,-0.233263,0.461732,-0.036025,0.049775,0.03355,
36542220465507,0.43596988916397095,0.10097986944019795,10.194274937975752,0.40029890090227127,0.23893537659285605,0.2306324854493141,0.04334727302193642,0.08813749998807907,-0.027463525533676147,0.0,1791183744869,1.23195,4.4040003,9.111,1.077018,4.493979,8.642002,0.273092,-0.142186,0.534293,0.031075,0.0881375,-5.5E-4,
36542230460265,0.2687760889530182,0.10682178027927876,9.968626747711628,0.5024156168103218,0.24152417876341126,0.2479406103491783,0.036494284868240356,0.11261250078678131,-0.08114784210920334,0.0,1791183744879,0.93495005,4.47795,8.857051,1.068426,4.498562,8.640686,0.044658,-0.062973,0.332101,0.08855,0.1126125,-0.0281875,
36542240455034,0.0855625569820404,0.10122235976159573,9.847992361406032,0.5151759654283523,0.24065241298763348,0.25248720645904543,0.029662054032087326,0.10944999754428864,-0.10744518786668777,0.0,1791183744889,0.60495,4.69605,8.635051,1.056006,4.508223,8.637175,-0.292475,0.051864,0.10577,0.1172875,0.10945,-0.0378125,
36542250449803,0.05394723638892174,0.09097432289272547,9.890664146071291,0.40913431271910666,0.2380694664134765,0.23566333577036858,0.03752933815121651,0.09446249902248383,-0.10358187556266785,0.0,1791183744899,0.40605003,4.90005,8.58195,1.042346,4.520873,8.63222,-0.554148,0.312153,-0.035322,0.1150875,0.0944625,-0.0207625,
36542260444801,0.04017992317676544,0.07907786536961794,9.835502919437065,0.21479749009013174,0.2343364631082444,0.17688713893294333,0.05155163258314133,0.07218749821186066,-0.10058450698852539,0.0,1791183744910,0.31800002,4.92105,8.509951,1.030278,4.534388,8.626577,-0.654607,0.396801,-0.084745,0.1150875,0.0721875,0.006875,
36542270439576,-0.06445813179016113,0.06031311918050051,9.65416491786097,1.80684030055972E-5,0.23001300259574442,0.07680153474211693,0.07565541565418243,0.06792499870061874,-0.08799421042203903,0.0,1791183744919,0.291,4.81605,8.36205,1.019846,4.547125,8.621113,-0.718395,0.331391,-0.163078,0.104499996,0.067925,0.0378125,
36542280434350,-0.20628608763217926,0.03421169016510248,9.687171380152725,0.15945477411150932,0.2291642323267573,0.018210900574922563,0.10754034668207169,0.06902500241994858,-0.06529588997364044,0.0,1791183744929,0.47595003,4.77705,8.41395,1.011223,4.557656,8.616567,-0.647523,0.244246,-0.287818,0.0831875,0.069025,0.0760375,
36542290429128,0.03383244201540947,0.027674787491559983,9.981295880963058,0.2134368449449539,0.22720882589936642,0.028556923568248748,0.1302197128534317,0.06998749822378159,-0.05229056626558304,0.0,1791183744939,0.86100006,4.7080503,8.75895,1.006611,4.565158,8.613133,-0.338847,0.196043,-0.025812,0.0715,0.0699875,0.1027125,
36542300423907,0.2461680769920349,0.041935435682535174,10.060141447153477,0.19909455701708795,0.23148406988498557,0.009887244552373886,0.15666811168193817,0.10408750176429749,-0.07763642072677612,0.0,1791183744950,1.0309501,4.63905,8.86695,1.003852,4.571913,8.609871,-9.0E-4,0.074365,0.240812,0.1013375,0.1040875,0.111237496,
36542310418756,0.19209109246730804,0.06316686049103737,9.885661308327956,0.1903630070388317,0.22471019179452117,0.04026947841048241,0.1872844099998474,0.14451250433921814,-0.11324018239974976,0.0,1791183744968,1.0690501,4.60305,8.68305,0.998755,4.581725,8.605249,0.037715,0.040611,0.192761,0.1428625,0.1445125,0.1197625,
36542320413534,0.004383763764053583,0.08089038163889199,9.819037768088137,0.19390275282785296,0.20448568688524116,0.05403785752132535,0.21765707433223724,0.18809999525547028,-0.126286119222641,0.0,1791183744969,1.16295,4.6530004,8.568001,0.991309,4.59385,8.599642,0.109804,-2.43E-4,-0.007532,0.1588125,0.1881,0.12925,
36542330408303,0.21039515733718872,0.1109718206571415,10.494997463729282,0.1151130999438465,0.17493719937402602,0.13737410651519893,0.21209506690502167,0.17434999346733093,-0.15831537544727325,0.0,1791183744979,1.16805,4.55205,9.384001,0.98313,4.607722,8.59316,0.151502,0.024191,0.209639,0.194975,0.17435,0.1260875,
36542340403067,0.9366775155067444,0.17077931941021235,10.473761360614716,0.08227978544309733,0.23292516675104044,0.3179431212134659,0.15176701545715332,0.04028749838471413,-0.361548513174057,0.0,1791183744989,1.3879501,4.57905,9.316951,0.987388,4.634908,8.578034,0.453702,0.023341,1.005274,0.424875,0.0402875,0.1027125,
36542350398058,0.1112470030784607,0.18034735203254967,9.305332696265046,0.11407176749780773,0.22625743480160965,0.29095890643075106,0.19560295343399048,0.2125750035047531,-0.4009370505809784,0.0,1791183744998,1.01205,4.3320003,8.17305,0.979209,4.670635,8.559576,0.112327,-0.297295,0.276741,0.4653,0.212575,0.054725,
36542360392821,-1.0014349222183228,0.11959803060162813,8.578350940889077,0.024547831248492004,0.34245771730536634,0.052253703493624924,0.2264869064092636,0.3147374987602234,-0.3242100179195404,0.0,1791183745008,1.1200501,4.57905,7.1670003,0.958941,4.705863,8.542557,0.146961,-0.258302,-1.023049,0.3768875,0.3147375,0.0441375,
36542370387638,-1.2332816123962402,0.04154812649358064,8.721384706203523,0.1770684711635113,0.4478102307860383,0.19527937173843385,0.16217851638793945,0.2615250051021576,-0.17713725566864014,0.0,1791183745018,1.05795,4.8229504,7.18905,0.940221,4.732786,8.529757,0.134556,-0.043411,-1.407686,0.2055625,0.261525,0.0185625,
36542380382332,-0.9413163065910339,-0.014629462058655918,9.07676311535721,0.3970647409558296,0.4946610553491374,0.42562166452407835,0.05759304016828537,0.1381874978542328,-0.03865038976073265,0.0,1791183745028,0.91605,4.9620004,7.5450006,0.92862,4.746876,8.523194,0.069543,0.189101,-1.195223,0.0427625,0.1381875,-0.0154,
36542390377195,-0.5689631700515747,-0.0462190993828699,9.413559131937157,0.7366370461881161,0.5086805995430783,0.7267498016357422,-0.03292582929134369,0.01677500084042549,0.06281590461730957,0.0,1791183745038,0.82800007,4.8439503,8.029051,0.924532,4.748295,8.522848,-0.077204,0.151769,-0.730402,-0.07645,0.016775,-0.0389125,
36542400371986,-0.2088446021080017,-0.06356465897988528,9.76473970750449,0.8310376010835171,0.5080151334932125,0.7907681226730346,-0.08853355795145035,-0.06943749636411667,0.12125655263662338,0.0,1791183745048,0.90705,4.75395,8.481,0.92723,4.739792,8.527287,-0.077507,0.052533,-0.260787,-0.1445125,-0.0694375,-0.0474375,
36542410366766,0.07759978622198105,-0.0763877150369808,9.949381594478599,0.6289990385062993,0.501005000544336,0.574961180984974,-0.13375702500343323,-0.12155000120401382,0.14166118204593658,0.0,1791183745058,0.9670501,4.69395,8.71905,0.93502,4.726087,8.53404,0.02244,-0.017558,0.096376,-0.1700875,-0.12155,-0.06765,
36542420361764,0.15213452279567719,-0.0905794833553955,9.924072492977587,0.4352520604617894,0.4901940526082522,0.29787795394659045,-0.1514264941215515,-0.12155000120401382,0.14913327991962433,0.0,1791183745069,0.79695004,4.6650004,8.72295,0.942607,4.710542,8.541797,-0.042606,-0.057081,0.210724,-0.180675,-0.12155,-0.0867625,
36542430356304,0.028971143066883087,-0.10256973064970225,9.658769227884003,0.4217635852284729,0.48415311568631453,0.10382046401500702,-0.12482694536447525,-0.08538749814033508,0.16813912987709045,0.0,1791183745078,0.49695003,4.64295,8.45505,0.945683,4.693818,8.55066,-0.311439,-0.03078,0.084545,-0.2008875,-0.0853875,-0.073975,
36542440351315,-0.22140328586101532,-0.11791802279185504,9.679102493603889,0.3252673936076462,0.48280954026076933,0.03430848717689514,-0.045799899846315384,-0.03849999979138374,0.21887515485286713,0.0,1791183745088,0.279,4.4209504,8.60595,0.944942,4.673554,8.561832,-0.593213,-0.154167,-0.103797,-0.2509375,-0.0385,-0.0037125,
36542450346090,0.07428909093141556,-0.11690093006473035,10.234792023721862,0.029935452062636612,0.48319179737639123,0.022318251430988312,0.09081699699163437,0.028462499380111694,0.2524470090866089,0.0,1791183745099,0.933,4.69395,9.04695,0.943822,4.647418,8.576171,-0.424499,-0.140002,0.207474,-0.2754125,0.0284625,0.1186625,
36542460340866,0.7526623010635376,-0.08127681117039173,10.729594212359917,0.35261012613773346,0.5184385461446587,0.1573307543992996,0.14899460971355438,0.09446249902248383,0.20480933785438538,0.0,1791183745108,1.21095,4.68195,9.5779505,0.945232,4.62365,8.588853,0.201371,0.116002,0.774189,-0.2179375,0.0944625,0.1431375,
36542470335623,0.9200747013092041,-0.03205016951542348,10.62105222366646,0.7365404546260834,0.5625623192664211,0.310918790102005,0.1555187851190567,0.16362500190734863,0.08965042233467102,0.0,1791183745123,1.1719501,4.6579504,9.47295,0.940417,4.608457,8.597544,0.273223,0.061763,0.985765,-0.091299996,0.163625,0.09955,
36542480330469,0.6924009919166565,0.01288418446201831,10.396394050996951,1.1703545615077018,0.5823923363145841,0.4436047598719597,0.12494879215955734,0.17118750512599945,-0.014229781925678253,0.0,1791183745225,1.00995,4.6650004,9.23595,0.930408,4.604718,8.600635,0.120426,0.065502,0.74086,0.02145,0.1711875,0.0484,
36542490325237,0.47708961367607117,0.03504704304505139,10.149045599313972,1.3740714624524117,0.591136222581777,0.583303339779377,0.07855566591024399,0.14135000109672546,-0.08205708116292953,0.0,1791183745225,0.94305,4.70295,8.944051,0.919599,4.609545,8.599213,0.090534,0.089406,0.486103,0.0939125,0.14135,0.0037125,
36542500320235,0.27568668127059937,0.036522973258979616,10.063792874500413,1.1985440388321877,0.5916980839108572,0.6235828578472138,0.02215128391981125,0.0976250022649765,-0.11788222193717957,0.0,1791183745226,0.65295005,4.6789503,8.886001,0.909305,4.619539,8.594942,-0.088313,0.050681,0.296443,0.130075,0.097625,-0.040975,
36542510315018,0.2797091603279114,0.040903876652009785,10.085842780611596,0.826870183646679,0.5931562477818101,0.5289922297000885,-0.011939629912376404,0.055137500166893005,-0.14554181694984436,0.0,1791183745226,0.40395,4.75395,8.886001,0.898997,4.632779,8.5889,-0.358126,0.109268,0.297697,0.159775,0.0551375,-0.0600875,
36542520309806,0.27570396661758423,0.05446988679468632,10.04843169036962,0.5039385467767715,0.5952647863191048,0.4001180827617645,0.004471864551305771,0.04441250115633011,-0.17232942581176758,0.0,1791183745226,0.25095,4.75605,8.84805,0.888465,4.648903,8.581278,-0.591803,0.121874,0.310107,0.192775,0.0444125,-0.0389125,
36542530304575,0.1845019906759262,0.05317522846162319,9.950005043590242,0.33284676969051363,0.5949523280008505,0.29853828251361847,0.06810027360916138,0.06476250290870667,-0.19392260909080505,0.0,1791183745226,0.32700002,4.722,8.75205,0.878618,4.667411,8.572241,-0.596322,0.09379,0.220981,0.2237125,0.0647625,0.0196625,
36542540299431,0.03286154568195343,0.007984429970383644,9.665912035220082,0.18737441748380662,0.5593906345748573,0.20969266891479493,0.1614549160003662,0.12430000305175781,-0.21333220601081848,0.0,1791183745227,0.46095002,4.605,8.48595,0.868965,4.687713,8.562141,-0.471746,-0.007915,0.089823,0.2534125,0.1243,0.091025,
36542550294226,-0.275220662355423,-0.01133895330131054,9.512526229254831,0.05781955420970916,0.5621579735045258,0.09951120018959045,0.2576550841331482,0.2083124965429306,-0.2104702591896057,0.0,1791183745227,0.72495,4.596,8.29695,0.8575,4.708533,8.551867,-0.266351,-0.136474,-0.213541,0.2567125,0.2083125,0.154825,
36542560288981,-0.24858665466308594,0.0263034600764513,9.513136713406306,0.31706675291061404,0.5180776564344377,0.006147962808609009,0.3302575945854187,0.3020874857902527,-0.19455450773239136,0.0,1791183745227,0.98805004,4.557,8.292001,0.842965,4.727908,8.542616,0.011545,-0.143878,-0.206686,0.241725,0.3020875,0.187825,
36542570283745,-0.3352046012878418,0.07120731063187122,9.472406896905046,0.5719344362616539,0.43999406641869887,0.12832967638969422,0.3554155230522156,0.36588749289512634,-0.19439224898815155,0.0,1791183745227,1.05495,4.5259504,8.25405,0.825135,4.746389,8.534106,0.232882,-0.255733,-0.265213,0.2407625,0.3658875,0.1813625,
36542580278753,-0.28695690631866455,0.1039252806454897,9.60587254836858,0.8059247955679893,0.3842892002975521,0.22262145578861237,0.36229801177978516,0.420199990272522,-0.18523962795734406,0.0,1791183745353,1.041,4.56405,8.3880005,0.802036,4.764019,8.526481,0.248799,-0.218296,-0.231251,0.227975,0.4202,0.1601875,
36542590273543,-0.10631048679351807,0.1270579148083925,9.611506756860726,0.8740387201309204,0.3559692138984439,0.25045586228370664,0.35913506150245667,0.4754749834537506,-0.18358451128005981,0.0,1791183745353,0.97605,4.61205,8.376,0.772939,4.780973,8.519674,0.268319,-0.151453,-0.061639,0.2226125,0.47547498,0.1260875,
36542600268326,-0.2443632185459137,0.12528198398649693,9.520943134763396,0.7732766032218934,0.3577248735896952,0.24428437352180482,0.3286104202270508,0.48083749413490295,-0.18866291642189026,0.0,1791183745353,0.78195006,4.66305,8.26395,0.739424,4.798655,8.512706,0.103115,-0.209836,-0.171987,0.2248125,0.4808375,0.087725,
36542610263095,-0.27433881163597107,0.10768505409359933,9.426859952450691,0.6495528876781463,0.3681420821620666,0.24943480491638184,0.281638503074646,0.45319998264312744,-0.17847764492034912,0.0,1791183745353,0.70095,4.761,8.106,0.704629,4.816872,8.505364,0.030171,-0.06046,-0.284356,0.209825,0.45319998,0.0504625,
36542620257912,-0.4377305805683136,0.07819179892539978,9.340716135773155,0.5684782832860946,0.386566764636451,0.2699400007724762,0.201981782913208,0.35199999809265137,-0.1530078500509262,0.0,1791183745353,0.58095,4.833,7.97205,0.674698,4.834183,8.49797,-0.023694,-0.039463,-0.480468,0.177925,0.352,0.0185625,
36542630252651,-0.4720689356327057,0.05313979499042034,9.315105393864009,0.5166550755500794,0.4047523573396445,0.3069624066352844,0.1204012781381607,0.24131250381469727,-0.11604786664247513,0.0,1791183745354,0.43005002,4.8829503,7.9210505,0.651802,4.849091,8.491259,-0.177969,0.012666,-0.5384,0.1332375,0.2413125,-0.009075,
36542640247415,-0.5916380286216736,0.03462805785238743,9.220221013918701,0.503539115190506,0.42485293136455954,0.4040279150009155,0.068428173661232,0.15839999914169312,-0.06948491930961609,0.0,1791183745354,0.31800002,4.842,7.84005,0.634974,4.860093,8.486243,-0.26888,-0.017489,-0.653095,0.078925,0.1584,-0.0176,
36542650242198,-0.5833579301834106,0.001745706796646118,9.271712714741806,0.4656788945198059,0.44546093933283354,0.4718268573284149,0.06717442721128464,0.14135000109672546,-0.016136564314365387,0.0,1791183745354,0.33,4.842,7.90005,0.620713,4.865846,8.484,-0.314474,-0.020848,-0.638881,0.0182875,0.14135,-0.0048125,
36542660237201,-0.42952337861061096,-0.05736357718706131,9.423689311192698,0.37453409433364865,0.41958003484717316,0.5028637707233429,0.10431772470474243,0.17531250417232513,0.03629332408308983,0.0,1791183745354,0.44700003,4.9020004,8.035951,0.606172,4.865968,8.484982,-0.242473,0.005365,-0.481846,-0.0402875,0.1753125,0.022824999,
36542670231980,-0.3409712314605713,-0.12041587382555008,9.543006283128717,0.26089044511318205,0.3582236720201584,0.4835119009017944,0.1593412160873413,0.24351249635219574,0.07759013772010803,0.0,1791183745354,0.411,4.926,8.163,0.589059,4.861723,8.48862,-0.127197,0.067071,-0.423234,-0.086075,0.2435125,0.0504625,
36542680226755,-0.1787814199924469,-0.16397499442100524,9.691958105945032,0.17439853549003603,0.30588162121280754,0.4248543977737427,0.2076672613620758,0.3073124885559082,0.1054576113820076,0.0,1791183745355,0.32505003,4.947,8.328,0.566794,4.85397,8.494572,-0.195912,0.098766,-0.249621,-0.116875,0.3073125,0.071775,
36542690221524,-0.0014825724065303802,-0.18790360372513532,9.890970359040816,0.06253893300890923,0.27159341970198647,0.30682330653071405,0.24128317832946777,0.3562625050544739,0.13278493285179138,0.0,1791183745355,0.13305001,4.86105,8.613001,0.539855,4.842738,8.502732,-0.288683,0.090844,-0.03512,-0.147675,0.3562625,0.0845625,
36542700216360,0.21801388263702393,-0.1907872436568141,10.11656776174654,0.10288586094975471,0.26692194161546773,0.14654894396662713,0.2707051932811737,0.37757501006126404,0.14316123723983765,0.0,1791183745355,0.19800001,4.82805,8.887951,0.50994,4.828252,8.51281,-0.380872,0.026322,0.258865,-0.1584,0.377575,0.106975,
36542710211131,0.41501951217651367,-0.184021726064384,10.30841756588897,0.292299634963274,0.28014870809984976,0.022359634190797804,0.268057644367218,0.35199999809265137,0.13051970303058624,0.0,1791183745359,0.402,4.82805,9.099,0.483356,4.813434,8.522748,-0.198665,0.017198,0.47877,-0.1434125,0.352,0.1175625,
36542720205886,0.59930020570755,-0.1678419141098857,10.457058070220354,0.5173763282597065,0.3135821888266007,0.21041392162442207,0.2220008671283722,0.2956250011920929,0.09325603395700455,0.0,1791183745369,0.51195,4.7850003,9.283951,0.462176,4.800833,8.531027,0.006867,0.025011,0.673998,-0.102025,0.295625,0.0941875,
36542730200660,0.718750536441803,-0.14112948682159185,10.579722535524118,0.7939482279121876,0.36154561632583276,0.38992031291127205,0.16104423999786377,0.22110000252723694,0.02858918346464634,0.0,1791183745384,0.56700003,4.749,9.436951,0.446659,4.79302,8.536244,0.101393,-0.029425,0.836375,-0.0295625,0.2211,0.0622875,
36542740195673,0.7665074467658997,-0.10444719176739455,10.562965914653855,1.0153451740741728,0.4111523295629076,0.543518316745758,0.11259673535823822,0.16898749768733978,-0.05071491003036499,0.0,1791183745388,0.56205004,4.6980004,9.444,0.435111,4.791915,8.537461,0.127306,-0.10254,0.930926,0.0598125,0.1689875,0.03135,
36542750190456,0.6903813481330872,-0.056167091242969036,10.429360651509253,1.1408555805683136,0.44367185112145635,0.6379918098449707,0.07773628830909729,0.1467124968767166,-0.12814632058143616,0.0,1791183745405,0.47805002,4.71,9.292951,0.424804,4.79857,8.534242,0.151979,-0.111589,0.847954,0.147125,0.1467125,-5.5E-4,
36542760185206,0.5729638338088989,-0.015089566819369793,10.26946441300512,1.1530925750732421,0.46162362384117633,0.6695806741714477,0.06238943338394165,0.1508374959230423,-0.19003739953041077,0.0,1791183745408,0.25305,4.76805,9.09195,0.412133,4.812402,8.52707,-0.046039,-0.055989,0.69232,0.21725,0.1508375,-0.023924999,
36542770179961,0.3125293552875519,0.01729713100939989,10.051401947393463,1.0370809018611908,0.4607499300417694,0.6122265040874482,0.06673843413591385,0.1541374921798706,-0.23048396408557892,0.0,1791183745419,0.13605,4.7800503,8.841001,0.396995,4.831687,8.516877,-0.21286,-0.10161,0.42718,0.2641375,0.15413749,-0.0229625,
36542780174800,0.1708822399377823,0.04018908832222223,9.90609118449091,0.8094761513173581,0.4564179550002268,0.502652844786644,0.08990059047937393,0.1658249944448471,-0.24500469863414764,0.0,1791183745438,0.18795002,4.8439503,8.63895,0.381572,4.85415,8.504801,-0.223774,-0.037882,0.228567,0.28215,0.165825,-0.0037125,
36542790169569,0.02006787434220314,0.046508006379008295,9.750185896206245,0.49991387426853184,0.45521924147417975,0.3533649303019047,0.11642788350582123,0.18809999525547028,-0.24121692776679993,0.0,1791183745439,0.19605,4.8640504,8.448,0.3658,4.877748,8.491982,-0.184059,-0.01599,0.040272,0.2789875,0.1881,0.0143,
36542800164338,-0.07025165855884552,0.0552135843783617,9.775722965506375,0.17887869477272034,0.45122068681896504,0.20123832896351815,0.134573295712471,0.20624999701976776,-0.21656328439712524,0.0,1791183745448,0.25305,4.9450502,8.42895,0.349336,4.900091,8.479804,-0.138865,0.002367,-0.076836,0.25135,0.20625,0.0259875,
36542810159350,0.0403483510017395,0.07094794251024723,9.90604864818564,0.11569868922233581,0.4448970081488341,0.09471523240208626,0.13459829986095428,0.2040500044822693,-0.19687938690185547,0.0,1791183745458,0.28395,4.9429502,8.580001,0.333639,4.920201,8.468785,-0.070496,0.025352,0.034739,0.22893749,0.20405,0.0281875,
36542820154110,0.1558634489774704,0.10062764398753643,9.980619330227697,0.3265382617712021,0.4295058827884231,0.06338205114006996,0.1253412365913391,0.19139999151229858,-0.19227437674999237,0.0,1791183745469,0.25095,4.971,8.65095,0.319077,4.938812,8.458507,-0.043963,0.025896,0.167121,0.2237125,0.19139999,0.025024999,
36542830148865,0.15655308961868286,0.13205874525010586,9.927191176459296,0.4830020956695079,0.40895562519826123,0.06051622107625008,0.1172584742307663,0.18067499995231628,-0.19395630061626434,0.0,1791183745481,0.16905001,4.90695,8.628,0.304848,4.956984,8.448397,-0.115925,-0.042554,0.21075,0.225775,0.180675,0.0218625,
36542840143629,0.06372934579849243,0.16482711397111416,9.839655541277974,0.5687432944774627,0.3744563148199194,0.06924851536750794,0.10757625102996826,0.15619999170303345,-0.19365455210208893,0.0,1791183745488,0.22395001,4.9500003,8.500951,0.292171,4.975143,8.438162,-0.115219,-0.067895,0.118035,0.225775,0.15619999,0.025024999,
36542850138485,-0.02809898927807808,0.1925900610163808,9.74336999735121,0.5919016249477863,0.33662847700513515,0.07767904922366142,0.08825095742940903,0.12430000305175781,-0.18170756101608276,0.0,1791183745498,0.282,4.998,8.359051,0.282802,4.993116,8.42786,-0.03163,-0.03559,-0.010527,0.212025,0.1243,0.0218625,
36542860133252,-0.07212942093610764,0.21045975890010596,9.725029981058912,0.5570430092513562,0.31169210616628473,0.055183494836091994,0.050845917314291,0.08071249723434448,-0.16544878482818604,0.0,1791183745509,0.27495003,5.10795,8.271001,0.276856,5.010485,8.417745,0.00544,0.052384,-0.115333,0.192775,0.0807125,0.0048125,
36542870128050,-0.12568414211273193,0.22122411336749792,9.65102444724873,0.5037788681685924,0.29577343858462585,0.001126023381948471,0.014532244764268398,0.04661250114440918,-0.14768588542938232,0.0,1791183745519,0.21000001,5.09805,8.191951,0.272895,5.026973,8.408035,-0.014541,0.076597,-0.191815,0.1716,0.0466125,-0.0165,
36542880122819,-0.1834000200033188,0.22099318336695434,9.570187784477532,0.4224815756082535,0.2960872958653981,0.0691166453063488,0.008313838392496109,0.03918749839067459,-0.13108649849891663,0.0,1791183745529,0.058950003,5.103,8.09595,0.268859,5.041919,8.399212,-0.135003,0.071229,-0.252423,0.15235,0.0391875,-0.0187,
36542890117807,-0.22778086364269257,0.20967826880514623,9.599998043996678,0.32865701615810394,0.30843928681259863,0.1274186871945858,0.031810611486434937,0.05403750017285347,-0.11042073369026184,0.0,1791183745538,-0.012,5.151,8.10105,0.263222,5.055374,8.391301,-0.270623,0.081716,-0.306761,0.128975,0.0540375,5.5E-4,
36542900112571,-0.16591794788837433,0.1904816772788763,9.664674280703835,0.2496977113187313,0.31908687892181437,0.15498247891664504,0.06010879576206207,0.07108750194311142,-0.09336519241333008,0.0,1791183745548,0.030000001,5.2039504,8.14395,0.25726,5.067075,8.384425,-0.226354,0.115505,-0.25679,0.1098625,0.0710875,0.023924999,
36542910107333,-0.15489034354686737,0.16198618449270724,9.599557557714597,0.23491671457886698,0.3231836519138537,0.171534663438797,0.08059267699718475,0.08703749626874924,-0.0774155855178833,0.0,1791183745558,0.021000002,5.1769505,8.08395,0.250956,5.077354,8.378395,-0.241598,0.126773,-0.25076,0.0917125,0.087037496,0.038775,
36542920102086,-0.22860755026340485,0.12059079669415951,9.596941200056412,0.2526355661451817,0.3174902996271924,0.19211934506893158,0.09850357472896576,0.09982500225305557,-0.0570782832801342,0.0,1791183745570,0.069000006,5.13705,8.106,0.244296,5.085546,8.373624,-0.220573,0.053938,-0.293872,0.0683375,0.099825,0.0526625,
36542930096920,-0.1642967164516449,0.07643843404948711,9.671802093923292,0.25754719972610474,0.291580092384287,0.1882986843585968,0.10631375014781952,0.10724999755620956,-0.03511586785316467,0.0,1791183745581,0.14805001,5.0670004,8.23695,0.238026,5.090845,8.370581,-0.125718,0.010332,-0.195062,0.0427625,0.10725,0.058025,
36542940091698,-0.015072638168931007,0.03735942980274558,9.862725093700195,0.2234360884875059,0.24515450924523197,0.14575703926384448,0.09915295243263245,0.10408750176429749,-0.03529423102736473,0.0,1791183745589,0.16905001,5.0500503,8.470051,0.232326,5.094345,8.368614,-0.076922,-0.038657,0.008017,0.0427625,0.1040875,0.0515625,
36542950086698,0.09337815642356873,0.007509270217269659,9.887456928903054,0.14908131323754786,0.19505057029296557,0.09389781840145588,0.09271293878555298,0.10298749804496765,-0.05274282395839691,0.0,1791183745598,0.045,5.0220003,8.517,0.22644,5.098238,8.366404,-0.097372,-0.056916,0.146697,0.062975,0.1029875,0.0441375,
36542960081476,0.05861695855855942,-0.018208073545247318,9.88792912053354,0.05007033459842205,0.14672082271259645,0.05119635798037052,0.09583313018083572,0.10298749804496765,-0.06899698078632355,0.0,1791183745608,-0.112050004,4.9429502,8.56305,0.219161,5.103358,8.363477,-0.245716,-0.133862,0.156806,0.0820875,0.1029875,0.0473,
36542970076245,0.13184037804603577,-0.02724252240732312,10.008894871852046,0.09000987298786639,0.13077363304932776,0.0208932276815176,0.11406798660755157,0.10944999754428864,-0.08224726468324661,0.0,1791183745618,-0.17400001,5.0220003,8.656051,0.211028,5.109233,8.360096,-0.354899,-0.127766,0.24159,0.098037496,0.10945,0.06435,
36542980071120,0.22362187504768372,-0.024605540651828052,9.99186203427822,0.2258956331759691,0.13519898539171576,0.09847694598138332,0.12297924607992172,0.10298749804496765,-0.10107333958148956,0.0,1791183745628,-0.18405001,5.07,8.60805,0.203406,5.116882,8.355608,-0.390372,-0.063588,0.310722,0.12045,0.1029875,0.0782375,
36542990065891,0.14881068468093872,-0.018168400134891273,9.9073704119472,0.2862360894680023,0.14014707465012027,0.13125361055135726,0.12124639749526978,0.08167500048875809,-0.11805172264575958,0.0,1791183745639,-0.14805001,5.08605,8.500951,0.197795,5.126892,8.349602,-0.387156,-0.044868,0.211382,0.1406625,0.081675,0.088825,
36543000060677,0.04453738406300545,-0.012428948003798724,9.805713065246609,0.29302011951804163,0.14024702742094794,0.12148545607924462,0.11279955506324768,0.052937500178813934,-0.13045935332775116,0.0,1791183745650,0.045,5.1130505,8.367001,0.195809,5.138671,8.342405,-0.253489,-0.054253,0.091687,0.1555125,0.0529375,0.09625,
36543010055439,-0.08106157928705215,-0.018499444518238307,9.617486084665112,0.2856690935790539,0.14045863274219728,0.0935497485101223,0.08985106647014618,0.026399999856948853,-0.12970897555351257,0.0,1791183745658,0.18795002,5.09805,8.15295,0.197916,5.151351,8.334532,-0.059272,-0.057356,-0.058457,0.15455,0.0264,0.0856625,
36543020050439,-0.25077590346336365,-0.038831412140280006,9.50823309792235,0.20532517656683924,0.14315283909869977,0.017026492208242417,0.07148139178752899,0.0147124994546175,-0.11172939836978912,0.0,1791183745669,0.24300002,5.1220503,8.007,0.201844,5.163767,8.326751,0.02778,-0.036253,-0.273337,0.1332375,0.014712499,0.071775,
36543030045206,-0.37321212887763977,-0.06531967306509615,9.44521636943767,0.043416730687022204,0.15320860088489385,0.10234030857682228,0.047350142151117325,0.008249999955296516,-0.07591890543699265,0.0,1791183745679,0.25995,5.1010504,7.9450502,0.205605,5.173415,8.320669,0.050355,-0.086603,-0.386964,0.0906125,0.00825,0.0484,
36543040039965,-0.3347490429878235,-0.08524359250441194,9.52981072880015,0.10515443570911885,0.16085036407993458,0.19905225411057473,0.014791049994528294,-0.010862499475479126,-0.04572030529379845,0.0,1791183745688,0.16395001,5.1340504,8.026951,0.209259,5.179909,8.316535,0.025153,-0.061972,-0.356494,0.054449998,-0.0108624995,0.022824999,
36543050034726,-0.19110654294490814,-0.09339397018775344,9.68285944096055,0.19498468153178694,0.1618749020020398,0.24618103951215745,-0.017145495861768723,-0.03959999978542328,-0.025349412113428116,0.0,1791183745698,0.018000001,5.1319504,8.211,0.21292,5.183692,8.314086,-0.112583,-0.053784,-0.188845,0.029975,-0.0396,0.0037125,
36543060029550,-0.06958910077810287,-0.0932669541798532,9.73077041964497,0.2647797714918852,0.16189253319020142,0.2438865438103676,-0.0275222547352314,-0.05555000156164169,-0.022709215059876442,0.0,1791183745709,-0.12900001,5.16795,8.244,0.21636,5.186172,8.31245,-0.254887,-0.020351,-0.062711,0.0268125,-0.05555,0.0015125,
36543070024343,-0.11919811367988586,-0.0929426527582109,9.669658081858106,0.3160479318350553,0.1618337563035148,0.21757098585367202,-0.028698120266199112,-0.07150000333786011,-0.024261528626084328,0.0,1791183745718,-0.20295002,5.2060504,8.14605,0.219854,5.188922,8.310642,-0.406821,-0.018312,-0.118364,0.028875,-0.0715,0.0100375,
36543080019131,-0.17832507193088531,-0.09268890535458922,9.612502255135821,0.30984718501567843,0.16169564435167594,0.17859357446432114,-0.014187082648277283,-0.07466249912977219,-0.0193797517567873,0.0,1791183745728,-0.16995001,5.27505,8.034,0.224392,5.19233,8.308393,-0.404176,0.042922,-0.226248,0.02365,-0.0746625,0.0292875,
36543090014129,-0.19993530213832855,-0.09129662727937102,9.594952886782751,0.27311628237366675,0.1606428977126408,0.15163082629442215,0.005298897624015808,-0.07259999960660934,-0.0017024094704538584,0.0,1791183745740,-0.12900001,5.31405,7.9879503,0.230205,5.195118,8.30649,-0.383653,0.109566,-0.293777,0.0034375,-0.0726,0.0515625,
36543100008893,-0.21222743391990662,-0.09361210158094764,9.626588074720702,0.24940475299954415,0.16202955005040792,0.15585500448942186,0.02809745818376541,-0.06613750010728836,0.01789845898747444,0.0,1791183745748,-0.0049500004,5.3260503,8.019,0.237208,5.196415,8.305482,-0.323618,0.132211,-0.323893,-0.018975,-0.0661375,0.075075,
36543110003663,-0.12938576936721802,-0.09233687287196517,9.696505364601405,0.1848408304154873,0.16164215260785128,0.16781433820724487,0.04061960428953171,-0.05871250107884407,0.03081822395324707,0.0,1791183745759,0.20505,5.3110504,8.11005,0.246149,5.196001,8.305482,-0.112293,0.137413,-0.235307,-0.033825,-0.0587125,0.0856625,
36543119998442,-0.11738116294145584,-0.08677555350586771,9.717681384173252,0.0651106394827366,0.1587454981220768,0.16745094805955887,0.04849886894226074,-0.0364375002682209,0.04069610685110092,0.0,1791183745768,0.36105,5.2710004,8.155951,0.25516,5.193856,8.306548,0.015165,0.086885,-0.193278,-0.0455125,-0.0364375,0.0814,
36543129993290,-0.07666246592998505,-0.08239384097978472,9.751805260220435,0.05193382725119591,0.15775161159607098,0.14711842685937881,0.040228553116321564,-0.022549999877810478,0.0475117564201355,0.0,1791183745778,0.43305,5.2320004,8.21805,0.263218,5.190447,8.308428,0.126817,0.042411,-0.120938,-0.0540375,-0.02255,0.06325,
36543139988039,-0.05355451628565788,-0.08431793488562107,9.753706337428566,0.12833876982331277,0.15715230491101562,0.11784226968884468,0.024758005514740944,-0.014024999924004078,0.05147189646959305,0.0,1791183745788,0.303,5.17995,8.259001,0.269856,5.186239,8.310844,0.146515,0.027465,-0.085047,-0.0594,-0.014025,0.039875,
36543149982789,-0.02553449757397175,-0.0902635675854981,9.796756400687922,0.1633828613907099,0.1524974621835505,0.0805036824196577,0.024672452360391617,0.0019249999895691872,0.062086302787065506,0.0,1791183745798,0.13305001,5.1220503,8.35005,0.272791,5.180423,8.314375,-0.076685,-0.04812,0.002401,-0.0721875,0.001925,0.03025,
36543159977787,0.05532120168209076,-0.09042835542932152,9.891557995732304,0.17400869764387605,0.15233819125970421,0.04356228820979595,0.04092903435230255,0.026399999856948853,0.07122574001550674,0.0,1791183745809,0.109050006,5.14095,8.44995,0.272696,5.17308,8.318947,-0.129263,-0.0312,0.088809,-0.082775,0.0264,0.0345125,
36543169972556,0.118131622672081,-0.09111379319801927,9.951028186939146,0.18213384337723257,0.15136429044061012,0.003540268912911415,0.05395805835723877,0.04235000163316727,0.06965751200914383,0.0,1791183745818,0.141,5.15595,8.509951,0.27102,5.165317,8.323826,-0.149135,-0.030621,0.162939,-0.0807125,0.04235,0.039875,
36543179967325,0.17270097136497498,-0.0936598383821547,9.974723973492003,0.20504378266632556,0.14639552770244607,0.05341295637190342,0.055977895855903625,0.045512501150369644,0.05881807208061218,0.0,1791183745828,0.061950002,5.1270003,8.556001,0.26906,5.158472,8.328131,-0.16154,-0.004622,0.211305,-0.067925,0.0455125,0.039875,
36543189962089,0.19316986203193665,-0.0914418795146048,9.996853334627192,0.2586128365248442,0.15033528299769444,0.10275783203542233,0.05607544258236885,0.04124999791383743,0.04439811408519745,0.0,1791183745839,0.054,5.1150002,8.589001,0.266712,5.15269,8.331787,-0.20947,-0.0156,0.243563,-0.050875,0.041249998,0.042075,
36543199956953,0.23571425676345825,-0.08188303587958216,10.025040572468837,0.3228219211101532,0.16412301694589376,0.15500758290290834,0.04854612797498703,0.021037500351667404,0.031867414712905884,0.0,1791183745848,0.14295001,5.09595,8.6320505,0.266209,5.14798,8.334714,-0.156295,-0.018073,0.293309,-0.036025,0.0210375,0.0452375,
36543209951731,0.2364368438720703,-0.06600811472162604,10.019385888797455,0.35868165940046315,0.17818724736175556,0.19123071134090425,0.03243830054998398,-2.749999985098839E-4,0.013576354831457138,0.0,1791183745859,0.24795002,5.10795,8.616,0.268086,5.144715,8.33667,-0.069586,-0.021989,0.293746,-0.014712499,-2.75E-4,0.038775,
36543219946731,0.1986493021249771,-0.043536854442209005,9.976357201883348,0.3544526740908623,0.18177172005178477,0.20733424723148347,0.00758154783397913,-0.027912499383091927,-0.0030204944778233767,0.0,1791183745869,0.39000002,5.1439505,8.53905,0.272567,5.143432,8.337313,0.043247,-0.013525,0.24043,0.0044,-0.0279125,0.0259875,
36543229941503,0.11078663915395737,-0.01933691604062915,9.861196247863338,0.3127936504781246,0.1679637428048882,0.19495138078927993,-0.0178363099694252,-0.040699999779462814,-0.01088978722691536,0.0,1791183745878,0.42795002,5.151,8.39805,0.278759,5.143726,8.336929,0.1424,-0.016212,0.13547,0.012925,-0.0407,0.0037125,
36543239936277,0.009969566948711872,-0.0021009855438023804,9.78007803604691,0.23881500419229268,0.15160291752775656,0.158311321772635,-0.03402375057339668,-0.04166249930858612,-0.004161633085459471,0.0,1791183745888,0.37995002,5.175,8.2900505,0.284267,5.144377,8.336341,0.120133,-0.002498,0.009165,0.0044,-0.0416625,-0.0144375,
36543249931037,-0.07195227593183517,0.003856727806851268,9.717373877671815,0.14034030344337223,0.14630705846464734,0.09677801523357629,-0.04398812726140022,-0.040699999779462814,0.010810503736138344,0.0,1791183745898,0.30600002,5.17995,8.21595,0.288384,5.144323,8.336233,0.04419,0.023892,-0.100859,-0.013612499,-0.0407,-0.026124999,
36543259925869,-0.11245842278003693,0.0017132617067545652,9.666202690674135,0.023458692990243436,0.14767500511471626,0.02699896190315485,-0.04595799744129181,-0.03959999978542328,0.03343605250120163,0.0,1791183745910,0.20505,5.1460505,8.179951,0.291351,5.142555,8.33722,-0.061726,0.028053,-0.147336,-0.0402875,-0.0396,-0.0281875,
36543269920640,-0.09481091797351837,0.00293262149207294,9.78674743446652,0.08510603848844767,0.1467695067975581,0.031693082116544244,-0.048284634947776794,-0.042762499302625656,0.052394311875104904,0.0,1791183745918,0.22695,5.15805,8.314051,0.293757,5.138605,8.339574,-0.100046,0.005667,-0.111382,-0.0625625,-0.0427625,-0.0281875,
36543279915409,0.05545050650835037,0.014621400414034725,9.890658243123626,0.14551814068108798,0.14106682605768991,0.04276030864566564,-0.04288958013057709,-0.040699999779462814,0.056192900985479355,0.0,1791183745928,0.246,5.1769505,8.424001,0.296614,5.133347,8.342707,-0.062201,0.034867,0.045894,-0.066825,-0.0407,-0.0229625,
36543289910193,0.09084880352020264,0.029160605696961283,9.880209675929324,0.18159204423427583,0.1329558680255964,0.026584461331367493,-0.03354279696941376,-0.03217500075697899,0.04735386744141579,0.0,1791183745938,0.22395001,5.18895,8.40495,0.299204,5.128544,8.345568,-0.055214,0.044459,0.08134,-0.0562375,-0.032175,-0.0176,
36543299905183,0.03717173635959625,0.04163056421093643,9.808947454330063,0.19599037021398547,0.1208782966637126,0.004759658873081207,-0.028971167281270027,-0.029012499377131462,0.04113546758890152,0.0,1791183745948,0.24300002,5.1769505,8.328,0.30147,5.124676,8.347863,-0.052692,0.050722,0.014403,-0.0488125,-0.0290125,-0.0144375,
36543309900027,-0.018817046657204628,0.047159000346437094,9.818672926338548,0.19336563087999822,0.11533154539705856,0.013968616351485252,-0.03343027085065842,-0.03423750028014183,0.0401405431330204,0.0,1791183745959,0.29595003,5.14905,8.3550005,0.304011,5.121243,8.349876,-0.060022,0.025424,-0.035493,-0.0477125,-0.0342375,-0.0165,
36543319894798,0.04168575257062912,0.05511234612204134,9.889331376139515,0.15368343032896517,0.10902263164117762,0.04126795046031475,-0.04243965074419975,-0.04496249929070473,0.03368239849805832,0.0,1791183745969,0.27495003,5.1220503,8.45505,0.307582,5.117872,8.351813,-0.015709,0.016824,0.039183,-0.0402875,-0.0449625,-0.0207625,
36543329889597,0.13885566592216492,0.06588825271464885,9.985630383126445,0.10036233942955733,0.10607653450723796,0.05794898234307766,-0.04653889685869217,-0.04496249929070473,0.020736798644065857,0.0,1791183745978,0.23895001,5.091,8.58705,0.310916,5.114932,8.353492,-0.035802,-0.004178,0.166791,-0.0253,-0.0449625,-0.026124999,
36543339884372,0.2025216519832611,0.07869206112809479,9.996092493912835,0.016494463197886944,0.1063409573007446,0.08028355203568935,-0.03952199965715408,-0.033137500286102295,-0.0018896403489634395,0.0,1791183745990,0.24105,5.1199503,8.58195,0.31311,5.113432,8.35433,-0.071514,-0.019437,0.252144,0.0012375,-0.0331375,-0.026124999,
36543349879358,0.1381426304578781,0.08687591752968729,9.88023570476365,0.07347876895219088,0.10428318861050856,0.10047773085534573,-0.03234965726733208,-0.02474999986588955,-0.026317711919546127,0.0,1791183745998,0.13095,5.12505,8.446051,0.314298,5.114827,8.353427,-0.118192,0.015079,0.157279,0.029975,-0.02475,-0.023924999,
36543359874129,0.016576293855905533,0.08493867213837802,9.76326123373543,0.13924948107451202,0.10520716399985026,0.10755639895796776,-0.019218236207962036,-0.0193875003606081,-0.03589639440178871,0.0,1791183746009,-0.00705,5.1460505,8.29695,0.314185,5.118159,8.351392,-0.256943,0.014142,0.020451,0.0416625,-0.0193875,-0.0122375,
36543369868903,-0.04431796446442604,0.07681619278155268,9.768154951317202,0.13311596419662236,0.10854882769070406,0.09035565555095673,0.0033601499162614346,-0.011962499469518661,-0.02791072055697441,0.0,1791183746018,-0.0139500005,5.1439505,8.304001,0.313612,5.121702,8.349241,-0.340167,0.020176,-0.051618,0.0331375,-0.0119624995,0.0100375,
36543379863749,-0.020457711070775986,0.06715825865976513,9.770786783922853,0.08507744148373604,0.10818035118199323,0.05849298015236855,0.031526923179626465,0.006187499966472387,-0.01629740558564663,0.0,1791183746029,0.15300001,5.15805,8.29695,0.313177,5.124118,8.347772,-0.251147,0.03452,-0.035784,0.02035,0.0061875,0.032449998,
36543389858531,-0.0514163076877594,0.05492895017378032,9.701274817661,0.01246504709124565,0.10706298415333801,0.007705388218164444,0.04017259553074837,0.009349999949336052,-0.008874211460351944,0.0,1791183746039,0.23895001,5.1340504,8.22795,0.31433,5.125859,8.346663,-0.101465,0.042355,-0.082559,0.0119624995,0.00935,0.040975,
36543399853271,-0.13434265553951263,0.03642610455863178,9.638362760015335,0.06076028533279896,0.10619391678664132,0.046791668981313705,0.027353711426258087,-0.005499999970197678,0.0037290980108082294,0.0,1791183746048,0.36105,5.1199503,8.158051,0.31726,5.126709,8.346029,0.003343,0.012775,-0.165721,-0.003025,-0.0055,0.0356125,
36543409848049,-0.1614471971988678,0.01653190250508487,9.64935914643417,0.12366431765258312,0.10410977894763808,0.08239636719226837,0.00860693957656622,-0.0193875003606081,0.018666278570890427,0.0,1791183746060,0.40605003,5.091,8.187,0.321853,5.126142,8.346203,0.065788,-0.015388,-0.182655,-0.0210375,-0.0193875,0.022824999,
36543419843059,-0.13755106925964355,-2.7811606414616106E-4,9.678818336337004,0.15899197049438954,0.10042415095685449,0.10104298815131188,-0.011850003153085709,-0.029975000768899918,0.02818363532423973,0.0,1791183746068,0.34395,5.0740504,8.235001,0.326844,5.12409,8.347269,0.075162,-0.034884,-0.143019,-0.0328625,-0.029975,0.005775,
36543429837831,-0.09863950312137604,-0.010749423177912831,9.710058951873961,0.19696289859712124,0.09920857298309721,0.11667934656143189,-0.025250520557165146,-0.03423750028014183,0.03772243112325668,0.0,1791183746078,0.24795002,5.058,8.28495,0.330646,5.120838,8.349114,-0.031589,-0.03642,-0.092192,-0.04455,-0.0342375,-0.006875,
36543439832605,-0.07029122114181519,-0.014762462582439184,9.77353716324786,0.22093206010758876,0.09991012924486484,0.12045432925224304,-0.03488696366548538,-0.04166249930858612,0.04383953660726547,0.0,1791183746088,0.24300002,5.0620503,8.356951,0.333502,5.116562,8.351622,-0.115848,-0.05848,-0.042028,-0.051975,-0.0416625,-0.0133375,
36543449827453,0.02696717344224453,-0.009816490113735199,9.839435949404091,0.19574876241385936,0.09940375078765945,0.08819236345589161,-0.047214437276124954,-0.05128749832510948,0.044494349509477615,0.0,1791183746098,0.25500003,5.058,8.436001,0.336955,5.111751,8.354428,-0.083389,-0.041698,0.06051,-0.053075,-0.0512875,-0.0218625,
36543459822237,0.07288200408220291,-5.494687706232071E-4,9.931256194355475,0.1316821787506342,0.09803270737933087,0.041326523199677466,-0.05514012649655342,-0.05664999783039093,0.037832774221897125,0.0,1791183746109,0.19995001,5.0670004,8.53905,0.340424,5.106995,8.357196,-0.120377,-0.068067,0.131963,-0.0455125,-0.056649998,-0.0281875,
36543469817006,0.13555815815925598,0.01096898503601551,9.941232503933684,0.04519765786826611,0.09979849800051352,0.01329532228410244,-0.04910202696919441,-0.04922499880194664,0.02793794870376587,0.0,1791183746118,0.22395001,5.0890503,8.53695,0.343291,5.103015,8.359509,-0.135214,-0.044933,0.191899,-0.033825,-0.049225,-0.026124999,
36543479811991,0.06667305529117584,0.011530112475156784,9.765738181073976,0.03865244574844837,0.10007818055740444,0.04635783396661282,-0.04218725115060806,-0.040699999779462814,0.013467584736645222,0.0,1791183746128,0.22005,5.1460505,8.29695,0.345576,5.10096,8.36067,-0.113558,0.01937,0.071027,-0.016775,-0.0407,-0.023924999,
36543489806774,-0.08314149081707001,0.002830597758293152,9.714279295442125,0.09057944901287555,0.10036694452563846,0.04378778003156185,-0.053537264466285706,-0.06407500058412552,0.013493468053638935,0.0,1791183746138,0.15,5.11695,8.2560005,0.349018,5.100718,8.360676,-0.169672,0.065103,-0.13009,-0.016775,-0.064075,-0.0229625,
36543499801557,-0.06716224551200867,-0.002386101335287094,9.772391985824996,0.10735826343297958,0.10115480126722104,0.024961896240711212,-0.04169057309627533,-0.04922499880194664,0.024591434746980667,0.0,1791183746148,0.19095,5.09805,8.335051,0.351774,5.09915,8.361516,-0.217918,-0.017127,-0.059104,-0.0295625,-0.049225,-0.0176,
36543509796395,-0.025423085317015648,-0.002716403268277645,9.7429423564043,0.10634386651217938,0.10121867936988793,0.0053008783608675,-0.025185521692037582,-0.029012499377131462,0.03307409584522247,0.0,1791183746159,0.23595001,5.16795,8.2560005,0.35368,5.096591,8.362996,-0.128844,0.047682,-0.053401,-0.0391875,-0.0290125,-0.010175,
36543519791168,-0.08860787749290466,-0.009231084771454335,9.682507019467732,0.07714701779186726,0.10233801675508082,0.039532328769564626,-0.028216075152158737,-0.031075000762939453,0.037579428404569626,0.0,1791183746168,0.246,5.103,8.224951,0.355981,5.094096,8.364415,-0.066502,0.038205,-0.124253,-0.04455,-0.031075,-0.0122375,
36543529785952,-0.10889632999897003,-0.021618684567511082,9.705702688645745,0.04580812342464924,0.09858899945439792,0.0746462058275938,-0.03043418750166893,-0.025712499395012856,0.047369640320539474,0.0,1791183746178,0.26700002,5.091,8.259001,0.357715,5.090341,8.366629,-0.096966,-0.010711,-0.11689,-0.0562375,-0.0257125,-0.0176,
36543539780946,-0.09745607525110245,-0.03661757092922926,9.703969270173985,0.010683240741491323,0.08526690559154619,0.07750912271440029,-0.03490123525261879,-0.02474999986588955,0.05622945725917816,0.0,1791183746188,0.16005,5.05305,8.283,0.35884,5.085621,8.36945,-0.13161,-0.001203,-0.10774,-0.066825,-0.02475,-0.0229625,
36543549775715,-0.03227763622999191,-0.04513858426362276,9.859506207721687,0.029205677658319475,0.0753108416705676,0.07053220085799694,-0.030146069824695587,-0.025712499395012856,0.06283403933048248,0.0,1791183746198,0.08295,5.01405,8.488951,0.359127,5.079667,8.373053,-0.232453,-0.035951,-0.005998,-0.07425,-0.0257125,-0.0165,
36543559770461,0.1861206591129303,-0.03666136600077152,10.139847718165289,0.04151877425611019,0.08990809316709293,0.028223451972007752,-0.022856418043375015,-0.027912499383091927,0.05875260755419731,0.0,1791183746209,0.093,4.99095,8.826,0.35945,5.07255,8.377352,-0.290238,-0.057563,0.265036,-0.069025,-0.0279125,-0.006875,
36543569765325,0.4797552525997162,-0.010457705147564412,10.381252032248552,0.0390913400799036,0.14397294328508103,0.08544917404651642,-0.010678336024284363,-0.01718750037252903,0.030789701268076897,0.0,1791183746218,0.25305,4.9950004,9.097051,0.35994,5.065957,8.381321,-0.190171,-0.084489,0.620197,-0.036025,-0.0171875,-5.5E-4,
36543579760096,0.5598574876785278,0.01855805478990078,10.283044948344,0.17541215755045414,0.19011645122374463,0.219199937582016,-0.014159414917230606,-0.015124999918043613,-0.011350286193192005,0.0,1791183746229,0.402,5.058,8.944051,0.361275,5.062908,8.383105,-0.016729,-0.014403,0.663903,0.012925,-0.015125,-0.007975,
36543589755086,0.37014904618263245,0.039636322483420375,10.06301781202773,0.28775906562805176,0.2040489214579907,0.31272096186876297,-0.04496173933148384,-0.03849999979138374,-0.04138677567243576,0.0,1791183746238,0.40395,5.0220003,8.710951,0.364275,5.06428,8.382145,0.035336,-0.018169,0.442202,0.047025,-0.0385,-0.03135,
36543599749850,0.1938231885433197,0.056044614687561986,9.956057298574073,0.35264024846255776,0.202588192002116,0.35794112682342527,-0.06329598277807236,-0.04496249929070473,-0.053939830511808395,0.0,1791183746248,0.41595003,5.0790005,8.553,0.367207,5.067974,8.379783,0.039587,-0.026651,0.241056,0.0609125,-0.0449625,-0.0495,
36543609744623,0.12717364728450775,0.07047565691173077,9.888962473200843,0.3856840532273054,0.19677792841433522,0.3461517244577408,-0.07046770304441452,-0.03959999978542328,-0.05519408360123634,0.0,1791183746258,0.354,5.1199503,8.4529505,0.369353,5.073078,8.376602,0.032653,0.037675,0.124527,0.061875,-0.0396,-0.0611875,
36543619739379,0.04141946882009506,0.0794241838157177,9.81532844680737,0.33313077352941034,0.19110189465446875,0.25848456770181655,-0.07092148065567017,-0.033137500286102295,-0.05169396102428436,0.0,1791183746268,0.18105,5.11695,8.37405,0.369574,5.078354,8.373396,-0.104037,0.034794,0.031966,0.0576125,-0.0331375,-0.06545,
36543629734227,-0.0025324062444269657,0.08422953865956515,9.792662996874077,0.22351571163162587,0.18774278416968562,0.1460065889172256,-0.062112972140312195,-0.027912499383091927,-0.04598501697182655,0.0,1791183746278,0.040050004,5.0929503,8.364,0.36804,5.083374,8.370416,-0.248549,0.022591,-0.005756,0.0512875,-0.0279125,-0.058025,
36543639728997,-0.002358025871217251,0.08762619842309505,9.81479936080835,0.1420373753644526,0.1855177963601465,0.07150517450645566,-0.03916437178850174,-0.012924999929964542,-0.0380004346370697,0.0,1791183746288,0.11895001,5.103,8.38305,0.365286,5.087476,8.368045,-0.315227,-0.007846,0.015769,0.0427625,-0.012925,-0.039875,
36543649724002,0.04006899148225784,0.08828128932509571,9.846959826345236,0.06897778706625105,0.18532547626609305,0.04075433509424329,-0.02631314843893051,-0.008662499487400055,-0.03387600928544998,0.0,1791183746299,0.25095,5.09595,8.42205,0.363508,5.091076,8.365934,-0.181767,0.029254,0.037033,0.0385,-0.0086624995,-0.027224999,
36543659718540,0.04476328194141388,0.08687535321805626,9.849538342847378,0.061176912020891906,0.18554349744992374,0.024272262025624512,-0.02735329046845436,-0.012924999929964542,-0.03922472149133682,0.0,1791183746310,0.37800002,5.09805,8.41905,0.363405,5.094547,8.363822,-0.066743,-0.024495,0.07027,0.044825,-0.012925,-0.026124999,
36543669713538,0.019903425127267838,0.08109261656645686,9.765892733929565,0.19923088429495694,0.18573828519056282,0.019969053287059068,-0.03959270194172859,-0.021449999883770943,-0.046022213995456696,0.0,1791183746318,0.41295,5.08395,8.328,0.365022,5.09886,8.361124,0.058532,0.00471,0.017901,0.0523875,-0.02145,-0.0356125,
36543679708384,-0.09650099277496338,0.0729339141631499,9.645028465395125,0.3115456258878112,0.18973329828262142,0.001175335980951786,-0.05562606081366539,-0.031075000762939453,-0.04367590323090553,0.0,1791183746328,0.27,5.10795,8.17695,0.366571,5.103585,8.358174,0.001916,-1.3E-5,-0.113224,0.0490875,-0.031075,-0.0484,
36543689703086,-0.16605684161186218,0.06878814662341029,9.631727497546233,0.3895055539906025,0.19395718484762875,0.0315644271671772,-0.06498850136995316,-0.03739999979734421,-0.031243519857525826,0.0,1791183746338,0.049950004,5.1199503,8.158051,0.366671,5.108019,8.355459,-0.17296,0.019494,-0.199093,0.0342375,-0.0374,-0.0548625,
36543699697925,-0.14781107008457184,0.06475570539478212,9.707765261356588,0.41529216393828394,0.19754686671671548,0.06914043948054313,-0.054442860186100006,-0.03849999979138374,-0.01441993284970522,0.0,1791183746348,-0.105000004,5.12505,8.244,0.36519,5.110788,8.353831,-0.401322,-0.002428,-0.15437,0.015125,-0.0385,-0.040975,
36543709692894,-0.04798800125718117,0.06362745959777386,9.806157273614978,0.3461752638220787,0.1981222805889897,0.08769069612026215,-0.029002360999584198,-0.03217500075697899,-0.002527826000005007,0.0,1791183746358,-0.03795,5.1220503,8.36205,0.36342,5.111794,8.353291,-0.473772,0.001353,-0.036515,0.0023375,-0.032175,-0.0144375,
36543719687658,0.020501894876360893,0.06908294821623713,9.810221581143411,0.23357759108766912,0.19533787787673848,0.08757100217044353,-0.004304875154048204,-0.021449999883770943,-0.001696884399279952,0.0,1791183746368,0.10005,5.09805,8.38095,0.36314,5.112032,8.35316,-0.341811,-0.006066,0.042625,0.0023375,-0.02145,0.007975,
36543729682427,-0.0024468693882226944,0.07440542124677449,9.784083671515491,0.14026535199955106,0.19183470066922942,0.0687601774930954,0.007587452884763479,-0.010862499475479126,-0.0023581101559102535,0.0,1791183746378,0.21705002,5.0719504,8.364,0.363904,5.112159,8.353047,-0.2085,-0.020559,0.018795,0.0034375,-0.0108624995,0.0154,
36543739677274,0.023162739351391792,0.08043636197689921,9.836374737851719,0.0716705963946879,0.18819843798031285,0.030916261300444604,8.484004065394402E-4,-0.008662499487400055,-0.00998080987483263,0.0,1791183746388,0.303,5.08605,8.41395,0.364929,5.112623,8.35272,-0.13291,-0.028205,0.050247,0.0119624995,-0.0086624995,0.005775,
36543749672035,-0.6960650682449341,0.0472469903761521,6.940281191654897,0.16483932295814158,0.2526452432922806,0.14056706093251706,-0.017157841473817825,-0.016224998980760574,-0.018694253638386726,0.0,1791183746398,0.081,4.77495,5.03595,0.366645,5.115973,8.350591,-0.01731,-0.04592,-0.787988,0.02145,-0.016224999,-0.0111375,
36543759666809,-2.6240997314453125,-0.09326402915176005,8.331187103567645,0.6757584602572024,0.6323975355465389,0.6557894069701433,-0.06063985824584961,-0.082225002348423,0.16448459029197693,0.0,1791183746409,0.43305,5.3980503,6.3310504,0.372548,5.107255,8.355666,-0.358402,-0.17846,-2.952633,-0.1934625,-0.082225,-0.0122375,
36543769661812,-1.3215032815933228,-0.18332695586141198,8.951503564887286,0.9253657782450319,0.6714360285215483,0.9241904422640801,-0.06593836843967438,-0.04922499880194664,0.31746965646743774,0.0,1791183746418,0.20295002,5.2519503,7.2460504,0.378688,5.091717,8.364871,0.04726,0.320706,-1.745583,-0.3733125,-0.049225,-0.0303875,
36543779656586,-0.42810988426208496,-0.23272532445844263,9.703715219935397,0.9777586180716752,0.6509730561417832,1.0093230452388524,-0.04479747265577316,-0.03217500075697899,0.3698837161064148,0.0,1791183746430,0.076050006,5.1130505,8.247001,0.379602,5.061017,8.383436,-0.3056,0.08565,-0.538317,-0.4329875,-0.032175,-0.0133375,
36543789651341,0.3936370313167572,-0.2315509252017364,10.719541376219071,0.8660877473652363,0.6520798688096255,0.9352281868457795,-0.028609368950128555,-0.04592499881982803,0.3425509035587311,0.0,1791183746438,0.066,5.02605,9.468,0.382025,5.026305,8.404185,-0.236198,0.062901,0.432132,-0.3988875,-0.045925,0.0122375,
36543799646187,1.1091960668563843,-0.18578228128608315,11.043111909074002,0.4864852637052536,0.7098917907289293,0.5741759598255157,-1.6742199659347534E-4,-0.0034374999813735485,0.2574275732040405,0.0,1791183746450,-0.057000004,4.7629504,9.963,0.382215,4.993471,8.423726,-0.322579,-0.122137,1.377455,-0.2987875,-0.0034375,0.0154,
36543809640963,1.0864999294281006,-0.13781596717890351,10.788070416333055,0.25551497451961036,0.7600550097058184,0.16794397234916686,-0.0011279098689556122,-0.029012499377131462,0.13537997007369995,0.0,1791183746459,-0.11895001,4.4539504,9.825001,0.380813,4.969245,8.438103,-0.567779,-0.380427,1.511519,-0.15619999,-0.0290125,0.022824999,
36543819635717,0.8998056054115295,-0.0948966603493318,10.707699357967124,0.6809659272432327,0.792507545831297,0.6122057497501373,-0.019277160987257957,-0.07576250284910202,0.035660140216350555,0.0,1791183746468,0.16905001,4.7800503,9.58005,0.384985,4.955895,8.445763,-0.325349,-0.280886,1.223737,-0.0402875,-0.0757625,0.023924999,
36543829630715,0.8938020467758179,-0.05007993769831955,10.7500040030356,0.9075043972581625,0.8212851943582674,0.8765881359577179,-0.0159597285091877,-0.059812501072883606,-0.02060382254421711,0.0,1791183746478,0.39000002,4.794,9.613951,0.39081,4.950961,8.448389,-0.127667,-0.177789,1.146891,0.0246125,-0.0598125,0.0154,
36543839625485,0.9116814136505127,-0.004377965722233057,10.676601320009574,1.1207640733569861,0.8476768700593339,0.980197012424469,0.01035918015986681,-0.012924999929964542,-0.07665953040122986,0.0,1791183746488,0.57600003,4.84005,9.49905,0.395118,4.951566,8.447834,0.124204,-0.13051,1.128293,0.08965,-0.012925,0.0154,
