timestampNs,vertAccel,smoothedVert,accelMag,zDiff,stdevZ,zThreshDiff,yaw,roll,pitch,speedMps,speedAgeMs,rawAccelX,rawAccelY,rawAccelZ,gravUnitX,gravUnitY,gravUnitZ,linAccelX,linAccelY,linAccelZ,gyroX,gyroY,gyroZ,label
36472634720347,-0.21365191042423248,-0.21365191042423248,9.587902941080728,0.0,0.0,0.21365191042423248,0.027243785560131073,0.04028749838471413,-5.776690086349845E-4,0.0,1791183675283,-0.40395,8.521951,4.37505,0.005611,8.710966,4.489884,-0.400873,-0.178896,-0.118752,0.0012375,0.0402875,-0.0187,
36472644714501,-0.23279821872711182,-0.22322506457567215,9.541192561893919,0.0,0.0,0.22322506457567215,0.005722613073885441,0.007287499960511923,-0.001071189995855093,0.0,1791183675293,-0.36600003,8.48805,4.34205,0.002383,8.71127,4.489297,-0.373704,-0.19596,-0.127742,0.0023375,0.0072875,-0.00165,
36472654708670,-0.2651302218437195,-0.23719345033168793,9.575028282648935,0.0,0.021244492341841135,0.23719345033168793,0.0020781357306987047,-0.002337499987334013,0.004284249152988195,0.0,1791183675303,-0.354,8.524051,4.347,0.001233,8.711296,4.489247,-0.341429,-0.215139,-0.161211,-0.00935,-0.0023375,0.009075,
36472664702740,-0.2431134134531021,-0.23867344111204147,9.60461738564628,0.0,0.018575991474930872,0.23867344111204147,0.016373299062252045,0.009349999949336052,0.015503229573369026,0.0,1791183675313,-0.27495003,8.532001,4.40205,8.48E-4,8.71026,4.491256,-0.309919,-0.216498,-0.110547,-0.033825,0.00935,0.0176,
36472674696674,-0.2070595622062683,-0.23235066533088683,9.62039927423726,0.0,0.02087974956115101,0.23235066533088683,0.04617447778582573,0.04124999791383743,0.027757201343774796,0.0,1791183675326,-0.16995001,8.51505,4.47405,5.87E-4,8.707808,4.496006,-0.218679,-0.206862,-0.050654,-0.0605,0.041249998,0.0207625,
36472684690833,-0.15060260891914368,-0.21872598926226297,9.681776553083667,0.0,0.03593692077314054,0.2197408050298691,0.07779205590486526,0.07961250096559525,0.038035959005355835,0.0,1791183675333,-0.08595,8.529,4.5810003,-7.5E-4,8.704019,4.50334,-0.138332,-0.176737,0.013837,-0.082775,0.0796125,0.0154,
36472694684980,-0.07821735739707947,-0.19865332756723678,9.772380823297938,0.0,0.05936697860871664,0.1888246327638626,0.09802284836769104,0.10518749803304672,0.042037129402160645,0.0,1791183675343,-0.049950004,8.56995,4.69605,-0.003028,8.699256,4.512534,-0.061833,-0.157609,0.13393,-0.091299996,0.1051875,0.0100375,
36472704679056,0.020963676273822784,-0.17120120208710432,9.85244294604475,0.0,0.09142875769759425,0.13160585314035417,0.0996832326054573,0.11151249706745148,0.03920789435505867,0.0,1791183675353,0.0,8.63895,4.737,-0.006146,8.694399,4.521879,-0.013226,-0.078532,0.196412,-0.084975,0.1115125,0.0015125,
36472714672985,0.05552145838737488,-0.14600979536771774,9.84407806054538,0.0,0.111835913478987,0.07187887877225876,0.08638255298137665,0.10092499852180481,0.03191272169351578,0.0,1791183675366,0.030000001,8.637,4.72305,-0.009214,8.690184,4.529973,0.049696,-0.047981,0.21226,-0.069025,0.100925,-0.006875,
36472724667135,0.05262012779712677,-0.1261468030512333,9.836591945702418,0.19370896965265275,0.12168562184249214,0.019942940771579744,0.052615053951740265,0.0668250024318695,0.024584461003541946,0.0,1791183675373,-0.0139500005,8.646001,4.6909504,-0.011606,8.686918,4.536226,0.030541,-0.023167,0.158123,-0.053075,0.066825,-0.0144375,
36472734661222,0.06979106366634369,-0.10833426971327174,9.926809150421969,0.24736085832118987,0.12897335999158158,0.02413579374551773,0.008208087645471096,0.018975000828504562,0.021626871079206467,0.0,1791183675383,-0.025950002,8.668051,4.83795,-0.012712,8.683991,4.54182,-0.001871,-0.029817,0.207595,-0.0466125,0.018975,-0.0187,
36472744655364,0.16680823266506195,-0.0854057278484106,10.022912122225481,0.31033436208963394,0.1450201663255626,0.07314091175794601,-0.015277775004506111,-0.008662499487400055,0.019674891605973244,0.0,1791183675393,-0.0049500004,8.685,5.00295,-0.012233,8.680705,4.548101,-0.011927,-0.004983,0.368908,-0.04235,-0.0086624995,-0.0165,
36472754649294,0.23772087693214417,-0.06054983517298332,10.061966614434235,0.35516579300165174,0.1637891200954011,0.1164923518896103,-0.02151753194630146,-0.014024999924004078,0.015743115916848183,0.0,1791183675403,-0.055050004,8.67,5.1060004,-0.011306,8.677284,4.554627,0.00151,0.010408,0.491669,-0.033825,-0.014025,-0.0196625,
36472764643462,0.27041155099868774,-0.036909736160721095,10.039465184027149,0.3918210357427597,0.17937607449145065,0.15947037041187287,-0.013180159963667393,-0.002337499987334013,0.008858997374773026,0.0,1791183675413,-0.15105,8.661,5.07495,-0.011734,8.674145,4.560603,-0.069887,0.013547,0.555125,-0.018975,-0.0023375,-0.023924999,
36472774637549,0.19262327253818512,-0.021607535580794018,9.99312331906285,0.40721180438995364,0.18250733452714019,0.18747099936008454,-0.002390572801232338,0.010449999943375587,0.006890200078487396,0.0,1791183675427,-0.24405001,8.641951,5.01195,-0.014118,8.671538,4.565551,-0.211155,-0.026941,0.463985,-0.014712499,0.01045,-0.025024999,
36472784631710,0.21119414269924164,-0.007057430688291788,10.018578508842655,0.4045762479305267,0.1854796552042329,0.21575161516666413,0.00993651244789362,0.021037500351667404,0.013372811488807201,0.0,1791183675434,-0.26295,8.629951,5.0820003,-0.017159,8.668623,4.571073,-0.244027,-0.007266,0.465646,-0.0286,0.0210375,-0.0187,
36472794625635,0.2490244358778,0.008006208521478316,10.10301955763319,0.3638007089495659,0.18976202394714026,0.23219485580921173,0.031476084142923355,0.04028749838471413,0.022311003878712654,0.0,1791183675443,-0.16005,8.653951,5.2110004,-0.019845,8.664519,4.578838,-0.181486,-0.015133,0.560832,-0.0477125,0.0402875,-0.009075,
36472804619770,0.3451763391494751,0.026737882445255916,10.191066137614134,0.3255648270249367,0.19993493017822556,0.25368594825267793,0.06333910673856735,0.07741250097751617,0.030351540073752403,0.0,1791183675453,-0.13395001,8.682,5.33505,-0.023186,8.6592,4.588873,-0.127867,0.026098,0.687266,-0.0647625,0.0774125,-0.0111375,
36472814613922,0.4186532497406006,0.04736500703974774,10.309279238108633,0.30327722877264024,0.213374533762293,0.2833342880010605,0.0941961258649826,0.11687500029802322,0.03743544593453407,0.0,1791183675463,-0.20805001,8.71395,5.505,-0.028912,8.65273,4.601022,-0.1389,0.042144,0.811586,-0.0796125,0.116875,-0.0196625,
36472824608009,0.5268752574920654,0.07134051956236362,10.37363743726185,0.3260488912463188,0.23275295033378682,0.3501846849918365,0.13532745838165283,0.1658249944448471,0.03706083819270134,0.0,1791183675473,-0.24405001,8.694,5.65395,-0.037752,8.645536,4.614463,-0.189915,0.07328,0.980106,-0.0785125,0.165825,-0.023924999,
36472834601909,0.5452409386634827,0.10928516201674938,10.316633986461039,0.34385313242673876,0.24474923105460133,0.4169940441846848,0.19179107248783112,0.23182499408721924,0.027211278676986694,0.0,1791183675483,-0.27495003,8.673,5.5800004,-0.049964,8.638681,4.627168,-0.18728,0.063376,1.034438,-0.0573375,0.231825,-0.027224999,
36472844596068,0.40567535161972046,0.141208840534091,10.152041769443514,0.3318318754434586,0.2396338250483993,0.44832422733306887,0.24868160486221313,0.29672500491142273,0.010134412907063961,0.0,1791183675493,-0.39000002,8.674951,5.2590003,-0.065797,8.63394,4.635813,-0.262427,0.02981,0.798344,-0.0210375,0.296725,-0.027224999,
36472854590129,0.21363723278045654,0.1651472132652998,9.881000302752463,0.2625460356473923,0.22103856301056232,0.42201640605926516,0.2881012260913849,0.33605000376701355,-0.004999958910048008,0.0,1791183675502,-0.45495003,8.6320505,4.78695,-0.08419,8.632187,4.638779,-0.346984,0.029169,0.390758,0.0108624995,0.33605,-0.0165,
36472864584283,-0.026910599321126938,0.17595735397189854,9.742781714031738,0.1454326368868351,0.20555208682479215,0.33290363624691965,0.2961868941783905,0.3339875042438507,-0.014750274829566479,0.0,1791183675512,-0.40005,8.71605,4.335,-0.101569,8.633491,4.636007,-0.334394,0.025471,-0.111646,0.031075,0.3339875,0.0048125,
36472874578217,-0.10735728591680527,0.1809424677863717,9.665904253597118,0.009694487601518642,0.19724368277112272,0.2060571275651455,0.2511579096317291,0.2796750068664551,-0.02435149811208248,0.0,1791183675523,-0.37800002,8.7949505,3.9919503,-0.115385,8.6376,4.628021,-0.272694,0.131495,-0.47955,0.0512875,0.279675,0.0111375,
36472884572371,-0.19740080833435059,0.17860255781561135,9.556230635536958,0.1746660776436329,0.2013967975151263,0.057528778165578845,0.18368497490882874,0.20624999701976776,-0.035237640142440796,0.0,1791183675533,-0.39195,8.800051,3.7050002,-0.125921,8.644172,4.615459,-0.25737,0.175201,-0.754292,0.0746625,0.20625,0.005775,
36472894566448,-0.4392300546169281,0.16055192295461893,9.272488281085094,0.3651382513344288,0.2366915250642322,0.11145230308175087,0.1289193034172058,0.1467124968767166,-0.04557446762919426,0.0,1791183675543,-0.48105,8.623051,3.3750002,-0.13432,8.652929,4.598781,-0.308826,0.053916,-1.046466,0.097075,0.1467125,0.0015125,
36472904560599,-0.7556757926940918,0.1217199495062232,9.005406348077297,0.5886491961777209,0.309053997370859,0.3053149081766605,0.09031093865633011,0.09872499853372574,-0.053908634930849075,0.0,1791183675553,-0.62895006,8.48595,2.9479501,-0.141065,8.663753,4.578158,-0.424185,-0.119711,-1.404127,0.1150875,0.098725,0.0100375,
36472914554511,-1.048396348953247,0.0665240591391921,8.79786626960709,0.859796743094921,0.40088312830824097,0.5096120581030845,0.06591358780860901,0.05719999969005585,-0.056511081755161285,0.0,1791183675565,-0.72795004,8.412001,2.4720001,-0.145473,8.676666,4.55349,-0.556246,-0.230788,-1.834358,0.12045,0.0572,0.0367125,
36472924548674,-1.3142337799072266,-0.0018186362460255623,8.644653312677324,1.1679814010858536,0.5013496814487405,0.7509873569011688,0.03279471769928932,0.003987499978393316,-0.04677661135792732,0.0,1791183675575,-0.744,8.368951,2.0340002,-0.145981,8.691034,4.525995,-0.586863,-0.300223,-2.288097,0.0991375,0.0039875,0.06655,
36472934542751,-1.5485725402832031,-0.0827368164435029,8.47972072456903,1.4695459306240082,0.6034647758808442,1.0212217032909394,6.247423589229584E-4,-0.04496249929070473,-0.02383570931851864,0.0,1791183675584,-0.69195,8.31105,1.5340501,-0.142082,8.705435,4.49836,-0.574003,-0.343354,-2.727332,0.0490875,-0.0449625,0.089925,
36472944536902,-1.8179693222045898,-0.1819756941869855,8.365429663674995,1.7189859628677366,0.7083497277114582,1.2969695568084716,-0.016104411333799362,-0.07369999587535858,0.019306598231196404,0.0,1791183675593,-0.651,8.26095,1.146,-0.134678,8.718222,4.473757,-0.53831,-0.432755,-3.155233,-0.0455125,-0.073699996,0.106975,
36472954530816,-2.0536959171295166,-0.2965465338900685,8.176805549068769,1.8894772179424764,0.8093160251080981,1.5565735816955566,-0.0016797222197055817,-0.06407500058412552,0.08361402899026871,0.0,1791183675603,-0.68205005,8.10795,0.81000006,-0.126171,8.726818,4.457214,-0.52527,-0.537119,-3.478666,-0.1871375,-0.064075,0.1164625,
36472964524957,-2.391397714614868,-0.4296369971707463,7.9182072172921485,2.0312309823930264,0.9168573264410741,1.8251738548278809,0.07322773337364197,0.010449999943375587,0.17241549491882324,0.0,1791183675613,-0.78705,7.87095,0.35595003,-0.119957,8.728939,4.453229,-0.581762,-0.728383,-3.850571,-0.3829375,0.01045,0.13035,
36472974519116,-2.8774428367614746,-0.5831403026357294,7.693151331076255,2.1953444443643093,1.0475167643115837,2.1378156661987306,0.2059290111064911,0.1424500048160553,0.29164454340934753,0.0,1791183675627,-1.113,7.6120505,-0.049950004,-0.114584,8.713828,4.482864,-0.807402,-1.00297,-4.361441,-0.641575,0.14245,0.1568875,
36472984513182,-3.116316080093384,-0.7495158137753606,7.683590444389927,2.339912071079016,1.1657234561547887,2.4513643741607667,0.36419445276260376,0.29672500491142273,0.4438709020614624,0.0,1791183675634,-1.281,7.5760503,0.00795,-0.109663,8.676574,4.554672,-1.13554,-1.092608,-4.651121,-0.95975,0.296725,0.19525,
36472994507095,-2.8961925506591797,-0.9067766631022096,7.763139802002655,2.361694111675024,1.2307465704293072,2.6670090198516845,0.40787291526794434,0.30841249227523804,0.6026780009269714,0.0,1791183675642,-0.93600005,7.5979505,1.2889501,-0.103418,8.623658,4.654228,-1.096295,-1.04927,-4.178463,-1.2747625,0.3084125,0.25905,
36473004501232,-1.941951036453247,-1.0211330318823457,8.55525138569786,2.1350479856133457,1.2152652898493845,2.6446600437164305,0.23329217731952667,0.06572499871253967,0.7151347994804382,0.0,1791183675654,0.26505002,7.7320504,3.6520503,-0.083187,8.56186,4.767352,-0.331228,-0.898886,-2.383407,-1.475925,0.065725,0.335775,
36473014495307,-0.558114767074585,-1.069971432723105,10.254509304871856,1.5270160973072051,1.175395509671457,2.278003454208374,-0.06531539559364319,-0.267300009727478,0.7423235774040222,0.0,1791183675663,1.6510501,7.8880506,6.3409505,-0.036188,8.490178,4.894444,1.053505,-0.695523,0.096786,-1.4887125,-0.2673,0.3218875,
36473024489475,1.0446410179138184,-1.0440831447020174,12.358670372468161,0.4723649799823759,1.215305609267084,1.4935866832733153,-0.35520732402801514,-0.5238749980926514,0.6793951988220215,0.0,1791183675674,2.4100502,8.28495,8.84805,0.02543,8.412898,5.026179,2.098007,-0.35488,2.620221,-1.3237125,-0.523875,0.1909875,
36473034483393,2.6221539974212646,-0.9402374917641282,14.002129515860902,0.9510768890380858,1.4184325825705912,0.34589266777038574,-0.571568489074707,-0.6664624810218811,0.5399564504623413,0.0,1791183675683,2.42895,8.641951,10.746,0.065989,8.355162,5.121223,2.428549,0.121839,4.787698,-1.033175,-0.6664625,0.006875,
36473044477564,3.669886827468872,-0.7770269179716707,14.871198651370447,2.5238967895507813,1.719709726302701,0.9673232078552246,-0.6935844421386719,-0.6983624696731567,0.3706701695919037,0.0,1791183675692,2.022,8.7640505,11.842951,0.094159,8.313081,5.188817,2.163354,0.444043,6.180567,-0.7033125,-0.69836247,-0.1783375,
36473054471648,4.095106601715088,-0.5829534495249391,15.154384920447711,3.9999085903167724,2.0143362455877765,2.1747347354888915,-0.6987097263336182,-0.611050009727478,0.21843235194683075,0.0,1791183675703,1.42095,8.611051,12.38895,0.105849,8.286347,5.23118,1.632122,0.434864,6.949838,-0.41593748,-0.61105,-0.33261248,
36473064465793,4.053050518035889,-0.3789553936570883,15.086159055329523,5.2347834587097175,2.2527988725782078,3.0969677925109864,-0.5466440916061401,-0.37908750772476196,0.10807965695858002,0.0,1791183675713,0.60495,8.326051,12.56595,0.09853,8.271399,5.254927,0.952305,0.191237,7.239732,-0.2094125,-0.3790875,-0.418825,
36473074459718,3.9450976848602295,-0.17633264511823654,15.138447407286165,6.128423500061036,2.4423820865600767,3.6770591259002687,-0.274441123008728,-0.059812501072883606,0.0402829609811306,0.0,1791183675726,-0.25095,8.15295,12.753,0.073015,8.263905,5.267123,0.079994,-0.031111,7.387946,-0.0807125,-0.0598125,-0.4156625,
36473084453886,3.92073655128479,0.02957422286272049,15.158775779969007,6.603784656524658,2.60040558857623,3.936775636672974,0.06940819323062897,0.2956250011920929,-0.022459885105490685,0.0,1791183675733,-0.69900006,8.127001,12.777,0.034116,8.262367,5.269927,-0.573031,-0.149283,7.528795,0.0396,0.295625,-0.33467498,
36473094447981,3.9037773609161377,0.24672459363937377,14.914842291343147,6.628213787078858,2.7302817742471266,3.983553743362427,0.4120458960533142,0.6373124718666077,-0.11453600227832794,0.0,1791183676453,-0.651,8.34,12.348001,-0.015154,8.269068,5.2595,-0.71769,-0.065004,7.374023,0.2140875,0.6373125,-0.2336125,
36473104441905,3.705033302307129,0.4697600483894348,14.148330887911834,6.183542537689209,2.820008578392406,3.905539083480835,0.6877288222312927,0.9202874898910522,-0.23574411869049072,0.0,1791183676453,-0.43995002,8.635051,11.199,-0.073122,8.287187,5.23041,-0.475369,0.189814,6.634573,0.4439875,0.9202875,-0.16335,
36473114436048,3.1583969593048096,0.6800997138023377,13.045618465131447,5.220195055007935,2.855591722735929,3.7266083717346192,0.8601749539375305,1.1160874366760254,-0.36193373799324036,0.0,1791183676454,-0.47400004,8.89305,9.53295,-0.139827,8.318166,5.179633,-0.293741,0.470083,5.212916,0.6887375,1.1160874,-0.1463,
36473124430198,2.3481173515319824,0.8632172703742981,11.841740238627214,3.7531049728393553,2.839210785626057,3.4072123050689695,0.8929198980331421,1.1692999601364136,-0.46758460998535156,0.0,1791183676454,-0.76605004,8.950951,7.7149506,-0.21136,8.360633,5.108341,-0.373043,0.588027,3.526864,0.9037875,1.1693,-0.16335,
36473134424270,1.3561458587646484,1.0084531903266907,10.68139427722147,1.9269709587097168,2.785917593521742,2.8942941665649413,0.8528953194618225,1.1321749687194824,-0.5428856015205383,0.0,1791183676454,-1.18005,8.862,5.8450503,-0.284977,8.409388,5.024046,-0.689682,0.508148,1.755652,1.06865,1.132175,-0.170775,
36473144418198,0.37089425325393677,1.117896369099617,9.907020164034071,0.01298280954360953,2.7148204153238087,2.187717545032501,0.752404510974884,1.0139249563217163,-0.5840619206428528,0.0,1791183676454,-1.5799501,8.793,4.28205,-0.358404,8.465283,4.924482,-1.068759,0.339724,0.076324,1.173975,1.013925,-0.1601875,
36473154412347,-0.25758588314056396,1.2077018707990645,9.381832047078044,1.7017740845680238,2.637012049485445,1.3951937079429626,0.6419517993927002,0.8788999915122986,-0.5877834558486938,0.0,1791183676454,-1.9849501,8.661,3.01095,-0.425945,8.527829,4.809855,-1.31007,0.284361,-1.145012,1.2102749,0.8789,-0.1431375,
36473164406510,-1.0196201801300049,1.2762907475233078,8.948584133426243,3.117468845844269,2.559199171569603,0.5595902800559998,0.5575558543205261,0.7469000220298767,-0.5717244148254395,0.0,1791183676454,-2.403,8.3880005,1.9860001,-0.488105,8.593195,4.686019,-1.75548,-0.080279,-2.167999,1.2038125,0.7469,-0.0782375,
36473174400585,-1.6256998777389526,1.3388778954744338,8.738693643263648,4.171948802471161,2.4706245351466545,0.23517316579818726,0.6009741425514221,0.736175000667572,-0.5311781167984009,0.0,1791183676455,-2.87295,8.224951,0.67905,-0.543147,8.659205,4.556661,-2.16252,-0.256423,-3.266867,1.1389124,0.736175,0.0292875,
36473184394749,-2.310438871383667,1.3791717559099197,8.751214087982827,4.9520438551902775,2.4032894069850643,0.9684901118278504,0.6608608961105347,0.7149999737739563,-0.4489712119102478,0.0,1791183676455,-3.9070501,7.8300004,0.09900001,-0.59115,8.721499,4.430123,-2.696308,-0.677846,-4.136316,0.9686875,0.715,0.1835625,
36473194388667,-2.8737916946411133,1.380291798710823,8.0389675902652,5.522966384887695,2.4013010280101574,1.6174273014068603,0.8826779127120972,0.8277499675750732,-0.35075056552886963,0.0,1791183676455,-3.04305,7.4230504,-0.513,-0.630683,8.774602,4.318405,-3.037452,-1.173877,-4.580054,0.733425,0.82774997,0.4283125,
36473204382823,-3.228170156478882,1.3159808427095414,7.788040120119207,5.938152527809143,2.504424471788366,2.211544156074524,1.0107510089874268,0.8277499675750732,-0.25313088297843933,0.0,1791183676455,-2.14995,7.4689503,-0.49605003,-0.62666,8.812093,4.241974,-1.758183,-1.407692,-4.793321,0.4833125,0.82774997,0.68694997,
36473214376884,-3.089560031890869,1.189408579468727,7.822331449345344,6.032744431495667,2.6553623480099047,2.625532126426697,1.057356595993042,0.80121248960495,-0.16687850654125214,0.0,1791183676455,-1.1700001,7.72695,-0.33795002,-0.590894,8.832685,4.204113,-1.123573,-1.272661,-4.686029,0.2737625,0.8012125,0.8199125,
36473224371023,-2.6788268089294434,1.003235188126564,8.099681629938411,5.730451679229736,2.786288397894895,2.836157512664795,0.9867085814476013,0.6851624846458435,-0.10127963870763779,0.0,1791183676456,-0.32805002,8.092951,0.03705,-0.548291,8.86286,4.145972,-0.155823,-0.974831,-4.268757,0.1225125,0.6851625,0.88385,
36473234364941,-2.2589638233184814,0.7591792970895768,8.423211178521779,5.013580048084259,2.846909196348399,2.825862503051758,0.8125499486923218,0.49994999170303345,-0.0618106946349144,0.0,1791183676456,0.47100002,8.40705,0.22395001,-0.488541,8.887296,4.100894,0.552966,-0.620983,-3.986653,0.044825,0.49995,0.8636375,
36473244359088,-1.9679746627807617,0.477286222577095,8.794861706577102,4.03989280462265,2.823771553519596,2.6446990966796875,0.4814496636390686,0.17215000092983246,-0.0375867635011673,0.0,1791183676456,1.36395,8.685,0.24495001,-0.413088,8.90834,4.063354,1.360973,-0.359511,-3.819826,0.0108624995,0.17215,0.78485,
36473254353165,-1.6630061864852905,0.18938058316707612,9.253028092792588,2.891256582736969,2.732289789588867,2.3316663026809694,-0.030400991439819336,-0.318450003862381,-0.011665021069347858,0.0,1791183676456,1.7809501,9.06795,0.46800002,-0.32338,8.926603,4.031277,2.018256,-0.059346,-3.749442,-0.0221375,-0.31845,0.629475,
36473264347073,-1.0493288040161133,-0.06573838293552399,9.653296541339989,1.6884468913078308,2.5943485861465585,1.923620057106018,-0.6881905198097229,-0.9431124925613403,0.027312077581882477,0.0,1791183676456,1.728,9.38895,1.4310001,-0.22625,8.939322,4.009655,2.024077,0.320585,-3.165182,-0.0902,-0.9431125,0.415525,
36473274341227,-0.36912602186203003,-0.281449568271637,9.877274594781651,0.4931897878646849,2.425773108886658,1.4616798996925353,-1.2046724557876587,-1.4092375040054321,0.07918646931648254,0.0,1791183676456,1.66305,9.21195,3.1519501,-0.130936,8.942241,4.007396,1.818629,0.408645,-1.755133,-0.199925,-1.4092375,0.1920875,
36473284335304,0.16229833662509918,-0.4693714790046215,10.396570099618492,0.639999833703041,2.230692209214324,0.9774274677038193,-1.5134241580963135,-1.6625125408172607,0.12682975828647614,0.0,1791183676456,1.3069501,8.898001,5.21595,-0.042899,8.932794,4.030305,1.642007,0.116423,0.154078,-0.3084125,-1.6625125,0.0015125,
36473294329465,0.7251691222190857,-0.6283018909394741,11.333732359243655,1.7727454453706741,2.0163962110669815,0.4387987107038498,-1.5666080713272095,-1.6647125482559204,0.16022512316703796,0.0,1791183676456,0.72705,8.656051,7.27995,0.029362,8.911967,4.07627,1.031049,-0.17639,2.121637,-0.3861,-1.6647125,-0.124025,
36473304323416,1.5455005168914795,-0.7362785302102566,12.759366757300844,2.828434756398201,1.8307309676575014,0.2029026299715042,-1.3609803915023804,-1.4251874685287476,0.17513959109783173,0.0,1791183676457,0.34395,8.62005,9.40095,0.082182,8.888937,4.125538,0.382073,-0.282647,4.27264,-0.4191,-1.4251875,-0.1538625,
36473314317569,2.340575695037842,-0.7771695934236049,13.855560877251692,3.7170410424470903,1.7506657404054424,0.8808835297822952,-1.0210254192352295,-1.0686500072479248,0.15577594935894012,0.0,1791183676457,0.351,8.57205,10.879951,0.121259,8.871418,4.162123,0.161037,-0.272311,6.086774,-0.37015,-1.06865,-0.1155,
36473324311655,2.8550117015838623,-0.751824875921011,14.63896772198577,4.351573577523231,1.7987368633290042,1.5257110744714737,-0.5810317993164062,-0.611050009727478,0.1110246330499649,0.0,1791183676457,0.79395,8.706,11.742001,0.147435,8.857471,4.190881,0.395828,-0.248787,7.188079,-0.2616625,-0.61105,-0.058025,
36473334305817,3.3181753158569336,-0.6537234030663968,14.977007081054612,4.801585566997528,1.9575235507297186,2.1568864703178408,-0.1478031426668167,-0.14602500200271606,0.04048372060060501,0.0,1791183676457,1.2280501,8.92695,11.962951,0.157524,8.849682,4.206937,0.845427,-0.023125,7.746632,-0.0955625,-0.146025,-0.03355,
36473344299742,3.3720834255218506,-0.503663944453001,14.328135665253297,5.017935633659363,2.137111268632347,2.6862693309783934,0.271859735250473,0.33082500100135803,-0.048560671508312225,0.0,1791183676457,1.5340501,9.04605,11.005051,0.146597,8.850279,4.206078,1.249003,0.167813,7.460187,0.110825,0.330825,-0.06655,
36473354293886,2.7312326431274414,-0.3542230181396008,12.970694701463145,4.847035813331604,2.2505803829372475,2.923415756225586,0.6349300146102905,0.7713750004768372,-0.12870249152183533,0.0,1791183676457,1.4770501,9.08895,9.135,0.110022,8.859466,4.187813,1.465143,0.19454,5.941374,0.2971375,0.771375,-0.1538625,
36473364288035,1.891951084136963,-0.20864445492625236,11.607543090430417,4.295370733737945,2.29652915890967,2.8336908340454103,0.8310479521751404,1.043762445449829,-0.17527040839195251,0.0,1791183676457,0.90195006,9.05595,7.2049503,0.050174,8.874508,4.156996,1.153889,0.208228,4.001762,0.4098875,1.0437624,-0.2740375,
36473374282106,0.9698687791824341,-0.07886602208018303,10.329817877287715,3.434089717268944,2.286098445971367,2.4566622495651247,0.9096502065658569,1.1800249814987183,-0.19370877742767334,0.0,1791183676457,0.16695,8.781,5.43795,-0.021204,8.884938,4.134906,0.564469,0.070904,2.149192,0.4610375,1.180025,-0.3773,
36473384276024,-0.06103534996509552,0.033604153990745546,9.279791031269834,2.2196188271045685,2.228141959508696,1.7808201164007187,0.9110331535339355,1.2056000232696533,-0.19445951282978058,0.0,1791183676457,-0.52905005,8.436001,3.82995,-0.106009,8.90062,4.099721,-0.102505,-0.301512,0.506042,0.4758875,1.2056,-0.42734998,
36473394270194,-0.9317923188209534,0.13070412278175353,8.592074539705065,0.7171423375606537,2.139892561377279,0.9200449675321579,0.8551007509231567,1.1384999752044678,-0.18675531446933746,0.0,1791183676458,-1.0390501,8.14605,2.52705,-0.194863,8.920781,4.052371,-0.588259,-0.623343,-0.909465,0.471625,1.1385,-0.4156625,
36473404264348,-1.6245384216308594,0.21088570952415467,8.213502814790546,0.8319927752017975,2.040258092908138,0.04889075458049774,0.7670753598213196,1.0129624605178833,-0.17218519747257233,0.0,1791183676458,-1.3740001,7.9690504,1.43805,-0.279311,8.944208,3.995391,-0.951527,-0.900555,-2.03522,0.44715,1.0129625,-0.3548875,
36473414258433,-2.087348461151123,0.26099628806114195,8.102599700997887,2.2726802289485932,1.969667212032933,0.7469691544771194,0.6594452857971191,0.8542875051498413,-0.1487731784582138,0.0,1791183676458,-1.4290501,7.9590006,0.51405,-0.353034,8.969736,3.931822,-1.078917,-1.007487,-3.001158,0.3950375,0.8542875,-0.269775,
36473424252351,-2.3489174842834473,0.27749175429344175,8.229950402571749,3.5676128774881364,1.9462197534258814,1.4107264071702956,0.5330326557159424,0.6755374670028687,-0.11353518813848495,0.0,1791183676458,-1.28505,8.12895,0.030000001,-0.411678,8.995386,3.866986,-1.003514,-1.009195,-3.712043,0.307725,0.67553747,-0.187825,
36473434246526,-2.262932777404785,0.2772933065891266,8.110909028354804,4.5373752236366265,1.9464785599760361,1.8511058926582336,0.43288689851760864,0.550000011920929,-0.06304656714200974,0.0,1791183676458,-1.2229501,8.0119505,-0.31605002,-0.45709,9.017868,3.809084,-0.716287,-0.837746,-3.924687,0.1821875,0.55,-0.1665125,
36473444240587,-2.50571870803833,0.25040610432624816,8.022234400590017,5.089306926727295,1.980720132619694,2.165891170501709,0.29655343294143677,0.3712500035762787,-0.02109714411199093,0.0,1791183676458,-1.4119501,7.8949504,-0.18,-0.49375,9.036232,3.760683,-0.828067,-1.090742,-4.017543,0.0694375,0.37125,-0.1101375,
36473454234741,-2.659050464630127,0.20060389041900634,7.795009412070598,5.206484413146972,2.039843506216997,2.3727935791015624,0.16643863916397095,0.20308749377727509,0.012749487534165382,0.0,1791183676458,-1.3570501,7.6699505,-0.30405003,-0.52028,9.050474,3.722665,-0.892518,-1.291732,-3.984314,-0.0253,0.2030875,-0.059125,
36473464228666,-2.799804449081421,0.11308010816574096,7.674488778980595,4.971947026252747,2.1272769073517503,2.515284776687622,-0.008245881646871567,-0.0193875003606081,0.04685496911406517,0.0,1791183676458,-1.26405,7.5690002,-0.10095,-0.522022,9.048338,3.727609,-0.814161,-1.442825,-3.972499,-0.1243,-0.0193875,0.007975,
36473474222805,-2.6687698364257812,-0.0019020825624465943,7.79499037168861,4.360075363516808,2.2107452260463556,2.579255247116089,-0.2982880175113678,-0.3727625012397766,0.07360690832138062,0.0,1791183676458,-1.1539501,7.6840506,0.62100005,-0.504493,9.043223,3.742407,-0.711979,-1.464047,-3.546764,-0.20515,-0.3727625,0.0919875,
36473484216867,-2.1067543029785156,-0.11535471454262733,8.188795032184728,3.4680645197629927,2.2571431078666624,2.548019552230835,-0.6510016918182373,-0.7866374850273132,0.09166813641786575,0.0,1791183676459,-1.1010001,7.9210505,1.761,-0.469126,9.039615,3.7557,-0.713828,-1.249748,-2.578434,-0.2594625,-0.7866375,0.16225,
36473494211003,-1.405207633972168,-0.22187355235219003,8.821557784160431,2.3768080919981003,2.2652175962281165,2.3279173374176025,-0.97089684009552,-1.1570625305175781,0.10007413476705551,0.0,1791183676459,-0.67995006,8.232,3.0970502,-0.415976,9.035051,3.772904,-0.501222,-0.972245,-1.376989,-0.28393748,-1.1570625,0.2176625,
36473504204920,-0.5449740290641785,-0.3263972796499729,9.838447437573652,1.1581328958272934,2.2291982167506093,1.905102050304413,-1.2602241039276123,-1.4848624467849731,0.10236261039972305,0.0,1791183676459,-0.052050002,8.57505,4.8229504,-0.340386,9.025159,3.80403,-0.035722,-0.634347,0.097838,-0.2861375,-1.4848624,0.2506625,
36473514199045,0.5389679074287415,-0.41647766903042793,11.201289299589485,0.17337882816791517,2.1547658378528727,1.2373475790023805,-1.410102367401123,-1.6454625129699707,0.09894978255033493,0.0,1791183676459,0.363,8.886001,6.8100004,-0.250568,9.009955,3.846809,0.39879,-0.248043,1.979996,-0.2679875,-1.6454625,0.24419999,
36473524193112,1.517088770866394,-0.4833738155663013,12.451156551651053,1.4509300351142882,2.0713142072918567,0.4001758575439453,-1.3264575004577637,-1.540137529373169,0.08325116336345673,0.0,1791183676459,0.6,9.08895,8.488951,-0.16447,8.996256,3.883342,0.671822,0.007471,3.839671,-0.2190375,-1.5401375,0.2112,
36473534187035,2.1544337272644043,-0.5415608949959279,13.210818273223339,2.6179529190063477,1.9779457653929833,0.45206174850463865,-1.0499560832977295,-1.2177000045776367,0.05765623599290848,0.0,1791183676459,0.70605004,9.151951,9.501,-0.095123,8.988729,3.903035,0.750915,0.110765,5.172703,-0.148775,-1.2177,0.16445,
36473544181194,2.486243963241577,-0.5858528681099415,13.484079239220064,3.60314564704895,1.8981193828513474,1.2303520679473876,-0.6720442771911621,-0.7856749892234802,0.02910562790930271,0.0,1791183676459,0.76305,9.20895,9.82005,-0.04572,8.983785,3.915296,0.761367,0.177959,5.823636,-0.07425,-0.785675,0.1197625,
36473554175348,2.520020008087158,-0.5964134998619557,13.260474332993104,4.358635652065277,1.8801370073281287,1.843350875377655,-0.25416380167007446,-0.3110249936580658,0.0035960578825324774,0.0,1791183676459,0.74100006,9.228001,9.493951,-0.018411,8.981384,3.921021,0.769972,0.218667,5.801152,-0.00935,-0.311025,0.0771375,
36473564169444,2.322434186935425,-0.5748893447220326,12.687945895928666,4.779299378395081,1.910716502483139,2.200044131278992,0.13811805844306946,0.13708749413490295,-0.017978407442569733,0.0,1791183676459,0.59295005,9.240001,8.674951,-0.013301,8.981278,3.92128,0.688247,0.252291,5.228678,0.044825,0.1370875,0.03135,
36473574163367,1.9159268140792847,-0.52758644297719,11.909390868418006,4.827831292152405,1.9594627738558246,2.27981173992157,0.448232501745224,0.4945875108242035,-0.03365657851099968,0.0,1791183676460,0.32700002,9.23805,7.5090003,-0.027167,8.983049,3.917151,0.486634,0.257703,4.205695,0.0842875,0.4945875,-0.0122375,
36473584157507,1.444335699081421,-0.4523178905248642,11.20998678443173,4.465709471702576,2.0043376356632145,2.137792134284973,0.6264671683311462,0.7085375189781189,-0.04532478377223015,0.0,1791183676460,0.066,9.25695,6.32205,-0.054129,8.982317,3.918551,0.259812,0.272801,2.990434,0.114125,0.7085375,-0.055825,
36473594151651,0.9711579084396362,-0.3571703791618347,10.574655456750326,3.7398769736289976,2.02438526223637,1.834774923324585,0.6709798574447632,0.7756375074386597,-0.05496066436171532,0.0,1791183676460,-0.14805001,9.160951,5.28,-0.089262,8.980989,3.920955,0.041159,0.24061,1.877121,0.1395625,0.7756375,-0.0963875,
36473604145721,0.41728201508522034,-0.2550793573260307,9.930004035119492,2.651574903726578,2.0093259693276497,1.4142273247241974,0.6218409538269043,0.736175000667572,-0.06554301828145981,0.0,1791183676460,-0.45495003,8.941051,4.296,-0.12878,8.983608,3.913849,-0.177896,0.082367,0.849931,0.1683,0.736175,-0.1271875,
36473614139866,-0.17040354013442993,-0.15923211127519607,9.407309857720715,1.3158356368541717,1.9648669554700704,0.9156597793102265,0.4966013431549072,0.6043124794960022,-0.0751957818865776,0.0,1791183676460,-0.83100003,8.68995,3.5059502,-0.168324,8.989986,3.897666,-0.487905,-0.187372,-0.017346,0.194975,0.6043125,-0.1368125,
36473624133798,-0.6760205030441284,-0.07558726221323013,8.993038937011523,0.054791432619094804,1.904553255327523,0.39727031588554385,0.34141576290130615,0.4244624972343445,-0.08151507377624512,0.0,1791183676460,-1.04595,8.457001,2.874,-0.2031,8.999382,3.874261,-0.747616,-0.450552,-0.702625,0.212025,0.4244625,-0.111237496,
36473634127945,-1.005016565322876,-0.012691451609134674,8.78004671400256,1.3229522049427032,1.8513063335708744,0.09260013699531555,0.17564624547958374,0.2232999950647354,-0.07920978963375092,0.0,1791183676460,-1.0510501,8.359051,2.4720001,-0.228212,9.010628,3.846625,-0.854186,-0.600663,-1.204107,0.2055625,0.2233,-0.0633875,
36473644122005,-1.178820013999939,0.05365348309278488,8.696224419803347,2.3659465968608857,1.7833022841053252,0.5225957214832306,0.017596406862139702,0.028462499380111694,-0.06740202009677887,0.0,1791183676460,-0.96000004,8.314051,2.36205,-0.240757,9.022035,3.819024,-0.791362,-0.691078,-1.442262,0.1736625,0.0284625,-0.0111375,
36473654115947,-1.1754690408706665,0.1278325542807579,8.69685318661067,3.0411900639533997,1.697723026715224,0.841145932674408,-0.1260090470314026,-0.1480875015258789,-0.053273435682058334,0.0,1791183676460,-0.72795004,8.27805,2.565,-0.240397,9.032006,3.795408,-0.612157,-0.72978,-1.337243,0.1353,-0.1480875,0.0356125,
36473664110103,-1.1285021305084229,0.2113976702094078,8.768101161324733,3.3125773906707763,1.5892281987418844,1.0327656507492065,-0.234695166349411,-0.2769249975681305,-0.041266631335020065,0.0,1791183676460,-0.53595,8.247001,2.9290502,-0.229343,9.039639,3.777876,-0.390973,-0.794873,-1.049167,0.1034,-0.276925,0.0600875,
36473674104251,-0.9897967576980591,0.2953463241457939,8.919666630625526,3.233313035964966,1.475118317473748,1.0955209016799927,-0.30201011896133423,-0.35571250319480896,-0.03233421593904495,0.0,1791183676460,-0.423,8.244,3.3790503,-0.21163,9.044616,3.766983,-0.250669,-0.821398,-0.616894,0.080025,-0.3557125,0.072875,
36473684098345,-0.7859605550765991,0.36138601154088973,9.14086541473349,2.8864846229553223,1.393402191560812,1.0517096996307373,-0.3241861164569855,-0.3844499886035919,-0.027432948350906372,0.0,1791183676460,-0.39705002,8.28705,3.8370001,-0.190517,9.047194,3.761917,-0.216715,-0.797639,-0.14017,0.0672375,-0.38445,0.0834625,
36473694092264,-0.6037966012954712,0.40145656317472456,9.269469060942601,2.3509323418140413,1.3529598060274954,0.9367050170898438,-0.27714601159095764,-0.3375625014305115,-0.019642386585474014,0.0,1791183676461,-0.35205,8.27505,4.1620502,-0.169444,9.047572,3.762013,-0.211452,-0.766894,0.261959,0.047025,-0.3375625,0.0919875,
36473704086414,-0.5177139043807983,0.4028195694088936,9.354898896677962,1.7208137691020966,1.3520190653481896,0.8051539897918701,-0.17725896835327148,-0.23539999127388,-0.007844354026019573,0.0,1791183676461,-0.294,8.26095,4.38,-0.150368,9.045828,3.767019,-0.177856,-0.779515,0.517921,0.016224999,-0.23539999,0.104775,
36473714080563,-0.4180981516838074,0.3549662664532661,9.484383524390038,1.060343509912491,1.3632439587998009,0.663073194026947,-0.07004944980144501,-0.12581250071525574,0.006913643795996904,0.0,1791183676461,-0.17400001,8.347051,4.5,-0.133606,9.042031,3.776747,-0.108427,-0.735016,0.670998,-0.0221375,-0.1258125,0.1186625,
36473724074634,-0.24322420358657837,0.2669506177306175,9.729135847483446,0.42115854620933535,1.3420329701401663,0.5137586832046509,0.013228345662355423,-0.03849999979138374,0.02269614487886429,0.0,1791183676461,-0.13905,8.533951,4.66995,-0.118693,9.036483,3.790499,-0.034754,-0.600181,0.800898,-0.0625625,-0.0385,0.124025,
36473734068563,-0.012818515300750732,0.15858800560235978,9.944758927048934,0.16346544623374942,1.2708634667764536,0.3591302752494812,0.06855800002813339,0.021037500351667404,0.0341305211186409,0.0,1791183676461,-0.112050004,8.680051,4.8520503,-0.106025,9.029472,3.807546,-0.021085,-0.418394,0.958628,-0.091299996,0.0210375,0.124025,
36473744062717,0.17226451635360718,0.04288903325796127,10.113870796131774,0.6372278809547425,1.1536108262651519,0.20391805171966554,0.09781655669212341,0.05623750016093254,0.03704847767949104,0.0,1791183676461,-0.033,8.776051,5.0269504,-0.0952,9.021652,3.826321,0.018367,-0.28847,1.121813,-0.0977625,0.0562375,0.1155,
36473754056794,0.33086293935775757,-0.06656882017850876,10.27017209139635,0.9985629677772521,1.008054796131665,0.03420268297195435,0.09896761178970337,0.06572499871253967,0.032930295914411545,0.0,1791183676461,0.052050002,8.886001,5.14905,-0.085619,9.013807,3.844993,0.097371,-0.17528,1.25637,-0.086075,0.065725,0.09625,
36473764050946,0.44257381558418274,-0.16056183874607086,10.323790493569389,1.2334526121616365,0.8572831079883756,0.13793171048164368,0.10651686787605286,0.0849749967455864,0.02495749294757843,0.0,1791183676461,0.17400001,8.967,5.1130505,-0.078031,9.006627,3.861942,0.214282,-0.074726,1.30167,-0.0647625,0.084975,0.0708125,
36473774044871,0.4966299831867218,-0.231526680290699,10.340995817613397,1.337612247467041,0.7320540395229707,0.2859025478363037,0.10149464011192322,0.0966624990105629,0.016514169052243233,0.0,1791183676461,0.19305001,9.027,5.0410504,-0.073441,9.000699,3.875826,0.281517,0.024576,1.203988,-0.04235,0.0966625,0.03135,
36473784039030,0.42492198944091797,-0.28249736577272416,10.225028855907624,1.3101556658744813,0.6437589712565355,0.37345064878463746,0.07251669466495514,0.08277499675750732,0.00715689267963171,0.0,1791183676461,0.040050004,8.943001,4.9570503,-0.07266,8.995934,3.88689,0.189757,-0.013754,1.106734,-0.017875,0.082775,-0.009075,
36473794033122,0.3012986183166504,-0.31599033027887347,10.060947384565743,1.2044114589691162,0.5930953925177493,0.3992574691772461,0.046815503388643265,0.06792499870061874,-0.0018852094653993845,0.0,1791183676461,-0.14595,8.802,4.87095,-0.075819,8.992174,3.89552,0.020534,-0.112945,1.019095,0.0055,0.067925,-0.0389125,
36473804027040,0.16789710521697998,-0.32845957577228546,9.991449823030662,1.0297374963760375,0.5800255153270051,0.3666643023490906,0.024540342390537262,0.04661250114440918,-0.009425736963748932,0.0,1791183676461,-0.30105,8.76105,4.794,-0.081089,8.989272,3.902102,-0.158549,-0.222571,0.93111,0.0246125,0.0466125,-0.0452375,
36473814021194,0.11567912995815277,-0.31415544226765635,9.916924784069554,0.8150440484285355,0.5872298222768982,0.3012853652238846,0.01373146753758192,0.0317624993622303,-0.014192451722919941,0.0,1791183676463,-0.37305,8.698951,4.7470503,-0.086559,8.987123,3.906938,-0.258424,-0.246757,0.852054,0.0364375,0.0317625,-0.0378125,
36473824015362,0.043001919984817505,-0.278204321116209,9.852282799924254,0.569690027832985,0.5859839025257695,0.21055975258350373,0.01652580127120018,0.028462499380111694,-0.01729138009250164,0.0,1791183676472,-0.35205,8.668051,4.66995,-0.090914,8.985341,3.910929,-0.268434,-0.307225,0.807362,0.0438625,0.0284625,-0.0229625,
36473834009420,0.01837816834449768,-0.22703458443284036,9.839217311254355,0.3331690400838852,0.5645742190389004,0.12925098836421967,0.02391691505908966,0.02956249937415123,-0.018276061862707138,0.0,1791183676482,-0.31305,8.69205,4.6000504,-0.093526,8.983997,3.913956,-0.234697,-0.296304,0.720537,0.045925,0.0295625,-0.006875,
36473844003333,0.00906151533126831,-0.16764050796628,9.862827348304117,0.1050062507390976,0.522215171843416,0.07080356776714325,0.027879981324076653,0.030662499368190765,-0.01835833117365837,0.0,1791183676493,-0.25605002,8.72805,4.5859504,-0.095138,8.982929,3.916371,-0.216326,-0.285659,0.672632,0.045925,0.0306625,5.5E-4,
36473853997478,0.05169513821601868,-0.10628229901194572,9.871189497084183,0.0903685361146927,0.4696417193934805,0.04756317436695099,0.033035535365343094,0.03492499887943268,-0.018838267773389816,0.0,1791183676503,-0.16305001,8.77095,4.5259504,-0.095633,8.982062,3.918341,-0.122457,-0.224938,0.641932,0.047025,0.034925,0.0037125,
36473863991632,0.05847197771072388,-0.04693359360098839,9.847058025124932,0.2497808039188385,0.407616983393227,0.03612174391746521,0.04569786787033081,0.05197500064969063,-0.018331438302993774,0.0,1791183676512,-0.12195001,8.805,4.407,-0.096337,8.981524,3.919559,-0.066686,-0.17891,0.554523,0.045925,0.051975,-0.0037125,
36473873985804,-0.04157257080078125,4.7761574387550354E-4,9.736264406590603,0.354243803024292,0.3456235988713271,0.01920684576034546,0.05188273638486862,0.06476250290870667,-0.01692773401737213,0.0,1791183676523,-0.18900001,8.74695,4.2720003,-0.098515,8.981343,3.919922,-0.054931,-0.231401,0.424873,0.0427625,0.0647625,-0.0176,
36473883979883,-0.10894106328487396,0.034328590333461764,9.655805570921181,0.40551446974277494,0.296621233488013,0.00625700056552887,0.05717404559254646,0.07644999772310257,-0.01292571984231472,0.0,1791183676533,-0.24405001,8.71605,4.14795,-0.103024,8.981219,3.920086,-0.110278,-0.248037,0.293027,0.0331375,0.07645,-0.03135,
36473893973826,-0.2210892140865326,0.05346395969390869,9.498225798402679,0.41895144879817964,0.26555549048466875,0.05228714644908905,0.06921852380037308,0.09129999577999115,-0.006918507162481546,0.0,1791183676542,-0.34395,8.61495,3.9850502,-0.109375,8.980957,3.920519,-0.197301,-0.307629,0.146549,0.0182875,0.091299996,-0.0356125,
36473903967977,-0.35075685381889343,0.06181181222200394,9.44719907616077,0.43406291007995607,0.2496147983756622,0.13277754485607146,0.07342807203531265,0.09239999949932098,0.001545807346701622,0.0,1791183676553,-0.45495003,8.59395,3.897,-0.11657,8.980356,3.921684,-0.273903,-0.386037,-6.62E-4,-0.003025,0.0924,-0.0281875,
36473913962052,-0.3479801118373871,0.06531771421432495,9.476910451722565,0.4246277153491974,0.2432612764041038,0.21406796276569368,0.057626087218523026,0.06792499870061874,0.009459373541176319,0.0,1791183676562,-0.61005,8.57205,3.9949503,-0.123093,8.979041,3.924498,-0.415821,-0.387116,0.003705,-0.0232375,0.067925,-0.0122375,
36473923956206,-0.33787623047828674,0.060585112869739534,9.485159875524605,0.4025796830654144,0.25004402248822805,0.27332869470119475,0.03384727984666824,0.030662499368190765,0.012563190422952175,0.0,1791183676572,-0.582,8.51505,4.13805,-0.127279,8.976711,3.929693,-0.490643,-0.442247,0.151739,-0.0317625,0.0306625,0.0133375,
36473933950100,-0.31302207708358765,0.04557493478059769,9.529372097333473,0.38494846522808074,0.2626907301821616,0.3141448974609375,0.020037664100527763,8.249999955296516E-4,0.008277575485408306,0.0,1791183676582,-0.531,8.524051,4.227,-0.126949,8.974114,3.935626,-0.450272,-0.463592,0.263122,-0.0221375,8.25E-4,0.0473,
36473943944275,-0.2626679539680481,0.02382831126451492,9.606019925055849,0.37002381980419163,0.2692242104799182,0.3224606454372406,0.00607796385884285,-0.02681249938905239,7.130337180569768E-4,0.0,1791183676593,-0.42105,8.60295,4.25295,-0.121871,8.972054,3.940484,-0.347611,-0.42083,0.294177,-0.004125,-0.0268125,0.0760375,
36473953938350,-0.15446437895298004,-4.380546510219574E-4,9.719710518334065,0.31932389438152314,0.26223790729149044,0.28320215046405794,-0.016958732157945633,-0.059812501072883606,-0.005011919420212507,0.0,1791183676603,-0.294,8.70195,4.32,-0.112698,8.970682,3.943874,-0.268198,-0.318902,0.333883,0.0097624995,-0.0598125,0.0941875,
36473963932499,-0.027169346809387207,-0.023925212770700456,9.856955043249693,0.2382468432188034,0.24174330531503796,0.21903999745845795,-0.04101038724184036,-0.08744999766349792,-0.007916790433228016,0.0,1791183676613,-0.124050006,8.809051,4.4209504,-0.100162,8.969593,3.946693,-0.098774,-0.219651,0.429227,0.0171875,-0.08745,0.09735,
36473973926408,0.08101704716682434,-0.04470585957169533,9.922611661118452,0.12900434136390687,0.2121550109643847,0.13526134192943573,-0.05103765428066254,-0.09281250089406967,-0.00894844625145197,0.0,1791183676622,-0.0049500004,8.818951,4.5480003,-0.086588,8.968492,3.949518,0.026514,-0.14433,0.529352,0.02035,-0.0928125,0.0845625,
36473983920573,0.1360742747783661,-0.05914824530482292,9.976348689498767,0.00684507489204407,0.18816940025414433,0.04544207155704498,-0.047853901982307434,-0.08002500236034393,-0.008301601745188236,0.0,1791183676632,-0.031050002,8.812051,4.677,-0.074459,8.966896,3.95338,0.047904,-0.142734,0.661959,0.0193875,-0.080025,0.06325,
36473993914672,0.17355892062187195,-0.06553523018956184,10.03665345805274,0.17458084821701048,0.17770330271280932,0.04180330336093903,-0.03243880718946457,-0.05664999783039093,-0.010261778719723225,0.0,1791183676642,-0.055050004,8.82405,4.782,-0.065081,8.964946,3.957969,0.005007,-0.157543,0.786658,0.0246125,-0.056649998,0.0484,
36474003908826,0.1828380823135376,-0.06478818133473396,9.977905353599779,0.3233317583799362,0.1787116058642229,0.10926379561424256,-0.003099905326962471,-0.0193875003606081,-0.014505420811474323,0.0,1791183676652,-0.069000006,8.79705,4.7080503,-0.058382,8.96318,3.962074,0.005491,-0.153383,0.799312,0.0353375,-0.0193875,0.0367125,
36474013902759,0.10429851710796356,-0.06535721197724342,9.911224974464862,0.40888606309890746,0.17815332534630285,0.1355573683977127,0.015363672748208046,0.005087499972432852,-0.018282122910022736,0.0,1791183676662,-0.048,8.805,4.54995,-0.053917,8.962178,3.964403,-0.006156,-0.173929,0.650937,0.044825,0.0050875,0.0270875,
36474023896929,0.06005047261714935,-0.06450478434562683,9.877678896888458,0.44550895094871523,0.17870968074748012,0.13136405348777772,0.018991336226463318,0.0147124994546175,-0.01954585313796997,0.0,1791183676672,-0.0049500004,8.821051,4.44495,-0.050666,8.961847,3.965192,0.038476,-0.168809,0.530437,0.048125,0.014712499,0.0143,
36474033891011,0.04658699035644531,-0.06309434324502945,9.79385399267431,0.43592724204063416,0.17946796532183434,0.11346659660339356,0.0123341279104352,0.01677500084042549,-0.018102100118994713,0.0,1791183676682,-0.064050004,8.776051,4.347,-0.049091,8.961871,3.965155,0.04169,-0.140103,0.432312,0.044825,0.016775,-0.006875,
36474043884934,-0.05478310585021973,-0.06628657430410385,9.710633912304226,0.3510003417730332,0.17872238436925617,0.06779819130897521,0.013273290358483791,0.025299999862909317,-0.014175605028867722,0.0,1791183676693,-0.16995001,8.709001,4.29195,-0.050426,8.961754,3.965401,-0.083868,-0.2166,0.353057,0.0353375,0.0253,-0.023924999,
36474053879088,-0.14585687220096588,-0.07616417482495308,9.633113772668498,0.22109919786453247,0.177382950346118,0.002059200406074524,0.01678013615310192,0.02956249937415123,-0.008991090580821037,0.0,1791183676704,-0.261,8.637,4.25805,-0.053374,8.961178,3.966669,-0.174293,-0.30461,0.325453,0.02255,0.0295625,-0.025024999,
36474063873165,-0.17615485191345215,-0.08789551630616188,9.61546962540508,0.08122986853122711,0.17584268195547678,0.054031473398208615,0.02330746129155159,0.03382499888539314,-0.003009998705238104,0.0,1791183676711,-0.33,8.61495,4.25805,-0.056916,8.960066,3.969133,-0.233001,-0.320257,0.284683,0.0077,0.033825,-0.0187,
36474073867306,-0.19137312471866608,-0.09538554400205612,9.655998262001093,0.05887412130832673,0.17689725348499208,0.1043161928653717,0.015004882588982582,0.018975000828504562,0.0038269239012151957,0.0,1791183676723,-0.36105,8.611051,4.35405,-0.059742,8.958187,3.97333,-0.290029,-0.349503,0.31161,-0.00935,0.018975,-0.0059125,
36474083861242,-0.0884649008512497,-0.09436173588037491,9.780397393399756,0.17312987446784972,0.17687508944843883,0.1313265711069107,-0.0024167667143046856,-0.007699999958276749,0.006352567113935947,0.0,1791183676732,-0.37800002,8.6629505,4.524,-0.060169,8.955458,3.979465,-0.294391,-0.313255,0.482646,-0.0158125,-0.0077,0.0111375,
36474093855395,-0.004223525524139404,-0.08351845145225525,9.855026896779549,0.2304784506559372,0.17541514362189708,0.12121465504169464,-0.005959811620414257,-0.01718750037252903,6.399566191248596E-4,0.0,1791183676742,-0.24405001,8.718,4.58895,-0.058548,8.952728,3.985629,-0.252916,-0.26743,0.586615,-0.001925,-0.0171875,0.023924999,
36474103849462,0.04104448854923248,-0.06392838433384895,9.896196517622213,0.21939175128936766,0.16610743510843864,0.08383438289165497,-0.014868502505123615,-0.02681249938905239,-0.008868517354130745,0.0,1791183676752,-0.17895001,8.745001,4.629,-0.055258,8.950721,3.990183,-0.172409,-0.239086,0.634733,0.02145,-0.0268125,0.023924999,
36474113843614,0.07415540516376495,-0.04282160848379135,9.886852954286052,0.16513638496398925,0.15512985355093145,0.033772331476211545,-0.02782648801803589,-0.03849999979138374,-0.017966777086257935,0.0,1791183676762,-0.177,8.766001,4.5690002,-0.051254,8.949692,3.992546,-0.126135,-0.197356,0.622794,0.0438625,-0.0385,0.0185625,
36474123837549,0.023959219455718994,-0.024729835987091064,9.817004306980763,0.1041724592447281,0.14002886017410723,0.009294137358665466,-0.03565807640552521,-0.042762499302625656,-0.02525193616747856,0.0,1791183676772,-0.23895001,8.73495,4.47405,-0.047957,8.949745,3.992465,-0.136614,-0.211774,0.531895,0.061875,-0.0427625,0.009075,
36474133831688,-0.04333782196044922,-0.011245623230934143,9.746472044655414,0.049478638172149654,0.12364444884944725,0.01831955313682556,-0.0399075448513031,-0.04592499881982803,-0.027410224080085754,0.0,1791183676782,-0.35595003,8.6629505,4.452,-0.046078,8.950347,3.991138,-0.28454,-0.257865,0.468578,0.0672375,-0.045925,0.005775,
36474143825770,-0.07391861081123352,-0.0018081560730934144,9.730916888234107,0.002321335673332214,0.11061021514252713,0.004380536079406738,-0.02747240662574768,-0.03423750028014183,-0.025687357410788536,0.0,1791183676793,-0.38505003,8.637,4.46595,-0.04494,8.950756,3.990235,-0.312014,-0.291793,0.469482,0.062975,-0.0342375,0.0100375,
36474153819922,-0.10346484184265137,7.418207824230194E-4,9.678834376896448,0.029510143399238582,0.1076086673126162,0.024521329998970033,0.014305096119642258,0.006187499966472387,-0.02226874604821205,0.0,1791183676803,-0.35205,8.60805,4.4110503,-0.04456,8.950829,3.990074,-0.343519,-0.315808,0.450488,0.054449998,0.0061875,0.0218625,
36474163814076,-0.16366265714168549,-0.006082844734191894,9.65768397711343,0.03223125040531159,0.1133381629268874,0.07208494246006011,0.06613750755786896,0.05623750016093254,-0.015845194458961487,0.0,1791183676812,-0.33495003,8.62005,4.34205,-0.04463,8.950521,3.990765,-0.312324,-0.351414,0.38276,0.0385,0.0562375,0.0367125,
36474173808009,-0.15223301947116852,-0.017745348066091536,9.645486289308565,0.024003180861473086,0.11575059097904905,0.10732339024543762,0.10874169319868088,0.0966624990105629,-0.008519657887518406,0.0,1791183676823,-0.201,8.649,4.2649503,-0.044555,8.949814,3.992348,-0.209448,-0.310005,0.318928,0.02035,0.0966625,0.0504625,
36474183802088,-0.0991211086511612,-0.0295051172375679,9.719437193155347,0.0027346074581146157,0.11139113089906247,0.11848004758358002,0.12932759523391724,0.11577499657869339,-0.004235329106450081,0.0,1791183676832,-0.12195001,8.77095,4.1860504,-0.043304,8.948987,3.994213,-0.093384,-0.220593,0.250025,0.0097624995,0.115775,0.058025,
36474193796244,-0.06228246912360191,-0.041297186724841596,9.746404492273655,0.032318436354398725,0.10129609423084103,0.1161528192460537,0.1252834051847458,0.11467500030994415,-2.6998581597581506E-4,0.0,1791183676842,0.034950003,8.875951,4.026,-0.041545,8.948373,3.995615,0.041326,-0.117028,0.10976,1.375E-4,0.114675,0.0504625,
36474203790172,-0.04981927201151848,-0.0529300544410944,9.798776360127757,0.07165137380361557,0.0872775770209962,0.10542370527982711,0.08610286563634872,0.08167500048875809,0.0033078347332775593,0.0,1791183676852,0.126,8.950951,3.9850502,-0.039081,8.948108,3.99623,0.144207,-0.044937,-0.020142,-0.0083875,0.081675,0.0281875,
36474213784353,0.02645697444677353,-0.0568221315741539,9.835135861023916,0.07669391632080078,0.08173922570259974,0.06739977896213531,0.025647472590208054,0.030662499368190765,0.006864674389362335,0.0,1791183676862,0.093,8.958,4.059,-0.037087,8.947643,3.99729,0.161366,0.027353,0.005133,-0.016775,0.0306625,-0.0059125,
36474223778438,0.047444697469472885,-0.057452420331537725,9.84463359179202,0.04578378871083259,0.08087967640860495,0.027464235574007033,-0.03131428360939026,-0.0193875003606081,0.008710109628736973,0.0,1791183676872,0.069000006,8.89305,4.22205,-0.036217,8.946563,3.999715,0.093459,-0.009873,0.139178,-0.0210375,-0.0193875,-0.03355,
36474233772592,0.08924195170402527,-0.05531967226415872,9.900677211205611,0.005827840417623521,0.08409355166819872,0.010208376497030259,-0.06787882000207901,-0.05128749832510948,0.0061999293975532055,0.0,1791183676882,-0.06705,8.84805,4.4419503,-0.035933,8.944868,4.003505,0.059656,-0.053668,0.338895,-0.014712499,-0.0512875,-0.0517,
36474243766515,0.102759949862957,-0.04744251947849989,9.978399192313109,0.06773819029331207,0.09087969986515224,0.04321686029434204,-0.09620392322540283,-0.0789249986410141,1.6767665510997176E-4,0.0,1791183676893,-0.22005,8.809051,4.68195,-0.037114,8.942739,4.008248,-0.125909,-0.135336,0.552024,1.375E-4,-0.078925,-0.059125,
36474253760671,0.12103681266307831,-0.03409783523529768,9.951664651304831,0.14947301968932153,0.09495280025825407,0.0773880772292614,-0.09279215335845947,-0.07796250283718109,-0.01031973771750927,0.0,1791183676903,-0.342,8.72295,4.7779503,-0.038872,8.940666,4.012855,-0.243862,-0.197907,0.734166,0.0257125,-0.0779625,-0.0526625,
36474263754760,0.0902634859085083,-0.020776918344199657,9.908457879375316,0.19747276976704597,0.09275162834431061,0.09014937952160836,-0.051909349858760834,-0.040699999779462814,-0.01821873150765896,0.0,1791183676911,-0.38505003,8.685,4.75395,-0.041548,8.93918,4.016134,-0.322589,-0.239517,0.750041,0.044825,-0.0407,-0.0356125,
36474273748908,0.008047789335250854,-0.010805872641503811,9.822153343042322,0.20075004547834396,0.08420114438229558,0.08226999789476394,0.01753908395767212,0.026399999856948853,-0.019662123173475266,0.0,1791183676923,-0.51195,8.658,4.60995,-0.045651,8.938083,4.018532,-0.426225,-0.298274,0.67821,0.048125,0.0264,-0.0154,
36474283742851,-0.030768245458602905,-0.007921039871871472,9.787996990651854,0.174420777708292,0.08246143970656698,0.05826795846223831,0.09775754064321518,0.10188750177621841,-0.014110506512224674,0.0,1791183676932,-0.50505,8.68995,4.4760003,-0.051428,8.937144,4.020551,-0.492274,-0.268605,0.515779,0.0342375,0.1018875,0.0122375,
36474293737021,-0.030141115188598633,-0.009216919355094434,9.789032400931449,0.1371114507317543,0.08259668723127586,0.031687745451927186,0.1624152660369873,0.16362500190734863,-0.007696077693253756,0.0,1791183676942,-0.40395,8.7640505,4.34205,-0.057266,8.936186,4.022599,-0.393062,-0.205397,0.377262,0.0182875,0.163625,0.032449998,
36474303731081,-0.03980453312397003,-0.013259370438754558,9.795427768374626,0.06691925525665282,0.08201427302850928,4.8052370548248293E-4,0.19442272186279297,0.19772499799728394,-0.00202920101583004,0.0,1791183676952,-0.34005,8.838,4.21005,-0.063105,8.935245,4.024605,-0.301032,-0.156572,0.245969,0.0044,0.197725,0.0345125,
36474313725264,-0.037341613322496414,-0.018834221363067626,9.767624261892445,0.0014626920223236063,0.07963788413186393,0.026001543551683427,0.19673515856266022,0.2040500044822693,0.001510145142674446,0.0,1791183676962,-0.29700002,8.85495,4.1119504,-0.069581,8.934524,4.026099,-0.263431,-0.095996,0.117583,-0.004125,0.20405,0.0259875,
36474323719197,-0.061495888978242874,-0.02310697678476572,9.754140565297055,0.05011865571141243,0.07951963980952358,0.03991027921438217,0.17787612974643707,0.18809999525547028,0.003723260248079896,0.0,1791183676972,-0.261,8.862,4.0669503,-0.075943,8.933822,4.027537,-0.190032,-0.097688,0.063472,-0.00935,0.1881,0.0154,
36474333713353,-0.03040659800171852,-0.022460415586829187,9.786032857569259,0.08305481001734732,0.0794050057787487,0.03983794972300529,0.14294567704200745,0.1551000028848648,0.001664574141614139,0.0,1791183676982,-0.261,8.91705,4.0230002,-0.081852,8.933432,4.028292,-0.172151,-0.04702,0.026804,-0.004125,0.1551,0.0037125,
36474343707433,-0.03128138557076454,-0.020328554324805737,9.764638209531363,0.11745408102869988,0.07856273476062191,0.04006600379943848,0.09199190884828568,0.10408750176429749,-0.0031037956941872835,0.0,1791183676994,-0.25800002,8.89995,4.0090504,-0.086751,8.933632,4.027742,-0.160069,-0.035249,-0.001376,0.0077,0.1040875,-0.006875,
36474353701329,-0.03471973165869713,-0.016891298815608025,9.781181955116,0.12919842302799225,0.07632209216060967,0.0390490435063839,0.023583583533763885,0.03492499887943268,-0.007783536799252033,0.0,1791183677002,-0.342,8.89995,4.04295,-0.090337,8.934362,4.026044,-0.204368,-0.03598,-0.009254,0.0193875,0.034925,-0.0196625,
36474363695473,-0.006003279238939285,-0.009008329920470714,9.792047765890867,0.11505137458443641,0.06849639713475375,0.03278137668967247,-0.03354119509458542,-0.025712499395012856,-0.011630084365606308,0.0,1791183677012,-0.44295,8.833051,4.203,-0.092833,8.935213,4.0241,-0.29764,-0.055984,0.102822,0.028875,-0.0257125,-0.023924999,
36474373689550,-0.027651280164718628,-0.00277924295514822,9.834109898619396,0.08428041338920593,0.06037107992131777,0.02601245492696762,-0.06153085082769394,-0.057750001549720764,-0.014759142883121967,0.0,1791183677023,-0.483,8.776051,4.4110503,-0.09442,8.935543,4.023328,-0.36309,-0.161659,0.28316,0.0364375,-0.05775,-0.0207625,
36474383683697,0.025842279195785522,0.0034689264371991157,9.882025871099627,0.046450424939394,0.05641364633076877,0.014762679487466812,-0.050566598773002625,-0.05238749831914902,-0.015750877559185028,0.0,1791183677032,-0.51705,8.757,4.54995,-0.0952,8.935262,4.023935,-0.419771,-0.185319,0.464512,0.0385,-0.0523875,-0.0059125,
36474393677613,0.06301705539226532,0.009733902662992478,9.89569508668723,0.004577532410621643,0.055717019369454064,0.00409700870513916,0.004873776808381081,-0.0012374999932944775,-0.013763466849923134,0.0,1791183677042,-0.50295,8.72805,4.63605,-0.095904,8.934412,4.025803,-0.416673,-0.198835,0.584748,0.0331375,-0.0012375,0.0154,
36474403671762,0.09308864176273346,0.016879298351705076,9.953751947352792,0.055660226941108705,0.05677500474413455,0.02965868338942528,0.0711265504360199,0.06366249918937683,-0.010441076941788197,0.0,1791183677052,-0.47895002,8.766001,4.6909504,-0.097316,8.93294,4.029037,-0.398502,-0.192575,0.643764,0.0246125,0.0636625,0.032449998,
36474413665852,0.1264776736497879,0.021880333311855793,9.993172232502596,0.09606515318155288,0.061598655930577895,0.05615487396717071,0.13070760667324066,0.12319999933242798,-0.007985927164554596,0.0,1791183677063,-0.43800002,8.800051,4.71495,-0.099639,8.931095,4.033064,-0.353084,-0.169182,0.673255,0.0182875,0.1232,0.0452375,
36474423660004,0.16081345081329346,0.027548770979046823,10.004615200832486,0.1336857698857784,0.06851793158043477,0.09384782016277313,0.18286462128162384,0.17861250042915344,-0.011111533269286156,0.0,1791183677072,-0.37305,8.839951,4.66995,-0.10303,8.929426,4.036677,-0.277866,-0.1316,0.67443,0.0257125,0.1786125,0.0495,
36474433653929,0.16003219783306122,0.03108828328549862,9.945436527024114,0.16075180768966674,0.0732766626754011,0.12068580389022827,0.21275439858436584,0.2125750035047531,-0.01593071222305298,0.0,1791183677081,-0.273,8.863951,4.5019503,-0.107585,8.92864,4.038295,-0.244581,-0.07096,0.538737,0.0374,0.212575,0.0473,
36474443648083,0.11538373678922653,0.031719472631812094,9.902354323244968,0.17020818367600443,0.07394265127397086,0.13115914016962052,0.20904721319675446,0.2125750035047531,-0.02242136187851429,0.0,1791183677093,-0.22695,8.90505,4.32495,-0.112128,8.929105,4.037143,-0.134693,-0.049876,0.386661,0.05335,0.212575,0.038775,
36474453642160,0.08145548403263092,0.029740406200289726,9.83094370467872,0.16161388531327248,0.07203057096451311,0.12883250862360002,0.17724652588367462,0.18603749573230743,-0.029217949137091637,0.0,1791183677103,-0.15105,8.91495,4.1410503,-0.116674,8.930981,4.032861,-0.079869,-0.003868,0.204195,0.0704,0.1860375,0.0207625,
36474463636283,0.022437747567892075,0.026349119283258914,9.78622849235211,0.13403697833418846,0.07068533517503355,0.10802452340722084,0.1305413842201233,0.14451250433921814,-0.03241793066263199,0.0,1791183677112,-0.19605,8.93595,3.9850502,-0.120986,8.933961,4.02613,-0.042038,0.009911,0.03136,0.078925,0.1445125,-5.5E-4,
36474473630214,-0.027179302647709846,0.02458776468411088,9.737272508573728,0.085188652202487,0.07155300065413464,0.07042597271502019,0.08834923058748245,0.10724999755620956,-0.02989760786294937,0.0,1791183677122,-0.22995001,8.92395,3.8890502,-0.126011,8.937315,4.018527,-0.089685,0.004162,-0.078351,0.0735625,0.10725,-0.0207625,
36474483624367,-0.09984452277421951,0.021133950818330048,9.699941874960459,0.014353619888424875,0.07568922240022519,0.018450628593564035,0.06295338273048401,0.08387500047683716,-0.021870460361242294,0.0,1791183677132,-0.25095,8.89095,3.8700001,-0.131262,8.940234,4.011856,-0.108376,-0.04664,-0.143507,0.054449998,0.083875,-0.03135,
36474493618439,-0.09607694298028946,0.01783715942874551,9.736510706710593,0.05350019074976445,0.07920512998308336,0.023841507360339166,0.05023075267672539,0.06998749822378159,-0.010062025859951973,0.0,1791183677141,-0.34395,8.89305,3.9490502,-0.136827,8.942015,4.007696,-0.186609,-0.053209,-0.122587,0.0257125,0.0699875,-0.032449998,
36474503612582,-0.04944874346256256,0.01735494891181588,9.786707231449586,0.10617722682654857,0.0795830477490799,0.05002235285937786,0.04740625619888306,0.06366249918937683,3.236844786442816E-4,0.0,1791183677153,-0.483,8.851951,4.1460004,-0.14251,8.942225,4.007027,-0.288664,-0.074968,0.036098,1.375E-4,0.0636625,-0.026124999,
36474513606490,0.021373286843299866,0.020290693920105695,9.881405495853423,0.14408306516706942,0.07858794148120062,0.050235245004296304,0.04432516545057297,0.05403750017285347,9.721537935547531E-4,0.0,1791183677162,-0.52605003,8.83605,4.392,-0.147884,8.941243,4.009027,-0.376664,-0.097928,0.256759,-0.001925,0.0540375,-0.0122375,
36474523600598,0.08293847739696503,0.02751241223886609,9.907751462238842,0.1488974928855896,0.07736728192456965,0.028211688995361327,0.04436492919921875,0.043449997901916504,-0.007674629334360361,0.0,1791183677172,-0.615,8.776051,4.557,-0.150881,8.939971,4.011755,-0.361697,-0.130174,0.479086,0.0182875,0.043449998,0.0122375,
36474533594750,0.089313805103302,0.033498432394117116,9.911978203411289,0.12153916358947754,0.07728585831659981,0.009619976580142974,0.01953595131635666,0.008249999955296516,-0.022327668964862823,0.0,1791183677182,-0.38805002,8.81595,4.5139503,-0.151589,8.939692,4.012349,-0.380142,-0.117923,0.466521,0.05335,0.00825,0.03135,
36474543588899,0.08291411399841309,0.039208207372576,9.889318538321897,0.08341432064771653,0.07650344177925332,0.045418187975883484,0.0536467507481575,0.03698749840259552,-0.03308023512363434,0.0,1791183677192,-0.246,8.81595,4.47405,-0.14872,8.940629,4.010363,-0.217811,-0.147591,0.523574,0.078925,0.0369875,0.0515625,
36474553582807,0.05509963631629944,0.04369917577132583,9.847554059792357,0.04169665947556496,0.0746456138975099,0.06632786393165588,0.06894785165786743,0.05403750017285347,-0.040442969650030136,0.0,1791183677202,-0.29700002,8.842951,4.3230004,-0.145247,8.942785,4.005685,-0.135093,-0.116229,0.389388,0.097075,0.0540375,0.0515625,
36474563576978,0.02210642397403717,0.04510466093197465,9.802752001099849,0.003951481357216846,0.07395801464618905,0.06647449135780334,0.07826653867959976,0.06476250290870667,-0.04119075834751129,0.0,1791183677211,-0.23895001,8.874001,4.158,-0.142681,8.945734,3.999187,-0.135265,-0.092842,0.257023,0.0991375,0.0647625,0.0504625,
36474573571053,-0.042103707790374756,0.044382039550691844,9.725495897213017,0.02301542572677135,0.07473191673751325,0.041466054320335385,0.08625024557113647,0.07851249724626541,-0.0357295386493206,0.0,1791183677222,-0.13905,8.895,3.9300003,-0.140628,8.949041,3.991855,-0.036761,-0.067419,0.046482,0.08635,0.0785125,0.038775,
36474583565207,-0.11041215062141418,0.03756931805983186,9.69011742791364,0.025362370535731316,0.08197147147027205,0.0015208631753921508,0.08182790875434875,0.08167500048875809,-0.02242271788418293,0.0,1791183677231,-0.094950005,8.910001,3.8080502,-0.139589,8.951991,3.985271,0.036419,-0.060791,-0.133681,0.054449998,0.081675,0.0196625,
36474593559120,-0.12582674622535706,0.028127127978950738,9.6929966355061,0.009795043990015982,0.0890657145365465,0.04022730886936188,0.06122017651796341,0.06902500241994858,-0.009553696028888226,0.0,1791183677241,-0.11895001,8.92395,3.7819502,-0.140018,8.95397,3.980805,0.029666,-0.053194,-0.18907,0.02365,0.069025,-0.0037125,
36474603553276,-0.11239653825759888,0.017852868977934123,9.697553169375821,0.02349129877984523,0.0927549795582946,0.07372654378414153,0.021192412823438644,0.03382499888539314,2.8924932121299207E-4,0.0,1791183677251,-0.12900001,8.89095,3.8700001,-0.141347,8.954844,3.97879,0.011841,-0.04928,-0.165507,1.375E-4,0.033825,-0.023924999,
36474613547351,-0.09772128611803055,0.006642920989543199,9.712727349467333,0.06948039680719376,0.09249716296062602,0.09769208580255509,-0.03001050278544426,-0.016224998980760574,0.005239755846560001,0.0,1791183677262,-0.25395,8.839951,4.01595,-0.142571,8.954687,3.979103,-0.027635,-0.082641,-0.055687,-0.01155,-0.016224999,-0.0378125,
36474623541264,-0.05651087686419487,-0.004223295394331217,9.741054203431291,0.11019349619746209,0.0863055212203957,0.10057351961731911,-0.0883263573050499,-0.0789249986410141,7.960415678098798E-5,0.0,1791183677272,-0.342,8.781,4.203,-0.143096,8.954069,3.980471,-0.151609,-0.125119,0.136874,0.0012375,-0.078925,-0.039875,
36474633535420,-0.03969993442296982,-0.014209902007132768,9.79532220604279,0.1318492643535137,0.07786428529534602,0.08643107637763023,-0.13478682935237885,-0.1354375034570694,-0.011801477521657944,0.0,1791183677281,-0.342,8.788051,4.31295,-0.141021,8.953747,3.981273,-0.206356,-0.177469,0.29409,0.029975,-0.1354375,-0.026124999,
36474643529510,-0.023395955562591553,-0.021148886624723674,9.816132305808889,0.132272782176733,0.07196659666264621,0.06594491824507713,-0.1658644825220108,-0.1779250055551529,-0.025938278064131737,0.0,1791183677292,-0.38505003,8.86905,4.18905,-0.13589,8.954531,3.979689,-0.295284,-0.17107,0.317222,0.064075,-0.177925,-0.0059125,
36474653523644,0.013576216995716095,-0.024542849976569414,9.80364749158658,0.10722485855221747,0.06856807453285568,0.04075036719441414,-0.2028627097606659,-0.22577500343322754,-0.03260185569524765,0.0,1791183677302,-0.19800001,8.85,4.2130504,-0.12627,8.956797,3.974907,-0.113368,-0.087144,0.226235,0.080025,-0.225775,0.0111375,
36474663517567,0.034191329032182693,-0.023955170903354882,9.885116300405402,0.05583389848470688,0.06901711266316514,0.01436784416437149,-0.2039695382118225,-0.227974995970726,-0.03340725600719452,0.0,1791183677311,-0.057000004,8.967,4.1599503,-0.114114,8.959234,3.969778,0.044463,-0.056063,0.212211,0.0820875,-0.227975,0.0133375,
36474673511713,0.07402345538139343,-0.01889503300189972,9.848768327308836,0.010218159109354018,0.0722303790238938,0.01173902228474617,-0.211122065782547,-0.227974995970726,-0.027151407673954964,0.0,1791183677322,-0.049950004,8.971951,4.0620003,-0.102494,8.961617,3.964708,0.068756,0.020562,0.138272,0.0672375,-0.227975,-0.0048125,
36474683505783,0.08336736261844635,-0.009734438732266426,9.92211041910306,0.07657979056239128,0.07299691808386968,0.036352481693029404,-0.23888635635375977,-0.24502499401569366,-0.016112910583615303,0.0,1791183677332,0.0139500005,9.06105,4.04295,-0.092882,8.963346,3.961039,0.095057,0.064323,0.062933,0.0407,-0.245025,-0.0356125,
36474693499937,0.16775524616241455,0.0034571707248687742,9.816646187862482,0.14830926582217216,0.07973022952358327,0.07458272203803062,-0.263788104057312,-0.25561249256134033,-0.0037487680092453957,0.0,1791183677341,0.11400001,8.8279505,4.29195,-0.084938,8.963651,3.960527,0.194852,0.083171,0.231039,0.0108624995,-0.2556125,-0.073975,
36474703493870,0.00458180159330368,0.006158697977662086,9.942188871833643,0.17047592476010323,0.07880179377599728,0.07278383895754814,-0.2297540307044983,-0.18328750133514404,0.00597393000498414,0.0,1791183677351,0.16395001,9.003,4.215,-0.082944,8.962197,3.963857,0.540017,-0.09494,0.237285,-0.01155,-0.1832875,-0.1538625,
36474713488016,0.226654052734375,0.016422736272215844,10.010544248464996,0.21184990331530573,0.09232393031034614,0.1112763836979866,-0.2016480565071106,-0.1428624987602234,0.014938099309802055,0.0,1791183677362,-0.32805002,8.967,4.4380503,-0.090602,8.959797,3.969113,-0.225651,0.046324,0.449902,-0.0328625,-0.1428625,-0.17613749,
36474723482091,0.10504000633955002,0.017527812719345094,9.858773020054809,0.20391077026724813,0.09324119663987727,0.11747969388961792,-0.13253232836723328,-0.07576250284910202,0.018357951194047928,0.0,1791183677374,-0.07395,8.769,4.50495,-0.101078,8.956347,3.976634,-0.085888,-0.096272,0.473505,-0.041249998,-0.0757625,-0.157025,
36474733476250,-0.021704137325286865,0.011976915597915649,9.832354923235822,0.16241031214594842,0.09209996825228181,0.09646539390087128,-0.09228195250034332,-0.023649999871850014,0.020128274336457253,0.0,1791183677382,-0.15105,8.706,4.56705,-0.1125,8.952157,3.985755,0.05482,-0.259675,0.531422,-0.04455,-0.02365,-0.1750375,
36474743470160,0.02544596791267395,0.009103508293628692,9.809692220264205,0.1087539054453373,0.09072824337108207,0.06800353825092316,-0.029563970863819122,0.04661250114440918,0.020503906533122063,0.0,1791183677392,-0.34395,8.665951,4.584,-0.12865,8.947639,3.995403,-0.137324,-0.24558,0.607965,-0.04455,0.0466125,-0.1783375,
36474753464232,-0.06563732028007507,0.003066660463809967,9.69423256872542,0.0683275580406189,0.09148058808633774,0.05395971387624741,0.05025717243552208,0.12223749607801437,0.02088405005633831,0.0,1791183677401,-0.47400004,8.601001,4.44705,-0.147652,8.943123,4.004843,-0.278734,-0.308102,0.517122,-0.0455125,0.122237496,-0.1516625,
36474763458382,-0.17281082272529602,-0.006679201871156693,9.602261685772506,0.03767228350043297,0.09900623712115576,0.025933261215686797,0.11369979381561279,0.17641249299049377,0.024588540196418762,0.0,1791183677411,-0.56505,8.57505,4.2840004,-0.167207,8.938766,4.013791,-0.378889,-0.35163,0.345369,-0.0551375,0.1764125,-0.1175625,
36474773452534,-0.269351989030838,-0.018041615933179857,9.539113867586794,0.1371641419827938,0.11428138698101449,0.1008116602897644,0.14824873208999634,0.19772499799728394,0.03202008083462715,0.0,1791183677421,-0.54105,8.553,4.18905,-0.185441,8.934301,4.022922,-0.401356,-0.392655,0.197374,-0.07425,0.197725,-0.0814,
36474783446442,-0.25403639674186707,-0.0252228282392025,9.619382792407588,0.22186083421111108,0.12396260179843643,0.14727811217308046,0.13698957860469818,0.17118750512599945,0.0381510891020298,0.0,1791183677432,-0.48600003,8.5990505,4.2840004,-0.199345,8.929369,4.033191,-0.294079,-0.370963,0.189499,-0.0902,0.1711875,-0.0506,
36474793440540,-0.12282778322696686,-0.02507288008928299,9.744041753851576,0.24971670135855675,0.12384257388471051,0.1769328624010086,0.10391545295715332,0.12540000677108765,0.035690248012542725,0.0,1791183677442,-0.31095,8.6629505,4.4500504,-0.208578,8.92418,4.044199,-0.215414,-0.289159,0.329327,-0.084975,0.1254,-0.0292875,
36474803434701,0.002759009599685669,-0.019315102696418764,9.876401802238785,0.2745299801230431,0.12231635518716336,0.16325359642505646,0.07712861150503159,0.09129999577999115,0.02541239932179451,0.0,1791183677452,-0.117000006,8.74005,4.59795,-0.212837,8.919415,4.054473,0.016293,-0.210175,0.469887,-0.0605,0.091299996,-0.0176,
36474813428641,0.11829258501529694,-0.008514409139752387,9.922580322834941,0.22251260876655576,0.12443493509018427,0.10503291487693786,0.06045025587081909,0.07644999772310257,0.008367602713406086,0.0,1791183677466,0.08505,8.781,4.6200004,-0.214427,8.915895,4.06212,0.202237,-0.132434,0.586738,-0.018975,0.07645,-0.0229625,
36474823422795,0.0758887231349945,-0.0018944291397929192,9.87143823896518,0.13245016634464263,0.12522475924068194,0.035984772443771365,0.05838193744421005,0.0859375,-0.009644648991525173,0.0,1791183677471,0.13605,8.806951,4.45695,-0.216098,8.914372,4.065377,0.352349,-0.138094,0.504473,0.0257125,0.0859375,-0.0463375,
36474833416886,-5.8941543102264404E-5,8.762050420045853E-5,9.68954843129287,0.05319281965494156,0.12492404670577066,0.014810718595981598,0.075882688164711,0.11893749982118607,-0.020027965307235718,0.0,1791183677482,0.08505,8.778001,4.1020503,-0.2213,8.914999,4.063721,0.336003,-0.098019,0.23319,0.0523875,0.1189375,-0.075075,
36474843411038,-0.22304923832416534,-0.00989504363387823,9.515062208210036,0.05919328629970551,0.13404586093273135,0.005233572423458099,0.08806665986776352,0.14135000109672546,-0.016782313585281372,0.0,1791183677492,-0.012,8.72595,3.79395,-0.230297,8.916905,4.059033,0.249232,-0.181328,-0.12604,0.045925,0.14135,-0.0952875,
36474853404968,-0.3844839334487915,-0.02979805115610361,9.34364738763829,0.05674889981746674,0.15671777161390707,0.08268216103315354,0.09362304955720901,0.1508374959230423,-0.0014545985031872988,0.0,1791183677501,-0.06705,8.629951,3.5809503,-0.241432,8.91857,4.05473,0.224453,-0.23806,-0.392282,0.0097624995,0.1508375,-0.1049125,
36474863399127,-0.49012383818626404,-0.05601380951702595,9.314420504300438,0.10355378538370133,0.18510389899889532,0.20436544567346573,0.07748974859714508,0.12966249883174896,0.020569633692502975,0.0,1791183677512,-0.22995001,8.623051,3.5140502,-0.252835,8.918709,4.053731,0.106569,-0.29566,-0.527752,-0.043449998,0.1296625,-0.10065,
36474873393203,-0.4730852246284485,-0.08336924351751804,9.370286778834027,0.16688212305307387,0.20338898054535084,0.3141602352261543,0.03463439643383026,0.07535000145435333,0.040154580026865005,0.0,1791183677522,-0.37095,8.61795,3.66,-0.262888,8.916866,4.05714,-0.010269,-0.293817,-0.497643,-0.091299996,0.07535,-0.0878625,
36474883387355,-0.3809645473957062,-0.10658583901822567,9.468738205604655,0.2134084939956665,0.20944249939748188,0.3903413563966751,-0.02950887754559517,-0.005499999970197678,0.04854007437825203,0.0,1791183677532,-0.47595003,8.611051,3.9090002,-0.269531,8.913145,4.064872,-0.149672,-0.290096,-0.292291,-0.1126125,-0.0055,-0.06655,
36474893381270,-0.25317296385765076,-0.12763224951922894,9.62837247550112,0.23311250507831574,0.20182776535060123,0.3963661015033722,-0.10228713601827621,-0.09487500041723251,0.04276011511683464,0.0,1791183677541,-0.52605003,8.649,4.19805,-0.271656,8.908579,4.074732,-0.260075,-0.280741,-0.012453,-0.099825,-0.094875,-0.0452375,
36474903375366,-0.15091991424560547,-0.13540733531117438,9.708609443776615,0.24462038278579715,0.1995672390653994,0.349653297662735,-0.16616718471050262,-0.17366249859333038,0.024948563426733017,0.0,1791183677551,-0.49500003,8.665951,4.3489504,-0.268674,8.904654,4.083497,-0.277422,-0.262451,0.191866,-0.0583,-0.1736625,-0.023924999,
36474913369513,-0.10946695506572723,-0.1522133857011795,9.736957083953207,0.23753714859485625,0.18172468822140075,0.2735219210386276,-0.2259228378534317,-0.2428250014781952,0.0038551499601453543,0.0,1791183677564,-0.37995002,8.661,4.43295,-0.261106,8.902273,4.089176,-0.205982,-0.264859,0.301109,-0.0083875,-0.242825,-0.0133375,
36474923363667,-0.028452545404434204,-0.1588880132883787,9.788282063883083,0.19940610378980636,0.17445969032834568,0.18459538519382476,-0.2707681655883789,-0.2928749918937683,-0.015382600948214531,0.0,1791183677571,-0.21300001,8.680051,4.51905,-0.249276,8.901671,4.091221,-0.028669,-0.20919,0.385254,0.0374,-0.292875,-0.009075,
36474933357598,-0.010876506567001343,-0.15834663175046443,9.808637688430386,0.10534420460462571,0.1749008003708858,0.1105777770280838,-0.2764248549938202,-0.29493749141693115,-0.027669046074151993,0.0,1791183677583,-0.08595,8.71605,4.49805,-0.235623,8.902313,4.090642,0.132453,-0.197861,0.41217,0.0672375,-0.2949375,-0.0165,
36474943351752,0.0318630114197731,-0.1580257795751095,9.773344103978202,0.02911157906055451,0.17524322086020544,0.05357058197259903,-0.23702527582645416,-0.24502499401569366,-0.030910201370716095,0.0,1791183677592,-0.124050006,8.754001,4.3440003,-0.22411,8.903745,4.088173,0.1377,-0.12986,0.366755,0.0757625,-0.245025,-0.0303875,
36474953345841,-0.02506190538406372,-0.15599700883030893,9.792067052517087,0.17596646547317504,0.1765311835573899,0.02839898020029068,-0.16693241894245148,-0.16403749585151672,-0.022737769410014153,0.0,1791183677602,0.12900001,8.718,4.45695,-0.216355,8.905049,4.085742,0.206559,-0.16229,0.304543,0.056649998,-0.1640375,-0.039875,
36474963340004,-0.004105791449546814,-0.14756175726652146,9.798767722490178,0.30683348774909974,0.17953138215424685,0.007326747477054596,-0.0673227608203888,-0.04702499881386757,-0.0063672978430986404,0.0,1791183677611,0.018000001,8.79705,4.3159504,-0.212605,8.904691,4.086722,0.336884,-0.13799,0.308351,0.0182875,-0.047025,-0.058025,
36474973333909,-0.04785755276679993,-0.13648703545331956,9.750809022777583,0.37913360744714736,0.1785056612745384,0.011207748949527741,0.028852785006165504,0.06146249920129776,0.016505196690559387,0.0,1791183677621,-0.13095,8.78505,4.22895,-0.216227,8.902858,4.090521,0.137,-0.12658,0.168082,-0.036025,0.0614625,-0.06655,
36474983328060,-0.07870360463857651,-0.12772039584815503,9.711618317183515,0.37159293293952944,0.17681479226569885,0.024773168563842773,0.09396221488714218,0.12856249511241913,0.036887381225824356,0.0,1791183677631,-0.28695002,8.757,4.18905,-0.224106,8.899122,4.098218,-0.008349,-0.141998,0.119684,-0.084975,0.1285625,-0.059125,
36474993322135,-0.08594536781311035,-0.12587627507746219,9.748834255385201,0.30131845325231554,0.1770483853301089,0.048334844410419464,0.11418376117944717,0.14561249315738678,0.05018414556980133,0.0,1791183677641,-0.43800002,8.754001,4.26795,-0.233802,8.893931,4.108932,-0.135123,-0.146384,0.104181,-0.116875,0.1456125,-0.0495,
36475003316274,-0.02602481096982956,-0.12731546610593797,9.826574550140672,0.22499449551105496,0.1761113948562262,0.04852742552757263,0.0934031754732132,0.11577499657869339,0.051339562982320786,0.0,1791183677651,-0.54300004,8.74695,4.44495,-0.242856,8.887956,4.121319,-0.255356,-0.140408,0.22587,-0.120037496,0.115775,-0.034649998,
36475013310197,0.07036031782627106,-0.12971207946538926,9.901675967486423,0.1509611815214157,0.17305230331172433,0.03363420367240906,0.05204605311155319,0.060499999672174454,0.0397476963698864,0.0,1791183677663,-0.62205005,8.742001,4.6080003,-0.248835,8.882133,4.133501,-0.342751,-0.125008,0.414801,-0.0935,0.0605,-0.0122375,
36475023304349,0.1054823100566864,-0.12823240011930465,9.94092042733271,0.107611545920372,0.17492039838784615,0.002966231107711792,0.0018768468871712685,-0.005499999970197678,0.01983032189309597,0.0,1791183677673,-0.73200005,8.73495,4.689,-0.250676,8.877579,4.143161,-0.427102,-0.137213,0.517668,-0.0477125,-0.0055,0.0133375,
36475033298423,0.10230204463005066,-0.123114350810647,9.933440135570823,0.08680548071861266,0.18001898810976122,0.03323489874601364,-0.04920664429664612,-0.07466249912977219,-0.005715235602110624,0.0,1791183677681,-0.70095,8.71605,4.7130003,-0.247985,8.875126,4.148574,-0.494436,-0.168279,0.572111,0.0108624995,-0.0746625,0.0441375,
36475043292573,0.1100272685289383,-0.10646052546799183,9.932209231538636,0.10082840621471405,0.1853318316636835,0.07242942601442337,-0.08450301736593246,-0.1247124969959259,-0.02839607372879982,0.0,1791183677692,-0.62505,8.75895,4.6410003,-0.239911,8.875076,4.149152,-0.433078,-0.139499,0.533225,0.062975,-0.1247125,0.0708125,
36475053286510,0.1285773515701294,-0.08080746121704578,9.940441493170637,0.11067660599946975,0.18051896724504934,0.10334985852241516,-0.10499455034732819,-0.15344999730587006,-0.042591873556375504,0.0,1791183677702,-0.50295,8.821051,4.5550504,-0.227982,8.877066,4.145568,-0.325297,-0.076846,0.450617,0.095975,-0.15345,0.0856625,
36475063280587,0.12624625861644745,-0.04998895637691021,9.92659608592871,0.1257347956299782,0.1593859611657241,0.11452704668045044,-0.10387374460697174,-0.1545500010251999,-0.04613494500517845,0.0,1791183677711,-0.43500003,8.82405,4.5259504,-0.214238,8.880043,4.139918,-0.272003,-0.048698,0.38923,0.104499996,-0.15455,0.091025,
36475073274750,0.12375739216804504,-0.020146825537085532,9.967061943300608,0.14295523166656493,0.1306606249597669,0.11818206310272217,-0.0740412026643753,-0.12044999748468399,-0.04049558565020561,0.0,1791183677722,-0.34905002,8.845051,4.5810003,-0.200941,8.882657,4.134979,-0.179955,-0.063283,0.420506,0.0917125,-0.12045,0.087725,
36475083268640,0.15342193841934204,0.006572498753666878,9.956416748714691,0.1767408862709999,0.10656036315172887,0.12840604186058044,-0.026971112936735153,-0.06517499685287476,-0.029422126710414886,0.0,1791183677732,-0.33705002,8.830951,4.5859504,-0.189931,8.884185,4.132214,-0.150263,-0.040869,0.444818,0.0661375,-0.065175,0.0792,
36475093262795,0.14654305577278137,0.026558299735188483,9.96187673905338,0.1842366248369217,0.0925304346061826,0.13570919930934905,0.02904054895043373,8.249999955296516E-4,-0.01571616344153881,0.0,1791183677741,-0.423,8.802,4.6459503,-0.182764,8.884311,4.132268,-0.200527,-0.064937,0.478283,0.0342375,8.25E-4,0.0686125,
36475103256884,0.09417642652988434,0.03881311677396297,9.89430052465731,0.1624632179737091,0.0840558476218386,0.12882901430130006,0.10448409616947174,0.08277499675750732,-4.675762611441314E-4,0.0,1791183677751,-0.49305,8.649,4.7800503,-0.179946,8.882524,4.136228,-0.287141,-0.168496,0.572485,-0.001925,0.082775,0.0697125,
36475113251032,0.05710333585739136,0.04714163132011891,9.906822240717633,0.11796666085720063,0.0768986279809141,0.11500042974948883,0.19366642832756042,0.17118750512599945,0.01084993127733469,0.0,1791183677764,-0.57405,8.58705,4.90695,-0.180014,8.87874,4.144341,-0.356505,-0.27245,0.703236,-0.0295625,0.1711875,0.089925,
36475123244955,0.11636777222156525,0.054382647201418874,9.956678127254353,0.08028760701417924,0.07625520064773277,0.11352250576019288,0.2957245409488678,0.2690874934196472,0.017987404018640518,0.0,1791183677771,-0.53595,8.63895,4.92105,-0.181949,8.873748,4.154935,-0.373724,-0.248304,0.78841,-0.0477125,0.2690875,0.120725,
36475133239097,0.12587375938892365,0.06122016049921512,9.961405698651028,0.03558344393968582,0.07622804691378526,0.10801286995410919,0.3829854428768158,0.3562625050544739,0.021731777116656303,0.0,1791183677782,-0.41205,8.709001,4.8180003,-0.184947,8.868569,4.165849,-0.279746,-0.207213,0.724824,-0.0573375,0.3562625,0.139975,
36475143233184,0.17904391884803772,0.06857920587062835,10.03839164739379,0.011163184046745309,0.08004741956478165,0.11451304256916046,0.4237731993198395,0.40424999594688416,0.025014154613018036,0.0,1791183677792,-0.35895002,8.874001,4.6789503,-0.189512,8.86375,4.175888,-0.198567,-0.073106,0.566345,-0.0647625,0.40425,0.1335125,
36475153227331,0.2546834945678711,0.0825664758682251,10.082648026079392,0.03208740949630737,0.08663286376842895,0.1466144561767578,0.41233423352241516,0.4031499922275543,0.025883495807647705,0.0,1791183677802,-0.38805002,8.938951,4.6480503,-0.195945,8.859566,4.18446,-0.187345,0.062758,0.454821,-0.065725,0.40315,0.109037496,
36475163221256,0.28518247604370117,0.0970308892428875,10.093524402559245,0.07404822111129761,0.0947264055620254,0.19223028421401978,0.34987181425094604,0.3499374985694885,0.02153267338871956,0.0,1791183677811,-0.53400004,8.91495,4.70295,-0.204015,8.85575,4.192144,-0.248707,0.085727,0.473474,-0.0540375,0.3499375,0.0760375,
36475173215318,0.2971436083316803,0.1142809472978115,10.113762620747458,0.09997940957546234,0.09812313383427398,0.22838545143604277,0.26127976179122925,0.2648249864578247,0.00750319380313158,0.0,1791183677821,-0.771,8.84805,4.83795,-0.212946,8.852715,4.198112,-0.44089,0.043272,0.580034,-0.020075,0.264825,0.0504625,
36475183209470,0.24979138374328613,0.13070569671690463,10.056296513274129,0.11745977699756621,0.09172992453369061,0.25316897630691526,0.17414866387844086,0.17215000092983246,-0.014812543988227844,0.0,1791183677833,-0.90000004,8.72595,4.9170003,-0.220887,8.851098,4.201105,-0.607725,-0.055666,0.66802,0.032175,0.17215,0.0452375,
36475193203400,0.1568230539560318,0.14284411780536174,9.949987394814496,0.11989578902721404,0.07716384786798962,0.2487248033285141,0.10998097062110901,0.09556250274181366,-0.040217939764261246,0.0,1791183677841,-0.924,8.62005,4.8829503,-0.225452,8.85142,4.200181,-0.701322,-0.190064,0.728799,0.0906125,0.0955625,0.0600875,
36475203197568,0.04462876915931702,0.1463767968118191,9.838823507922335,0.09171342849731444,0.07069834918179319,0.20671385824680327,0.0940474271774292,0.06366249918937683,-0.0637001320719719,0.0,1791183677852,-0.82095003,8.60295,4.70295,-0.225669,8.854173,4.194363,-0.669981,-0.264642,0.626878,0.143825,0.0636625,0.0930875,
36475213191650,-0.0577717125415802,0.13997019529342652,9.714116267573479,0.024600514769554133,0.08217126914991651,0.138123020529747,0.10873360931873322,0.06366249918937683,-0.078404501080513,0.0,1791183677864,-0.66105,8.653951,4.36305,-0.221369,8.859409,4.183528,-0.537811,-0.250725,0.367168,0.176825,0.0636625,0.12925,
36475223185793,-0.12332852184772491,0.12852965369820596,9.597774571733181,0.053984275460243224,0.10014025910052222,0.05402859449386597,0.13616593182086945,0.08277499675750732,-0.08352870494127274,0.0,1791183677872,-0.51405,8.71395,3.9900002,-0.213627,8.866859,4.168113,-0.368382,-0.152831,0.01627,0.1885125,0.082775,0.153725,
36475233179718,-0.23012466728687286,0.11190831810235977,9.508814993120447,0.1564676582813263,0.12707892988187217,0.041954615712165834,0.1506483256816864,0.09556250274181366,-0.07914848625659943,0.0,1791183677882,-0.44700003,8.776051,3.6330001,-0.204319,8.875644,4.149844,-0.260375,-0.099366,-0.343744,0.179025,0.0955625,0.1601875,
36475243173867,-0.3730042278766632,0.08775674328207969,9.395624663762554,0.29453452825546267,0.16529545607378388,0.14792007207870483,0.16032648086547852,0.10724999755620956,-0.06733821332454681,0.0,1791183677892,-0.36795002,8.78295,3.31695,-0.195175,8.88483,4.130581,-0.224028,-0.108551,-0.662064,0.15235,0.10725,0.1568875,
36475253167944,-0.4986642301082611,0.05639466419816017,9.277709085144421,0.4488089561462402,0.2084470426576679,0.25657867193222045,0.16448652744293213,0.11467500030994415,-0.05337810888886452,0.0,1791183677902,-0.38805002,8.75205,3.0540001,-0.186448,8.893832,4.111569,-0.194448,-0.122343,-0.93275,0.12045,0.114675,0.1494625,
36475263162105,-0.6479434967041016,0.017685176432132722,9.149439797033985,0.6029984802007675,0.2578999711761123,0.37461302876472474,0.16858047246932983,0.1200374960899353,-0.03873927891254425,0.0,1791183677911,-0.31605002,8.674951,2.8909502,-0.178704,8.902178,4.09381,-0.214163,-0.197726,-1.130469,0.08635,0.120037496,0.1463,
36475273156059,-0.6850916743278503,-0.02275727689266205,9.148423299076125,0.740134635567665,0.2983437655664368,0.4869656592607498,0.15926089882850647,0.11261250078678131,-0.02421226166188717,0.0,1791183677921,-0.16995001,8.710951,2.7900002,-0.170213,8.909551,4.078108,-0.069425,-0.193127,-1.227295,0.0523875,0.1126125,0.138875,
36475283150203,-0.6867586970329285,-0.06476630866527558,9.180459812397862,0.827017268538475,0.3282334263963764,0.5782924652099609,0.1604141741991043,0.12113749980926514,-0.01004956103861332,0.0,1791183677933,0.0,8.806951,2.592,-0.161629,8.916049,4.06423,0.046488,-0.139771,-1.347492,0.0193875,0.1211375,0.121825,
36475293144256,-0.7420138120651245,-0.10919415205717087,9.17269309943524,0.8588082402944566,0.3556177380327875,0.6520943820476532,0.16388916969299316,0.1391499936580658,0.01128151174634695,0.0,1791183677941,0.16005,8.85495,2.388,-0.154169,8.92162,4.052275,0.268872,-0.095064,-1.574957,-0.0306625,0.13915,0.088825,
36475303138423,-0.7212937474250793,-0.14996766075491905,9.253287085680315,0.8347433060407639,0.37612074219958563,0.6966202855110168,0.12891198694705963,0.12430000305175781,0.0389079786837101,0.0,1791183677951,0.040050004,8.938951,2.391,-0.150074,8.925335,4.044239,0.293508,-0.017375,-1.698602,-0.0955625,0.1243,0.0345125,
36475313132346,-0.6257189512252808,-0.18410877510905266,9.344472289810682,0.7462039709091187,0.38661898771365993,0.6921753764152527,0.04556557163596153,0.052937500178813934,0.06461943686008453,0.0,1791183677963,-0.30405003,8.941051,2.69895,-0.150349,8.926142,4.04245,0.013661,0.01773,-1.555555,-0.15619999,0.0529375,-0.0122375,
36475323126492,-0.48917436599731445,-0.21438588201999664,9.442006243730948,0.6110372990369797,0.3856118273863654,0.6529919147491455,-0.07612945139408112,-0.07150000333786011,0.0760597512125969,0.0,1791183677973,-0.522,8.802,3.3769503,-0.151903,8.923573,4.048062,-0.274483,-0.068285,-1.04402,-0.18287499,-0.0715,-0.03355,
36475333120572,-0.3068028688430786,-0.23601971343159675,9.584680364052517,0.42908067703247066,0.3779770794013747,0.5770007491111755,-0.1781023144721985,-0.18645000457763672,0.06510055810213089,0.0,1791183677981,-0.62205005,8.674951,4.0279503,-0.150459,8.918512,4.05925,-0.441127,-0.190118,-0.339341,-0.15619999,-0.18645,-0.026124999,
36475343114726,-0.129358172416687,-0.251439817994833,9.803200170527942,0.1978909492492676,0.36685669709380736,0.45446962118148804,-0.22632943093776703,-0.2545124888420105,0.03910582512617111,0.0,1791183677992,-0.59805006,8.710951,4.45695,-0.143801,8.913336,4.070844,-0.490881,-0.230431,0.175789,-0.0944625,-0.2545125,0.009075,
36475353108649,0.09147074818611145,-0.25960045531392095,9.98166180137912,0.08269630670547484,0.3571954404035393,0.2919167220592499,-0.24238814413547516,-0.28971248865127563,0.01164363231509924,0.0,1791183678002,-0.46695003,8.802,4.68405,-0.131157,8.909579,4.079489,-0.422122,-0.147666,0.528667,-0.0295625,-0.2897125,0.0495,
36475363102795,0.24302414059638977,-0.26170837208628656,10.147649036060288,0.36879755556583405,0.3540851471577552,0.11816810369491577,-0.21722839772701263,-0.2737624943256378,-0.004498150199651718,0.0,1791183678012,-0.282,8.934,4.8040504,-0.114348,8.907241,4.085096,-0.271337,-0.04956,0.683473,0.0086624995,-0.2737625,0.0760375,
36475373096894,0.3864706754684448,-0.2572420187294483,10.279895580181021,0.635253369808197,0.3615900582275663,0.056960904598236085,-0.1639418751001358,-0.21518750488758087,-0.006147733889520168,0.0,1791183678021,-0.10005,9.06495,4.84695,-0.097196,8.905406,4.089536,-0.084982,0.083955,0.741282,0.012925,-0.2151875,0.0760375,
36475383091039,0.49324673414230347,-0.24506925120949746,10.339019060054254,0.8690652072429658,0.381977379942996,0.2169708251953125,-0.08842684328556061,-0.12264999747276306,0.005681904964148998,0.0,1791183678032,0.028050002,9.12495,4.86105,-0.083529,8.902842,4.095415,0.045003,0.191864,0.764133,-0.014712499,-0.12265,0.054725,
36475393084967,0.5499001145362854,-0.22541539818048478,10.378841421805973,1.0494427680969238,0.41114886382596194,0.352822482585907,-0.002084932290017605,-0.012924999929964542,0.026497796177864075,0.0,1791183678041,0.081,9.148951,4.90005,-0.075924,8.898469,4.105059,0.152319,0.248909,0.776037,-0.0636625,-0.012925,0.0218625,
36475403079142,0.5573850870132446,-0.19977758228778839,10.38489988518653,1.1381807267665862,0.44201666030467246,0.4460053503513336,0.08341857045888901,0.0966624990105629,0.04655967280268669,0.0,1791183678052,0.028050002,9.13305,4.9429502,-0.075836,8.892018,4.119012,0.133078,0.245783,0.797997,-0.11055,0.0966625,-0.0122375,
36475413073231,0.5730170607566833,-0.1682381436228752,10.36732418779453,1.1649958491325378,0.4724788740879228,0.5120039343833923,0.15125036239624023,0.18603749573230743,0.061836134642362595,0.0,1791183678062,-0.064050004,9.109051,4.9500003,-0.083112,8.883833,4.136498,0.094864,0.253969,0.81403,-0.1456125,0.1860375,-0.0441375,
36475423067390,0.5459069609642029,-0.13477636948227883,10.321922038939046,1.1208919405937194,0.49750971241237085,0.543891191482544,0.19333045184612274,0.2424124926328659,0.067813441157341,0.0,1791183678071,-0.26505002,9.04605,4.96395,-0.096454,8.874743,4.155674,-0.06657,0.217569,0.82119,-0.1584,0.2424125,-0.06545,
36475433061313,0.477596640586853,-0.09939030408859253,10.251641915707653,0.9952307939529419,0.5143531963533797,0.5407611727714539,0.20808669924736023,0.25946250557899475,0.06367114186286926,0.0,1791183678081,-0.45000002,8.97,4.9429502,-0.113178,8.865783,4.174337,-0.243776,0.157097,0.780979,-0.147675,0.2594625,-0.06655,
36475443055440,0.37786030769348145,-0.0618470773100853,10.146288359234092,0.7982699334621429,0.5203795682766369,0.506353211402893,0.18034304678440094,0.2232999950647354,0.04886015132069588,0.0,1791183678092,-0.62505,8.87205,4.8829503,-0.129738,8.858131,4.190072,-0.397204,0.078557,0.705389,-0.1126125,0.2233,-0.0537625,
36475453049491,0.28078776597976685,-0.022874477505683898,10.06712829542486,0.5692018508911133,0.5153692871011455,0.4510337471961975,0.12501583993434906,0.14877499639987946,0.026286594569683075,0.0,1791183678101,-0.69405,8.812051,4.8180003,-0.142865,8.852516,4.201498,-0.55646,-0.011594,0.660445,-0.0605,0.148775,-0.023924999,
36475463043414,0.189452663064003,0.01899533048272133,9.96270316259444,0.3173599630594253,0.496559158670141,0.3743208676576614,0.07046982645988464,0.07218749821186066,6.389276823028922E-4,0.0,1791183678111,-0.70095,8.75205,4.7080503,-0.150193,8.849531,4.207521,-0.611381,-0.068465,0.563442,-0.001925,0.0721875,0.0122375,
36475473037579,0.09249646961688995,0.05787473767995834,9.8464325107212,0.06666794419288638,0.46961961746794034,0.2836387693881989,0.029559729620814323,0.01251249946653843,-0.019930893555283546,0.0,1791183678121,-0.60495,8.721001,4.53105,-0.151396,8.849104,4.208377,-0.512016,-0.113527,0.435693,0.044825,0.0125124995,0.0441375,
36475483031640,0.003991328179836273,0.09241223894059658,9.739442058076616,0.1639047756791115,0.4379166240321991,0.1889177069067955,0.006515868008136749,-0.023649999871850014,-0.03216765075922012,0.0,1791183678132,-0.49305,8.685,4.38,-0.14755,8.850784,4.20498,-0.400941,-0.117602,0.242766,0.0726,-0.02365,0.0675125,
36475493025806,-0.1217489093542099,0.12342548407614232,9.674253007143093,0.35700948685407635,0.3978555722520653,0.08899586349725723,9.465478360652924E-4,-0.0364375002682209,-0.0318107008934021,0.0,1791183678141,-0.32295,8.67,4.27995,-0.140383,8.853148,4.200248,-0.274032,-0.191791,0.111028,0.0715,-0.0364375,0.0814,
36475503019731,-0.12601026892662048,0.15318965800106527,9.638932986958809,0.5043676778674125,0.35332213497456866,0.007636256515979767,0.020872687920928,-0.01718750037252903,-0.024948446080088615,0.0,1791183678151,-0.21000001,8.665951,4.215,-0.13147,8.855295,4.196005,-0.127322,-0.167602,0.055416,0.05555,-0.0171875,0.0867625,
36475513013886,-0.17354178428649902,0.17579851634800434,9.590670991959774,0.6088538244366646,0.31516362620051025,0.06496263295412064,0.054902613162994385,0.02213750034570694,-0.01480392087250948,0.0,1791183678161,-0.13395001,8.661,4.11705,-0.123161,8.856724,4.193245,-0.025497,-0.188184,-0.008861,0.032175,0.0221375,0.082499996,
36475523007953,-0.24038273096084595,0.18823809809982778,9.526443643852915,0.6722996458411217,0.2927870606832551,0.13153847306966782,0.08617325127124786,0.06146249920129776,-0.0036793772596865892,0.0,1791183678171,-0.06705,8.635051,4.0230002,-0.116922,8.857495,4.191791,-0.003006,-0.208109,-0.122329,0.0066,0.0614625,0.071775,
36475533002110,-0.2705467641353607,0.19005090333521366,9.53698601836811,0.6927993029356002,0.28981351967073293,0.18644609153270722,0.09742912650108337,0.07961250096559525,0.008324824273586273,0.0,1791183678181,-0.03795,8.63895,4.0399504,-0.112105,8.857304,4.192326,0.071184,-0.219889,-0.165959,-0.0210375,0.0796125,0.0589875,
36475542996035,-0.2625790536403656,0.18338985927402973,9.532698059939962,0.6656458675861359,0.2984796353018156,0.21461212038993835,0.1041649878025055,0.09129999577999115,0.017579426988959312,0.0,1791183678191,-0.076050006,8.61795,4.0740004,-0.108715,8.856065,4.195037,0.058218,-0.225832,-0.135151,-0.04235,0.091299996,0.0495,
36475552990179,-0.2400311678647995,0.1668147634714842,9.582441311920087,0.6117371678352356,0.312021106739667,0.23741630017757415,0.10280730575323105,0.09019999951124191,0.022219611331820488,0.0,1791183678201,-0.10005,8.62695,4.17,-0.106026,8.854023,4.199414,0.026799,-0.230974,-0.07249,-0.053075,0.0902,0.0484,
36475562984265,-0.18096241354942322,0.14561543576419353,9.634449578442826,0.5225391954183578,0.3204135052405701,0.23890042603015899,0.08363300561904907,0.06902500241994858,0.020847763866186142,0.0,1791183678211,-0.10305001,8.629951,4.28205,-0.102839,8.851583,4.204631,0.028399,-0.216562,0.03482,-0.049775,0.069025,0.0484,
36475572978413,-0.11657504737377167,0.12046314962208271,9.667701486295211,0.4030565962195396,0.32026365230873544,0.21413888931274414,0.06520350277423859,0.04977500066161156,0.014533295296132565,0.0,1791183678221,-0.117000006,8.649,4.3180504,-0.099103,8.849286,4.209548,-0.00646,-0.185535,0.118487,-0.034925,0.049775,0.0463375,
36475582972314,-0.11387021839618683,0.09010730199515819,9.682441178851676,0.2717994436621666,0.31216110556719523,0.18280358016490936,0.05073133111000061,0.03698749840259552,0.008241391740739346,0.0,1791183678232,-0.141,8.682,4.2840004,-0.095584,8.847659,4.213054,-0.048286,-0.17912,0.110193,-0.020075,0.0369875,0.039875,
36475592966382,-0.12535226345062256,0.056344683095812795,9.665202913124247,0.16299447864294053,0.29674115165893555,0.15535822212696077,0.04227510094642639,0.0317624993622303,0.005085758864879608,0.0,1791183678241,-0.141,8.698951,4.21005,-0.092554,8.846693,4.215145,-0.044133,-0.156606,0.036276,-0.0125124995,0.0317625,0.03135,
36475602960505,-0.16906964778900146,0.020021946355700492,9.611495991103345,0.07620328515768052,0.27699183488706874,0.14116591811180115,0.03733435273170471,0.03382499888539314,0.008021985180675983,0.0,1791183678251,-0.19095,8.673,4.13805,-0.090893,8.845886,4.216875,-0.072131,-0.172558,-0.032491,-0.018975,0.033825,0.0154,
36475612954688,-0.2170281857252121,-0.01948031596839428,9.536853887495182,0.016840599477291107,0.25036674358587374,0.14837907254695892,0.04991941154003143,0.05623750016093254,0.013225375674664974,0.0,1791183678263,-0.26295,8.61795,4.07595,-0.092051,8.844813,4.219102,-0.138011,-0.200216,-0.08739,-0.0306625,0.0562375,-0.0026125,
36475622948611,-0.297793447971344,-0.06166533641517162,9.42072858263933,0.0018233388662338423,0.22089296428383892,0.18462275266647338,0.07914892584085464,0.09350000321865082,0.022999795153737068,0.0,1791183678272,-0.40905002,8.541,3.9540002,-0.096848,8.843167,4.222446,-0.243347,-0.234483,-0.205656,-0.053075,0.0935,-0.0133375,
36475632942767,-0.4293190836906433,-0.10701112262904644,9.324266797871694,0.033100405335426325,0.1973721136458368,0.24771252572536467,0.10981255769729614,0.12966249883174896,0.03685857355594635,0.0,1791183678283,-0.49995002,8.47395,3.8580003,-0.105109,8.840561,4.227696,-0.32846,-0.322856,-0.328222,-0.084975,0.1296625,-0.0187,
36475642936855,-0.5213126540184021,-0.15196977071464063,9.28385100815126,0.08948830366134647,0.1837436909277931,0.3269046038389206,0.12494960427284241,0.1434125006198883,0.05155840888619423,0.0,1791183678291,-0.60495,8.42895,3.8440502,-0.115088,8.836791,4.235312,-0.442979,-0.388519,-0.407664,-0.1189375,0.1434125,-0.0133375,
36475652931009,-0.4986101984977722,-0.19093966893851758,9.316143722700094,0.15391228795051576,0.16996210171265266,0.39281271398067474,0.1255791038274765,0.13708749413490295,0.06122588738799095,0.0,1791183678301,-0.60105,8.4529505,3.8700001,-0.124554,8.831841,4.245365,-0.464637,-0.373991,-0.386592,-0.14135,0.1370875,5.5E-4,
36475662924932,-0.46854811906814575,-0.223839708045125,9.38395090559715,0.22897781133651732,0.15627894839746878,0.44311670064926145,0.11120489239692688,0.11371249705553055,0.06764406710863113,0.0,1791183678313,-0.66795003,8.484,3.9540002,-0.13194,8.826127,4.257002,-0.502742,-0.361095,-0.345556,-0.15619999,0.1137125,0.0154,
36475672919087,-0.360673189163208,-0.2464981909841299,9.513300535356699,0.2728890687227249,0.14086321051280737,0.4556926488876343,0.0711982250213623,0.060499999672174454,0.06620470434427261,0.0,1791183678321,-0.72795004,8.541,4.12605,-0.136502,8.820044,4.269448,-0.55564,-0.295156,-0.235898,-0.1530375,0.0605,0.03355,
36475682913162,-0.24250683188438416,-0.2588230989873409,9.638370549191338,0.26297197639942166,0.12866268808598424,0.4183301985263824,0.01948579028248787,-0.008662499487400055,0.059573132544755936,0.0,1791183678331,-0.66300005,8.601001,4.2990003,-0.136365,8.813923,4.282075,-0.56296,-0.248334,-0.061778,-0.1381875,-0.0086624995,0.058025,
36475692907316,-0.1463966816663742,-0.26005548760294916,9.738655701047547,0.2021810859441757,0.1274562152906394,0.34334700405597685,-0.02523055300116539,-0.06943749636411667,0.048736389726400375,0.0,1791183678341,-0.59595,8.641951,4.4500504,-0.130663,8.80833,4.293746,-0.494441,-0.204434,0.070202,-0.1137125,-0.0694375,0.0814,
36475702901263,0.015154600143432617,-0.25299724414944647,9.881255504259721,0.09221497178077698,0.13814445918289386,0.2405940443277359,-0.056193068623542786,-0.11192499846220016,0.03840641677379608,0.0,1791183678351,-0.462,8.733001,4.6000504,-0.120482,8.803343,4.304261,-0.428009,-0.101284,0.229676,-0.0902,-0.111925,0.09845,
36475712895347,0.14330685138702393,-0.23715481236577035,10.007383971872265,0.06639970242977142,0.1623887226994571,0.11822305023670196,-0.06973374634981155,-0.1289750039577484,0.03301454335451126,0.0,1791183678363,-0.31800002,8.81595,4.7250004,-0.107223,8.798714,4.314064,-0.297615,-0.012859,0.344371,-0.07755,-0.128975,0.1027125,
36475722889513,0.2365705668926239,-0.21330714747309684,10.077531822585428,0.2489382266998291,0.19241011385548465,0.0012257009744644164,-0.05640186369419098,-0.11096250265836716,0.03184359520673752,0.0,1791183678371,-0.19395001,8.86695,4.7850003,-0.093198,8.794124,4.323738,-0.148834,0.051586,0.428071,-0.07425,-0.1109625,0.09625,
36475732883438,0.31191036105155945,-0.18418429121375085,10.123271443335046,0.43901374340057375,0.22316443272716704,0.11210913956165314,-0.020195789635181427,-0.06187500059604645,0.03644304722547531,0.0,1791183678381,-0.093,8.92695,4.7730002,-0.081446,8.789189,4.333997,-0.052847,0.123558,0.453725,-0.083875,-0.061875,0.0782375,
36475742877578,0.30454927682876587,-0.15582787469029427,10.084180365044086,0.5951110452413559,0.24623975260743075,0.20229833126068114,0.016753539443016052,-0.007699999958276749,0.04625455290079117,0.0,1791183678391,-0.10695001,8.88405,4.7700005,-0.073698,8.783566,4.345524,-0.012711,0.131575,0.420651,-0.1051875,-0.0077,0.0515625,
36475752871669,0.28828877210617065,-0.12941187769174575,10.081846584896184,0.7000418663024902,0.26352168968750295,0.25692516565322876,0.048007670789957047,0.03492499887943268,0.05503189191222191,0.0,1791183678401,-0.177,8.85,4.82595,-0.070064,8.776979,4.358872,-0.088172,0.104642,0.436033,-0.1243,0.034925,0.0356125,
36475762865835,0.2365366816520691,-0.10853692293167114,10.030578617185599,0.7312637805938721,0.27490173101756094,0.2755711317062378,0.07519160211086273,0.06792499870061874,0.057159293442964554,0.0,1791183678411,-0.21495001,8.78295,4.84005,-0.069202,8.769757,4.373394,-0.122552,0.032856,0.462213,-0.1285625,0.067925,0.03025,
36475772859770,0.19278471171855927,-0.0930689349770546,9.999007532512524,0.6851441591978074,0.2826096404376083,0.2668139606714249,0.08932306617498398,0.07741250097751617,0.052946899086236954,0.0,1791183678421,-0.28905,8.742001,4.8450003,-0.068905,8.762682,4.387557,-0.204252,-0.01274,0.452838,-0.1189375,0.0774125,0.0430375,
36475782853943,0.2239203155040741,-0.07617940828204155,10.031585850906154,0.5925629556179046,0.29083573943504254,0.2492159515619278,0.08839385211467743,0.06476250290870667,0.04195299372076988,0.0,1791183678431,-0.35595003,8.78505,4.8300004,-0.067289,8.756547,4.399814,-0.296847,0.01973,0.454946,-0.0944625,0.0647625,0.06655,
36475792848020,0.24323153495788574,-0.05775021836161613,10.051259254659806,0.4775464475154877,0.2987073171859108,0.23695240318775176,0.08432561904191971,0.045512501150369644,0.026105636730790138,0.0,1791183678441,-0.29205,8.85,4.75605,-0.06274,8.752134,4.408653,-0.296608,0.069633,0.398222,-0.0594,0.0455125,0.09625,
36475802842172,0.22807911038398743,-0.03789278045296669,10.023167193336548,0.34313352108001705,0.3038043169381644,0.2249104708433151,0.07764340192079544,0.027499999850988388,0.011236804537475109,0.0,1791183678451,-0.15105,8.90505,4.59795,-0.05438,8.749798,4.413399,-0.182864,0.119853,0.266584,-0.0264,0.0275,0.1175625,
36475812836336,0.22862230241298676,-0.015610256046056748,10.027995706101859,0.22210189402103422,0.30618228540359715,0.22332759499549865,0.057055480778217316,8.249999955296516E-4,0.001315993256866932,0.0,1791183678462,0.009000001,8.989051,4.44495,-0.042507,8.749336,4.414443,-0.022355,0.201718,0.107522,-0.004125,8.25E-4,0.1249875,
36475822830254,0.241547629237175,0.011356797814369202,10.082066435658517,0.12097103893756866,0.30388404220848564,0.2330801784992218,0.016649577766656876,-0.03959999978542328,-0.0013818733859807253,0.0,1791183678472,0.162,9.063001,4.41405,-0.027934,8.749995,4.413255,0.140242,0.270491,9.72E-4,0.0023375,-0.0396,0.1155,
36475832824425,0.2962239682674408,0.047633950412273404,10.118981412454218,0.04524257779121399,0.29219374209836024,0.24754090905189513,-0.03142287954688072,-0.0789249986410141,-0.0016596338246017694,0.0,1791183678481,0.23205002,9.08895,4.4419503,-0.012673,8.750866,4.411599,0.199202,0.327081,0.00981,0.0034375,-0.078925,0.0867625,
36475842818500,0.3202272057533264,0.08971094340085983,10.109424406488618,0.006014877557754539,0.26671530100594776,0.2629400432109833,-0.0644116997718811,-0.09707500040531158,-5.6738692364888266E-5,0.0,1791183678491,0.22200002,9.04395,4.512,0.001018,8.751476,4.410401,0.25973,0.326471,0.063681,1.375E-4,-0.097075,0.0495,
36475852812638,0.25749117136001587,0.12751601189374923,10.034535113095478,0.006748676300048828,0.2319682101741468,0.268822455406189,-0.0759018063545227,-0.09171249717473984,0.0013759707799181342,0.0,1791183678501,0.09,8.931001,4.5739503,0.010762,8.751554,4.41024,0.151824,0.22823,0.118908,-0.003025,-0.0917125,0.0133375,
36475862806562,0.18277771770954132,0.1600823037326336,9.904250985333583,0.007160422205924999,0.18744801296033342,0.2596535384654999,-0.07133568823337555,-0.07259999960660934,0.002266949974000454,0.0,1791183678514,-0.112050004,8.75895,4.62195,0.015707,8.750973,4.411377,-0.015926,0.104313,0.199174,-0.0050875,-0.0726,-0.0144375,
36475872800688,0.07146582007408142,0.18168925419449805,9.80008220153584,0.023578774929046642,0.14663978704381916,0.22563717663288116,-0.04093082994222641,-0.03423750028014183,0.0055980258621275425,0.0,1791183678521,-0.24900001,8.637,4.62405,0.016013,8.749722,4.413854,-0.205374,-0.033298,0.225427,-0.0125124995,-0.0342375,-0.0229625,
36475882794753,-0.07630649209022522,0.189999271184206,9.683675900585948,0.0858213186264038,0.12555932878406859,0.15113108456134797,0.007052596192806959,0.01251249946653843,0.008540071547031403,0.0,1791183678534,-0.35895002,8.53905,4.5529504,0.013616,8.748041,4.417195,-0.334658,-0.168087,0.164626,-0.018975,0.0125124995,-0.009075,
36475892788676,-0.14583170413970947,0.19002752006053925,9.66138722071908,0.16699116826057434,0.1254836825700655,0.057919302582740785,0.05323114991188049,0.052937500178813934,0.012916825711727142,0.0,1791183678541,-0.43500003,8.532001,4.512,0.010292,8.745999,4.421246,-0.400766,-0.221112,0.115085,-0.0286,0.0529375,0.0133375,
36475902782842,-0.15441060066223145,0.18154926002025604,9.65052181283542,0.24778864681720733,0.1416937815938627,0.024461051821708678,0.08324816823005676,0.07315000146627426,0.014870533719658852,0.0,1791183678551,-0.45000002,8.553,4.44705,0.007524,8.743876,4.425446,-0.443487,-0.209412,0.072577,-0.0328625,0.07315,0.039875,
36475912776929,-0.15468360483646393,0.16664973720908166,9.68268004097266,0.32503349483013155,0.15948239665227276,0.09195331633090972,0.08956775814294815,0.06998749822378159,0.012965631671249866,0.0,1791183678561,-0.321,8.611051,4.4160004,0.006705,8.742239,4.428683,-0.404362,-0.174256,0.002303,-0.0286,0.0699875,0.0600875,
36475922771071,-0.08764205873012543,0.15043910592794418,9.732273207538462,0.37131580114364626,0.16781126311525543,0.1237748920917511,0.07263205945491791,0.047712501138448715,0.005717453081160784,0.0,1791183678571,-0.20805001,8.70405,4.3489504,0.00899,8.741474,4.430191,-0.267782,-0.075329,-0.044693,-0.0125124995,0.0477125,0.06655,
36475932764986,-0.01974562183022499,0.13385630678385496,9.783088583094862,0.37540276125073435,0.16742199547081804,0.11246271803975105,0.0378592275083065,0.0147124994546175,9.513154509477317E-6,0.0,1791183678581,-0.13395001,8.800051,4.2720003,0.012833,8.741814,4.429506,-0.204588,0.036858,-0.115834,1.375E-4,0.014712499,0.054725,
36475942759136,-0.03286347910761833,0.11698566898703575,9.787857438798437,0.3586915284395218,0.1663684946046169,0.08986907303333283,-0.0016775820404291153,-0.020487500354647636,-0.0038481757510453463,0.0,1791183678591,-0.13095,8.818951,4.2439504,0.017378,8.743004,4.427142,-0.158855,0.050033,-0.170932,0.0086624995,-0.0204875,0.0367125,
36475952753193,-0.039308324456214905,0.10060581415891648,9.75754486084507,0.3265021562576294,0.16481604689843118,0.06684861779212951,-0.03877706825733185,-0.05238749831914902,-0.0043685659766197205,0.0,1791183678601,-0.16695,8.77305,4.26795,0.021664,8.744381,4.424403,-0.160747,0.043868,-0.172981,0.0097624995,-0.0523875,0.0176,
36475962747345,-0.05334703251719475,0.08611162845045328,9.760195518177747,0.27221847996115683,0.16497109385885247,0.04658130332827568,-0.058310870081186295,-0.0672374963760376,-0.002968705026432872,0.0,1791183678612,-0.246,8.778001,4.26,0.024924,8.74554,4.422098,-0.223862,0.025949,-0.168282,0.0066,-0.0672375,0.0037125,
36475972741495,-0.08571837097406387,0.07218647431582212,9.717145797422955,0.19732765033841132,0.1671193345837888,0.04619656577706337,-0.06363528966903687,-0.07259999960660934,0.003294579451903701,0.0,1791183678621,-0.26295,8.73495,4.24905,0.027184,8.746238,4.420701,-0.307524,-0.003479,-0.18125,-0.0072875,-0.0726,0.0026125,
36475982735408,-0.03415529802441597,0.05928269363939762,9.842654678954217,0.10699780359864236,0.16485337465493127,0.04907850101590157,-0.09217245876789093,-0.10449999570846558,0.013345776125788689,0.0,1791183678632,-0.27495003,8.781,4.4380503,0.030444,8.74585,4.421449,-0.296419,0.018457,-0.110172,-0.0295625,-0.104499996,0.0026125,
36475992729578,0.11448422074317932,0.0528453279286623,9.990705736086927,0.0048520907759666415,0.15998655279877166,0.019608961045742036,-0.12023959308862686,-0.13750000298023224,0.021070867776870728,0.0,1791183678641,-0.25605002,8.78505,4.7509503,0.035324,8.743707,4.425648,-0.337212,0.042147,0.172932,-0.0466125,-0.1375,0.005775,
36476002723658,0.2425023764371872,0.05356649123132229,10.107731414767485,0.1287064954638481,0.16080523274039712,0.036753179132938386,-0.1296723335981369,-0.15138749778270721,0.02020181342959404,0.0,1791183678651,-0.19095,8.745001,5.06505,0.04192,8.740242,4.432431,-0.29353,0.033641,0.472607,-0.04455,-0.1513875,0.0122375,
36476012717578,0.34336021542549133,0.059303386881947515,10.215985429347914,0.2398695208132267,0.16879633936398,0.1160946287214756,-0.13090482354164124,-0.15565000474452972,0.01111665740609169,0.0,1791183678663,-0.12900001,8.72295,5.3160005,0.049994,8.736254,4.440199,-0.213019,0.004111,0.752143,-0.0243375,-0.15565,0.0176,
36476022711718,0.40214502811431885,0.06733325682580471,10.270231573135792,0.3261300265789032,0.18067677417401606,0.21366730853915214,-0.11582761257886887,-0.14492499828338623,-0.0013833441771566868,0.0,1791183678671,-0.045,8.721001,5.4240003,0.059104,8.732557,4.447355,-0.17185,-0.025711,0.938918,0.0034375,-0.144925,0.0292875,
36476032705797,0.4433209002017975,0.07468810342252255,10.269601582541128,0.3990316212177276,0.19245464522018133,0.3091625481843948,-0.0737694501876831,-0.10449999570846558,-0.012822910211980343,0.0,1791183678681,0.081,8.754001,5.3689504,0.068957,8.729862,4.452498,-0.028474,0.003319,0.969688,0.028875,-0.104499996,0.042075,
36476042699947,0.43254920840263367,0.08030420355498791,10.204386511322335,0.4396241635084152,0.20098757640793732,0.3727755457162857,-0.023761514574289322,-0.050187498331069946,-0.021016471087932587,0.0,1791183678691,0.23205002,8.79705,5.1660004,0.078069,8.728546,4.45493,0.089305,0.064491,0.823604,0.047025,-0.0501875,0.0452375,
36476052693889,0.32471904158592224,0.08366559706628322,10.1147528971864,0.43580018207430843,0.20445507202925065,0.3892188787460327,0.015024925582110882,-0.0012374999932944775,-0.022513484582304955,0.0,1791183678704,0.29895002,8.833051,4.91895,0.085542,8.728448,4.454982,0.194359,0.066983,0.579343,0.0501875,-0.0012375,0.0345125,
36476062688044,0.26580163836479187,0.08781679309904575,10.052911781624,0.4199037291109562,0.20724902968182515,0.3737071633338928,0.04749222472310066,0.043449997901916504,-0.017326561734080315,0.0,1791183678711,0.36795002,8.87205,4.7130003,0.090268,8.728944,4.45392,0.263854,0.114371,0.35535,0.0385,0.043449998,0.0185625,
36476072682121,0.18434026837348938,0.09346051551401616,9.980804764044839,0.37922471240162847,0.20826132634113914,0.3301462113857269,0.05901135504245758,0.06902500241994858,-0.010301084257662296,0.0,1791183678721,0.37005,8.87205,4.557,0.092096,8.7296,4.4526,0.283574,0.118503,0.167528,0.02255,0.069025,-0.0059125,
36476082676258,0.14439257979393005,0.10449546910822391,9.925788157741353,0.2899695083498955,0.20479177660147851,0.27036054730415343,0.05294492095708847,0.07535000145435333,-0.0032894709147512913,0.0,1791183678732,0.32205,8.874001,4.43505,0.091115,8.730135,4.45157,0.248642,0.14191,0.034482,0.0066,0.07535,-0.03135,
36476092670183,0.06610889732837677,0.11509249918162823,9.799169406983832,0.16031930595636368,0.1968955725214477,0.19707248508930206,0.044123001396656036,0.07644999772310257,0.002839508932083845,0.0,1791183678742,0.26700002,8.79,4.3230004,0.087528,8.730463,4.450996,0.20195,0.110458,-0.075075,-0.0072875,0.07645,-0.0526625,
36476102664347,-0.03667377680540085,0.12097934037446975,9.729288829793308,0.008699292689561836,0.19040290350831054,0.12479392141103744,0.02726496011018753,0.06902500241994858,0.006555343512445688,0.0,1791183678751,0.124050006,8.733001,4.287,0.081727,8.730627,4.450784,0.133531,0.038468,-0.158661,-0.0158125,0.069025,-0.075075,
36476112658434,-0.10446038097143173,0.12349050156772137,9.647520456984191,0.16292579099535942,0.1870524262439921,0.050741517543792726,0.010000031441450119,0.05719999969005585,0.006508002057671547,0.0,1791183678765,-0.10305001,8.653951,4.263,0.073388,8.730708,4.450773,-0.042482,-0.026256,-0.177803,-0.0158125,0.0572,-0.089925,
36476122652586,-0.18888813257217407,0.11842819787561894,9.549771620928055,0.33306671082973477,0.19394111451044146,0.023904162645339965,-0.0036423243582248688,0.04124999791383743,0.003235154552385211,0.0,1791183678771,-0.25800002,8.55105,4.2439504,0.063315,8.730931,4.450488,-0.231129,-0.119853,-0.177518,-0.0083875,0.041249998,-0.088825,
36476132646749,-0.32544562220573425,0.10314319785684348,9.424246240323415,0.4906473487615585,0.2151188575115016,0.11787180304527282,-0.009540656581521034,0.026399999856948853,-0.00239506340585649,0.0,1791183678781,-0.402,8.44095,4.1719503,0.05344,8.731571,4.449359,-0.388847,-0.247385,-0.226668,0.0044,0.0264,-0.072875,
36476142640672,-0.38386213779449463,0.08559326492249966,9.458940914934304,0.5970848888158798,0.23854127892201718,0.20786601006984712,-0.026382455602288246,-0.007699999958276749,-0.007064802572131157,0.0,1791183678792,-0.49095002,8.47395,4.1740503,0.045743,8.732842,4.446949,-0.515226,-0.282176,-0.286507,0.015125,-0.0077,-0.043175,
36476152634746,-0.34935519099235535,0.07009092159569263,9.49891590798259,0.6441094562411308,0.2556180876127485,0.270402292907238,-0.048802874982357025,-0.04922499880194664,-0.012704171240329742,0.0,1791183678802,-0.43305,8.505,4.20795,0.042381,8.734621,4.443487,-0.514258,-0.255224,-0.263892,0.0279125,-0.049225,-0.0111375,
36476162628908,-0.25038063526153564,0.06023924145847559,9.582662888096493,0.6297325551509857,0.26384996802201577,0.2995863437652588,-0.06903057545423508,-0.08112499862909317,-0.018405171111226082,0.0,1791183678810,-0.33705002,8.59095,4.2319503,0.043291,8.736888,4.439026,-0.417006,-0.171299,-0.211546,0.0407,-0.081125,0.006875,
36476172623052,-0.19780132174491882,0.05463509391993284,9.598858133016329,0.5717295289039612,0.26804750425465795,0.30136898159980774,-0.07365623861551285,-0.08744999766349792,-0.021729588508605957,0.0,1791183678821,-0.27,8.60295,4.24905,0.046002,8.739624,4.43361,-0.362255,-0.118968,-0.198947,0.048125,-0.08745,0.009075,
36476182616975,-0.1866680383682251,0.047009456902742386,9.63430249703727,0.47068594992160795,0.2725958319467765,0.2736134648323059,-0.07562458515167236,-0.08635000139474869,-0.02024255320429802,0.0,1791183678831,-0.24405001,8.62695,4.28205,0.049091,8.74222,4.42845,-0.28873,-0.119171,-0.174633,0.044825,-0.08635,0.0026125,
36476192611028,-0.17255695164203644,0.032657398283481597,9.65192750944521,0.3561463490128517,0.27619799819774404,0.23135242760181426,-0.059177760034799576,-0.06407500058412552,-0.014551577158272266,0.0,1791183678841,-0.29700002,8.62005,4.3320003,0.050779,8.744167,4.424587,-0.297601,-0.130695,-0.120492,0.032175,-0.064075,-0.0048125,
36476202605212,-0.1610424816608429,0.012480155378580094,9.634452142526744,0.2444314032793045,0.27486805836419664,0.19368988573551177,-0.02416866645216942,-0.022549999877810478,-0.004451979883015156,0.0,1791183678851,-0.34905002,8.59095,4.347,0.04971,8.745042,4.422872,-0.387512,-0.136358,-0.082864,0.0097624995,-0.02255,-0.009075,
36476212599132,-0.19516795873641968,-0.014446253329515458,9.615837629868189,0.15874318778514862,0.2674120870135295,0.18264735043048858,0.008079146966338158,0.011549999937415123,0.005190469790250063,0.0,1791183678861,-0.43800002,8.544001,4.3900504,0.046619,8.744761,4.42346,-0.434698,-0.191143,-0.049934,-0.01155,0.01155,-0.0048125,
36476222593272,-0.17683124542236328,-0.04339506700634956,9.666321606118315,0.06058153212070465,0.25161919632995866,0.17845333516597747,0.032658353447914124,0.03382499888539314,0.013377092778682709,0.0,1791183678870,-0.42600003,8.57205,4.44705,0.042433,8.743381,4.426232,-0.492762,-0.192157,-0.007215,-0.0295625,0.033825,0.005775,
36476232587349,-0.06804326176643372,-0.06896327510476112,9.811632639378622,0.053137630224227905,0.22548667751077683,0.1547283798456192,0.04554047808051109,0.043449997901916504,0.0202027577906847,0.0,1791183678881,-0.37095,8.674951,4.5690002,0.039023,8.741151,4.430664,-0.448651,-0.115707,0.081725,-0.04455,0.043449998,0.0154,
36476242581490,0.02386806160211563,-0.08939733244478702,9.867425846504933,0.1549589157104492,0.19565744384900138,0.1154433771967888,0.049334581941366196,0.047712501138448715,0.02215336263179779,0.0,1791183678891,-0.37800002,8.674951,4.6870503,0.036192,8.738317,4.436273,-0.390753,-0.067384,0.188643,-0.0488125,0.0477125,0.0154,
36476252575431,0.07178103923797607,-0.10204423256218434,9.923088360044604,0.23070767074823378,0.17563085168569886,0.068878673017025,0.03945301100611687,0.036024998873472214,0.018318580463528633,0.0,1791183678902,-0.423,8.6629505,4.821,0.033417,8.735246,4.442339,-0.445438,-0.071495,0.302288,-0.0402875,0.036025,0.0165,
36476262569584,0.12645263969898224,-0.10901168249547481,9.975306291697088,0.29681442826986315,0.16322580218527508,0.004554553329944611,0.03958963230252266,0.0317624993622303,0.010127691552042961,0.0,1791183678911,-0.342,8.685,4.8949504,0.031363,8.732397,4.447952,-0.426625,-0.068646,0.416385,-0.0221375,0.0317625,0.025024999,
36476272563723,0.15907105803489685,-0.11027514301240444,9.984742378813214,0.33623937219381334,0.16103327482582935,0.06262590736150742,0.0348607562482357,0.02419999986886978,4.6813389053568244E-4,0.0,1791183678920,-0.25800002,8.71605,4.8640504,0.031237,8.730359,4.451949,-0.316366,-0.035484,0.421965,-8.25E-4,0.0242,0.0292875,
36476282557812,0.18434366583824158,-0.10827758871018886,9.973909209851296,0.34445572048425677,0.16439268551976774,0.11310329288244247,0.04480239748954773,0.03698749840259552,-0.006290674675256014,0.0,1791183678931,-0.20805001,8.77095,4.74405,0.031427,8.729388,4.453856,-0.249519,0.027735,0.35302,0.014025,0.0369875,0.0259875,
36476292551966,0.11392271518707275,-0.10588689781725406,9.898800829631629,0.32480410933494563,0.16723443448169853,0.1311142235994339,0.04665524512529373,0.045512501150369644,-0.0077701834961771965,0.0,1791183678941,-0.24195,8.74905,4.62405,0.030476,8.729283,4.454067,-0.243779,0.013475,0.225916,0.0171875,0.0455125,0.0133375,
36476302545894,0.04576437175273895,-0.10176499038934708,9.795882189951325,0.30855824053287506,0.16988451526748619,0.12591089010238649,0.05169873312115669,0.05829999968409538,-0.0030012258794158697,0.0,1791183678951,-0.30105,8.685,4.5210004,0.027312,8.72928,4.45409,-0.30047,-0.012856,0.12773,0.0066,0.0583,-5.5E-4,
36476312540055,-0.054232001304626465,-0.09925357140600681,9.708827762631953,0.2682272970676422,0.17019708369536118,0.08977396190166473,0.06493931263685226,0.07644999772310257,0.005673043429851532,0.0,1791183678961,-0.41895002,8.5990505,4.4880004,0.021901,8.728702,4.455257,-0.38125,-0.079316,0.037978,-0.0125124995,0.07645,-0.006875,
36476322534120,-0.14245283603668213,-0.09693180657923221,9.66743920740731,0.18419756293296816,0.1692727024713492,0.029469183087348937,0.07107553631067276,0.08071249723434448,0.014447829686105251,0.0,1791183678971,-0.46695003,8.517,4.54995,0.015261,8.727046,4.458526,-0.463196,-0.183005,0.04668,-0.0317625,0.0807125,-0.00165,
36476332528045,-0.14229357242584229,-0.08777420409023762,9.684220528134283,0.07958511263132095,0.16143525764849037,0.03585826456546783,0.0882844626903534,0.09019999951124191,0.016423538327217102,0.0,1791183678980,-0.615,8.484,4.629,0.009032,8.724595,4.463338,-0.562311,-0.228438,0.135242,-0.036025,0.0902,0.0176,
36476342522190,-0.18100689351558685,-0.07763144187629223,9.603317820454363,0.025965513288974756,0.14835659837471732,0.09484418630599975,0.11849111318588257,0.1083500012755394,0.012053274549543858,0.0,1791183678991,-0.57000005,8.4210005,4.5810003,0.003366,8.722136,4.468151,-0.628472,-0.28344,0.156765,-0.0264,0.10835,0.0484,
36476352516332,-0.25088179111480713,-0.07270777188241481,9.539070895798682,0.14961886554956436,0.140693042255072,0.15417341887950897,0.12973564863204956,0.10518749803304672,0.006219326052814722,0.0,1791183679002,-0.555,8.389951,4.50495,0.001014,8.720389,4.471559,-0.556688,-0.320001,0.074349,-0.013612499,0.1051875,0.0792,
36476362510420,-0.3124731183052063,-0.07581239603459836,9.517033075901184,0.2684475496411324,0.14519256935551636,0.20582164227962493,0.1311156153678894,0.08923749625682831,0.0014090311015024781,0.0,1791183679011,-0.44700003,8.40495,4.4419503,0.002439,8.719421,4.473444,-0.498258,-0.350157,-0.001756,-0.003025,0.089237496,0.113299996,
36476372504363,-0.2989463806152344,-0.08086964897811413,9.587794995399353,0.35022364407777784,0.1509989411971667,0.2371203511953354,0.12675471603870392,0.0668250024318695,-0.002373526571318507,0.0,1791183679021,-0.177,8.48595,4.45905,0.009142,8.71903,4.474199,-0.342155,-0.328219,-0.014482,0.0055,0.066825,0.14739999,
36476382498501,-0.16701140999794006,-0.07988681755959988,9.730532575515959,0.37317814230918883,0.15036977580209046,0.24206391870975494,0.1076006293296814,0.036024998873472214,-0.008476671762764454,0.0,1791183679031,0.162,8.685,4.38495,0.022094,8.719471,4.473296,-0.034284,-0.163459,-0.047097,0.0193875,0.036025,0.1654125,
36476392492660,0.006717223674058914,-0.07092310879379511,9.884688697008125,0.3304299853742123,0.1499211349686561,0.2045190952718258,0.07714604586362839,0.008249999955296516,-0.014503547921776772,0.0,1791183679041,0.411,8.90295,4.275,0.039119,8.721315,4.469579,0.250359,0.07651,-0.136754,0.0331375,0.00825,0.1527625,
36476402486737,0.11345677077770233,-0.057198146171867845,9.928302246566346,0.22142534479498863,0.15356332258244218,0.1316513828933239,0.052555594593286514,8.249999955296516E-4,-0.01689090020954609,0.0,1791183679051,0.47295,9.022051,4.11705,0.055693,8.724391,4.463399,0.398985,0.255393,-0.255073,0.0385,8.25E-4,0.113299996,
36476412480893,0.08267584443092346,-0.04330595601350069,9.86767080719146,0.08209077343344688,0.15302011076510688,0.052621590346097945,0.030139874666929245,8.249999955296516E-4,-0.008805042132735252,0.0,1791183679062,0.44700003,9.03195,3.9490502,0.068395,8.727803,4.456542,0.407831,0.316625,-0.44454,0.02035,8.25E-4,0.06435,
36476422474807,-0.005487263202667236,-0.03473875690251589,9.803706991417684,0.04192849770188332,0.15007271547042886,0.006070233136415482,-0.0019061015918850899,-0.011962499469518661,0.010710719972848892,0.0,1791183679071,0.34905002,8.965051,3.9520502,0.076826,8.730027,4.452048,0.337151,0.264122,-0.535814,-0.0232375,-0.0119624995,0.0196625,
36476432468986,0.017336130142211914,-0.030469787307083607,9.888276497953473,0.13778392747044563,0.1502788275775603,0.04293974116444588,-0.026789028197526932,-0.02474999986588955,0.03366248309612274,0.0,1791183679080,0.21195,8.922001,4.25805,0.081702,8.729507,4.452981,0.193411,0.207181,-0.371548,-0.07425,-0.02475,-0.009075,
36476442463061,0.15765929222106934,-0.02378022577613592,10.050663425071823,0.22730157375335694,0.1554380044313852,0.07312815487384797,-0.0394434854388237,-0.031075000762939453,0.046663008630275726,0.0,1791183679091,0.162,8.91195,4.644,0.084322,8.725945,4.45991,0.109389,0.172436,0.006989,-0.1029875,-0.031075,-0.023924999,
36476452457205,0.3185669779777527,-0.011440928839147092,10.156953959979697,0.319971838593483,0.17149984723043515,0.11415019631385803,-0.03056272305548191,-0.014024999924004078,0.043760497123003006,0.0,1791183679101,0.117000006,8.87895,4.93095,0.084744,8.720904,4.469751,0.049111,0.182266,0.341914,-0.0966625,-0.014025,-0.0378125,
36476462451109,0.33327800035476685,-0.0010996608063578606,10.150568133413396,0.4013909786939621,0.18519201108729705,0.1642706274986267,-0.016343727707862854,0.008249999955296516,0.029615074396133423,0.0,1791183679110,0.034950003,8.8279505,5.01,0.082506,8.71602,4.479308,-0.006111,0.11293,0.509527,-0.065725,0.00825,-0.0506,
36476472445236,0.2869116961956024,0.005292371101677418,10.033960578607518,0.4648143380880356,0.1926655574513606,0.22275041937828063,-0.005258090794086456,0.026399999856948853,0.012094812467694283,0.0,1791183679121,-0.079050004,8.74905,4.9120502,0.077566,8.712705,4.485838,-0.087362,0.073149,0.486238,-0.0275,0.0264,-0.0622875,
36476482439300,0.1746906042098999,0.004809718020260334,9.897305272841942,0.458740409463644,0.19222799961429635,0.25422131419181826,0.013365184888243675,0.04661250114440918,0.0018916144035756588,0.0,1791183679130,-0.20595,8.6629505,4.782,0.070315,8.710893,4.489478,-0.226157,0.0175,0.350916,-0.0050875,0.0466125,-0.0611875,
36476492433442,0.03786011040210724,0.0010065877810120582,9.812219243042756,0.3619128607213497,0.19077859982291173,0.2302614778280258,0.024368558079004288,0.052937500178813934,-8.819635841064155E-4,0.0,1791183679142,-0.26505002,8.61795,4.68405,0.062318,8.7098,4.491721,-0.301957,-0.081962,0.245723,0.0012375,0.0529375,-0.0495,
36476502427367,0.004005536437034607,-0.001081353984773159,9.776697999550231,0.21997077986598015,0.19050564656440624,0.1673491895198822,0.03561677038669586,0.05623750016093254,-0.0012489829678088427,0.0,1791183679150,-0.19395001,8.613001,4.62195,0.055412,8.709079,4.493205,-0.297445,-0.078846,0.16523,0.0023375,0.0562375,-0.03135,
36476512421540,-0.0078036487102508545,0.0012400636449456214,9.771132938971514,0.09306262657046317,0.19012633244741178,0.09913285970687866,0.045209869742393494,0.060499999672174454,-0.0021141229663044214,0.0,1791183679160,-0.08805001,8.635051,4.572,0.050506,8.708658,4.494078,-0.206348,-0.066455,0.114079,0.0044,0.0605,-0.0187,
36476522415608,-0.01011786237359047,0.007856812328100204,9.801694544321656,0.003212793171405791,0.1872920408880049,0.039726947993040086,0.03807849809527397,0.052937500178813934,-0.0050756256096065044,0.0,1791183679170,-0.024,8.680051,4.5529504,0.047087,8.708755,4.493928,-0.099979,-0.04261,0.061557,0.0108624995,0.0529375,-0.0196625,
36476532409765,0.039559729397296906,0.016949477419257165,9.862287196162269,0.06042738184332848,0.18417010850564525,0.012700773030519485,0.012901173904538155,0.028462499380111694,-0.009012590162456036,0.0,1791183679181,0.04695,8.710951,4.62405,0.044654,8.709255,4.492981,-0.028114,-0.002408,0.091234,0.0193875,0.0284625,-0.027224999,
36476542403664,0.05958704277873039,0.028979174233973025,9.868334733865314,0.09710403680801391,0.1786210433314945,0.017046159505844115,-0.012176740914583206,0.007287499960511923,-0.013412974774837494,0.0,1791183679191,0.102000006,8.710951,4.63605,0.04279,8.709998,4.491562,0.024028,-0.005546,0.140537,0.028875,0.0072875,-0.040975,
36476552397820,0.038323041051626205,0.043439415842294694,9.787246695948175,0.14036096706986426,0.1666872398521205,0.023909660428762435,-0.02007070928812027,0.009349999949336052,-0.017387427389621735,0.0,1791183679201,0.066,8.637,4.60305,0.039991,8.711093,4.489462,0.072316,-0.025794,0.13306,0.0374,0.00935,-0.0622875,
36476562391890,-0.06499481201171875,0.05581333115696907,9.668338706123853,0.21027899160981178,0.14793827983200836,0.012471427768468856,-0.017935043200850487,0.023237500339746475,-0.01697687990963459,0.0,1791183679211,-0.069000006,8.548051,4.51695,0.033939,8.712268,4.48723,-0.046129,-0.117949,0.087408,0.0364375,0.0232375,-0.0845625,
36476572386044,-0.2010149210691452,0.06070990413427353,9.547225848410186,0.27992929816246037,0.13735746472242685,0.02570798397064209,0.0026791393756866455,0.05087500065565109,-0.010049508884549141,0.0,1791183679220,-0.21795002,8.469001,4.40205,0.024385,8.713161,4.48556,-0.177833,-0.209822,-0.030631,0.02145,0.050875,-0.0930875,
36476582379948,-0.31288325786590576,0.053416311740875244,9.473152050823694,0.32645805925130844,0.15231421244956492,0.09619658142328262,0.034236207604408264,0.0859375,0.0022154406178742647,0.0,1791183679231,-0.333,8.41395,4.33995,0.01203,8.713258,4.485422,-0.273217,-0.286533,-0.126261,-0.0050875,0.0859375,-0.092125,
36476592374104,-0.367366760969162,0.0347121125087142,9.432470684239975,0.3489365316927433,0.17774603151087856,0.1815873421728611,0.061325572431087494,0.11041250079870224,0.016953160986304283,0.0,1791183679242,-0.42105,8.36205,4.3440003,-0.001821,8.712013,4.487855,-0.376681,-0.323596,-0.174183,-0.0369875,0.1104125,-0.0804375,
36476602368186,-0.39261311292648315,0.009408618323504925,9.439605073392412,0.36690743267536163,0.19943342561930896,0.26777457296848295,0.0824795663356781,0.12540000677108765,0.0273345485329628,0.0,1791183679251,-0.48105,8.338051,4.39905,-0.015769,8.709391,4.492913,-0.436953,-0.37604,-0.128963,-0.0594,0.1254,-0.0633875,
36476612362317,-0.3974214494228363,-0.014596246369183063,9.436291019242036,0.3739868484437466,0.21726616995148837,0.33425990045070647,0.10269438475370407,0.1381874978542328,0.03030720166862011,0.0,1791183679261,-0.53805,8.332951,4.395,-0.029302,8.706052,4.499312,-0.49764,-0.403825,-0.087478,-0.065725,0.1381875,-0.0441375,
36476622356219,-0.41499200463294983,-0.035071483440697195,9.366587918894364,0.3897560901939869,0.2340876817675778,0.3770553171634674,0.1142820417881012,0.1391499936580658,0.0273925568908453,0.0,1791183679270,-0.57195,8.316,4.2720003,-0.041336,8.703132,4.504862,-0.495183,-0.379358,-0.174431,-0.0594,0.13915,-0.0207625,
36476632350387,-0.49507591128349304,-0.06069208551198244,9.307114096021621,0.43054000735282894,0.254132845749029,0.41349384784698484,0.10672516375780106,0.11797499656677246,0.023892635479569435,0.0,1791183679280,-0.615,8.30895,4.14795,-0.051065,8.701115,4.508656,-0.545309,-0.396494,-0.31709,-0.051975,0.117975,0.0037125,
36476642344541,-0.527315080165863,-0.09494080413132906,9.3137455992103,0.46939317211508746,0.2681669504441669,0.44548351168632505,0.08442562073469162,0.07851249724626541,0.023236114531755447,0.0,1791183679292,-0.57195,8.35005,4.086,-0.057089,8.699798,4.511129,-0.560833,-0.373629,-0.432089,-0.050875,0.0785125,0.03135,
36476652338621,-0.44706714153289795,-0.1332225101068616,9.428439287184535,0.4688457451760769,0.26095639076190624,0.45637431740760803,0.04668775200843811,0.023237500339746475,0.02702959068119526,0.0,1791183679301,-0.48600003,8.47395,4.10505,-0.057768,8.69845,4.513719,-0.478751,-0.281302,-0.43468,-0.0594,0.0232375,0.055825,
36476662332803,-0.3245944380760193,-0.1661161320284009,9.576268087711513,0.4161009311676025,0.24076185732803934,0.4418089151382446,0.016304422169923782,-0.020487500354647636,0.03236254304647446,0.0,1791183679310,-0.40905002,8.59395,4.2049503,-0.053502,8.696712,4.51712,-0.392038,-0.17422,-0.373437,-0.0710875,-0.0204875,0.073975,
36476672326736,-0.20561282336711884,-0.19074235800653697,9.687671931156911,0.3037364974617958,0.21720062088352418,0.39993307888507845,-0.006150335073471069,-0.048124998807907104,0.04227317497134209,0.0,1791183679320,-0.34005,8.65095,4.347,-0.046262,8.693856,4.52269,-0.301116,-0.094749,-0.266479,-0.0924,-0.048125,0.0782375,
36476682320887,-0.051818471401929855,-0.20206781178712846,9.816630345616286,0.12969424873590468,0.20331201053701814,0.3112815909087658,-0.01926470547914505,-0.06187500059604645,0.05227813497185707,0.0,1791183679331,-0.37305,8.70405,4.524,-0.038222,8.689564,4.531006,-0.345069,-0.009054,-0.097624,-0.1137125,-0.061875,0.0760375,
36476692314962,0.07525336742401123,-0.20019814893603324,9.921191755383118,0.077006671577692,0.20566808070062417,0.19076790139079094,-0.006314333528280258,-0.050187498331069946,0.06277960538864136,0.0,1791183679341,-0.42105,8.694,4.761,-0.030602,8.683563,4.542559,-0.386207,0.030465,0.101511,-0.1359875,-0.0501875,0.0814,
36476702309111,0.15559272468090057,-0.19261878952383996,9.99563054246653,0.26402397230267527,0.2156068476682435,0.07023592814803123,0.01429498940706253,-0.033137500286102295,0.06748991459608078,0.0,1791183679350,-0.44700003,8.641951,5.00295,-0.02325,8.675981,4.557064,-0.427078,0.006923,0.319244,-0.1456125,-0.0331375,0.0930875,
36476712303034,0.2117924839258194,-0.18163898289203645,10.056955179211325,0.4140967734158039,0.2298594107247445,0.0370414562523365,0.03557403385639191,-0.021449999883770943,0.06231334060430527,0.0,1791183679361,-0.43095002,8.61795,5.1660004,-0.014895,8.667742,4.572749,-0.437828,-0.035116,0.519036,-0.133925,-0.02145,0.1164625,
36476722297099,0.24370884895324707,-0.16894764732569456,10.083682263499995,0.5403996385633945,0.2454574155812945,0.12690579071640967,0.05042847990989685,-0.0193875003606081,0.04917483776807785,0.0,1791183679371,-0.40395,8.61495,5.2249503,-0.004214,8.660089,4.587249,-0.391048,-0.053798,0.621853,-0.1051875,-0.0193875,0.1442375,
36476732291246,0.27786993980407715,-0.15703213680535555,10.114677572014747,0.6383269846439361,0.2606067822868706,0.1928434729576111,0.05690944567322731,-0.027912499383091927,0.03301483392715454,0.0,1791183679380,-0.28005,8.62695,5.27295,0.009622,8.653855,4.59899,-0.349818,-0.030806,0.650813,-0.0699875,-0.0279125,0.1739375,
36476742285171,0.2999066114425659,-0.14501615837216378,10.162589666935526,0.6941484391689301,0.27543596128781767,0.237774121761322,0.058246269822120667,-0.03849999979138374,0.015480843372642994,0.0,1791183679391,-0.03795,8.698951,5.2540503,0.027334,8.649298,4.607485,-0.214301,-0.011883,0.661472,-0.0317625,-0.0385,0.19635,
36476752279325,0.3776540756225586,-0.12804960664361714,10.196883710980273,0.7239953070878982,0.2958980406591497,0.2821863919496536,0.051196105778217316,-0.05238749831914902,-0.0015500582521781325,0.0,1791183679402,0.17895001,8.757,5.2210503,0.049176,8.646704,4.612169,0.027219,0.086478,0.640029,0.0055,-0.0523875,0.20693749,
36476762273493,0.39784616231918335,-0.10490755792707204,10.173257115368198,0.7193302065134048,0.3172532406161836,0.3193971276283264,0.057462479919195175,-0.04166249930858612,-0.018139032647013664,0.0,1791183679410,0.31500003,8.805,5.08605,0.072297,8.64613,4.612942,0.193239,0.151696,0.557852,0.0416625,-0.0416625,0.1995125,
36476772267573,0.3384353220462799,-0.0779350457713008,10.084482086965805,0.6496240131556987,0.33058722974144666,0.338342422246933,0.07439171522855759,-0.010862499475479126,-0.027932051569223404,0.0,1791183679420,0.41295,8.857051,4.8040504,0.093578,8.647452,4.610078,0.306034,0.191074,0.354815,0.062975,-0.0108624995,0.1772375,
36476782261726,0.2137485146522522,-0.0516034571453929,9.96792469772342,0.5162860386073589,0.33179586459343563,0.32551813721656797,0.08758112043142319,0.01993750035762787,-0.0284255538135767,0.0,1791183679431,0.504,8.88105,4.49805,0.111614,8.650301,4.604328,0.364612,0.207379,0.056501,0.064075,0.0199375,0.14739999,
36476792255650,0.1218499168753624,-0.027142623253166676,9.925297927491014,0.3601427264511585,0.3255904541175562,0.28990679830312727,0.08977285027503967,0.04028749838471413,-0.017619779333472252,0.0,1791183679442,0.531,8.93595,4.287,0.126408,8.653511,4.597909,0.409674,0.244871,-0.212412,0.0407,0.0402875,0.1144,
36476802249795,0.08554542064666748,-0.003234696574509144,9.912868059777935,0.1944436110556126,0.31526822021129924,0.23148506730794907,0.07598571479320526,0.045512501150369644,-0.004021184518933296,0.0,1791183679450,0.56895,8.97,4.18095,0.137793,8.656258,4.592409,0.427019,0.290008,-0.3769,0.0108624995,0.0455125,0.0760375,
36476812243867,0.0793280154466629,0.020602776668965816,9.901478993346402,0.040875647217035294,0.3023201875649822,0.16778143793344497,0.04820019751787186,0.03698749840259552,0.006357899866998196,0.0,1791183679461,0.56205004,8.962951,4.17,0.14591,8.65826,4.588383,0.416508,0.309554,-0.427941,-0.0125124995,0.0369875,0.03355,
36476822238015,0.09115688502788544,0.04591022115200758,9.878306861332046,0.074517722427845,0.28551494268865635,0.11832575052976609,0.0031334003433585167,0.010449999943375587,0.01119984406977892,0.0,1791183679470,0.45705003,8.92695,4.2049503,0.150749,8.659624,4.58565,0.363784,0.310584,-0.40366,-0.0243375,0.01045,-0.0122375,
36476832231935,0.07366032898426056,0.07434703316539526,9.854652646081014,0.14746600836515425,0.2571290218370556,0.09030811339616776,-0.048288047313690186,-0.02681249938905239,0.01154338289052248,0.0,1791183679480,0.33405003,8.851951,4.3180504,0.15257,8.660559,4.583827,0.259013,0.252188,-0.327616,-0.0264,-0.0268125,-0.0517,
36476842226074,0.05537644773721695,0.10348160956054926,9.838888246997731,0.20517297238111495,0.21722025585524599,0.07701341956853866,-0.09556002914905548,-0.06517499685287476,0.009104615077376366,0.0,1791183679491,0.23205002,8.77095,4.452,0.152035,8.661044,4.582927,0.115895,0.172694,-0.211795,-0.0221375,-0.065175,-0.0804375,
36476852220144,0.03612127900123596,0.12764103058725595,9.853606310765912,0.25226853638887403,0.1779680765463237,0.06712859123945236,-0.1324998140335083,-0.09817499667406082,0.004871322773396969,0.0,1791183679501,0.14505,8.69205,4.63905,0.150453,8.661054,4.582962,0.026498,0.062551,-0.041841,-0.013612499,-0.098175,-0.09735,
36476862214303,0.07199905812740326,0.14747070539742707,9.859674866176583,0.2726796224713326,0.14563095744252846,0.06566279977560044,-0.1478021740913391,-0.11508750170469284,-7.931969594210386E-5,0.0,1791183679510,0.09,8.60295,4.81605,0.148743,8.660565,4.583939,-0.041223,-0.001603,0.158293,-0.003025,-0.1150875,-0.09845,
36476872208221,0.05831977725028992,0.16066733542829753,9.881079518749164,0.26642275899648665,0.12328106183307096,0.05909537822008133,-0.1404818296432495,-0.10876250267028809,-0.007989521138370037,0.0,1791183679521,0.069000006,8.58195,4.8970504,0.146843,8.660022,4.585028,-0.0489,-0.084856,0.286491,0.014025,-0.1087625,-0.0952875,
36476882202377,0.07039954513311386,0.1667782362550497,9.829695050498119,0.2314635768532753,0.11537235323420943,0.05844322144985199,-0.11258608102798462,-0.07796250283718109,-0.013409829698503017,0.0,1791183679531,-0.01905,8.53905,4.8690004,0.143484,8.659884,4.585394,-0.114972,-0.077536,0.30049,0.0257125,-0.0779625,-0.0941875,
36476892196452,-0.0018482953310012817,0.16292315311729907,9.745000895985271,0.1844867944717407,0.11957768814377687,0.046998272836208346,-0.07477952539920807,-0.03739999979734421,-0.012782144360244274,0.0,1791183679540,-0.072000004,8.493,4.7779503,0.137933,8.659901,4.585532,-0.171671,-0.125436,0.238103,0.0246125,-0.0374,-0.089925,
36476902190630,-0.07706602662801743,0.15129021555185318,9.694275718922079,0.1434206262230873,0.13053946463080515,0.024360811710357665,-0.034496694803237915,0.005087499972432852,-0.0056821927428245544,0.0,1791183679551,-0.141,8.493,4.67205,0.130546,8.659713,4.586105,-0.233715,-0.158767,0.141763,0.0097624995,0.0050875,-0.0836,
36476912184570,-0.135198175907135,0.13394068256020547,9.639159293263868,0.13540438562631607,0.14373690976637526,0.01707863509654999,0.00474969670176506,0.04867500066757202,0.004854449070990086,0.0,1791183679561,-0.17400001,8.505,4.533,0.120734,8.659103,4.58752,-0.293336,-0.150976,0.003878,-0.0125124995,0.048675,-0.0814,
36476922178724,-0.1750660389661789,0.11300193816423416,9.598744177959517,0.15406391173601153,0.1561847412267504,0.06375579833984375,0.03225759044289589,0.07961250096559525,0.01597639173269272,0.0,1791183679570,-0.201,8.529,4.39905,0.109271,8.657894,4.590094,-0.289055,-0.133007,-0.116011,-0.036025,0.0796125,-0.0804375,
36476932172801,-0.2048359215259552,0.08886664509773254,9.610097755439286,0.19581631124019622,0.1658406867299075,0.11880289167165756,0.03762829676270485,0.08813749998807907,0.027009882032871246,0.0,1791183679580,-0.294,8.556001,4.3660502,0.096519,8.656195,4.593582,-0.340946,-0.104971,-0.232027,-0.0594,0.0881375,-0.0845625,
36476942166952,-0.2118304967880249,0.063279789686203,9.569260957971965,0.22792792320251465,0.17071172013768873,0.1607993319630623,0.02520795539021492,0.07535000145435333,0.033653851598501205,0.0,1791183679590,-0.49500003,8.491051,4.38495,0.082848,8.653847,4.598273,-0.480504,-0.114594,-0.22714,-0.0732875,0.07535,-0.0867625,
36476952161105,-0.25552600622177124,0.03162078559398651,9.530710935909935,0.2621541276574135,0.16816805893089135,0.19649132788181306,0.010423630475997925,0.052937500178813934,0.03434488922357559,0.0,1791183679601,-0.60795003,8.424001,4.4160004,0.06894,8.651032,4.60379,-0.624614,-0.183607,-0.189562,-0.07425,0.0529375,-0.076175,
36476962155034,-0.3129400908946991,-0.003918527066707611,9.514326596706924,0.2911350890994072,0.162010838688793,0.23203971087932587,0.0056579504162073135,0.03492499887943268,0.03164232522249222,0.0,1791183679610,-0.675,8.39505,4.42605,0.056762,8.648209,4.609261,-0.701021,-0.255002,-0.178274,-0.067925,0.034925,-0.0526625,
36476972149204,-0.3034694194793701,-0.03601376414299011,9.514350312336273,0.31616360843181607,0.15441384836471292,0.2577203869819641,-0.001832418143749237,0.008249999955296516,0.029365023598074913,0.0,1791183679620,-0.70095,8.39295,4.42605,0.047942,8.645645,4.614166,-0.749662,-0.23568,-0.19515,-0.0625625,0.00825,-0.0187,
36476982143307,-0.31527793407440186,-0.062465086579322815,9.551530310216442,0.3268070623278618,0.15467491116239285,0.27980878949165344,-0.012383094057440758,-0.022549999877810478,0.02904195338487625,0.0,1791183679630,-0.70395005,8.39295,4.50495,0.04338,8.643087,4.619002,-0.752282,-0.257064,-0.180832,-0.0614625,-0.02255,0.0165,
36476992137241,-0.19568689167499542,-0.0783419270068407,9.678332604520731,0.3009408801794052,0.15119872857883326,0.27658006846904754,-0.030990557745099068,-0.06187500059604645,0.02624277025461197,0.0,1791183679640,-0.63405,8.46,4.6579504,0.043994,8.640378,4.62406,-0.700224,-0.194499,-0.044632,-0.0551375,-0.061875,0.0504625,
36477002131395,-0.09143643081188202,-0.08719101957976819,9.777526801562283,0.2266835182905197,0.14645261776404467,0.2437621533870697,-0.045578841120004654,-0.09391249716281891,0.02040678635239601,0.0,1791183679650,-0.49500003,8.484,4.8349504,0.049818,8.637667,4.629065,-0.586338,-0.155875,0.103591,-0.04235,-0.0939125,0.0792,
36477012125559,0.05039828270673752,-0.08863750621676444,9.91315876226142,0.10733868032693862,0.14493580744670395,0.17109447866678237,-0.05168735980987549,-0.11412499845027924,0.012142902240157127,0.0,1791183679661,-0.39495003,8.556001,4.99095,0.060057,8.635085,4.633755,-0.515174,-0.08865,0.278466,-0.0243375,-0.114125,0.103675,
36477022119636,0.11689526587724686,-0.08735058717429638,9.97670746363535,0.031781350076198575,0.14663088686796824,0.08702154159545898,-0.03391585871577263,-0.10449999570846558,0.0028676283545792103,0.0,1791183679670,-0.24405001,8.613001,5.0290504,0.072995,8.632955,4.637539,-0.394037,-0.074548,0.391998,-0.004125,-0.104499996,0.122925,
36477032113802,0.18546311557292938,-0.08176044784486294,9.979490613858388,0.17392600029706956,0.15457848294696813,0.013126668334007264,2.704039216041565E-4,-0.07039999961853027,-9.169209515675902E-4,0.0,1791183679681,-0.15795001,8.649,4.9759502,0.086954,8.631512,4.639983,-0.271527,0.015479,0.368006,0.0044,-0.0704,0.13145,
36477042107725,0.17323575913906097,-0.07586748227477073,9.966148122869006,0.2834025263786316,0.16177332048051285,0.08691119849681854,0.034343913197517395,-0.03217500075697899,0.0033051150385290384,0.0,1791183679691,-0.048,8.70405,4.854,0.100004,8.630273,4.642023,-0.203174,0.055025,0.267803,-0.004125,-0.032175,0.1324125,
36477052101881,0.18482449650764465,-0.0684323213994503,10.002956585953617,0.37420309484004977,0.1699596036107306,0.14216338396072387,0.06019820645451546,8.249999955296516E-4,0.013431624509394169,0.0,1791183679701,0.022950001,8.754001,4.84005,0.11195,8.628611,4.644839,-0.121746,0.099782,0.207527,-0.0253,8.25E-4,0.1260875,
36477062095923,0.20371058583259583,-0.06184674501419067,10.049446074028433,0.43054623156785965,0.17765116527407107,0.17282584458589553,0.08592498302459717,0.036024998873472214,0.023552237078547478,0.0,1791183679710,0.102000006,8.7949505,4.86105,0.122028,8.626046,4.649347,-0.05521,0.1215,0.205413,-0.0466125,0.036025,0.1155,
36477072090077,0.2649701237678528,-0.05151422768831253,10.087856620902501,0.48224960565567015,0.1899253517604054,0.2024408161640167,0.11476181447505951,0.07644999772310257,0.02903749980032444,0.0,1791183679721,0.12900001,8.845051,4.84905,0.129703,8.622871,4.655027,-0.017394,0.184531,0.216492,-0.0583,0.07645,0.1016125,
36477082084002,0.31616073846817017,-0.03922616802155972,10.066352863084777,0.5051604092121125,0.20478461482169713,0.22858034074306488,0.12891380488872528,0.10518749803304672,0.029319515451788902,0.0,1791183679730,0.15300001,8.89095,4.7179503,0.134182,8.619851,4.660492,-0.019479,0.268954,0.167932,-0.0594,0.1051875,0.0782375,
36477092078156,0.23236477375030518,-0.027515514567494393,9.993742912737936,0.4841682970523834,0.21311458368125,0.2404061436653137,0.11842941492795944,0.10944999754428864,0.02992706559598446,0.0,1791183679741,0.12105001,8.875951,4.59105,0.135905,8.617517,4.664754,0.017104,0.271288,-0.013501,-0.0614625,0.10945,0.0484,
36477102072233,0.16512012481689453,-0.015406206995248795,9.917648709063657,0.40755974799394606,0.2168037182880678,0.2364652693271637,0.08175314217805862,0.08277499675750732,0.031597673892974854,0.0,1791183679750,0.0019500001,8.79,4.5930004,0.135303,8.61541,4.668665,-0.082849,0.237482,-0.089237,-0.065725,0.082775,0.0207625,
36477112066385,0.08925565332174301,-0.004183515533804893,9.885696969980263,0.30059582442045213,0.21612057495609818,0.21357428282499313,0.02844710648059845,0.030662499368190765,0.027864733710885048,0.0,1791183679760,-0.16695,8.677951,4.7320504,0.133909,8.613135,4.672899,-0.222713,0.112864,-0.014463,-0.0583,0.0306625,0.0048125,
36477122060529,0.06907099485397339,0.00802333615720272,9.885887092019209,0.16126778870820999,0.21299616197252258,0.17439445704221726,-0.01919051632285118,-0.025712499395012856,0.014216001145541668,0.0,1791183679770,-0.28500003,8.58705,4.8900003,0.133578,8.61114,4.676585,-0.358852,0.009514,0.137473,-0.0295625,-0.0257125,0.007975,
36477132054462,0.08667391538619995,0.02259882800281048,9.88107288588489,0.04158589392900468,0.20784312005468278,0.12849709242582322,-0.04878554865717888,-0.07039999961853027,-0.004284947644919157,0.0,1791183679781,-0.31605002,8.532001,4.9740005,0.135877,8.610106,4.678418,-0.461708,-0.044518,0.276898,0.0097624995,-0.0704,0.0270875,
36477142048617,0.040118761360645294,0.03519629091024399,9.831090158450046,0.052115494012832636,0.20076742382545512,0.09004788994789123,-0.04748312383890152,-0.082225002348423,-0.021718481555581093,0.0,1791183679791,-0.25395,8.500051,4.93305,0.141021,8.610547,4.677457,-0.438121,-0.107208,0.294619,0.047025,-0.082225,0.0504625,
36477152042678,0.00922112911939621,0.04843364767730236,9.815513650715317,0.11395775377750396,0.18957872666612355,0.058868090808391574,-0.03010469302535057,-0.07259999960660934,-0.029522448778152466,0.0,1791183679801,-0.10005,8.529,4.8570004,0.148384,8.612178,4.674226,-0.332957,-0.106444,0.226024,0.064075,-0.0726,0.0686125,
36477162036579,0.013724461197853088,0.06476687528192997,9.81988857776045,0.15867896378040314,0.17089179826777,0.04376185238361359,-0.001363862305879593,-0.04386249929666519,-0.02728787437081337,0.0,1791183679811,-0.049950004,8.57505,4.7850003,0.156659,8.614244,4.670147,-0.240675,-0.060626,0.1487,0.0598125,-0.0438625,0.0760375,
36477172030752,0.03961591795086861,0.0819211421534419,9.841083839453821,0.19070950374007226,0.14886728296388715,0.03787083700299263,0.0385495126247406,0.0030249999836087227,-0.01762339659035206,0.0,1791183679820,0.061950002,8.623051,4.74195,0.163631,8.61581,4.667018,-0.159062,-0.00952,0.106339,0.0396,0.003025,0.073975,
36477182024911,0.03950560465455055,0.09966031908988952,9.849274847236916,0.21196896880865096,0.11852589641897175,0.02843717485666275,0.08252984285354614,0.060499999672174454,-0.004645430948585272,0.0,1791183679832,0.13305001,8.641951,4.72305,0.168169,8.616363,4.665837,-0.063043,0.013869,0.059637,0.0119624995,0.0605,0.0611875,
36477192018986,0.06062471866607666,0.11247589960694312,9.843285116479153,0.20392690300941468,0.097973665735361,0.03253836631774902,0.11835690587759018,0.11261250078678131,0.005159419029951096,0.0,1791183679840,0.17595,8.653951,4.6870503,0.169165,8.616043,4.666394,-0.008972,0.050101,0.035138,-0.00935,0.1126125,0.040975,
36477202013140,0.02705678716301918,0.11840056050568819,9.809447223072818,0.17746878489851953,0.08859766861804383,0.03610549792647362,0.13683675229549408,0.14767499268054962,0.009299330413341522,0.0,1791183679850,0.13305001,8.653951,4.617,0.16647,8.615379,4.66771,0.010481,0.045976,-0.028427,-0.018975,0.147675,0.0154,
36477212007270,-0.06594249606132507,0.11258352156728506,9.67250960111592,0.15422235056757927,0.09635150013607977,0.020172106474637984,0.13549382984638214,0.15936249494552612,0.0078434394672513,0.0,1791183679863,0.028050002,8.553,4.51695,0.160128,8.614918,4.668784,-0.064579,-0.025387,-0.089357,-0.016775,0.1593625,-0.009075,
36477222001193,-0.168655663728714,0.09830597508698702,9.569710643302104,0.14997930228710174,0.11416482669948765,0.021482209861278533,0.12522973120212555,0.15619999170303345,0.0045926193706691265,0.0,1791183679872,-0.112050004,8.497951,4.39905,0.151126,8.615038,4.668861,-0.189653,-0.082968,-0.194778,-0.01045,0.15619999,-0.025024999,
36477231995279,-0.30259111523628235,0.07390326354652643,9.427421309535871,0.17994944378733635,0.14175408572381956,0.08990155383944512,0.11234264820814133,0.14135000109672546,3.266514977440238E-5,0.0,1791183679880,-0.20805001,8.40495,4.2649503,0.141077,8.616023,4.667358,-0.304102,-0.160568,-0.329744,-8.25E-4,0.14135,-0.025024999,
36477241989475,-0.40733450651168823,0.044874750263988974,9.390821834597729,0.24236148968338966,0.17417723320945147,0.1834933988749981,0.09737949818372726,0.11797499656677246,2.1289486903697252E-4,0.0,1791183679890,-0.17400001,8.401951,4.191,0.132124,8.617476,4.664938,-0.355004,-0.217088,-0.444641,-8.25E-4,0.117975,-0.0133375,
36477251983410,-0.38856425881385803,0.016205312497913838,9.470975813091828,0.3103794604539871,0.1947561143135509,0.26661760807037355,0.07165239006280899,0.08071249723434448,0.0019819282460957766,0.0,1791183679900,-0.19800001,8.48595,4.2010503,0.126407,8.619028,4.662232,-0.332528,-0.187515,-0.461088,-0.004125,0.0807125,0.0015125,
36477261977559,-0.32123178243637085,-0.010041805915534496,9.536768032998411,0.35554630234837536,0.20291946952663784,0.3176754653453827,0.05044044926762581,0.05197500064969063,0.0020872745662927628,0.0,1791183679910,-0.15105,8.544001,4.2340503,0.123047,8.620584,4.659445,-0.314802,-0.122033,-0.441542,-0.004125,0.051975,0.0100375,
36477271971718,-0.24426355957984924,-0.0355034900829196,9.606426676690772,0.3612342193722725,0.19871946853140174,0.33279704451560976,0.03212723135948181,0.0317624993622303,0.005078303627669811,0.0,1791183679920,-0.057000004,8.61795,4.2439504,0.121581,8.622007,4.656844,-0.219962,-0.034871,-0.44373,-0.01045,0.0317625,0.009075,
36477281965793,-0.14420011639595032,-0.05852153282612562,9.707654959584746,0.3336572110652924,0.1826662481909145,0.30111884474754336,0.0033011187333613634,0.006187499966472387,0.014520895667374134,0.0,1791183679930,-0.0139500005,8.685,4.3369503,0.121236,8.622641,4.655683,-0.145397,0.043503,-0.380319,-0.0306625,0.0061875,-0.0037125,
36477291959932,-0.05081179365515709,-0.07268036119639873,9.774148016711143,0.2659198001027107,0.17011383142927058,0.2298143021762371,-0.014913298189640045,-0.005499999970197678,0.02798905037343502,0.0,1791183679940,-0.055050004,8.6629505,4.5259504,0.1204,8.621629,4.657577,-0.166109,0.070852,-0.233773,-0.0594,-0.0055,-0.0196625,
36477301953866,0.01553454902023077,-0.08015963998623192,9.812383783890725,0.16916664708405735,0.16261739142585185,0.14899454060941936,-0.018572978675365448,-0.0012374999932944775,0.038973137736320496,0.0,1791183679951,-0.14595,8.57205,4.7730002,0.117901,8.618456,4.66351,-0.19234,0.016564,0.006896,-0.082775,-0.0012375,-0.034649998,
36477311948045,0.030643589794635773,-0.08309024316258729,9.821828403970361,0.057137256301939485,0.1600456755596154,0.07861946616321802,0.007795296609401703,0.030662499368190765,0.04618258401751518,0.0,1791183679960,-0.23205002,8.48595,4.9399505,0.112655,8.613357,4.67305,-0.313987,-0.076498,0.212834,-0.0977625,0.0306625,-0.0378125,
36477321942122,0.02703721821308136,-0.08519193199463189,9.82034230761733,0.06554224323481322,0.1583001956382328,0.024359310604631902,0.053135812282562256,0.0742499977350235,0.04852164536714554,0.0,1791183679970,-0.28905,8.433001,5.02395,0.105713,8.607205,4.684534,-0.357323,-0.142173,0.325849,-0.102025,0.07425,-0.0229625,
36477331936274,0.03725422918796539,-0.08766291630454362,9.827295887740156,0.19542495738714935,0.15596668176333084,0.011931558512151242,0.09753641486167908,0.11261250078678131,0.04935164749622345,0.0,1791183679980,-0.31095,8.42895,5.043,0.098098,8.600669,4.696687,-0.41914,-0.147608,0.356791,-0.1029875,0.1126125,-5.5E-4,
36477341930452,-0.006831347942352295,-0.0900104217696935,9.803285796685815,0.28734525572508574,0.15437089849839988,0.0207276476547122,0.1355464607477188,0.14135000109672546,0.04668378829956055,0.0,1791183679990,-0.31095,8.42895,4.9960504,0.091147,8.594301,4.70847,-0.412189,-0.181941,0.325855,-0.0966625,0.14135,0.0259875,
36477351924375,-0.018392100930213928,-0.091391083272174,9.753858145491348,0.331617783010006,0.15359877029592223,0.01394231766462326,0.15925294160842896,0.15193749964237213,0.04346169903874397,0.0,1791183680000,-0.33495003,8.409,4.93095,0.086109,8.588539,4.719066,-0.404757,-0.154632,0.250616,-0.089237496,0.1519375,0.055825,
36477361918515,-0.04104307293891907,-0.0941294599790126,9.80886070659959,0.33240202963352206,0.15218201520611851,3.950148820877075E-4,0.15629447996616364,0.12966249883174896,0.037658270448446274,0.0,1791183680011,-0.22500001,8.496,4.8970504,0.084449,8.583632,4.728019,-0.379155,-0.135359,0.167442,-0.07645,0.1296625,0.089925,
36477371912577,0.0729154422879219,-0.09246448376215995,9.954712828624144,0.3098994746804238,0.15380962996243358,0.008780629932880401,0.12512703239917755,0.07741250097751617,0.02825828455388546,0.0,1791183680021,-0.03795,8.62695,4.9669504,0.088943,8.579787,4.734903,-0.235208,-0.021381,0.194077,-0.0562375,0.0774125,0.1197625,
36477381906512,0.20900315046310425,-0.08398960647173226,10.052922642002635,0.2729447163641453,0.16510272631463754,0.043130414187908174,0.09120792150497437,0.02956249937415123,0.01567358523607254,0.0,1791183680030,0.09705,8.70405,5.0290504,0.09939,8.577113,4.73954,-0.061302,0.093819,0.26366,-0.0295625,0.0295625,0.1357125,
36477391900670,0.30255430936813354,-0.07189312693662941,10.128486486298675,0.25400208625942466,0.1831330942546175,0.10500754565000534,0.06240515410900116,-0.005499999970197678,4.7377473674714565E-4,0.0,1791183680041,0.19095,8.77305,5.058,0.11324,8.57587,4.741481,0.037374,0.174072,0.309604,0.0023375,-0.0055,0.138875,
36477401894767,0.31975042819976807,-0.05725844488479197,10.128719082123554,0.25125551763921977,0.20125415705393435,0.17263605147600175,0.038191378116607666,-0.029975000768899918,-0.011766774579882622,0.0,1791183680051,0.22395001,8.788051,5.031,0.128506,8.575979,4.740894,0.069993,0.195509,0.305402,0.0279125,-0.029975,0.1324125,
36477411888909,0.329794704914093,-0.03747158483602107,10.122766852426572,0.27116291765123607,0.2181706953330811,0.24680360704660415,0.03580391779541969,-0.029975000768899918,-0.015750402584671974,0.0,1791183680060,0.34605002,8.7949505,4.9999504,0.144022,8.576864,4.738847,0.126303,0.223355,0.27393,0.0364375,-0.029975,0.1271875,
36477421883039,0.3027917742729187,-0.013899212935939431,10.096179092035976,0.2808473149314523,0.22797212578511236,0.29277887344360354,0.05060378089547157,-0.007699999958276749,-0.013644958846271038,0.0,1791183680071,0.39195,8.78505,4.96005,0.158906,8.57781,4.736658,0.211975,0.208044,0.2426,0.032175,-0.0077,0.1175625,
36477431876967,0.2812232971191406,0.015291507681831717,10.10128181276531,0.2864952551200986,0.226510277998967,0.3072229027748108,0.06726861745119095,0.02213750034570694,-0.007117205299437046,0.0,1791183680080,0.40905002,8.78505,4.9690504,0.171155,8.578262,4.73541,0.226062,0.198015,0.215118,0.0182875,0.0221375,0.09845,
36477441871118,0.27854597568511963,0.04958553179167211,10.0872588752763,0.28847891837358475,0.21134174765543282,0.30242123603820803,0.07944955676794052,0.04867500066757202,-0.0012589815305545926,0.0,1791183680094,0.45900002,8.754001,4.99095,0.180274,8.577992,4.735564,0.228915,0.181526,0.238906,0.0055,0.048675,0.0760375,
36477451865195,0.2678520679473877,0.0824063481297344,10.036234491555014,0.29243657886981966,0.190712821820776,0.29204156398773196,0.09232841432094574,0.07644999772310257,0.001931675709784031,0.0,1791183680101,0.41805002,8.69205,4.9999504,0.18632,8.577178,4.736803,0.244416,0.15361,0.266397,-0.001925,0.07645,0.0526625,
36477461859342,0.19674652814865112,0.10830526365898549,9.97331773687471,0.2566512987017631,0.16795274155917989,0.26543192863464354,0.09910863637924194,0.0976250022649765,-5.869691376574337E-4,0.0,1791183680110,0.37800002,8.635051,4.9759502,0.188855,8.576328,4.738246,0.22991,0.082633,0.248195,0.0023375,0.097625,0.0281875,
36477471853519,0.11355707794427872,0.1261962955351919,9.871159843605678,0.18445457518100739,0.14722151574179895,0.22758498936891555,0.1028519794344902,0.11041250079870224,-0.007610303815454245,0.0,1791183680120,0.25800002,8.56005,4.9090505,0.188436,8.576031,4.738796,0.113013,0.006317,0.218914,0.016224999,0.1104125,0.0122375,
36477481847447,0.0256049744784832,0.13468655007891356,9.777065513788777,0.07145377919077875,0.1358392799945232,0.17646132484078408,0.09720838814973831,0.1083500012755394,-0.014952931553125381,0.0,1791183680130,0.18405001,8.493,4.84005,0.185936,8.576602,4.73786,0.012563,-0.054109,0.150419,0.031075,0.10835,0.0037125,
36477491841588,-0.03629510849714279,0.1354123843368143,9.711987287712992,0.059142943471670165,0.13488156937153167,0.11349310800433159,0.09085238724946976,0.10188750177621841,-0.02422032691538334,0.0,1791183680140,0.12900001,8.48805,4.7179503,0.182774,8.578275,4.734957,-0.04413,-0.074935,0.062342,0.0501875,0.1018875,0.0015125,
36477501835663,-0.15714959800243378,0.12677817698568106,9.597990621280823,0.21831083223223685,0.1472398693460741,0.028492774814367294,0.08328644931316376,0.09239999949932098,-0.029350506141781807,0.0,1791183680150,0.17400001,8.476951,4.49805,0.179766,8.581176,4.729811,-0.050698,-0.111355,-0.121653,0.0609125,0.0924,0.0026125,
36477511829822,-0.23593086004257202,0.11344945449382067,9.54787140042298,0.3508215762674809,0.16618581051390174,0.058042702823877336,0.07113076746463776,0.07961250096559525,-0.029807735234498978,0.0,1791183680160,0.186,8.505,4.335,0.177739,8.585164,4.722643,-0.005576,-0.089007,-0.327569,0.061875,0.0796125,5.5E-4,
36477521823737,-0.26928871870040894,0.09863315764814615,9.513125678534633,0.44183476492762563,0.18533556781145435,0.13461186215281487,0.04669947549700737,0.05829999968409538,-0.025866838172078133,0.0,1791183680172,0.24105,8.52,4.22505,0.176133,8.589521,4.714777,0.029549,-0.057452,-0.456172,0.05335,0.0583,-0.0111375,
36477531817891,-0.28921258449554443,0.08230981696397066,9.50897520838915,0.4999966099858284,0.2035083993030903,0.1975753739476204,0.021339694038033485,0.04028749838471413,-0.016987178474664688,0.0,1791183680180,0.20295002,8.53905,4.1790004,0.174367,8.593504,4.707581,0.038497,-0.051857,-0.508831,0.0342375,0.0402875,-0.0303875,
36477541811983,-0.3378462493419647,0.06575907189399004,9.471075658196153,0.5499271661043168,0.22264543575644127,0.2578856021165848,0.005753627046942711,0.03698749840259552,-0.003610262181609869,0.0,1791183680190,0.15,8.491051,4.1929502,0.170485,8.596412,4.702408,0.023226,-0.093072,-0.534783,0.0055,0.0369875,-0.055825,
36477551806159,-0.3267028033733368,0.0503435367718339,9.494006053487654,0.5572281718254088,0.23807687103665925,0.29179624319076536,5.037151277065277E-4,0.038087498396635056,0.012055693194270134,0.0,1791183680200,0.034950003,8.448,4.3320003,0.164408,8.59749,4.700655,-0.090407,-0.12767,-0.444445,-0.0275,0.0380875,-0.06765,
36477561800063,-0.31451892852783203,0.036669743992388246,9.504376309389563,0.535098846256733,0.25046412761339115,0.3075138568878174,0.009690167382359505,0.04661250114440918,0.02240690588951111,0.0,1791183680210,-0.031050002,8.377951,4.4880004,0.157032,8.59661,4.702516,-0.169222,-0.193827,-0.295471,-0.0488125,0.0466125,-0.0633875,
36477571794228,-0.3040105402469635,0.017823444865643977,9.501136173064259,0.4909195460379124,0.26098766542039126,0.3144582211971283,0.024525783956050873,0.05719999969005585,0.024700090289115906,0.0,1791183680220,-0.08805001,8.32995,4.5690002,0.149553,8.594609,4.706411,-0.190473,-0.23971,-0.189232,-0.053075,0.0572,-0.0517,
36477581788300,-0.2632533609867096,-0.005789380706846714,9.527577790577443,0.4227594844996929,0.26396916584681007,0.3092663764953613,0.031541548669338226,0.05623750016093254,0.02089395746588707,0.0,1791183680230,-0.109950006,8.36205,4.56495,0.142881,8.592528,4.710418,-0.246051,-0.225659,-0.128597,-0.04455,0.0562375,-0.0356125,
36477591782452,-0.26971229910850525,-0.03440271113067865,9.5220372015471,0.32413236126303674,0.2599807139430673,0.29563958644866944,0.03151390701532364,0.04441250115633011,0.01606392115354538,0.0,1791183680240,-0.08400001,8.38095,4.51905,0.138125,8.591134,4.7131,-0.265237,-0.205111,-0.179162,-0.033825,0.0444125,-0.0144375,
36477601776597,-0.27010828256607056,-0.06389564666897059,9.574395108092505,0.22627797946333886,0.2514493425942586,0.2843206822872162,0.0026635006070137024,0.0019249999895691872,0.009693878702819347,0.0,1791183680250,-0.064050004,8.412001,4.572,0.137021,8.590427,4.714423,-0.21146,-0.204404,-0.182879,-0.020075,0.001925,0.0026125,
36477611770530,-0.200100377202034,-0.09039040077477693,9.6012633867064,0.1268251098692417,0.23601436752972713,0.26143697202205657,-0.02547740936279297,-0.03739999979734421,0.003725002985447645,0.0,1791183680260,-0.0019500001,8.4210005,4.61205,0.139324,8.590158,4.714846,-0.182638,-0.15625,-0.125842,-0.0072875,-0.0374,0.0154,
36477621764681,-0.14246197044849396,-0.11265308801084757,9.65313067280289,0.031551884114742274,0.21820429811792985,0.22912725806236267,-0.04364040493965149,-0.06297499686479568,-0.0013004778884351254,0.0,1791183680272,0.13800001,8.44995,4.6650004,0.144687,8.590224,4.714566,-0.075474,-0.125192,-0.065707,0.0034375,-0.062975,0.023924999,
36477631758763,-0.11127804964780807,-0.13227815534919501,9.682496372666607,0.059153406322002416,0.1986734422298949,0.19873219579458237,-0.05103343725204468,-0.07150000333786011,-0.0037952163256704807,0.0,1791183680280,0.22005,8.491051,4.6480503,0.152141,8.590527,4.713777,0.031992,-0.106341,-0.038582,0.0086624995,-0.0715,0.023924999,
36477641752914,-0.09905289113521576,-0.15115809869021177,9.700401120958157,0.1271959289908409,0.1753027580045871,0.16460031419992446,-0.04467875510454178,-0.06187500059604645,-0.0028532426804304123,0.0,1791183680290,0.30105,8.541,4.58895,0.15978,8.591009,4.712644,0.112939,-0.07091,-0.080544,0.0066,-0.061875,0.0196625,
36477651746835,-0.12905658781528473,-0.1710035314783454,9.689581318489823,0.1711238816380501,0.14691209485039272,0.13638997524976731,-0.027485130354762077,-0.03739999979734421,0.0016437012236565351,0.0,1791183680300,0.39900002,8.58195,4.4809504,0.166661,8.591543,4.711433,0.204221,-0.049897,-0.184678,-0.003025,-0.0374,0.0111375,
36477661740988,-0.1292223483324051,-0.1873019753023982,9.680864600829329,0.19224385172128677,0.12100744765391813,0.12221436947584152,-0.01634233072400093,-0.016224998980760574,0.009055360220372677,0.0,1791183680310,0.43500003,8.62695,4.3710003,0.171935,8.591978,4.710453,0.239648,0.00234,-0.28186,-0.018975,-0.016224999,-0.0037125,
36477671735142,-0.09398849308490753,-0.1976792538538575,9.72177787740485,0.19674670249223708,0.10219919901708877,0.11251967400312424,-0.019275858998298645,-0.008662499487400055,0.016902374103665352,0.0,1791183680322,0.39900002,8.71395,4.29195,0.175509,8.59222,4.709879,0.271987,0.097866,-0.384237,-0.036025,-0.0086624995,-0.0229625,
36477681729207,-0.08451157808303833,-0.2031850814819336,9.72373169309579,0.18847320675849916,0.09253062170295005,0.10716637969017029,-0.038295991718769073,-0.01718750037252903,0.02467283606529236,0.0,1791183680330,0.27195,8.742001,4.24905,0.176661,8.592165,4.709935,0.189432,0.145805,-0.448936,-0.053075,-0.0171875,-0.0463375,
36477691723127,-0.10337727516889572,-0.20653918981552125,9.73354139098945,0.1762894257903099,0.08749932951702455,0.10803125649690629,-0.07806123793125153,-0.05238749831914902,0.03096896968781948,0.0,1791183680340,0.064050004,8.72805,4.308,0.175891,8.591583,4.711029,0.003454,0.124839,-0.442848,-0.066825,-0.0523875,-0.06435,
36477701717291,-0.07310424745082855,-0.20233692228794098,9.753241363311934,0.1645961835980415,0.09168833740872259,0.09684078842401504,-0.11749996244907379,-0.09597499668598175,0.03558487817645073,0.0,1791183680350,-0.0139500005,8.685,4.4380503,0.174806,8.590119,4.713737,-0.136718,0.104755,-0.337817,-0.07645,-0.095975,-0.06655,
36477711711368,-0.031789183616638184,-0.19212983846664428,9.841038607785988,0.151773102581501,0.09849094162532121,0.07735415548086166,-0.140329971909523,-0.1289750039577484,0.0373651422560215,0.0,1791183680360,-0.033,8.686951,4.62405,0.17556,8.587727,4.718065,-0.211692,0.078417,-0.200886,-0.0796125,-0.128975,-0.0537625,
36477721705515,0.09830869734287262,-0.1737499676644802,9.935934654183479,0.15983747839927676,0.11525058978482741,0.03889471739530563,-0.15078815817832947,-0.1480875015258789,0.034044988453388214,0.0,1791183680370,-0.01905,8.71605,4.7700005,0.178433,8.584873,4.723148,-0.190623,0.126761,-0.019222,-0.0721875,-0.1480875,-0.040975,
36477731699655,0.17597272992134094,-0.15049070194363595,10.0161348244817,0.1778024584054947,0.13487187427310057,0.013202144205570221,-0.15591806173324585,-0.1588124930858612,0.030110549181699753,0.0,1791183680380,0.09,8.757,4.86105,0.18299,8.581889,4.728395,-0.16645,0.14411,0.109605,-0.0636625,-0.1588125,-0.032449998,
36477741693568,0.25863441824913025,-0.12066666856408119,10.12407386779672,0.22199445813894272,0.15464479507731632,0.08560448288917541,-0.1617332100868225,-0.1662375032901764,0.026025062426924706,0.0,1791183680391,0.162,8.826,4.9570503,0.189147,8.57912,4.733174,-0.060079,0.201946,0.171864,-0.0551375,-0.1662375,-0.03135,
36477751687729,0.3865114450454712,-0.0850059561431408,10.225765622104062,0.2997419908642769,0.18270813812746944,0.17752762138843536,-0.1858585774898529,-0.1886499971151352,0.022247768938541412,0.0,1791183680400,0.17400001,8.83605,5.1439505,0.195974,8.576345,4.737924,-0.030993,0.269364,0.31316,-0.0477125,-0.18865,-0.040975,
36477761681791,0.4887275993824005,-0.04484362974762916,10.349619774197,0.39415065199136734,0.21352740032291645,0.2816309779882431,-0.2241595983505249,-0.22687499225139618,0.014298667199909687,0.0,1791183680411,0.14805001,8.8279505,5.4,0.203478,8.573412,4.742913,-0.050468,0.267509,0.528438,-0.0317625,-0.22687499,-0.0517,
36477771675943,0.5564615726470947,-0.0018200241029262543,10.41252597466367,0.4804279327392578,0.24179111437861314,0.37326155304908754,-0.2477250099182129,-0.24928750097751617,1.4644896145910025E-4,0.0,1791183680420,0.10005,8.78295,5.5920005,0.211243,8.570786,4.747316,-0.079781,0.224644,0.746696,-0.003025,-0.2492875,-0.0611875,
36477781670097,0.5807050466537476,0.0403778962790966,10.364952313741854,0.5622392728924751,0.2650126071136578,0.45420801639556885,-0.23960697650909424,-0.23856249451637268,-0.01704886555671692,0.0,1791183680430,-0.01905,8.67,5.6800504,0.217588,8.569028,4.750202,-0.186682,0.168942,0.901827,0.032175,-0.2385625,-0.06545,
36477791664030,0.48602136969566345,0.07816457971930504,10.321445883156786,0.5965261951088905,0.2718932829069716,0.4996854066848755,-0.20558331906795502,-0.20982499420642853,-0.029566286131739616,0.0,1791183680440,-0.055050004,8.644051,5.6400003,0.222703,8.568192,4.751471,-0.263623,0.050067,0.9245,0.0587125,-0.209825,-0.0484,
36477801658199,0.46973347663879395,0.11515666767954827,10.271801884865312,0.5936839684844017,0.2723217828962402,0.5163298130035401,-0.14928582310676575,-0.15991249680519104,-0.0351959764957428,0.0,1791183680450,-0.045,8.649,5.5410004,0.227683,8.568356,4.750943,-0.254239,0.076241,0.843625,0.0715,-0.1599125,-0.0229625,
36477811652276,0.4558442234992981,0.14795389771461487,10.283905391010984,0.5486478552222251,0.27187781347318923,0.5097531378269196,-0.09566135704517365,-0.10986249893903732,-0.03418097645044327,0.0,1791183680460,0.030000001,8.721001,5.44995,0.232109,8.569018,4.749534,-0.251481,0.123462,0.730113,0.0704,-0.1098625,-0.0026125,
36477821646428,0.5061942338943481,0.18038670793175698,10.326364316423481,0.48649752587080003,0.2739806496445377,0.49969967007637023,-0.05962429568171501,-0.07369999587535858,-0.029811346903443336,0.0,1791183680471,0.10695001,8.81595,5.3760004,0.236506,8.569796,4.747915,-0.169687,0.223241,0.650329,0.061875,-0.073699996,0.006875,
36477831640587,0.511548638343811,0.21152804233133793,10.294665476987326,0.4002639055252075,0.27445511170038533,0.48586838841438296,-0.03555769845843315,-0.03959999978542328,-0.028018893674016,0.0,1791183680480,0.124050006,8.812051,5.32095,0.239116,8.57073,4.746095,-0.141173,0.258219,0.597082,0.0576125,-0.0396,-0.0048125,
36477841634510,0.4249473214149475,0.23772805295884608,10.16792787906809,0.2961259573698044,0.26850238621690126,0.47365357875823977,-0.020856503397226334,-0.012924999929964542,-0.03157570958137512,0.0,1791183680490,0.11895001,8.757,5.1660004,0.239196,8.572082,4.743651,-0.107734,0.211379,0.501364,0.064075,-0.012925,-0.0229625,
36477851628589,0.2707662284374237,0.2577191937714815,10.021432031379806,0.15222915112972257,0.25499394720215746,0.4338601291179657,-0.027970582246780396,-0.010862499475479126,-0.038653016090393066,0.0,1791183680500,0.07395,8.686951,4.9960504,0.236867,8.574571,4.739266,-0.150895,0.134669,0.323789,0.077825,-0.0108624995,-0.042075,
36477861622706,0.15334957838058472,0.271847790107131,9.902232026956893,9.964704513548694E-5,0.24058420325506913,0.373361200094223,-0.058360397815704346,-0.03959999978542328,-0.04710051789879799,0.0,1791183680510,0.010950001,8.62695,4.86105,0.234047,8.578348,4.732566,-0.193564,0.073431,0.19402,0.094875,-0.0396,-0.0537625,
36477871616879,0.0455569326877594,0.27882506139576435,9.77543127153658,0.17297427654266356,0.23173399587421928,0.2812337398529053,-0.0861176922917366,-0.06833750009536743,-0.05642729252576828,0.0,1791183680520,0.025950002,8.566951,4.7080503,0.23166,8.583418,4.723485,-0.207937,0.015688,0.076209,0.114125,-0.0683375,-0.0600875,
36477881610812,-0.084101602435112,0.27884556017816065,9.653140458337587,0.3375817149877548,0.231701870752516,0.16210369169712066,-0.11235183477401733,-0.09391249716281891,-0.062108490616083145,0.0,1791183680530,0.016050002,8.497951,4.57905,0.230082,8.58956,4.712384,-0.175235,-0.055095,-0.065919,0.1258125,-0.0939125,-0.0686125,
36477891604968,-0.1746026575565338,0.2752842910587788,9.574507525521822,0.4741361171007157,0.2380107640166225,0.0421936959028244,-0.13166460394859314,-0.11302500218153,-0.06252775341272354,0.0,1791183680542,-0.043050002,8.46,4.4830503,0.228573,8.596291,4.700164,-0.235975,-0.095345,-0.178197,0.126775,-0.113025,-0.073975,
36477901599050,-0.26541513204574585,0.2656687468290329,9.523969865898207,0.574795714020729,0.2551582444601339,0.06504257619380951,-0.14492538571357727,-0.12787500023841858,-0.057822491973638535,0.0,1791183680550,-0.08805001,8.42895,4.43295,0.227062,8.602879,4.688168,-0.303896,-0.159395,-0.247604,0.1172875,-0.127875,-0.073975,
36477911593206,-0.26526978611946106,0.25399471670389173,9.560406504685973,0.6484661191701889,0.27320353585896107,0.14876644909381867,-0.14991861581802368,-0.1363999992609024,-0.04684669151902199,0.0,1791183680560,-0.060000002,8.45505,4.4620504,0.226158,8.608593,4.677713,-0.314962,-0.153138,-0.258697,0.094875,-0.1364,-0.06765,
36477921587107,-0.2020484060049057,0.23897686153650283,9.67839151760461,0.6841559052467346,0.2891392323592312,0.19828751683235168,-0.1515994369983673,-0.1428624987602234,-0.034431807696819305,0.0,1791183680570,-0.01905,8.509951,4.60995,0.22671,8.612736,4.670055,-0.250871,-0.15728,-0.121752,0.0694375,-0.1428625,-0.058025,
36477931581261,-0.06838168203830719,0.22675914093852043,9.799779316655421,0.6687971115112306,0.2966095256023777,0.19514353275299073,-0.14061571657657623,-0.1321374922990799,-0.024618258699774742,0.0,1791183680579,0.018000001,8.55105,4.78695,0.227871,8.615278,4.665302,-0.216119,-0.090391,0.033835,0.0490875,-0.13213749,-0.0537625,
36477941575415,0.054427407681941986,0.216548790410161,9.855537688032024,0.5831976488232613,0.2988428835848948,0.14933751970529557,-0.12271030247211456,-0.10986249893903732,-0.02114834263920784,0.0,1791183680590,0.009000001,8.55795,4.88805,0.228334,8.616727,4.662607,-0.19264,-0.034379,0.187365,0.0416625,-0.1098625,-0.056925,
36477951569492,0.0849100798368454,0.20146872214972972,9.885527064384595,0.4526336774230003,0.2974924081689008,0.07927247732877732,-0.10818939656019211,-0.0906125009059906,-0.024328075349330902,0.0,1791183680600,-0.033,8.55105,4.96005,0.226957,8.617993,4.660334,-0.265483,-0.040433,0.266252,0.048125,-0.0906125,-0.0622875,
36477961563610,0.06286957859992981,0.1801758211106062,9.857874617611753,0.2948783442378044,0.29134678355124866,0.01364460438489914,-0.09117162227630615,-0.07150000333786011,-0.028808731585741043,0.0,1791183680610,-0.033,8.529,4.9429502,0.224424,8.619435,4.657787,-0.258162,-0.082577,0.297529,0.0576125,-0.0715,-0.0622875,
36477971557535,0.04259462654590607,0.15448247380554675,9.87359789526348,0.12681968957185746,0.27944530968392234,0.03528400212526321,-0.0735279768705368,-0.05555000156164169,-0.030630024150013924,0.0,1791183680619,-0.03795,8.532001,4.9690504,0.221506,8.621071,4.654899,-0.269609,-0.108155,0.302812,0.061875,-0.05555,-0.0548625,
36477981551669,0.09903500974178314,0.13039897195994854,9.936501576146467,0.026573644578456873,0.26187803082061784,0.06876734048128127,-0.058611102402210236,-0.04386249929666519,-0.031948622316122055,0.0,1791183680629,0.016050002,8.566951,5.0340004,0.21893,8.622711,4.651978,-0.250274,-0.066699,0.344039,0.065175,-0.0438625,-0.0452375,
36477991545823,0.17863403260707855,0.1150296051055193,10.020779535142712,0.15865124166011813,0.2492726462213515,0.0936086654663086,-0.039866652339696884,-0.025712499395012856,-0.03682040050625801,0.0,1791183680640,0.14805001,8.644051,5.0670004,0.216867,8.624567,4.648637,-0.164413,-0.011095,0.404841,0.0757625,-0.0257125,-0.039875,
36478001539891,0.25179606676101685,0.10413273461163045,10.103216466498557,0.2757523119449615,0.23803911820389528,0.12698586285114288,-0.02956138551235199,-0.00976249948143959,-0.043545693159103394,0.0,1791183680649,0.29895002,8.781,4.9879503,0.215167,8.627112,4.643991,0.024033,0.070157,0.39991,0.08965,-0.0097624995,-0.0484,
36478011533804,0.30865269899368286,0.09677315838634967,10.139743760268411,0.37443000376224517,0.2291611456024671,0.17614248692989348,-0.03170767426490784,0.0019249999895691872,-0.04801274091005325,0.0,1791183680660,0.35595003,8.898001,4.84905,0.211975,8.630889,4.637111,0.082292,0.19806,0.279898,0.098037496,0.001925,-0.075075,
36478021528197,0.40855109691619873,0.0918910015374422,10.259798003609063,0.44447731375694277,0.22129163674329763,0.24933378100395204,-0.07269036769866943,-0.025712499395012856,-0.046691276133060455,0.0,1791183680670,0.40905002,9.027,4.85895,0.207551,8.635383,4.62894,0.213608,0.351585,0.199483,0.0939125,-0.0257125,-0.1101375,
36478031522151,0.5171520113945007,0.0921711701899767,10.396976212674804,0.4822947010397911,0.22182567416056845,0.33295718133449553,-0.13717857003211975,-0.07796250283718109,-0.039313897490501404,0.0,1791183680680,0.34395,9.07995,5.05305,0.202195,8.639284,4.621893,0.190234,0.424298,0.295116,0.0768625,-0.0779625,-0.1485,
36478041516228,0.6584509015083313,0.10384634919464589,10.539430868878679,0.5081930324435234,0.24406343084512636,0.4289205551147461,-0.19216544926166534,-0.11838749796152115,-0.03342098370194435,0.0,1791183680689,0.112050004,9.07695,5.355,0.194407,8.641725,4.617663,0.037611,0.436223,0.579468,0.062975,-0.1183875,-0.188925,
36478051510371,0.7482535243034363,0.12772071398794652,10.661821163528666,0.5418566510081291,0.27994087062069656,0.52821204662323,-0.21927499771118164,-0.13859999179840088,-0.028060119599103928,0.0,1791183680700,-0.069000006,9.027,5.6730003,0.183634,8.642397,4.616844,-0.140758,0.382878,0.877168,0.0512875,-0.13859999,-0.2080375,
36478061504505,0.8620090484619141,0.16315368749201298,10.723082075894906,0.6035993143916131,0.3225484791550854,0.6388833165168762,-0.22791117429733276,-0.1480875015258789,-0.023280808702111244,0.0,1791183680710,-0.141,8.895,5.9869504,0.171579,8.641264,4.619432,-0.289114,0.328944,1.224134,0.0416625,-0.1480875,-0.2080375,
36478071498645,0.9330927133560181,0.20753047652542592,10.914951440801735,0.6750242993235588,0.3619628120964066,0.7437916398048401,-0.18338701128959656,-0.10986249893903732,-0.020645512267947197,0.0,1791183680719,-0.35595003,8.86695,6.35505,0.158909,8.638433,4.625174,-0.415308,0.240796,1.541608,0.0374,-0.1098625,-0.1846625,
36478081492563,1.0909788608551025,0.2662844996899366,11.095609800604352,0.7649483442306518,0.4029102021760137,0.8585570096969605,-0.12096356600522995,-0.059812501072883606,-0.030448419973254204,0.0,1791183680729,-0.333,8.86905,6.6589503,0.145809,8.634905,4.632186,-0.519523,0.232352,1.891333,0.0598125,-0.0598125,-0.1463,
36478091486640,1.2308293581008911,0.3365561004728079,11.15832901086824,0.8460468381643296,0.44067765777724166,0.9730327010154725,-0.0486709326505661,0.003987499978393316,-0.050993870943784714,0.0,1791183680740,-0.20295002,8.895,6.73395,0.133835,8.632463,4.637095,-0.411781,0.287466,2.07796,0.104499996,0.0039875,-0.113299996,
36478101480823,1.1995303630828857,0.4098033752292395,11.052399192943902,0.8871455818414689,0.45601468777021487,1.0632880687713624,0.0372772254049778,0.09350000321865082,-0.07884740084409714,0.0,1791183680750,-0.14295001,8.89095,6.564,0.120761,8.632573,4.637249,-0.290968,0.275385,2.029922,0.1640375,0.0935,-0.09955,
36478111474748,1.0362706184387207,0.47488039545714855,10.734046216334622,0.8488066017627716,0.44782948605745115,1.0981403827667235,0.13547779619693756,0.20624999701976776,-0.10277777910232544,0.0,1791183680760,-0.20595,8.886001,6.018,0.103256,8.635949,4.631387,-0.239945,0.255249,1.722143,0.2151875,0.20625,-0.1027125,
36478121468901,0.6842432022094727,0.5191949758678674,10.300857384927246,0.715413299202919,0.4217433765640199,1.0483704805374146,0.23179905116558075,0.32010000944137573,-0.11236938089132309,0.0,1791183680774,-0.081,8.88105,5.2180505,0.079622,8.642899,4.618871,-0.204339,0.243512,0.999639,0.2365,0.3201,-0.111237496,
36478131463055,0.3320567011833191,0.5392168950289488,9.976980098800198,0.4676654934883118,0.4024367263005624,0.8965860486030579,0.2700369656085968,0.37441250681877136,-0.10574576258659363,0.0,1791183680780,-0.16305001,8.86005,4.584,0.052312,8.652323,4.601585,-0.145904,0.224511,0.286694,0.2237125,0.3744125,-0.13145,
36478141457170,0.012922093272209167,0.5371416293084621,9.639636291942077,0.12479254901409154,0.40502997483322484,0.6530045956373215,0.2816886901855469,0.39778751134872437,-0.09590601176023483,0.0,1791183680789,-0.31305,8.7640505,4.0020003,0.020857,8.663124,4.58147,-0.298803,0.165825,-0.284558,0.2044625,0.3977875,-0.1505625,
36478151451308,-0.3924521803855896,0.5132735162973404,9.239403570658318,0.3042752295732498,0.4432393907685678,0.3346080869436264,0.2752835154533386,0.38926249742507935,-0.09248322248458862,0.0,1791183680800,-0.558,8.566951,3.4150503,-0.012067,8.675503,4.558015,-0.407137,2.18E-4,-0.845288,0.1992375,0.3892625,-0.1485,
36478161445457,-0.8308899402618408,0.4685855403542519,8.933722097017144,0.782615664601326,0.5240798859694872,0.038824024796485904,0.24351845681667328,0.3414124846458435,-0.09691986441612244,0.0,1791183680810,-0.804,8.43105,2.84295,-0.04436,8.690263,4.529609,-0.647782,-0.201289,-1.417827,0.210925,0.34141248,-0.1260875,
36478171439385,-1.137380599975586,0.40958677902817725,8.730869334163506,1.261705794930458,0.6253493601993304,0.4031487852334976,0.19399365782737732,0.2605625092983246,-0.10105619579553604,0.0,1791183680819,-0.9289501,8.326051,2.45805,-0.071826,8.707399,4.496226,-0.797487,-0.338135,-1.836948,0.2215125,0.2605625,-0.0782375,
36478181433541,-1.3845468759536743,0.3354076847434044,8.52942744885253,1.7195022016763688,0.7359911295656926,0.7464695006608963,0.16760320961475372,0.2040500044822693,-0.10635139793157578,0.0,1791183680830,-0.88095003,8.21595,2.115,-0.092411,8.726514,4.458634,-0.796055,-0.448229,-2.182428,0.2343,0.20405,-0.026124999,
36478191427608,-1.62754225730896,0.24509887024760246,8.324273616232805,2.1378504395484925,0.8514440590395284,1.0745623707771301,0.2144845724105835,0.22962500154972076,-0.10975059866905212,0.0,1791183680839,-0.89805007,8.11995,1.5979501,-0.108363,8.747348,4.417258,-0.811229,-0.562438,-2.516942,0.242825,0.229625,0.0270875,
36478201421541,-2.069460391998291,0.12903604730963708,8.000865411778067,2.508104395866394,0.9896178015303353,1.4099640130996705,0.31944194436073303,0.32120001316070557,-0.1045549213886261,0.0,1791183680849,-0.771,7.9279504,0.753,-0.122777,8.770532,4.370666,-0.679499,-0.73885,-3.17664,0.2322375,0.3212,0.0782375,
36478211415690,-2.723536491394043,-0.022573412209749222,7.684428816552096,2.836863803863525,1.1668776123656595,1.7884933233261109,0.42964690923690796,0.4222624897956848,-0.08034799247980118,0.0,1791183680860,-0.82305,7.6390505,-0.13395001,-0.132881,8.787891,4.335356,-0.65503,-1.067457,-4.01282,0.177925,0.4222625,0.120725,
36478221409834,-3.26409912109375,-0.20620592311024666,7.643859094200009,3.1104230761528013,1.3579261732987926,2.2138370275497437,0.5428521633148193,0.5286874771118164,-0.02578725665807724,0.0,1791183680870,-0.73005,7.5430503,-0.9990001,-0.140907,8.794067,4.32256,-0.666157,-1.210102,-4.960098,0.05335,0.5286875,0.1568875,
36478231403988,-3.5803816318511963,-0.4110826052725315,7.66026944540908,3.3060085743665693,1.5313653345424802,2.653003978729248,0.6129799485206604,0.5776374936103821,0.04037245362997055,0.0,1791183680880,-0.53805,7.5000005,-1.4629501,-0.146928,8.794285,4.321917,-0.490148,-1.265386,-5.560401,-0.098725,0.5776375,0.2112,
36478241398063,-3.8421502113342285,-0.6361126609146595,7.7339806131244,3.430533656477928,1.6810286766316782,3.0959255695343018,0.6424291729927063,0.595787525177002,0.10924564301967621,0.0,1791183680889,0.009000001,7.4880004,-1.9350001,-0.150745,8.788083,4.334381,-0.158325,-1.319039,-6.018186,-0.2552,0.5957875,0.23567499,
36478251392226,-3.8960459232330322,-0.8683276332914829,8.132877152740411,3.4224186509847643,1.7909406397929002,3.46124267578125,0.5637621879577637,0.5308874845504761,0.18250919878482819,0.0,1791183680900,0.57405,7.79895,-2.2339501,-0.152148,8.788082,4.334332,0.511059,-1.158627,-6.44191,-0.4191,0.5308875,0.1835625,
36478261386154,-3.7138164043426514,-1.0971189059317112,7.989776337744572,3.256149873137474,1.846688927384175,3.6592986583709717,0.3745107054710388,0.3786749839782715,0.2718442678451538,0.0,1791183680911,-0.17205001,7.7490005,-1.9390501,-0.152679,8.792954,4.324425,0.710309,-0.888166,-6.585233,-0.6180625,0.37867498,0.056925,
36478271380323,-3.7364039421081543,-1.3305937387049198,7.5288703913162145,3.0072901219129564,1.8702814791200646,3.7537596225738525,0.15913572907447815,0.17215000092983246,0.35894539952278137,0.0,1791183680920,-0.15795001,7.3510504,-1.6189501,-0.16282,8.787515,4.335097,-0.105548,-1.172425,-6.073968,-0.8107,0.17215,-0.0196625,
36478281374400,-3.715874433517456,-1.5709364034235478,7.638253393954409,2.7062958121299743,1.8524215831070314,3.7808581829071044,-0.43404337763786316,-0.4918375015258789,0.42360928654670715,0.0,1791183680930,-0.028050002,7.62195,-0.49800003,-0.150639,8.750366,4.410034,0.392234,-1.252592,-5.758651,-0.94063747,-0.4918375,-0.0207625,
36478291368543,-2.2070183753967285,-1.7428287900984287,8.941762779841836,2.0438678026199337,1.7405901796789807,3.4538318157196044,-1.377131700515747,-1.5859249830245972,0.44170400500297546,0.0,1791183680940,-1.2210001,8.12205,3.5350502,-0.092873,8.715218,4.480669,-0.903333,-0.860707,-3.171721,-0.967175,-1.585925,0.0526625,
36478301362697,-0.010247260332107544,-1.8033176712691783,11.052726957742276,0.8881787598133088,1.6562648753742548,2.6766720831394197,-1.9842110872268677,-2.296799898147583,0.376722127199173,0.0,1791183680950,-0.771,8.05305,7.53105,0.003759,8.675067,4.558859,-1.023908,-0.542829,1.011767,-0.8097375,-2.2968,0.105875,
36478311356606,1.7329021692276,-1.7684860937297344,13.646213758362181,0.6265086591243745,1.7216502414452388,1.5873283684253692,-2.2095179557800293,-2.563962459564209,0.24488049745559692,0.0,1791183680959,-0.957,8.12895,10.91895,0.127962,8.641051,4.621243,-0.829682,-0.551909,4.729828,-0.5159,-2.5639625,0.122925,
36478321350752,3.1892988681793213,-1.643233310431242,15.78941196300034,2.4508161723613737,1.9689029510397633,0.20218780636787415,-2.214625597000122,-2.625699996948242,0.0666336864233017,0.0,1791183680970,-0.38505003,8.10495,13.545001,0.266068,8.627865,4.639952,-1.039614,-0.454925,7.641623,-0.1285625,-2.6257,0.2123,
36478331344829,4.136413097381592,-1.4530154906213284,16.8499794085851,4.464195269346237,2.305541825712088,1.3682696998119355,-1.8600798845291138,-2.3149499893188477,-0.11274063587188721,0.0,1791183680979,0.75105006,8.347051,14.61795,0.407154,8.632546,4.620973,-0.299634,-0.459607,9.657366,0.2704625,-2.31495,0.3559875,
36478341338996,4.722932815551758,-1.217514954507351,17.096541896215157,6.215502613782883,2.657015399208365,2.7542599380016326,-1.25613534450531,-1.6901500225067139,-0.2235042154788971,0.0,1791183680990,1.9980001,8.962951,14.4210005,0.531661,8.649955,4.575544,0.863938,-0.043664,10.097838,0.5302,-1.69015,0.4431625,
36478351333154,5.157766342163086,-0.9400040283799171,16.896544018564576,7.447161316871643,2.9968137528101404,3.7878626585006714,-0.5767950415611267,-0.9240000247955322,-0.24605795741081238,0.0,1791183681001,3.0300002,9.946951,13.31805,0.624105,8.671993,4.521843,1.949443,0.777055,9.418914,0.594,-0.924,0.44,
36478361327075,5.365876197814941,-0.6301657214760781,16.504072232551074,8.268217086791992,3.297348005557108,4.51445746421814,0.10002388805150986,-0.089649997651577,-0.19053232669830322,0.0,1791183681010,3.4710002,10.61205,12.154051,0.671806,8.690505,4.479265,2.651127,1.606091,8.226084,0.4653,-0.08965,0.3229875,
36478371321170,5.318752288818359,-0.30735907703638077,15.846665891914457,8.721206331253052,3.5390560419508383,4.940348148345947,0.689732551574707,0.7042750120162964,-0.10824564099311829,0.0,1791183681645,3.1189501,10.86795,11.103001,0.666548,8.701434,4.458784,2.728211,2.102732,7.178751,0.2534125,0.704275,0.103675,
36478381315332,4.735595703125,-0.001351948082447052,14.613366250853732,8.514016485214233,3.6938909395282526,5.060184669494629,1.1724483966827393,1.3897124528884888,-0.04898781701922417,0.0,1791183681645,2.262,10.741051,9.646951,0.607481,8.706057,4.458202,2.15042,2.119658,5.977442,0.08745,1.3897125,-0.1485,
36478391309462,3.6641969680786133,0.2632350131869316,13.01230047467842,7.52510958313942,3.75691518533524,4.8484375,1.4786694049835205,1.8504749536514282,-0.020283587276935577,0.0,1791183681645,1.266,10.2310505,7.9399505,0.504715,8.707503,4.46818,1.26438,1.816541,4.353772,0.0034375,1.850475,-0.3634125,
36478401303386,2.281104803085327,0.48076327294111254,11.459474250901762,5.860433560609817,3.741471595213768,4.273105192184448,1.5842607021331787,2.0345873832702637,-0.02085031196475029,0.0,1791183681646,0.25995,9.595051,6.25995,0.376754,8.708753,4.478359,0.379593,1.211954,2.603009,0.0044,2.0345874,-0.49005,
36478411297540,0.948286771774292,0.6643544360995293,10.19613119827925,3.5917751133441924,3.6691219719046866,3.3895873069763183,1.5009758472442627,1.954699993133545,-0.054291628301143646,0.0,1791183681646,-0.61305004,8.965051,4.8180003,0.241041,8.709684,4.4859,-0.442373,0.552616,1.022477,0.0906125,1.9547,-0.5209875,
36478421291693,-0.10348671674728394,0.8223850563168525,9.358900492630074,0.9368698060512541,3.5630498175069754,2.3051395058631896,1.3061470985412598,1.7047250270843506,-0.11514957994222641,0.0,1791183681646,-1.26405,8.53905,3.6160502,0.111111,8.719877,4.471174,-1.112107,0.025276,-0.248482,0.2407625,1.704725,-0.467775,
36478431285768,-0.8182306289672852,0.9604926064610482,8.891846849393305,1.5598856985568998,3.4411645663129167,1.1943742394447328,1.1025677919387817,1.425874948501587,-0.18812352418899536,0.0,1791183681646,-1.2930001,8.479051,2.3449502,-0.002822,8.741287,4.430567,-1.333361,-0.204429,-1.407371,0.41635,1.425875,-0.3741375,
36478441279932,-1.7105631828308105,1.0670719578862191,8.144542724412226,3.6684404492378233,3.3217032474329797,0.1194222092628479,0.8922427892684937,1.1512874364852905,-0.2510773241519928,0.0,1791183681646,-1.4790001,7.9549503,0.93000007,-0.097591,8.774619,4.363094,-1.30563,-0.582526,-2.699804,0.570625,1.1512874,-0.2985125,
36478451273847,-2.6279382705688477,1.1304773405194282,7.903864574139179,5.376843869686127,3.237394059391757,0.8623864054679871,0.6843267679214478,0.856487512588501,-0.2833831012248993,0.0,1791183681646,-1.0890001,7.8180003,-0.40500003,-0.170074,8.817949,4.272573,-1.216387,-0.982593,-4.048198,0.6568375,0.8564875,-0.171875,
36478461267983,-3.0973012447357178,1.161303098499775,7.982714044983319,6.611852157115936,3.1937621330339527,1.671504008769989,0.512827455997467,0.6159999966621399,-0.2669942378997803,0.0,1791183681647,-0.75405,7.82805,-1.36995,-0.215464,8.866172,4.169483,-0.656243,-1.040392,-5.101509,0.6312625,0.616,-0.0719125,
36478471262142,-3.376258134841919,1.1793103888630867,8.075930079271085,7.386242961883545,3.1669999501784964,2.326058292388916,0.43374547362327576,0.4871625006198883,-0.21186234056949615,0.0,1791183681647,-0.57000005,7.79895,-2.01795,-0.242556,8.912774,4.067388,-0.430433,-1.079812,-5.794288,0.5099875,0.4871625,0.007975,
36478481256222,-3.6237127780914307,1.183918471634388,8.194318826941533,7.735592222213745,3.159933117149099,2.887154722213745,0.45163694024086,0.47657498717308044,-0.13336580991744995,0.0,1791183681647,-0.49800003,7.7770505,-2.53305,-0.259621,8.953717,3.975365,-0.236197,-1.183004,-6.284057,0.324775,0.476575,0.0611875,
36478491250389,-3.7379846572875977,1.1073701575398445,8.035522097412462,7.565744209289551,3.258166899647997,3.2926390171051025,0.5570738315582275,0.5830000042915344,-0.02725776471197605,0.0,1791183681647,-0.90195006,7.5550504,-2.5840502,-0.279874,8.985456,3.901698,-0.596622,-1.26981,-6.507271,0.064075,0.583,0.0611875,
36478501244543,-4.188940525054932,0.8984354943037033,7.737300781083561,6.9944267749786375,3.451389540482511,3.6048394680023192,0.7123287320137024,0.7383750081062317,0.08945760130882263,0.0,1791183681647,-0.08400001,7.1719503,-2.9020503,-0.304453,9.006056,3.852051,0.093544,-1.707001,-6.658737,-0.232925,0.738375,0.0675125,
36478511238461,-4.420154094696045,0.5907826811075211,7.6904611124682525,6.174549543857575,3.6327665127169197,3.8694100379943848,0.6122519969940186,0.596750020980835,0.20653876662254333,0.0,1791183681647,-0.24900001,7.1329503,-2.8639503,-0.318527,8.991623,3.884491,0.100436,-1.852979,-6.853982,-0.5308875,0.59675,0.1197625,
36478521232631,-4.271271705627441,0.21775415241718293,7.587632011910087,5.242786991596223,3.728566289735949,4.048412752151489,0.27702808380126953,0.17641249299049377,0.3165907859802246,0.0,1791183681647,0.093,7.3110003,-2.028,-0.310572,8.966124,3.943626,0.046991,-1.817903,-6.477372,-0.804375,0.1764125,0.2239875,
36478531226702,-3.5398497581481934,-0.16605899035930632,7.836821121603774,4.1510623574256895,3.700416058968865,4.031640148162841,-0.37317344546318054,-0.55673748254776,0.38753318786621094,0.0,1791183682216,0.21705002,7.8130503,-0.57000005,-0.270891,8.932306,4.022503,0.536428,-1.446503,-5.375908,-0.9618125,-0.5567375,0.26235,
36478541220870,-2.1450443267822266,-0.5094578474760055,8.886974024251135,2.8506656765937803,3.5462463730797356,3.7130520820617674,-1.360496163368225,-1.6263500452041626,0.39491498470306396,0.0,1791183682216,0.010950001,8.61795,2.1700501,-0.188582,8.910624,4.074949,0.274554,-0.716136,-3.58003,-0.96085,-1.62635,0.2399375,
36478551214788,0.15260151028633118,-0.7597160890698433,11.173910827737458,1.173239666223526,3.3059459735413177,2.844743674993515,-2.365370512008667,-2.713974952697754,0.334425687789917,0.0,1791183682216,0.18105,8.91195,6.7380004,-0.063892,8.879407,4.146329,0.123528,0.011792,0.33733,-0.79365,-2.713975,0.2091375,
36478561208930,2.037309169769287,-0.926144440472126,14.33507334958048,0.7728072702884674,3.068648538933003,1.5532510221004485,-2.9109084606170654,-3.293950080871582,0.19310475885868073,0.0,1791183682216,0.87600005,8.75895,11.314051,0.087548,8.851605,4.204928,0.278545,-0.039414,4.82532,-0.4467375,-3.29395,0.1590875,
36478571203102,3.908172845840454,-0.9966734126210213,17.21530540154869,2.9697926104068757,2.937724279581928,0.08263788819313049,-2.755913496017456,-3.1077749729156494,0.025148972868919373,0.0,1791183682216,1.21305,8.874001,14.701951,0.236273,8.843213,4.216842,1.049193,-0.011868,9.048749,-0.051975,-3.107775,0.1155,
36478581197183,4.872330188751221,-0.9898366883397103,18.02226786769529,5.057712894678116,2.9511848306952064,1.7650738775730133,-2.170604705810547,-2.4745874404907227,-0.14358940720558167,0.0,1791183682216,1.4809501,8.874001,15.616051,0.360231,8.851026,4.191615,0.88214,0.016231,11.281431,0.3460875,-2.4745874,0.120725,
36478591191337,4.843018054962158,-0.930895633995533,17.42160049154714,6.76752582192421,3.053543206851267,3.1626863539218903,-1.3042930364608765,-1.549762487411499,-0.2279023826122284,0.0,1791183682216,1.9150501,8.994,14.79705,0.451552,8.86976,4.14288,1.281631,0.057353,11.193697,0.5578375,-1.5497625,0.171875,
36478601185276,4.444470405578613,-0.8227273538708687,16.2270748436152,7.890470170974732,3.20020411878092,4.021060132980347,-0.34551265835762024,-0.49939998984336853,-0.18883109092712402,0.0,1791183682217,1.8930001,9.279,13.177051,0.502919,8.88769,4.098302,1.443347,0.228565,9.954982,0.4758875,-0.4994,0.1984125,
36478611179430,3.985464572906494,-0.6708684638142586,15.25510173382433,8.459103965759278,3.3492321818512005,4.410691213607788,0.6083269715309143,0.5648499727249146,-0.06459812074899673,0.0,1791183682217,1.9219501,9.52005,11.7640505,0.511574,8.895388,4.080489,1.425115,0.510565,8.280094,0.1810875,0.56485,0.20693749,
36478621173560,3.7505736351013184,-0.47816544622182844,14.623069072596781,8.410811519622802,3.4844774592923446,4.379171371459961,1.3666601181030273,1.4460874795913696,0.057704150676727295,0.0,1791183682217,1.70595,9.79605,10.722,0.47841,8.890649,4.094815,1.381665,0.766695,7.150069,-0.1211375,1.4460875,0.1452,
36478631167632,3.5377564430236816,-0.2603660926222801,13.906514280713273,7.82530870437622,3.5909254824471546,4.112256622314453,1.8637338876724243,2.0601625442504883,0.11735367774963379,0.0,1791183682217,1.11,9.970051,9.63105,0.406548,8.878564,4.128656,1.003417,1.022989,6.098692,-0.2765125,2.0601625,0.0207625,
36478641161798,2.9990906715393066,-0.02488339990377426,12.714952773888552,6.5882148206233975,3.642161866497403,3.743471145629883,2.1012818813323975,2.384662389755249,0.10075287520885468,0.0,1791183682217,0.43305,9.769051,8.127001,0.30545,8.86659,4.162972,0.482023,1.061299,4.764326,-0.245575,2.3846624,-0.1144,
36478651155962,1.8476073741912842,0.19889388233423233,11.06328551782925,4.777349561452866,3.6127251683031343,3.224098539352417,2.0736711025238037,2.4039125442504883,0.022243455052375793,0.0,1791183682217,-0.22995001,9.240001,6.0799503,0.18826,8.861339,4.181059,-0.097499,0.647564,2.962557,-0.0625625,2.4039125,-0.23155,
36478661149895,0.44323885440826416,0.3759208872914314,9.580426450995878,2.4330155074596402,3.5327304862796574,2.515653395652771,1.8147467374801636,2.1421124935150146,-0.0815456360578537,0.0,1791183682217,-0.91905004,8.709001,3.8850002,0.066942,8.862638,4.182006,-0.672894,0.109964,0.816406,0.18645,2.1421125,-0.2899875,
36478671143954,-0.8765392303466797,0.5009068325161934,8.909247113029783,0.17484305500984187,3.440792590202555,1.5902308225631714,1.3924144506454468,1.6684249639511108,-0.17212705314159393,0.0,1791183682217,-1.2229501,8.577001,2.0770502,-0.042535,8.880498,4.144265,-1.114082,-0.37237,-1.286269,0.4098875,1.668425,-0.2783,
36478681138106,-1.7563825845718384,0.594273342192173,8.103454144756121,2.6312833368778232,3.3517875488577973,0.5314030170440673,0.8978639245033264,1.108662486076355,-0.2252008616924286,0.0,1791183682218,-1.7020501,7.8900003,0.71895003,-0.130018,8.911067,4.076274,-1.395306,-0.692638,-2.752961,0.5493125,1.1086625,-0.2475,
36478691132256,-2.645852565765381,0.6488799467682839,7.7612677801901295,4.618645763397217,3.2890721666881824,0.5975856304168701,0.4092233180999756,0.5106750130653381,-0.24884013831615448,0.0,1791183682218,-1.7380501,7.56405,0.040050004,-0.187833,8.948973,3.990068,-1.579306,-1.274028,-3.715416,0.6164125,0.510675,-0.111237496,
36478701126399,-2.9389965534210205,0.7113771453499794,7.653738178595555,5.965597629547119,3.2074144354921263,1.554906415939331,0.027221299707889557,0.030662499368190765,-0.24734275043010712,0.0,1791183682218,-1.4599501,7.5070505,-0.30405003,-0.193761,8.975162,3.93052,-1.420149,-1.451051,-4.084429,0.6153125,0.0306625,0.0281875,
36478711120336,-2.9587502479553223,0.7844473376870156,7.657457181347582,6.614475607872009,3.104678601525638,2.2353042364120483,-0.19136559963226318,-0.258774995803833,-0.2214571088552475,0.0,1791183682218,-1.029,7.5810003,-0.32595003,-0.175267,8.99943,3.87551,-1.115426,-1.446589,-4.173071,0.553575,-0.258775,0.1420375,
36478721114463,-2.9474363327026367,0.8506391063332558,7.6821828753301205,6.761740279197692,3.0088171933093735,2.64948365688324,-0.2640955448150635,-0.3694624900817871,-0.17865347862243652,0.0,1791183682218,-0.42600003,7.65495,-0.48600003,-0.143145,9.019873,3.829024,-0.553786,-1.409571,-4.243901,0.44935,-0.3694625,0.2112,
36478731108538,-2.8723397254943848,0.8840146079659462,7.798817761591601,6.616146230697632,2.963288025875972,2.872675085067749,-0.2817341387271881,-0.40892499685287476,-0.12634781002998352,0.0,1791183682218,-0.105000004,7.7820005,-0.50100005,-0.104057,9.035417,3.79347,-0.140369,-1.314982,-4.292145,0.3194125,-0.408925,0.254925,
36478741102707,-2.760793685913086,0.8532271400094033,7.890355040880438,6.119761848449707,2.9975989607624838,2.89566330909729,-0.2575695514678955,-0.39077499508857727,-0.06863479316234589,0.0,1791183682218,0.25995,7.87305,-0.453,-0.061597,9.052869,3.752572,0.159541,-1.234272,-4.229699,0.1747625,-0.390775,0.2729375,
36478751096632,-2.684925079345703,0.7113508105278015,7.926762511257001,5.360502409934997,3.0930329580223166,2.8448490142822265,-0.22159424424171448,-0.341825008392334,-0.005790829658508301,0.0,1791183682218,0.39705002,7.9020004,-0.48405004,-0.018929,9.071387,3.708047,0.339533,-1.188147,-4.187569,0.014025,-0.341825,0.2506625,
36478761090786,-2.6321778297424316,0.47787646055221555,7.992921179707316,4.36976535320282,3.1596508536876358,2.7795345306396486,-0.23567157983779907,-0.33646249771118164,0.06346432119607925,0.0,1791183682218,0.55695003,7.9669504,-0.32295,0.020335,9.082844,3.679885,0.46068,-1.168479,-4.128282,-0.1678875,-0.3364625,0.203775,
36478771084920,-2.3494367599487305,0.16499598026275636,8.138171936811117,3.1913376331329344,3.1139745760133843,2.6599346160888673,-0.3535858988761902,-0.4408249855041504,0.13124868273735046,0.0,1791183682219,0.70605004,8.09805,0.39105,0.059245,9.086107,3.671395,0.582181,-1.042454,-3.700806,-0.347875,-0.440825,0.1527625,
36478781078968,-1.8571631908416748,-0.17147868871688843,8.440229078413875,1.859313678741455,2.946205877961786,2.456899309158325,-0.5597377419471741,-0.6408874988555908,0.17822054028511047,0.0,1791183682219,0.78900003,8.24895,1.6030501,0.101406,9.080544,3.684215,0.669308,-0.900422,-2.739186,-0.4712125,-0.6408875,0.103675,
36478791073129,-1.1924796104431152,-0.4732535719871521,9.005924413985277,0.588330078125,2.7173377154217873,2.143236494064331,-0.8037119507789612,-0.8813750147819519,0.19799581170082092,0.0,1791183682219,0.588,8.43105,3.111,0.147025,9.067073,3.715719,0.578198,-0.728934,-1.389236,-0.5201625,-0.881375,0.0515625,
36478801067307,-0.38538336753845215,-0.7147462606430054,9.891018757279925,0.5519760847091675,2.4732147386841876,1.6833281517028809,-1.0162125825881958,-1.0942250490188599,0.20029915869235992,0.0,1791183682219,0.23400001,8.556001,4.9570503,0.193837,9.04726,3.761584,0.251264,-0.519979,0.233658,-0.5212625,-1.094225,0.0111375,
36478811061223,0.42174580693244934,-0.8929321989417076,11.003285288920194,1.5769402325153352,2.246112760310488,1.0725434243679046,-1.108128547668457,-1.1943249702453613,0.18589356541633606,0.0,1791183682219,0.045,8.55795,6.9160504,0.24055,9.022229,3.818578,-0.123453,-0.442276,2.13512,-0.476575,-1.194325,0.007975,
36478821055300,1.1943261623382568,-1.0207445725798607,12.125738747315289,2.5088842451572417,2.0416688225497435,0.3637908399105072,-1.0347379446029663,-1.1368499994277954,0.1471288800239563,0.0,1791183682219,0.042000003,8.623051,8.52495,0.288357,8.995273,3.878398,-0.262239,-0.384194,3.928413,-0.3680875,-1.13685,0.0495,
36478831049452,1.7649234533309937,-1.109386222064495,12.818848292914574,3.2562897980213164,1.8733806289738555,0.3606264889240265,-0.7909747362136841,-0.9015874862670898,0.09605811536312103,0.0,1791183682219,0.20295002,8.72295,9.39105,0.336296,8.983167,3.902516,-0.223988,-0.314627,5.175616,-0.231825,-0.9015875,0.109037496,
36478841043581,2.0582988262176514,-1.156425814330578,13.421005982369975,3.855631190538406,1.7790656443104098,1.0107821762561797,-0.4203341007232666,-0.527037501335144,0.04968937486410141,0.0,1791183682219,0.82305,9.07005,9.858001,0.376337,8.975738,3.915931,-0.046157,-0.189883,5.590763,-0.10835,-0.5270375,0.1665125,
36478851037735,2.78174090385437,-1.1097191378474236,13.330928385726057,4.423741561174393,1.8673885879113246,1.6442070305347443,0.037075772881507874,-0.029975000768899918,0.015092967078089714,0.0,1791183682219,1.4239501,9.604051,9.135,0.400348,8.971941,3.922246,1.021588,0.453166,5.809502,-0.0210375,-0.029975,0.16335,
36478861031655,2.455209732055664,-1.0091205939650536,12.389091368913615,4.710834431648255,1.9979669760329077,2.0508998155593874,0.40588080883026123,0.4020499885082245,0.0068186307325959206,0.0,1791183682219,1.098,9.7890005,7.5139503,0.400977,8.970045,3.926517,0.819846,0.737577,4.359135,-0.0072875,0.40205,0.0952875,
36478871025814,1.9839149713516235,-0.8660978838801384,11.699706647423069,4.665716886520386,2.1020111192811584,2.2088175773620606,0.6060088276863098,0.6595875024795532,0.0299521554261446,0.0,1791183682220,0.83205,9.80805,6.3240004,0.382686,8.966881,3.935556,0.613082,0.858058,2.925545,-0.0732875,0.6595875,0.0133375,
36478881019968,1.5061452388763428,-0.7029714927077293,11.123134991085564,4.300298428535461,2.1525768407524226,2.1570619344711304,0.6447738409042358,0.744700014591217,0.05357074737548828,0.0,1791183682220,0.36600003,9.628051,5.5579505,0.353084,8.956342,3.962233,0.228488,0.772828,1.957946,-0.1392875,0.7447,-0.076175,
36478891014122,0.9697155952453613,-0.5221930846571923,10.568561750442935,3.622673439979553,2.133555948184711,1.9393452882766724,0.587398886680603,0.7096375226974487,0.05659250169992447,0.0,1791183682220,-0.072000004,9.295051,5.0290504,0.313833,8.946833,3.986941,-0.187159,0.487851,1.303563,-0.149875,0.7096375,-0.1368125,
36478901008225,0.4929720163345337,-0.35059465616941454,10.172160616091809,2.5541349351406097,2.0693225998275424,1.4815915107727051,0.4561615586280823,0.5722749829292297,0.03428936004638672,0.0,1791183682220,-0.35895002,9.063001,4.605,0.273046,8.940161,4.004871,-0.522262,0.202429,0.790033,-0.0944625,0.572275,-0.154825,
36478911002150,0.1938575953245163,-0.1929642640054226,9.912474343508462,1.3931119233369826,1.9829135923642467,1.0293210834264754,0.25381484627723694,0.3445749878883362,-0.0018979943124577403,0.0,1791183682220,-0.65295005,8.88105,4.35405,0.238471,8.937868,4.012189,-0.743867,0.034734,0.440345,-0.004125,0.344575,-0.14739999,
36478920996514,-0.07120200246572495,-0.049152547493577003,9.659537493427997,0.25767119973897934,1.879534513791089,0.6182976886630058,0.047737788408994675,0.10092499852180481,-0.04044050723314285,0.0,1791183682220,-0.81900007,8.641951,4.23705,0.213655,8.939809,4.009265,-0.960866,-0.175501,0.268493,0.0928125,0.100925,-0.113299996,
36478930990439,-0.3251436948776245,0.078207254037261,9.430605072022884,0.7587422743439673,1.766838626772757,0.25203990191221237,-0.1058763712644577,-0.09391249716281891,-0.0712045207619667,0.0,1791183682220,-0.74895006,8.41395,4.1929502,0.200847,8.944904,3.998544,-0.979181,-0.424805,0.202598,0.1716,-0.0939125,-0.058025,
36478940984490,-0.4693986177444458,0.192777007445693,9.339831191135172,1.6799899712204933,1.649421049140793,0.035782940685749054,-0.19399788975715637,-0.22055000066757202,-0.09289423376321793,0.0,1791183682220,-0.558,8.347051,4.1530504,0.200154,8.952083,3.982483,-0.897086,-0.580425,0.194718,0.22893749,-0.22055,0.006875,
36478950978659,-0.5140830278396606,0.30131911002099515,9.321640106074156,2.2880937650799753,1.523066807390684,0.23719394952058792,-0.21348203718662262,-0.26840001344680786,-0.10152680426836014,0.0,1791183682220,-0.26295,8.359051,4.11705,0.209982,8.960374,3.963287,-0.607639,-0.624629,0.173212,0.2545125,-0.2684,0.06545,
36478960972842,-0.47831737995147705,0.40901213251054286,9.37742856780775,2.5804465219378474,1.3813964495129833,0.3716289445757866,-0.17483150959014893,-0.24186250567436218,-0.09582377225160599,0.0,1791183682220,-0.069000006,8.445001,4.07595,0.225727,8.968552,3.943875,-0.412694,-0.580134,0.154317,0.243925,-0.2418625,0.1016125,
36478970966756,-0.405880868434906,0.5061899270862341,9.443052067275593,2.595626652240753,1.245617574740532,0.4385647177696228,-0.0865267664194107,-0.15234999358654022,-0.07813601195812225,0.0,1791183682220,0.19305001,8.56995,3.9610503,0.242858,8.975522,3.926969,-0.180828,-0.48176,0.099397,0.2024,-0.15235,0.1197625,
36478980960892,-0.3394322097301483,0.5820764761418105,9.41961238529282,2.3807677090168,1.141177600589688,0.44142242074012755,0.02382492646574974,-0.025712499395012856,-0.048624228686094284,0.0,1791183682220,0.411,8.6320505,3.7480502,0.257704,8.980457,3.914715,0.084447,-0.35262,-0.046366,0.128975,-0.0257125,0.1101375,
36478990955040,-0.3691212236881256,0.6232443954795599,9.449400170365687,1.9029584527015686,1.0901274725881125,0.42136694192886354,0.11615359783172607,0.09129999577999115,-0.010676398873329163,0.0,1791183682221,0.47295,8.685,3.693,0.266999,8.982635,3.909092,0.209227,-0.314096,-0.217913,0.032175,0.091299996,0.0792,
36479000949101,-0.33548086881637573,0.6257395204156637,9.467336012077608,1.414967593550682,1.087870805402153,0.38564651012420653,0.1602594256401062,0.1541374921798706,0.024313131347298622,0.0,1791183682221,0.37305,8.629951,3.8749502,0.270609,8.981174,3.912193,0.155339,-0.307847,-0.1444,-0.0573375,0.15413749,0.0515625,
36479010943250,-0.303322434425354,0.5894861083477736,9.557750084426173,0.9689452096819877,1.1059953496282802,0.35064752101898194,0.16342693567276,0.16692499816417694,0.04302867874503136,0.0,1791183682221,0.30105,8.61795,4.122,0.27042,8.976644,3.922601,0.078913,-0.363171,0.067852,-0.1051875,0.166925,0.03355,
36479020937428,-0.21110817790031433,0.519214391335845,9.640112690574067,0.563732884824276,1.1099745876373344,0.3116929829120636,0.1267089992761612,0.12966249883174896,0.04254966601729393,0.0,1791183682221,0.20295002,8.601001,4.3489504,0.269438,8.970803,3.935999,-0.025448,-0.369301,0.317816,-0.1040875,0.1296625,0.0270875,
36479030931375,-0.14846539497375488,0.42354494892060757,9.698870575690785,0.23771667927503587,1.0805513428264797,0.2734996199607849,0.07106290757656097,0.0668250024318695,0.02817300520837307,0.0,1791183682221,0.17205001,8.589001,4.5019503,0.269872,8.965363,3.948349,-0.097709,-0.378226,0.497003,-0.067925,0.066825,0.0292875,
36479040925531,-0.11320631206035614,0.3149696920067072,9.722481833331198,0.014877311885356903,1.0181290202678321,0.22231663763523102,0.006818284280598164,-0.008662499487400055,0.008717003278434277,0.0,1791183682221,0.08505,8.578951,4.5739503,0.273388,8.961322,3.957267,-0.156291,-0.378973,0.58864,-0.018975,-0.0086624995,0.0378125,
36479050919685,-0.10678048431873322,0.17054362259805203,9.721483197129247,0.19505238384008408,0.8487481737053753,0.17657656073570252,-0.046166278421878815,-0.07466249912977219,-0.009779145009815693,0.0,1791183682221,0.094950005,8.553,4.6200004,0.280181,8.959002,3.962048,-0.191814,-0.383836,0.617378,0.0279125,-0.0746625,0.0526625,
36479060913765,-0.10422641038894653,0.04257181547582149,9.752390289501676,0.30180736184120177,0.6684210094814906,0.13675735592842103,-0.08579401671886444,-0.12581250071525574,-0.023914869874715805,0.0,1791183682221,0.08295,8.532001,4.72305,0.290595,8.957866,3.963863,-0.183075,-0.418613,0.701755,0.064075,-0.1258125,0.0675125,
36479070907909,-0.09315568208694458,-0.06128171719610691,9.77355217941898,0.3282555639743805,0.49847921210844626,0.11316685676574707,-0.0930144190788269,-0.14176249504089355,-0.03407015651464462,0.0,1791183682221,0.07095,8.51505,4.7970004,0.302993,8.957452,3.963869,-0.23378,-0.446929,0.797517,0.0906125,-0.1417625,0.0834625,
36479080901820,-0.03631982207298279,-0.13840497024357318,9.836361942348718,0.3306291997432709,0.3460105784841173,0.09073774218559265,-0.07404601573944092,-0.13007499277591705,-0.03804786503314972,0.0,1791183682221,0.186,8.56005,4.842,0.31691,8.957335,3.963047,-0.187842,-0.418083,0.870165,0.1023,-0.130075,0.1027125,
36479090895969,-0.0031442642211914062,-0.18704796321690081,9.895633202996873,0.3169211775064468,0.2384856247328508,0.0687253326177597,-0.04036126658320427,-0.09707500040531158,-0.03676145151257515,0.0,1791183682221,0.25305,8.61795,4.8570004,0.331646,8.957207,3.962127,-0.109205,-0.38683,0.875873,0.100237496,-0.097075,0.111237496,
36479100890036,0.08069819211959839,-0.20766165442764759,9.957416301372401,0.31941792368888855,0.19212889031663943,0.031229597330093384,0.0014921203255653381,-0.05238749831914902,-0.03176722303032875,0.0,1791183682221,0.31095,8.677951,4.87305,0.345438,8.956733,3.96202,-0.084689,-0.300165,0.885557,0.08855,-0.0523875,0.1144,
36479110884208,0.14927077293395996,-0.2098909955471754,10.009037542041607,0.3311628222465515,0.18766377653002586,0.019469839334487916,0.041996102780103683,-0.007699999958276749,-0.026456981897354126,0.0,1791183682221,0.39195,8.77095,4.806,0.358204,8.955738,3.963134,0.0031,-0.234526,0.898808,0.0757625,-0.0077,0.1144,
36479120878361,0.19303491711616516,-0.1966791495680809,10.036983040280857,0.3502075791358948,0.2054236424124987,0.07670795917510986,0.07977026700973511,0.03918749839067459,-0.022048436105251312,0.0,1791183682221,0.55695003,8.89095,4.62405,0.369278,8.95483,3.964169,0.118919,-0.130668,0.761304,0.064075,0.0391875,0.1027125,
36479130872284,0.22185386717319489,-0.16932927146553994,10.053464153106301,0.35065933465957644,0.22222554840711395,0.1283426970243454,0.08107596635818481,0.05403750017285347,-0.015723098069429398,0.0,1791183682221,0.67200005,8.97,4.48995,0.378519,8.954127,3.964884,0.265301,-0.02462,0.578629,0.045925,0.0540375,0.073975,
36479140866430,0.27610698342323303,-0.13205399140715599,10.09530064069086,0.3607695072889328,0.23111326247332906,0.1841929465532303,0.04521426931023598,0.03382499888539314,-0.010853848420083523,0.0,1791183682221,0.72705,9.010051,4.4950504,0.38557,8.953355,3.965954,0.313317,0.05516,0.527282,0.029975,0.033825,0.032449998,
36479150860584,0.26863813400268555,-0.09291793331503868,10.07391010645325,0.3585382908582687,0.22937329570477843,0.2217809349298477,0.004609524272382259,0.009349999949336052,-0.01089675072580576,0.0,1791183682222,0.63600004,8.982,4.51695,0.389784,8.952422,3.96765,0.299527,0.041728,0.539951,0.0257125,0.00935,-0.0122375,
36479160854666,0.21127434074878693,-0.058438347280025484,9.971780585171459,0.3473485052585602,0.2205068643737611,0.23418164849281312,-0.03183605894446373,-0.015124999918043613,-0.014030017890036106,0.0,1791183682222,0.34395,8.863951,4.5550504,0.390241,8.951635,3.969379,0.119504,-0.022128,0.559769,0.029975,-0.015125,-0.0474375,
36479170848818,0.1395753175020218,-0.031165537983179094,9.904127897751199,0.3142274707555771,0.20929435349694459,0.22348972856998445,-0.06341729313135147,-0.04496249929070473,-0.01882980950176716,0.0,1791183682222,0.126,8.74695,4.644,0.387369,8.950939,3.971227,-0.167321,-0.126777,0.646507,0.0407,-0.0449625,-0.059125,
36479180842981,-0.007618457078933716,-0.014574850350618363,9.795462824214349,0.24632059633731843,0.19699030863227932,0.17759526371955872,-0.0743204802274704,-0.06187500059604645,-0.02529444918036461,0.0,1791183682222,0.00405,8.60295,4.68405,0.383909,8.950396,3.972785,-0.33385,-0.305798,0.702409,0.0576125,-0.061875,-0.0495,
36479190836899,-0.062430232763290405,7.596991956233979E-4,9.758402066656156,0.1411174178123474,0.17999828783688118,0.10988782048225403,-0.06199038028717041,-0.06091250106692314,-0.03161010891199112,0.0,1791183682222,-0.00705,8.589001,4.6320004,0.38165,8.950335,3.973146,-0.412993,-0.356016,0.687683,0.0757625,-0.0609125,-0.0229625,
36479200831027,-0.05223691463470459,0.014921896904706956,9.835044032976821,0.026242971420288082,0.16335960900810215,0.045712810754776,-0.03697513788938522,-0.04496249929070473,-0.03144654259085655,0.0,1791183682222,0.081,8.682,4.6200004,0.381674,8.950542,3.972673,-0.331614,-0.334675,0.657031,0.077825,-0.0449625,0.0026125,
36479210825181,-0.00498884916305542,0.029838576167821883,9.855014256291799,0.07424778640270233,0.14635471876336692,0.0024601727724075317,-0.002532340120524168,-0.012924999929964542,-0.02616574801504612,0.0,1791183682222,0.14805001,8.698951,4.629,0.382833,8.950503,3.972649,-0.272918,-0.284358,0.654661,0.0661375,-0.012925,0.0165,
36479220819253,0.0348757803440094,0.04213777408003807,9.869704285986593,0.14682243168354034,0.1355246663582591,0.018479734659194946,0.03171771019697189,0.02419999986886978,-0.02090643346309662,0.0,1791183682222,0.21495001,8.70405,4.6480503,0.383884,8.949892,3.973925,-0.175807,-0.255017,0.677327,0.05335,0.0242,0.0185625,
36479230813400,0.054273396730422974,0.05227471366524696,9.871356998989848,0.1902943104505539,0.1282772891495274,0.006101363897323608,0.06446537375450134,0.05939999967813492,-0.017819343134760857,0.0,1791183682222,0.27705002,8.72805,4.60305,0.384141,8.948886,3.976163,-0.125786,-0.227674,0.65833,0.045925,0.0594,0.0207625,
36479240807558,0.01484169065952301,0.058677113801240924,9.817671476899108,0.21242791414260864,0.12294281292884736,0.009353020787239074,0.07987808436155319,0.0742499977350235,-0.018943557515740395,0.0,1791183682222,0.25800002,8.710951,4.5210004,0.384225,8.948138,3.977837,-0.118687,-0.236503,0.580042,0.0490875,0.07425,0.025024999,
36479250801503,-0.007540568709373474,0.0636391095817089,9.799945897566271,0.2158893585205078,0.11807091972117627,0.0182922899723053,0.06470704823732376,0.055137500166893005,-0.02441069856286049,0.0,1791183682222,0.32505003,8.74005,4.4209504,0.38511,8.948106,3.977829,-0.107601,-0.222105,0.491464,0.062975,0.0551375,0.0292875,
36479260795646,-0.015620887279510498,0.06806938573718072,9.794191548107085,0.20732384622097016,0.11325316972324354,0.016165882349014282,0.03276677802205086,0.01993750035762787,-0.030898500233888626,0.0,1791183682222,0.40905002,8.800051,4.27995,0.388201,8.949109,3.975264,-0.010137,-0.187196,0.383896,0.078925,0.0199375,0.0281875,
36479270789798,-0.030649542808532715,0.0711946927011013,9.767724327418406,0.17453444600105286,0.10956326084349202,0.0030608177185058594,-0.005357843823730946,-0.018287500366568565,-0.03336005285382271,0.0,1791183682222,0.53595,8.826,4.15005,0.392917,8.951068,3.97039,0.073733,-0.141271,0.235541,0.0842875,-0.0182875,0.0196625,
36479280783877,8.494555950164795E-4,0.07305315658450126,9.807783173241095,0.11751179099082946,0.10802827552762935,0.0076239705085754395,-0.05177871137857437,-0.06091250106692314,-0.03231172263622284,0.0,1791183682222,0.624,8.87205,4.1340003,0.399206,8.953403,3.964495,0.208701,-0.081357,0.164821,0.080025,-0.0609125,0.0015125,
36479290778034,0.020498130470514297,0.07423527631908655,9.819040359823747,0.05220549330115318,0.10731500406758882,0.006492682546377182,-0.0853164866566658,-0.08635000139474869,-0.029001599177718163,0.0,1791183682223,0.61905,8.875951,4.1530504,0.404938,8.955485,3.959205,0.207758,-0.064286,0.1749,0.0694375,-0.08635,-0.0229625,
36479300771957,0.0410475879907608,0.07225274611264468,9.861764335087498,7.647760212421417E-4,0.10754330449081351,0.0032249487936496734,-0.1154935210943222,-0.10670000314712524,-0.025807660073041916,0.0,1791183682223,0.53295004,8.89305,4.22895,0.409041,8.957085,3.955164,0.198866,-0.070673,0.24119,0.0587125,-0.1067,-0.0506,
36479310766113,0.03233326971530914,0.06640587095171213,9.869714215430397,0.03129551485180855,0.10636947775878067,0.012815780192613601,-0.12786515057086945,-0.10876250267028809,-0.02083483710885048,0.0,1791183682223,0.45705003,8.85495,4.335,0.410116,8.957957,3.95308,0.094841,-0.112247,0.324677,0.0438625,-0.1087625,-0.075075,
36479320760257,0.05068264901638031,0.059288257546722886,9.83351933674655,0.035183582454919815,0.10234461684362432,0.029082218557596205,-0.12405836582183838,-0.09913749992847443,-0.014391091652214527,0.0,1791183682223,0.35805002,8.75205,4.4689503,0.408844,8.957716,3.953757,0.002739,-0.147919,0.46047,0.0268125,-0.0991375,-0.0856625,
36479330754342,0.018405720591545105,0.0491158502176404,9.823800959741972,0.023240450769662857,0.0955674261750977,0.03259347155690193,-0.10123342275619507,-0.07369999587535858,-0.010483866557478905,0.0,1791183682223,0.22905001,8.673,4.6080003,0.405439,8.956438,3.957003,-0.106383,-0.235226,0.588904,0.0171875,-0.073699996,-0.0856625,
36479340748496,-0.011812597513198853,0.0347198711708188,9.786672812873812,0.007839035987854005,0.08084091657361851,0.026131325960159303,-0.06586291640996933,-0.04166249930858612,-0.011120909824967384,0.0,1791183682223,0.112050004,8.59605,4.677,0.400556,8.95458,3.961698,-0.237969,-0.314771,0.706313,0.02035,-0.0416625,-0.0708125,
36479350742674,-0.09182682633399963,0.016696623153984548,9.724058596546953,0.01660943925380707,0.0653852580597593,4.435569047927856E-4,-0.013490807265043259,0.006187499966472387,-0.015448515303432941,0.0,1791183682223,0.10005,8.565001,4.60305,0.394652,8.952903,3.966083,-0.313468,-0.38492,0.673198,0.0331375,0.0061875,-0.0506,
36479360736582,-0.16362474858760834,-0.0020483313128352165,9.639684105324632,0.04269597828388214,0.060470026456886254,0.03963516056537628,0.013119431212544441,0.025299999862909317,-0.020207306370139122,0.0,1791183682223,0.069000006,8.556001,4.44,0.38949,8.952002,3.968621,-0.329854,-0.40796,0.548556,0.047025,0.0253,-0.0292875,
36479370730738,-0.17907147109508514,-0.017980670742690563,9.609265538971325,0.07796201407909394,0.06298238933007388,0.08558598458766938,0.020631801337003708,0.023237500339746475,-0.022767607122659683,0.0,1791183682223,0.16005,8.60595,4.2720003,0.386205,8.952062,3.96881,-0.300233,-0.352954,0.383167,0.05555,0.0232375,-0.006875,
36479380724920,-0.2007932811975479,-0.027639411948621274,9.633377633497753,0.1229331023991108,0.07442542467132561,0.12942578494548798,-0.002088594250380993,-0.006599999964237213,-0.02489985153079033,0.0,1791183682223,0.25095,8.646001,4.24095,0.386163,8.952908,3.966904,-0.180481,-0.327464,0.260575,0.061875,-0.0066,0.0037125,
36479390718995,-0.15097856521606445,-0.032066828571259975,9.65779846101523,0.16048392727971078,0.07886475191963338,0.1572589784860611,-0.03991881012916565,-0.04592499881982803,-0.027708305045962334,0.0,1791183682223,0.33,8.674951,4.2319503,0.388514,8.954025,3.964154,-0.111006,-0.285486,0.282478,0.0683375,-0.045925,-0.00165,
36479400713139,-0.12271305173635483,-0.035590635426342485,9.666124586786648,0.17625200375914574,0.08122639442144321,0.16343622356653215,-0.0696297213435173,-0.07369999587535858,-0.031981516629457474,0.0,1791183682223,0.32700002,8.709001,4.18095,0.391648,8.955678,3.960106,-0.066255,-0.246438,0.26019,0.077825,-0.073699996,-0.0133375,
36479410707307,-0.16726016998291016,-0.043704201467335224,9.607531169652217,0.1932455264031887,0.08574332071478381,0.1641633078455925,-0.08699776977300644,-0.08635000139474869,-0.030398670583963394,0.0,1791183682223,0.27705002,8.673,4.12395,0.393916,8.957534,3.955684,-0.111619,-0.267447,0.202363,0.0726,-0.08635,-0.027224999,
36479420701209,-0.1995174139738083,-0.055423861183226106,9.646091075501143,0.20084596797823906,0.09010945458634073,0.16825249642133713,-0.10594875365495682,-0.1013374999165535,-0.020937174558639526,0.0,1791183682223,0.22905001,8.67,4.22205,0.395286,8.958664,3.952989,-0.144114,-0.30449,0.209846,0.048125,-0.1013375,-0.0378125,
36479430695353,-0.11926451325416565,-0.06410075668245555,9.75629256857935,0.17807806879281998,0.08744445273141521,0.1519467428326607,-0.12125560641288757,-0.11618749797344208,-0.011985836550593376,0.0,1791183682223,0.22905001,8.686951,4.43505,0.396471,8.958426,3.953405,-0.176424,-0.282704,0.362659,0.0257125,-0.1161875,-0.039875,
36479440689522,-0.0059358179569244385,-0.06513963211327792,9.859812639093159,0.12249463647603989,0.08661994895268717,0.12293819338083267,-0.11932044476270676,-0.11302500218153,-0.006881275214254856,0.0,1791183682223,0.19800001,8.6970005,4.6410003,0.397654,8.956841,3.956876,-0.160847,-0.259571,0.589032,0.012925,-0.113025,-0.040975,
36479450683603,0.08489196002483368,-0.06051800567656755,9.96040639238603,0.04178203046321869,0.09187626163688917,0.08141719102859497,-0.10732672363519669,-0.09817499667406082,-0.004014794714748859,0.0,1791183682224,0.15705001,8.698951,4.84905,0.397621,8.954257,3.962726,-0.230246,-0.245017,0.78669,0.0055,-0.098175,-0.0441375,
36479460677769,0.13844993710517883,-0.05281446445733309,10.041030164929014,0.0653108149766922,0.10129426171198307,0.020275169610977174,-0.07700291275978088,-0.06613750010728836,-0.0017116121016442776,0.0,1791183682224,0.018000001,8.69205,5.0269504,0.396042,8.950773,3.970744,-0.307676,-0.26308,0.965419,1.375E-4,-0.0661375,-0.040975,
36479470671923,0.16541609168052673,-0.04301118273288011,10.049201624784507,0.1821373164653778,0.11189766627250913,0.05271153151988983,-0.030270585790276527,-0.021449999883770943,-2.6469252770766616E-4,0.0,1791183682224,-0.043050002,8.613001,5.1769505,0.392596,8.946563,3.980563,-0.426334,-0.301965,1.127982,-0.001925,-0.02145,-0.026124999,
36479480666077,0.20396968722343445,-0.032855171151459216,10.109967092385668,0.2746173501014709,0.12398279264673887,0.11735837161540985,0.018741857260465622,0.021037500351667404,-0.002305553527548909,0.0,1791183682224,-0.064050004,8.629951,5.2660503,0.389157,8.941914,3.99133,-0.43726,-0.311681,1.241714,0.0055,0.0210375,-0.00165,
36479490659995,0.23802095651626587,-0.02197902984917164,10.143903994970927,0.3295859500765801,0.13703943779135896,0.16614972651004792,0.06390808522701263,0.05829999968409538,-0.009105734527111053,0.0,1791183682224,0.016050002,8.673,5.26095,0.386248,8.937673,4.001105,-0.436745,-0.293075,1.279823,0.0246125,0.0583,0.023924999,
36479500654093,0.26742124557495117,-0.01066034696996212,10.157359389675708,0.36681889146566393,0.1504682796173748,0.2026555836200714,0.09393499046564102,0.08167500048875809,-0.021906424313783646,0.0,1791183682224,0.20295002,8.769,5.1220503,0.385205,8.934785,4.007645,-0.284868,-0.227938,1.189486,0.0576125,0.081675,0.042075,
36479510648249,0.2813110947608948,0.0017885442823171616,10.136817075450983,0.3994803115725517,0.1632656481417238,0.2312278151512146,0.09837580472230911,0.0849749967455864,-0.03676429018378258,0.0,1791183682224,0.282,8.875951,4.88805,0.385713,8.934042,4.009252,-0.170454,-0.129034,0.991554,0.0939125,0.084975,0.042075,
36479520642413,0.2899966239929199,0.013754243031144142,10.077497592457552,0.40809066444635395,0.17477458940940432,0.25614392161369326,0.08363840728998184,0.07644999772310257,-0.05095278099179268,0.0,1791183682224,0.33405003,8.971951,4.57695,0.386113,8.935776,4.005354,-0.039173,-0.006268,0.727302,0.126775,0.07645,0.0218625,
36479530636313,0.2214387208223343,0.0239058930426836,9.966840418713016,0.3825759217143059,0.18055099392931712,0.2596377283334732,0.054126184433698654,0.05719999969005585,-0.05901262164115906,0.0,1791183682224,0.30105,8.986051,4.30095,0.384892,8.939684,3.996738,-0.030769,0.052072,0.429459,0.143825,0.0572,-0.009075,
36479540630487,0.08963579684495926,0.028978312760591506,9.782403730935604,0.31137788742780687,0.18090097415819234,0.22996069639921188,0.03065859153866768,0.04661250114440918,-0.06106279417872429,0.0,1791183682224,0.15495001,8.91195,4.03095,0.380648,8.944888,3.985489,-0.13187,0.020531,0.186923,0.146025,0.0466125,-0.043175,
36479550624631,-0.13258585333824158,0.02694036141037941,9.563046740976866,0.1702344462275505,0.18247318737955592,0.14995927661657332,0.03190433979034424,0.05623750016093254,-0.05458167940378189,0.0,1791183682224,0.0139500005,8.77305,3.8059502,0.372761,8.950481,3.973655,-0.293972,-0.10956,-0.052633,0.128975,0.0562375,-0.0600875,
36479560618756,-0.3421308994293213,0.018015053868293763,9.374432181008533,0.027440653741359712,0.19547820778592376,0.02527087777853012,0.04966181889176369,0.07741250097751617,-0.042355142533779144,0.0,1791183682224,-0.09105001,8.6320505,3.6550503,0.362335,8.955506,3.963283,-0.431986,-0.253448,-0.233797,0.0991375,0.0774125,-0.0611875,
36479570612855,-0.5143235921859741,0.0012524478137493134,9.19674999809894,0.25295153707265855,0.22395939709129078,0.1355931654572487,0.08604487031698227,0.11041250079870224,-0.029956944286823273,0.0,1791183682224,-0.14805001,8.52705,3.4420502,0.351176,8.959713,3.954774,-0.478288,-0.362999,-0.409642,0.0704,0.1104125,-0.043175,
36479580607009,-0.68003249168396,-0.02270951271057129,9.103738080529842,0.48203713446855545,0.265988666303773,0.31588740795850756,0.11047956347465515,0.12540000677108765,-0.018999718129634857,0.0,1791183682229,-0.10005,8.51505,3.219,0.341147,8.963469,3.947129,-0.489807,-0.452946,-0.617475,0.045925,0.1254,-0.0144375,
36479590601163,-0.7632213830947876,-0.05332165360450745,9.028778871722464,0.6891144275665283,0.31049655626015144,0.4864588439464569,0.11002540588378906,0.11467500030994415,-0.012148082256317139,0.0,1791183682239,-0.061950002,8.517,2.9959502,0.334327,8.967266,3.939083,-0.425526,-0.449562,-0.839272,0.031075,0.114675,0.0100375,
36479600595110,-0.830419659614563,-0.08870698399841785,8.982182452502,0.8572534203529358,0.3537079262369346,0.6260256052017212,0.08380263298749924,0.08071249723434448,-0.008272201754152775,0.0,1791183682248,0.009000001,8.533951,2.802,0.330734,8.971479,3.929782,-0.350107,-0.43941,-1.038267,0.02255,0.0807125,0.022824999,
36479610589271,-0.8811314105987549,-0.1244005460292101,8.974179874343847,0.9899696290493012,0.3936033030280801,0.7338257074356079,0.028446203097701073,0.01993750035762787,-0.006506333593279123,0.0,1791183682259,0.16005,8.56005,2.6899502,0.330585,8.976137,3.919142,-0.258978,-0.436884,-1.180856,0.0182875,0.0199375,0.023924999,
36479620583425,-0.8087899684906006,-0.1548641737550497,9.067643698718046,1.0523567110300065,0.4208715295987097,0.7927189826965332,-0.054874733090400696,-0.06943749636411667,-0.00488270353525877,0.0,1791183682272,0.27495003,8.646001,2.7190502,0.335103,8.980876,3.907884,-0.124632,-0.355432,-1.200723,0.014025,-0.0694375,0.0207625,
36479630577516,-0.7269414663314819,-0.18524802140891553,9.171119462821787,1.0320614740252494,0.43875952510594507,0.8021007776260376,-0.14462973177433014,-0.1588124930858612,-0.0042663621716201305,0.0,1791183682279,0.39195,8.71605,2.8260002,0.343024,8.985386,3.896817,0.008704,-0.300087,-1.136983,0.0108624995,-0.1588125,0.0015125,
36479640571672,-0.5894502997398376,-0.21442374549806117,9.25269235567143,0.917305837571621,0.4452190795216704,0.7673465609550476,-0.23739847540855408,-0.24598750472068787,5.833299364894629E-4,0.0,1791183682288,0.28905,8.73705,3.0319502,0.352345,8.989061,3.8875,-0.005405,-0.219965,-0.976831,-0.004125,-0.2459875,-0.0292875,
36479650565596,-0.5377113819122314,-0.24555391259491444,9.285461579402178,0.7340757831931114,0.4449687536006602,0.7088049054145813,-0.28925859928131104,-0.29081249237060547,0.015280446968972683,0.0,1791183682298,0.21195,8.661,3.3409503,0.360357,8.990594,3.883215,-0.097213,-0.271777,-0.718761,-0.043449998,-0.2908125,-0.0526625,
36479660559751,-0.4958312213420868,-0.2772679705172777,9.365358651085467,0.49615170210599896,0.43903348271570797,0.6317448675632477,-0.29898136854171753,-0.296037495136261,0.03608955815434456,0.0,1791183682308,0.11895001,8.566951,3.7819502,0.366875,8.988718,3.88695,-0.204288,-0.389611,-0.329846,-0.0966625,-0.2960375,-0.0600875,
36479670553910,-0.3216933012008667,-0.3016234401613474,9.594394585689166,0.21843812614679337,0.42715036181422167,0.5343255341053009,-0.2775658965110779,-0.2747249901294708,0.056843169033527374,0.0,1791183682318,0.069000006,8.55795,4.3369503,0.372313,8.982929,3.899795,-0.288735,-0.405369,0.152907,-0.147675,-0.274725,-0.0506,
36479680547977,-0.08307933807373047,-0.31597589142620564,9.909640081333725,0.0809057354927063,0.4145579506482034,0.4055531084537506,-0.23456701636314392,-0.23333749175071716,0.07183225452899933,0.0,1791183682328,0.105000004,8.5990505,4.9240503,0.377529,8.973512,3.920916,-0.277191,-0.38877,0.708789,-0.18287499,-0.23333749,-0.034649998,
36479690542115,0.22309276461601257,-0.3167223010212183,10.270960893069836,0.38298110961914067,0.413572076835711,0.24304449558258057,-0.19191083312034607,-0.19277499616146088,0.07412513345479965,0.0,1791183682339,0.14805001,8.6970005,5.4619503,0.38263,8.961661,3.947434,-0.243985,-0.300305,1.259273,-0.1860375,-0.192775,-0.0207625,
36479700536259,0.5028053522109985,-0.3049530956894159,10.606511268636885,0.6988845586776734,0.43292429258841414,0.03494114875793457,-0.15593497455120087,-0.15771250426769257,0.06629972159862518,0.0,1791183682349,0.117000006,8.81595,5.8960505,0.387161,8.948952,3.975723,-0.267669,-0.203798,1.72419,-0.164725,-0.1577125,-0.0133375,
36479710530442,0.7625125050544739,-0.28089302517473697,10.844424755081295,1.0094465792179108,0.4760603023865414,0.21672759652137757,-0.11598966270685196,-0.12044999748468399,0.05195988342165947,0.0,1791183682359,0.112050004,8.89305,6.2050505,0.390884,8.936637,4.002966,-0.29773,-0.071773,2.056078,-0.1274625,-0.12045,-0.0026125,
36479720524365,0.9153851270675659,-0.24962360002100467,10.988596672599813,1.2662440598011018,0.5300131657413755,0.46414328217506406,-0.06419192999601364,-0.06943749636411667,0.034251995384693146,0.0,1791183682369,0.13095,8.965051,6.35295,0.39366,8.925379,4.027741,-0.266986,-0.007843,2.270722,-0.082775,-0.0694375,0.005775,
36479730518526,1.0048161745071411,-0.21045472733676435,10.972094053864057,1.449068945646286,0.5890379675045032,0.6817223846912384,0.013440566137433052,0.010449999943375587,0.01672784797847271,0.0,1791183682378,0.18405001,8.995951,6.2790003,0.394406,8.915692,4.04906,-0.267733,0.066487,2.311652,-0.0391875,0.01045,0.0133375,
36479740512699,0.9921197295188904,-0.16533053070306777,10.889515728820363,1.5443326830863953,0.6424453938809899,0.835527777671814,0.09819231927394867,0.09982500225305557,0.0033114333637058735,0.0,1791183682388,0.26295,9.075001,6.01305,0.392858,8.907955,4.066201,-0.136897,0.136473,2.10537,-0.0061875,0.099825,0.0185625,
36479750506764,0.9017296433448792,-0.11361475586891175,10.737912688980943,1.5470575034618377,0.6833292199294412,0.9153126358985901,0.15912392735481262,0.16898749768733978,-0.009801004081964493,0.0,1791183682398,0.351,9.159,5.5939503,0.388574,8.902603,4.078317,-0.065575,0.194498,1.748489,0.0246125,0.1689875,0.0111375,
36479760500922,0.7827425599098206,-0.057371082901954654,10.521654750744117,1.4536841809749603,0.708051772503029,0.9193586468696594,0.1906387358903885,0.2125750035047531,-0.01999659836292267,0.0,1791183682412,0.27,9.18795,5.1199503,0.381043,8.899939,4.084839,-0.070016,0.278565,1.277491,0.047025,0.212575,-0.010175,
36479770495076,0.5501434206962585,-0.004147732257843017,10.20672627388562,1.2518634140491485,0.7117007807414265,0.846310305595398,0.19465120136737823,0.2307250052690506,-0.026027269661426544,0.0,1791183682419,0.15495001,9.07695,4.6650004,0.369191,8.89959,4.086688,-0.153931,0.243,0.803985,0.0587125,0.230725,-0.040975,
36479780488992,0.24192067980766296,0.04194992631673813,9.899027332829823,0.9367757022380829,0.6961174325869841,0.6937312066555024,0.18324866890907288,0.22852499783039093,-0.026766134425997734,0.0,1791183682428,-0.033,8.910001,4.31295,0.353894,8.900711,4.085598,-0.296652,0.091045,0.407637,0.0587125,0.228525,-0.0633875,
36479790483141,-0.04901817440986633,0.0776600867509842,9.642963034104882,0.5204447746276856,0.6717908768997771,0.485503625869751,0.17475318908691406,0.2190375030040741,-0.023051416501402855,0.0,1791183682439,-0.13395001,8.74695,4.05705,0.336941,8.902552,4.083023,-0.437716,-0.07839,0.089389,0.0501875,0.2190375,-0.0622875,
36479800477290,-0.2510172724723816,0.10663020610809326,9.481868840612737,0.038226646184921276,0.6439213566154977,0.25495424270629885,0.15956640243530273,0.19346250593662262,-0.01786687970161438,0.0,1791183682449,-0.21495001,8.635051,3.9109502,0.321489,8.904499,4.08002,-0.515638,-0.214412,-0.094354,0.0396,0.1934625,-0.042075,
36479810471429,-0.3722871243953705,0.13207242041826248,9.404277000193304,0.4401949763298034,0.6137359751044419,0.02394830584526062,0.14264999330043793,0.15839999914169312,-0.015344444662332535,0.0,1791183682459,-0.165,8.578951,3.8490002,0.309898,8.906448,4.07666,-0.506441,-0.297764,-0.205916,0.0364375,0.1584,-0.0059125,
36479820465504,-0.39523062109947205,0.1527503877878189,9.473271404768212,0.8468488872051239,0.5881203889845953,0.1651265025138855,0.1090368926525116,0.1083500012755394,-0.018863823264837265,0.0,1791183682469,-0.009000001,8.668051,3.8220003,0.303691,8.908607,4.072407,-0.406861,-0.316682,-0.227999,0.047025,0.10835,0.0218625,
36479830459616,-0.3045561611652374,0.17386965304613114,9.527204706294619,1.1099496483802795,0.5632079053510487,0.2744218707084656,0.059722743928432465,0.047712501138448715,-0.025969719514250755,0.0,1791183682478,0.19095,8.77095,3.7150502,0.303318,8.911756,4.065539,-0.212558,-0.192938,-0.295351,0.065175,0.0477125,0.0345125,
36479840453759,-0.24757120013237,0.19096360802650453,9.572752656328605,1.2294451117515566,0.5446638352905188,0.31413247585296633,0.00414927676320076,-0.00976249948143959,-0.029234588146209717,0.0,1791183682488,0.33900002,8.84805,3.6379502,0.307081,8.915889,4.056188,-0.036755,-0.091727,-0.39374,0.0726,-0.0097624995,0.0259875,
36479850447684,-0.20567116141319275,0.20756561905145646,9.592493561052677,1.224421900510788,0.5269731128545534,0.3050632536411285,-0.046611614525318146,-0.05444999784231186,-0.02416149154305458,0.0,1791183682499,0.36795002,8.86905,3.6360002,0.312139,8.919975,4.046806,0.056348,-0.038352,-0.417877,0.0587125,-0.054449998,0.0026125,
36479860441834,-0.20260001718997955,0.22222717925906182,9.611845698986397,1.1174361377954485,0.5110373147117369,0.2711258322000504,-0.07854893058538437,-0.07686249911785126,-0.012248299084603786,0.0,1791183682509,0.36105,8.79705,3.8560503,0.316106,8.922786,4.040296,0.05717,-0.07947,-0.320387,0.0279125,-0.0768625,-0.0229625,
36479870435915,-0.14244335889816284,0.23118967637419702,9.690515195718636,0.9142995864152909,0.5029269989670966,0.22056837975978852,-0.08978042006492615,-0.08002500236034393,-9.901630692183971E-4,0.0,1791183682520,0.22695,8.718,4.22505,0.318142,8.923249,4.039114,-0.023874,-0.154153,-0.00317,-8.25E-4,-0.080025,-0.040975,
36479880430062,-0.08674366772174835,0.2310064598917961,9.700675665490735,0.6625095069408417,0.5030421081918178,0.1770058810710907,-0.06961927562952042,-0.05664999783039093,0.0016070596175268292,0.0,1791183682528,0.08805001,8.577001,4.53105,0.317589,8.921648,4.042688,-0.155002,-0.260292,0.376327,-0.0072875,-0.056649998,-0.043175,
36479890424201,-0.17556776106357574,0.2110734336078167,9.643739035117145,0.4175594359636307,0.5107994083844051,0.16260519325733186,-0.026088684797286987,-0.012924999929964542,-0.006083806045353413,0.0,1791183682539,-0.024,8.491051,4.572,0.314531,8.919506,4.047655,-0.283625,-0.420955,0.524589,0.0119624995,-0.012925,-0.0356125,
36479900418360,-0.22973157465457916,0.17444658726453782,9.536763778955393,0.19136558175086973,0.5148150997024756,0.16741727590560912,0.023828962817788124,0.030662499368190765,-0.013232840225100517,0.0,1791183682548,-0.109950006,8.46195,4.3969502,0.310371,8.918149,4.050963,-0.394387,-0.436357,0.43509,0.031075,0.0306625,-0.0122375,
36479910412285,-0.29473429918289185,0.12158424705266953,9.520209415973914,0.020717629790306086,0.5059205657967151,0.18584413230419158,0.05477010831236839,0.05197500064969063,-0.014129904098808765,0.0,1791183682559,-0.08400001,8.505,4.2769504,0.306946,8.917635,4.052353,-0.41251,-0.438238,0.282865,0.0353375,0.051975,0.0154,
36479920406439,-0.27347850799560547,0.06214106529951095,9.537803956527886,0.06237070858478547,0.4782466562400879,0.2120511621236801,0.08237090706825256,0.0742499977350235,-0.011352424509823322,0.0,1791183682568,-0.040050004,8.601001,4.122,0.304881,8.917507,4.052795,-0.386503,-0.359101,0.157924,0.029975,0.07425,0.03355,
36479930400593,-0.2781456410884857,-0.002007025480270386,9.541496357772303,0.06380091905593877,0.4312340671901658,0.25033155679702757,0.10205495357513428,0.09556250274181366,-0.003846576903015375,0.0,1791183682579,-0.016050002,8.674951,3.97305,0.302851,8.917568,4.05281,-0.346166,-0.287336,-0.014472,0.0119624995,0.0955625,0.0356125,
36479940394673,-0.29815107583999634,-0.06652056574821472,9.489239454339245,0.0302150338888168,0.3698262950432052,0.2748482197523117,0.1118185892701149,0.10944999754428864,0.004793285392224789,0.0,1791183682588,-0.036000002,8.677951,3.8389502,0.300053,8.917479,4.05322,-0.333791,-0.246545,-0.153746,-0.00935,0.10945,0.03025,
36479950388827,-0.3469589948654175,-0.12895499765872956,9.429157521020356,0.027167871594429016,0.2998837982840026,0.2982937037944794,0.12003368884325027,0.12223749607801437,0.01562810316681862,0.0,1791183682598,-0.072000004,8.661,3.72705,0.295825,8.916854,4.054901,-0.355899,-0.241132,-0.282319,-0.036025,0.122237496,0.023924999,
36479960382976,-0.3908237814903259,-0.18763331472873687,9.397929362486137,0.09694322049617768,0.21990063381564193,0.3175116002559662,0.11938130855560303,0.12223749607801437,0.024850862100720406,0.0,1791183682610,-0.064050004,8.685,3.58995,0.291185,8.915671,4.057837,-0.36323,-0.23995,-0.3906,-0.0583,0.122237496,0.023924999,
36479970376910,-0.41881614923477173,-0.2360812932252884,9.372950325335875,0.16957324743270877,0.14651154123110152,0.34657912850379946,0.1109313890337944,0.11261250078678131,0.032898660749197006,0.0,1791183682619,-0.0019500001,8.698951,3.49005,0.287192,8.914284,4.061167,-0.318536,-0.207437,-0.532794,-0.07755,0.1126125,0.0259875,
36479980371064,-0.40431398153305054,-0.2683930262923241,9.394662721361453,0.20920760333538052,0.10204117394322017,0.3718127965927124,0.0794680044054985,0.07741250097751617,0.03823457285761833,0.0,1791183682628,0.054,8.73495,3.45795,0.285394,8.912637,4.064903,-0.254489,-0.169878,-0.584414,-0.0902,0.0774125,0.0281875,
36479990365233,-0.3768577575683594,-0.2847850054502487,9.446934826928246,0.2201368570327759,0.09124509747714281,0.38755413293838503,0.03975972905755043,0.03492499887943268,0.040432024747133255,0.0,1791183682639,0.078,8.78505,3.4729502,0.285702,8.910925,4.068638,-0.206912,-0.12507,-0.619274,-0.0955625,0.034925,0.0259875,
36480000359366,-0.33676981925964355,-0.2890726327896118,9.456037207624806,0.19967216551303865,0.09157178669889916,0.38551629781723024,0.011368924751877785,0.005087499972432852,0.039521727710962296,0.0,1791183682650,0.064050004,8.7949505,3.4729502,0.287267,8.909221,4.072257,-0.198901,-0.094635,-0.589374,-0.0935,0.0050875,0.022824999,
36480010353439,-0.3554766774177551,-0.28823211044073105,9.451795167303281,0.16639571487903596,0.09087864390437554,0.37844687700271606,0.008485332131385803,0.0019249999895691872,0.03955715894699097,0.0,1791183682660,0.040050004,8.814,3.4129503,0.288938,8.907656,4.075564,-0.219725,-0.09307,-0.635777,-0.0935,0.001925,0.022824999,
36480020347634,-0.3870854079723358,-0.2878248497843742,9.402144725486643,0.1217691719532013,0.09041530132748683,0.37210072875022887,0.01820923388004303,0.011549999937415123,0.03873429074883461,0.0,1791183682668,-0.0139500005,8.7949505,3.3240001,0.289983,8.906416,4.078196,-0.287808,-0.099013,-0.693475,-0.091299996,0.01155,0.025024999,
36480030341813,-0.4486256241798401,-0.2950283229351044,9.357262693324849,0.10611483752727507,0.09696331420691981,0.3809630572795868,0.04446634650230408,0.038087498396635056,0.03936576470732689,0.0,1791183682679,0.14805001,8.79,3.2050502,0.290492,8.905547,4.080056,-0.238038,-0.112509,-0.815045,-0.0924,0.0380875,0.03025,
36480040335952,-0.5413392782211304,-0.3097167268395424,9.236735398751605,0.11556565761566162,0.11003172498052546,0.413859361410141,0.08266209065914154,0.0849749967455864,0.039059605449438095,0.0,1791183682688,0.402,8.72295,3.01095,0.290791,8.905193,4.080806,-0.037224,-0.150463,-0.969024,-0.0924,0.084975,0.0196625,
36480050329875,-0.6303348541259766,-0.3309499114751816,9.162954853166656,0.1550607681274414,0.12749375500551943,0.4725723683834076,0.10745470225811005,0.1274625062942505,0.03939496725797653,0.0,1791183682698,0.49500003,8.709001,2.805,0.289178,8.905458,4.080341,0.165501,-0.167488,-1.160095,-0.0955625,0.1274625,-0.0133375,
36480060323935,-0.7893968820571899,-0.3602897547185421,8.981269778692226,0.21277728080749514,0.15836296169717956,0.5593564093112946,0.09067046642303467,0.13282500207424164,0.04501165449619293,0.0,1791183682710,0.37800002,8.601001,2.55795,0.283401,8.906239,4.079041,0.209584,-0.230517,-1.407793,-0.1126125,0.132825,-0.06435,
36480070318082,-0.9979682564735413,-0.40306599959731104,8.748114556882387,0.30972018241882326,0.20299719575157316,0.6815329790115356,9.635910391807556E-4,0.05623750016093254,0.06107700616121292,0.0,1791183682718,0.08805001,8.412001,2.4,0.273801,8.906607,4.078893,-0.008263,-0.357777,-1.61594,-0.15413749,0.0562375,-0.1101375,
36480080312251,-1.1733150482177734,-0.45739456862211225,8.781011104022257,0.43891673088073724,0.25083352454087277,0.8264708638191223,-0.19663774967193604,-0.1545500010251999,0.09336161613464355,0.0,1791183682728,-0.165,8.304001,2.8500001,0.266308,8.904367,4.084277,-0.300046,-0.551863,-1.592593,-0.231825,-0.15455,-0.1197625,
36480090306395,-0.8012233972549438,-0.4886773504316807,9.465343130581557,0.49293138980865475,0.2527418451560227,0.878447687625885,-0.49370819330215454,-0.4961000084877014,0.1317635476589203,0.0,1791183682739,-0.30105,8.3539505,4.44,0.271393,8.895166,4.103945,-0.546945,-0.590546,-0.59712,-0.3201,-0.4961,-0.082499996,
36480100300334,0.15128067135810852,-0.4696267381310463,10.822000846908953,0.3436777055263519,0.28397215040714235,0.722124582529068,-0.763390064239502,-0.8270624876022339,0.14493046700954437,0.0,1791183682749,-0.048,8.500051,6.6979504,0.296188,8.87704,4.141312,-0.540616,-0.469469,1.402978,-0.3436125,-0.8270625,-0.009075,
36480110294488,1.3483421802520752,-0.38747291415929797,12.404715498446722,0.07752395868301393,0.4874547287328012,0.29457677006721494,-0.9037961363792419,-1.012274980545044,0.11843743175268173,0.0,1791183682759,0.36795002,8.72595,8.809051,0.339352,8.853825,4.187435,-0.181554,-0.225987,3.648107,-0.27335,-1.012275,0.0473,
36480120288642,2.371802568435669,-0.2552088603377342,13.845844622516696,0.7603404521942139,0.7746926202316045,0.3793773949146271,-0.8876827955245972,-1.0091124773025513,0.07202939689159393,0.0,1791183682768,0.92595005,8.919001,10.549951,0.38996,8.844112,4.203525,0.265831,-0.024739,5.556955,-0.1615625,-1.0091125,0.0686125,
36480130282776,3.1306464672088623,-0.08476925492286683,14.75844124183773,1.654029059410095,1.0697072061576274,1.2401696979999541,-0.7088941931724548,-0.8144124746322632,0.027066633105278015,0.0,1791183682778,1.21095,9.12495,11.536051,0.434797,8.838639,4.210635,0.623221,0.181847,6.840319,-0.0562375,-0.8144125,0.06545,
36480140276861,3.708406686782837,0.11555863320827484,15.296628393945442,2.614668083190918,1.3495461608645793,2.1420957148075104,-0.36951568722724915,-0.4376625120639801,-0.012112708762288094,0.0,1791183682788,1.55295,9.325951,12.02505,0.465299,8.836994,4.210822,0.959031,0.396575,7.692468,0.0342375,-0.4376625,0.054725,
36480150271029,3.827782392501831,0.32429570257663726,14.863401919260907,3.4367524683475494,1.567175105186101,2.877396059036255,0.10283925384283066,0.10408750176429749,-0.04900827631354332,0.0,1791183682799,1.55295,9.439051,11.376,0.471373,8.839044,4.205847,1.134917,0.554938,7.625618,0.1150875,0.1040875,0.007975,
36480160265188,3.3424949645996094,0.5109616398811341,13.558281231369135,3.9577595949172975,1.688520116434652,3.276226615905762,0.587207555770874,0.6766374707221985,-0.07266676425933838,0.0,1791183682811,1.1200501,9.38895,9.717,0.446861,8.84396,4.198175,0.951133,0.605089,6.426612,0.161975,0.6766375,-0.0719125,
36480170259113,2.3683996200561523,0.6503224283456802,12.016642216978882,4.102016890048981,1.7207435049699302,3.2755460262298586,0.9651497602462769,1.1374000310897827,-0.07107612490653992,0.0,1791183682819,0.41295,9.207001,7.7110505,0.393588,8.849761,4.191281,0.389096,0.472394,4.503779,0.15125,1.1374,-0.1590875,
36480180253286,1.3381497859954834,0.737445616722107,10.872613801879885,3.7954943776130676,1.709213323663201,2.9170466899871825,1.1902589797973633,1.4130874872207642,-0.048345450311899185,0.0,1791183682829,-0.30105,9.010051,6.078,0.319407,8.850463,4.196104,-0.274136,0.239455,2.641055,0.097075,1.4130875,-0.2080375,
36480190247440,0.5658079385757446,0.7845789015293121,10.063015225940646,3.010651522874832,1.6907329811005953,2.288526940345764,1.284617304801941,1.5215749740600586,-0.030201854184269905,0.0,1791183682839,-0.8880001,8.754001,4.8829503,0.232253,8.848631,4.205686,-0.804687,0.059328,1.238047,0.0587125,1.521575,-0.2112,
36480200241594,-0.11032504588365555,0.7959011401981115,9.539599707522125,1.795482222735882,1.6839303211139256,1.500905452668667,1.2779039144515991,1.4928375482559204,-0.037656258791685104,0.0,1791183682849,-1.31895,8.58405,3.9469502,0.142714,8.850335,4.206094,-1.284967,-0.188979,0.184191,0.0820875,1.4928375,-0.1665125,
36480210235681,-0.658344030380249,0.7807577725499868,9.110188483378115,0.32136025875806806,1.6955382365625824,0.7007376536726951,1.221577763557434,1.3917750120162964,-0.07750629633665085,0.0,1791183682859,-1.542,8.481,2.9479501,0.059601,8.858448,4.190986,-1.541831,-0.367079,-0.741622,0.1799875,1.391775,-0.0878625,
36480220229833,-1.1499378681182861,0.7426151495426894,8.690234414556711,1.2430995419621467,1.729618874228084,0.0029298439621925354,1.1442499160766602,1.2630749940872192,-0.134527787566185,0.0,1791183682868,-1.3570501,8.400001,1.7659501,-0.011306,8.875922,4.154263,-1.490076,-0.43962,-1.777501,0.31735,1.263075,0.0015125,
36480230223775,-1.5966894626617432,0.6852119576185942,8.497263356720193,2.731993408501148,1.786323290456698,0.5898976936936379,1.0683948993682861,1.1501874923706055,-0.18413770198822021,0.0,1791183682878,-0.96000004,8.424001,0.564,-0.066944,8.903549,4.094185,-1.046578,-0.436123,-2.890582,0.439725,1.1501875,0.06325,
36480240218173,-2.239534378051758,0.6003022026270628,8.305483350489034,4.028362216055394,1.8804858125572714,1.1509661570191383,1.0042511224746704,1.0630124807357788,-0.2091168612241745,0.0,1791183682888,-0.79005,8.25405,-0.47700003,-0.110744,8.939387,4.014361,-0.669984,-0.622796,-4.098839,0.5077875,1.0630125,0.09845,
36480250212122,-2.6222715377807617,0.5007053684443236,8.147264740439851,4.9295820713043215,1.9924439914827148,1.6533554553985597,1.026059627532959,1.0704375505447388,-0.19688819348812103,0.0,1791183682898,-0.28695002,8.0140505,-1.4389501,-0.146394,8.978196,3.925631,-0.490682,-0.802863,-4.72837,0.4866125,1.0704376,0.13145,
36480260206267,-3.1726667881011963,0.38154187314212323,8.111388100118315,5.431766033172607,2.132392571683196,2.156220006942749,1.197534441947937,1.2438249588012695,-0.1420929729938507,0.0,1791183682911,0.016050002,7.866,-1.9800001,-0.181069,9.015822,3.836949,-0.307566,-1.113428,-5.5016,0.3557125,1.243825,0.1527625,
36480270200342,-3.535463571548462,0.25466710738837717,8.282329094943522,5.550371837615966,2.281007463027199,2.633325147628784,1.4779554605484009,1.5215749740600586,-0.06398001313209534,0.0,1791183682919,0.60300004,7.76805,-2.80905,-0.212673,9.047908,3.759012,0.731996,-1.260436,-6.141924,0.1555125,1.521575,0.1995125,
36480280194563,-3.8739423751831055,0.11963574104011059,8.702936404894634,5.377302670478821,2.4362010872730475,3.0887757301330567,1.6233521699905396,1.6620999574661255,0.0314745157957077,0.0,1791183682929,0.97395,7.8229504,-3.6870003,-0.242664,9.073331,3.695375,0.99183,-1.319377,-6.96893,-0.0977625,1.6621,0.2176625,
36480290188640,-3.909363269805908,-0.03577125258743763,9.298742907465288,4.923646961152554,2.5846018992879465,3.422741508483887,1.5385066270828247,1.5801500082015991,0.1529301255941391,0.0,1791183682939,1.074,8.235001,-4.18305,-0.270959,9.088961,3.654775,1.26194,-1.097981,-7.658562,-0.4222625,1.58015,0.16445,
36480300182789,-3.6870357990264893,-0.22768707610666752,8.815504080516101,4.336432014405728,2.7033631855112157,3.6356943607330323,1.1338396072387695,1.1609125137329102,0.28421661257743835,0.0,1791183682951,0.08295,8.14095,-3.381,-0.302341,9.091628,3.64567,-0.351495,-0.94263,-7.589602,-0.771375,1.1609125,0.088825,
36480310176727,-3.3548905849456787,-0.4628487143665552,8.578848075867054,3.6692092761397364,2.760008730984033,3.672139120101929,0.47859954833984375,0.45416250824928284,0.40134698152542114,0.0,1791183682959,1.21305,8.244,-2.0400002,-0.306822,9.079895,3.674424,1.893959,-0.93808,-6.471533,-1.0758,0.4541625,0.06435,
36480320171097,-2.2015137672424316,-0.6915145311504602,9.21904762309141,2.815451465547085,2.704578627604052,3.4053491592407226,-0.6919412016868591,-0.7675250172615051,0.4518279731273651,0.0,1791183682968,-0.0019500001,9.216001,-0.23700002,-0.276878,9.057135,3.732515,0.970978,-0.304799,-4.968604,-1.1831875,-0.767525,-0.042075,
36480330165012,-0.6982066631317139,-0.8829571876674891,9.722145998145168,1.6192358598113061,2.5588379719163323,2.7702020168304444,-2.0603396892547607,-2.237262487411499,0.4249231517314911,0.0,1791183682978,0.11895001,9.465,2.21805,-0.208459,9.027901,3.807043,-5.5E-5,0.45706,-2.881168,-1.09065,-2.2372625,-0.058025,
36480340159166,0.1890609711408615,-1.0589244734495877,10.565891892615008,0.2971617132425308,2.349492991288916,1.9505171686410905,-3.355872392654419,-3.619687557220459,0.32333335280418396,0.0,1791183682988,0.45900002,9.280951,5.0290504,-0.08346,8.997735,3.882505,0.461525,0.372304,-0.375679,-0.814,-3.6196876,-0.09955,
36480350153227,2.3630802631378174,-1.1321595799177886,15.934716119198738,1.4157260507345197,2.2150089292079214,0.7404939562082291,-4.262939929962158,-4.579575061798096,0.18500632047653198,0.0,1791183682998,0.45195,9.295051,12.934951,0.079825,8.973895,3.937367,0.015723,0.269251,5.267658,-0.4637875,-4.579575,-0.16335,
36480360147356,3.640131950378418,-1.1172777306288482,17.805515043625157,3.2918356984853743,2.2458082609387873,0.6585105508565903,-3.8931946754455566,-4.112349987030029,0.07793287187814713,0.0,1791183683010,0.32505003,7.7770505,16.014,0.221877,8.960307,3.962785,1.350894,-0.701176,10.511879,-0.2105125,-4.11235,-0.317625,
36480370141515,3.9305601119995117,-1.03916970603168,18.60957237249686,4.973701056838036,2.388323658136404,1.884925326704979,-2.6451663970947266,-2.8268625736236572,-0.11379928886890411,0.0,1791183683020,0.93795,7.7149506,16.90905,0.331295,8.964551,3.94551,0.41787,-1.385374,12.875472,0.2684,-2.8268626,-0.1698125,
36480380135439,3.9218132495880127,-0.9099865328520537,16.649804005018705,6.231670817732811,2.5759244553596945,2.8089293092489243,-1.1260418891906738,-1.2592250108718872,-0.20533762872219086,0.0,1791183683028,1.52205,7.9570503,14.545951,0.395829,8.980685,3.902641,0.815417,-1.06632,12.219234,0.5174125,-1.259225,0.0176,
36480390129574,2.7541608810424805,-0.8005688857287169,14.402653353037879,6.957643651962281,2.6806370372843817,3.321949291229248,-0.07663848996162415,-0.14492499828338623,-0.16881611943244934,0.0,1791183683039,1.6699501,8.472,11.527051,0.420979,8.996565,3.863236,1.235589,-0.926576,9.009706,0.438625,-0.144925,0.0952875,
36480400123728,2.632153034210205,-0.6634449817240238,13.59775984000593,7.047902965545655,2.7807137791708363,3.3757638454437258,0.7774437069892883,0.7990124821662903,-0.0407167486846447,0.0,1791183683048,1.3740001,9.405001,9.7240505,0.411246,9.002201,3.85114,1.082516,-0.00805,6.601264,0.114125,0.7990125,0.09845,
36480410117882,2.765049695968628,-0.49227529540658,13.38905238637661,6.60609655380249,2.87937450619395,3.2007473945617675,1.360514521598816,1.4811500310897827,0.09381583333015442,0.0,1791183683059,1.39995,9.760051,9.05805,0.366624,8.994539,3.873485,1.04813,0.638862,5.412943,-0.2349875,1.48115,0.025024999,
36480420111959,2.7734761238098145,-0.29610459581017495,13.118441929906536,5.739532613754273,2.960396125042714,2.969330596923828,1.6587022542953491,1.8728874921798706,0.15209126472473145,0.0,1791183683068,1.0189501,9.910951,8.533951,0.292713,8.97924,3.915047,0.949658,0.840909,4.942819,-0.3892625,1.8728875,-0.1144,
36480430106121,2.472536563873291,-0.09264329448342323,12.166427543508464,4.629992428421975,3.003538140225765,2.679475259780884,1.7408180236816406,2.027162551879883,0.1255619376897812,0.0,1791183683078,0.38700002,9.753,7.2630005,0.195692,8.964884,3.953804,0.546291,0.910332,4.037361,-0.3243625,2.0271626,-0.2655125,
36480440100260,1.5593440532684326,0.09730062708258629,10.905004882031454,3.1810058504343033,2.9818046062866563,2.4405118942260744,1.5738775730133057,1.8919999599456787,0.047532256692647934,0.0,1791183683088,-0.26505002,9.35295,5.6010003,0.088405,8.954362,3.981408,-0.031163,0.609608,2.46789,-0.1254,1.892,-0.3784,
36480450094400,0.46606045961380005,0.25171722695231435,9.759869183295882,1.348782828450203,2.9162149743231276,2.0072933793067933,1.206563949584961,1.5078250169754028,-0.04265318065881729,0.0,1791183683099,-1.02705,8.806951,4.0789504,-0.016062,8.952799,3.985865,-0.637773,0.146696,0.813828,0.1065625,1.507825,-0.4197875,
36480460088325,-0.5819897055625916,0.3812510810792446,8.921073973896576,0.5470398277044297,2.8170842773051596,1.3378854990005493,0.7781538367271423,1.0192874670028687,-0.11989866942167282,0.0,1791183683109,-1.52505,8.271001,2.97495,-0.106048,8.963179,3.961082,-1.194222,-0.445474,-0.463833,0.306625,1.0192875,-0.3730375,
36480470082479,-1.3925654888153076,0.48839598521590233,8.304948746190865,2.3042521327733994,2.704583585810148,0.5046771764755249,0.44569990038871765,0.6032124757766724,-0.17546899616718292,0.0,1791183683118,-1.5510001,7.9020004,2.0310001,-0.173304,8.982664,3.914294,-1.428635,-0.934223,-1.405852,0.4503125,0.6032125,-0.2484625,
36480480076555,-1.9322137832641602,0.5854824148118496,8.04632383187964,3.6982221841812133,2.5781416527907473,0.3762728929519653,0.24702921509742737,0.3232625126838684,-0.2032930552959442,0.0,1791183683130,-1.2730501,7.8559504,1.18605,-0.214617,9.008933,3.851372,-1.229304,-1.171182,-2.245544,0.522775,0.3232625,-0.09845,
36480490070721,-2.1752121448516846,0.6721899710595608,8.156031073142508,4.498947978019714,2.4515680732350886,1.1231841325759888,0.1561112403869629,0.16898749768733978,-0.20069846510887146,0.0,1791183683139,-0.63900006,8.11995,0.423,-0.231902,9.039215,3.778732,-0.781063,-1.117667,-3.015662,0.5185125,0.1689875,0.032449998,
36480500064875,-2.1630964279174805,0.7483869396150112,8.190252057497025,4.849762904644012,2.3358467462936563,1.6490155100822448,0.14187167584896088,0.13062499463558197,-0.1649601310491562,0.0,1791183683148,-0.21495001,8.184,-0.23700002,-0.232001,9.069805,3.704707,-0.172837,-0.863347,-3.619196,0.4312,0.130625,0.082499996,
36480510059029,-2.3927056789398193,0.7964961849153042,8.228281239559392,4.980489301681518,2.259500905604163,2.0111587047576904,0.14311495423316956,0.11893749982118607,-0.10871973633766174,0.0,1791183683158,-0.14805001,8.194051,-0.735,-0.22533,9.097452,3.636701,0.091035,-0.912542,-4.159318,0.2864125,0.1189375,0.105875,
36480520053178,-2.5765132904052734,0.777746208757162,8.191097989925476,4.927423524856568,2.2857054147873868,2.2479482650756837,0.1621093451976776,0.1317249983549118,-0.03991303592920303,0.0,1791183683168,-0.069000006,8.11995,-1.07505,-0.217473,9.119972,3.580341,0.054449,-0.994916,-4.514761,0.1023,0.131725,0.1144,
36480530047116,-2.746814250946045,0.6753158293664455,8.123404001252808,4.851380252838135,2.3929399779914173,2.4108683586120607,0.13466332852840424,0.10298749804496765,0.04359665513038635,0.0,1791183683178,0.21195,8.034,-1.18305,-0.208163,9.135433,3.541264,0.320472,-1.101358,-4.74144,-0.1265,0.1029875,0.09955,
36480540041281,-2.6024887561798096,0.535738343000412,8.16555323931816,4.503617060184479,2.496408984774592,2.4963236808776856,-0.08656252920627594,-0.13859999179840088,0.12007540464401245,0.0,1791183683188,0.27,8.148001,-0.462,-0.190439,9.142481,3.524033,0.42964,-1.067704,-4.444087,-0.33935,-0.13859999,0.1005125,
36480550035435,-2.072476387023926,0.3139605104923248,8.42676563690564,3.816085171699524,2.5211213163020436,2.478199672698975,-0.4535335302352905,-0.5376250147819519,0.16641709208488464,0.0,1791183683198,0.564,8.368951,0.80805004,-0.157376,9.140632,3.530453,0.578537,-0.893472,-3.413818,-0.46695,-0.537625,0.1122,
36480560029522,-1.218764305114746,0.07101569771766662,9.18566527274158,2.748088574409485,2.421016719294112,2.24341139793396,-0.9453240633010864,-1.0495375394821167,0.1779009997844696,0.0,1791183683209,0.63405,8.7300005,2.7859502,-0.106855,9.131428,3.556067,0.705186,-0.568233,-1.878412,-0.492525,-1.0495375,0.075075,
36480570023669,-0.10198882222175598,-0.13061174899339675,10.334775099523405,1.3722336113452913,2.253299958225639,1.7485065042972565,-1.3742599487304688,-1.4805999994277954,0.17467348277568817,0.0,1791183683219,0.56205004,8.875951,5.2639503,-0.045947,9.114574,3.600336,0.687374,-0.264076,0.399694,-0.47547498,-1.4806,0.0015125,
36480580017841,0.8683534860610962,-0.28328473716974256,11.84596700371687,0.09771117568016052,2.0695025535154503,1.0254729568958283,-1.611388921737671,-1.717924952507019,0.14761324226856232,0.0,1791183683228,0.38505003,8.79705,7.9240503,0.017862,9.091831,3.657636,0.405692,-0.238939,2.918555,-0.395725,-1.717925,-0.0452375,
36480590011995,1.8481066226959229,-0.32858745008707047,13.66250541656219,1.513661628961563,2.01162276420679,0.13535388112068175,-1.629269003868103,-1.7370375394821167,0.09239703416824341,0.0,1791183683239,0.39900002,8.81595,10.429951,0.079999,9.079967,3.68617,0.329189,-0.274958,5.583498,-0.246675,-1.7370375,-0.0474375,
36480600006159,2.6176869869232178,-0.32931075245141983,14.725767296997978,2.8138374984264374,2.0105603856760506,0.802678793668747,-1.3625664710998535,-1.456125020980835,0.021924030035734177,0.0,1791183683248,0.45195,8.74005,11.842951,0.135514,9.074355,3.698342,0.268886,-0.274135,7.599215,-0.0594,-1.456125,-0.0356125,
36480610000063,2.864198684692383,-0.3243533030152321,15.009934333904404,3.8672196567058563,2.018291427213604,1.6192713916301726,-0.8587385416030884,-0.92826247215271,-0.03826015815138817,0.0,1791183683258,0.48105,8.721001,12.207001,0.176042,9.074828,3.695469,0.295396,-0.358405,8.461607,0.1013375,-0.9282625,-0.0026125,
36480619994209,2.8069965839385986,-0.32267728000879287,14.471684871467058,4.6119368314743046,2.0208754845244514,2.201068472862244,-0.2114604413509369,-0.25244998931884766,-0.07027718424797058,0.0,1791183683268,0.45900002,8.818951,11.464951,0.197155,9.07918,3.683701,0.300619,-0.338814,8.286627,0.1896125,-0.25245,0.0495,
36480629988370,2.485835313796997,-0.3220123425126076,13.39118153025054,5.0208885192871096,2.0217970742972318,2.524564838409424,0.4378722906112671,0.4329875111579895,-0.07287618517875671,0.0,1791183683279,0.34905002,9.075001,9.84105,0.196606,9.084651,3.670216,0.260467,-0.169509,7.043157,0.1992375,0.4329875,0.0867625,
36480639982541,2.1541919708251953,-0.29226994663476946,12.498636811594723,5.063981580734254,2.0533833288493937,2.5857819080352784,0.9217028617858887,0.9586499929428101,-0.05310765653848648,0.0,1791183683288,0.21705002,9.39795,8.23695,0.175506,9.088936,3.660662,0.082848,0.166182,5.350433,0.146025,0.95865,0.0803,
36480649976616,1.8196847438812256,-0.22458873242139815,11.744733190851466,4.66959285736084,2.0990632979800274,2.42618145942688,1.1734387874603271,1.2534500360488892,-0.03345173969864845,0.0,1791183683298,0.061950002,9.501,6.9040504,0.137637,9.0915,3.655913,0.027343,0.391067,3.904295,0.0906125,1.25345,0.025024999,
36480659970760,1.3566362857818604,-0.12765743285417558,10.987949606768915,3.873175483942032,2.124923035599285,2.1246689796447753,1.2380460500717163,1.3556125164031982,-0.035214319825172424,0.0,1791183683309,-0.20295002,9.441,5.6179504,0.086236,9.086729,3.669322,-0.151098,0.417386,2.593229,0.0928125,1.3556125,-0.0526625,
36480669964905,0.7436182498931885,-0.020848245918750764,10.221126148112518,2.737466269731522,2.11230825190649,1.7119933128356934,1.1209688186645508,1.2597750425338745,-0.05939788743853569,0.0,1791183683318,-0.63405,9.219001,4.368,0.027145,9.08723,3.668998,-0.427196,0.273233,1.312654,0.1577125,1.259775,-0.1271875,
36480679959062,0.03905162587761879,0.07771502453833819,9.515997086029083,1.3579904563724996,2.0663119129631733,1.2226365752518178,0.8660738468170166,1.0001749992370605,-0.0907706543803215,0.0,1791183683328,-1.0320001,8.88405,3.25005,-0.031604,9.094193,3.651667,-0.751518,-0.004274,0.108943,0.245025,1.000175,-0.16445,
36480689952998,-0.6436363458633423,0.1542938144877553,8.970808146604785,0.1396078817546368,2.0089833147723364,0.6630709119141102,0.540773332118988,0.6467999815940857,-0.11745043098926544,0.0,1791183683338,-1.3759501,8.503051,2.50605,-0.082502,9.106969,3.618884,-1.129182,-0.383363,-0.803983,0.3216125,0.6468,-0.155925,
36480699947165,-1.2088735103607178,0.20200496036559343,8.545740054563176,1.5619121305644512,1.9642133251227187,0.05735926106572151,0.21529024839401245,0.27431249618530273,-0.1360042691230774,0.0,1791183683348,-1.47,8.137051,2.15805,-0.118813,9.123387,3.576267,-1.315532,-0.816372,-1.273726,0.375925,0.2743125,-0.09735,
36480709941305,-1.5366652011871338,0.24480698425322772,8.290394060416238,2.722369509190321,1.9159395879798042,0.5213010363280773,-0.04195645451545715,-0.03739999979734421,-0.14867115020751953,0.0,1791183683358,-1.23,7.9519506,1.9960501,-0.135998,9.141697,3.528586,-1.236097,-1.102832,-1.458282,0.41305,-0.0374,-0.0037125,
36480719935473,-1.6713435649871826,0.29006547052413223,8.18997406971393,3.5288582377135755,1.8585923210770159,1.0042933993041516,-0.21819640696048737,-0.2620750069618225,-0.1546855866909027,0.0,1791183683368,-0.91005003,7.90395,1.9429501,-0.132849,9.160968,3.478368,-0.975885,-1.227449,-1.513409,0.4323,-0.262075,0.0919875,
36480729929536,-1.6338237524032593,0.34571499545127155,8.291708405803435,3.9246503829956056,1.7819102422155841,1.3388684749603272,-0.3464508652687073,-0.4291374981403351,-0.1539064347743988,0.0,1791183683378,-0.55005,8.029051,1.9960501,-0.111804,9.180257,3.427883,-0.623434,-1.210825,-1.448559,0.4343625,-0.4291375,0.172975,
36480739923688,-1.4768669605255127,0.4019960852339864,8.451729979310322,3.931696057319641,1.7039752144622584,1.5055145978927613,-0.4349701702594757,-0.5398250222206116,-0.1467456817626953,0.0,1791183683388,-0.15495001,8.17695,2.1319501,-0.077317,9.198691,3.379069,-0.255695,-1.090395,-1.320736,0.42061248,-0.539825,0.2176625,
36480749917847,-1.2905217409133911,0.4410938175395131,8.63749075182853,3.6465132236480713,1.6550175309112254,1.521844244003296,-0.48265132308006287,-0.593999981880188,-0.13232174515724182,0.0,1791183683398,0.23895001,8.3230505,2.29695,-0.035051,9.215231,3.334411,0.051591,-0.97286,-1.103696,0.3865125,-0.594,0.22715,
36480759911765,-1.0717839002609253,0.4484428377822042,8.851582789131646,3.140861296653748,1.6479419041970953,1.4288679838180542,-0.498727411031723,-0.6015625,-0.11007550358772278,0.0,1791183683408,0.49500003,8.497951,2.427,0.010044,9.229239,3.295613,0.387173,-0.800121,-0.947582,0.32793748,-0.6015625,0.2006125,
36480769905916,-0.8653960227966309,0.41027247775346043,9.021912541530497,2.4903150506317617,1.6689563865438917,1.267678475379944,-0.48450109362602234,-0.5695250034332275,-0.07657682150602341,0.0,1791183683418,0.64095,8.601001,2.6470501,0.052007,9.239679,3.265828,0.519987,-0.657331,-0.745415,0.2322375,-0.569525,0.153725,
36480779900055,-0.7061063647270203,0.3315494852140546,9.175200358719913,1.7452059097588064,1.6825698458368912,1.0821349978446961,-0.4492693543434143,-0.5110874772071838,-0.03519727289676666,0.0,1791183683428,0.651,8.637,3.0270002,0.087897,9.245262,3.249221,0.596625,-0.600665,-0.436714,0.1087625,-0.5110875,0.09625,
36480789894219,-0.5121273398399353,0.21353778708726168,9.42589267425335,0.9465463347733021,1.6546016973637823,0.8891870737075805,-0.4014970660209656,-0.43972501158714294,0.0074565294198691845,0.0,1791183683438,0.56895,8.686951,3.6139503,0.115521,9.245206,3.248509,0.506751,-0.557513,0.023683,-0.0210375,-0.439725,0.040975,
36480799888306,-0.2837878167629242,0.06846404690295457,9.74589949508844,0.16653925254940982,1.5620596518336618,0.6878402888774872,-0.3482576012611389,-0.3694624900817871,0.04506427049636841,0.0,1791183683448,0.354,8.649,4.47795,0.135239,9.23915,3.264943,0.305075,-0.575399,0.763817,-0.135025,-0.3694625,0.005775,
36480809882457,-8.078217506408691E-4,-0.0747862784191966,10.17626904795202,0.5306483261287214,1.424409709853298,0.4736450731754303,-0.2764670252799988,-0.28751251101493835,0.06781991571187973,0.0,1791183683458,0.16395001,8.625,5.3980503,0.148442,9.227793,3.296338,0.105124,-0.595167,1.658979,-0.2019875,-0.2875125,-0.007975,
36480819876596,0.2845006585121155,-0.20091107469052077,10.608906355253577,1.0952027380466463,1.2665923926636358,0.24366573691368104,-0.17845915257930756,-0.18645000457763672,0.07130508124828339,0.0,1791183683468,0.22695,8.635051,6.1590004,0.157265,9.213202,3.336493,0.002927,-0.594942,2.478341,-0.2094125,-0.18645,5.5E-4,
36480829870750,0.5891873836517334,-0.29574347119778394,10.99843531524061,1.520907610654831,1.1249647001649816,0.015393012762069702,-0.07655131816864014,-0.082225002348423,0.058422379195690155,0.0,1791183683479,0.37305,8.769,6.6280503,0.164631,9.197834,3.378279,0.167944,-0.500564,3.063836,-0.1689875,-0.082225,0.0100375,
36480839864666,0.8409767150878906,-0.36140423398464916,11.18628361091706,1.8078580677509308,1.0127841312140433,0.2860138237476349,0.030872413888573647,0.030662499368190765,0.03537111356854439,0.0,1791183683488,0.37800002,8.88105,6.7909503,0.169378,9.18384,3.415908,0.218263,-0.345313,3.330272,-0.100925,0.0306625,0.0111375,
36480849858815,0.9167049527168274,-0.4065532235428691,11.123049819676474,1.9549803614616394,0.931404296408918,0.5261123776435852,0.13277283310890198,0.1424500048160553,0.0073882960714399815,0.0,1791183683498,0.279,8.946,6.60405,0.169168,9.172537,3.446148,0.161011,-0.259789,3.290455,-0.0210375,0.14245,-5.5E-4,
36480859852964,0.8442568778991699,-0.4321721939370036,10.839009588296886,1.9628037929534914,0.8886180647099006,0.6951253175735473,0.21078485250473022,0.2307250052690506,-0.018419886007905006,0.0,1791183683508,0.081,8.989051,6.05595,0.163184,9.164721,3.467167,0.030526,-0.189724,2.886363,0.0512875,0.230725,-0.0165,
36480869847113,0.649724006652832,-0.43686690609902146,10.488840263044985,1.8503049850463869,0.8826215699034898,0.7681699872016907,0.25788918137550354,0.2839374840259552,-0.03183113411068916,0.0,1791183683519,-0.024,8.962951,5.4480004,0.152337,9.160132,3.479761,-0.133402,-0.158799,2.253671,0.08855,0.28393748,-0.025024999,
36480879841243,0.45552486181259155,-0.4160432443022728,10.322047095866619,1.6306245565414428,0.8983765589585231,0.7414374828338623,0.25857123732566833,0.28600001335144043,-0.03416285663843155,0.0,1791183683528,-0.081,8.983951,5.0820003,0.139757,9.157473,3.48729,-0.199831,-0.182476,1.767301,0.094875,0.286,-0.0281875,
36480889835323,0.37494170665740967,-0.3651143416762352,10.258120416747456,1.3360707700252532,0.9127867314996362,0.6482304811477662,0.2231903374195099,0.2498375028371811,-0.03686882555484772,0.0,1791183683539,-0.12705001,9.027,4.87095,0.127451,9.156054,3.491483,-0.237803,-0.149931,1.454257,0.1023,0.2498375,-0.032449998,
36480899829477,0.3370647132396698,-0.28781743049621583,10.198416899334598,1.005947506427765,0.9034716925532258,0.5323024332523346,0.16563938558101654,0.19139999151229858,-0.04341527819633484,0.0,1791183683548,-0.18900001,9.007951,4.7779503,0.116117,9.155688,3.492834,-0.267171,-0.147172,1.340378,0.12045,0.19139999,-0.040975,
36480909823387,0.2858258783817291,-0.19669287651777267,10.076440201823534,0.6642819702625276,0.8639616365789967,0.42061623334884646,0.11555220931768417,0.14135000109672546,-0.05065813288092613,0.0,1791183683558,-0.20295002,8.94795,4.629,0.105422,9.156349,3.491445,-0.280417,-0.155015,1.217269,0.1406625,0.14135,-0.0506,
36480919817546,0.17049817740917206,-0.10460078939795495,9.972270857239051,0.3093780547380447,0.7974713084645791,0.3247710675001144,0.07413839548826218,0.09982500225305557,-0.055565278977155685,0.0,1791183683568,-0.28695002,8.886001,4.51695,0.095336,9.157924,3.487595,-0.32061,-0.223628,1.075072,0.15455,0.099825,-0.058025,
36480929811714,0.054496318101882935,-0.02018478587269783,9.905339385552717,0.041448464989662176,0.716361554750558,0.24456535875797272,0.05144422501325607,0.07644999772310257,-0.05545191466808319,0.0,1791183683578,-0.26295,8.806951,4.5259504,0.085266,9.159756,3.48305,-0.370395,-0.326017,1.019762,0.15455,0.07645,-0.0600875,
36480939805848,0.0019155144691467285,0.05375433787703514,9.85155186929309,0.35615225732326505,0.6337469182331031,0.16996012032032012,0.04781593382358551,0.07108750194311142,-0.05452338233590126,0.0,1791183683589,-0.27705002,8.710951,4.5930004,0.076036,9.161228,3.479386,-0.3468,-0.406497,1.083281,0.15235,0.0710875,-0.055825,
36480949799987,-0.026121914386749268,0.11697432920336723,9.845094640976596,0.597802522778511,0.55462013220765,0.09732279479503632,0.053698696196079254,0.07218749821186066,-0.0584707111120224,0.0,1791183683597,-0.37305,8.682,4.6270504,0.06747,9.162627,3.475877,-0.398089,-0.458175,1.141856,0.1640375,0.0721875,-0.042075,
36480959794072,-0.0684046745300293,0.16714329048991203,9.75225764566842,0.741693302989006,0.4859501298680407,0.02647668421268463,0.061400413513183594,0.07108750194311142,-0.06653182208538055,0.0,1791183683608,-0.39495003,8.59605,4.58895,0.060367,9.164599,3.470805,-0.422111,-0.505637,1.149323,0.18755,0.0710875,-0.0176,
36480969788226,-0.15553268790245056,0.20263645723462104,9.678047723472085,0.7801669716835022,0.4321884791507742,0.03872948884963989,0.04904952645301819,0.04441250115633011,-0.07855620980262756,0.0,1791183683617,-0.49800003,8.56005,4.4880004,0.056519,9.16768,3.462724,-0.475723,-0.573361,1.085578,0.2226125,0.0444125,0.0176,
36480979782380,-0.22672751545906067,0.22660539969801902,9.648401981298035,0.7432047367095947,0.3926058666612995,0.09497425556182862,0.01005687564611435,-0.015124999918043613,-0.09300367534160614,0.0,1791183683628,-0.48795003,8.54595,4.452,0.057552,9.172371,3.450265,-0.555765,-0.613965,0.99748,0.2652375,-0.015125,0.06435,
36480989776534,-0.16568362712860107,0.24392758533358574,9.759292879144624,0.6607965171337128,0.36639806143979986,0.12849408388137817,-0.04390036314725876,-0.09391249716281891,-0.10739632695913315,0.0,1791183683639,-0.39705002,8.641951,4.51695,0.066422,9.178493,3.433786,-0.519146,-0.56502,1.047478,0.308825,-0.0939125,0.1197625,
36480999770458,-0.06249719858169556,0.25499211624264717,9.850963076085074,0.556385374069214,0.35340592201035353,0.13576914072036744,-0.06200861558318138,-0.1311749964952469,-0.11986447870731354,0.0,1791183683647,-0.16005,8.781,4.4620504,0.082869,9.185859,3.413675,-0.379969,-0.474224,1.105896,0.34814999,-0.131175,0.1665125,
36481009764627,0.011061161756515503,0.255585565418005,9.910144010553507,0.44464704096317287,0.35298559268619106,0.11987597346305848,-0.040978677570819855,-0.11508750170469284,-0.12477585673332214,0.0,1791183683658,0.11895001,8.94795,4.25805,0.103819,9.194417,3.389971,-0.111221,-0.348707,0.98116,0.3663,-0.1150875,0.1824625,
36481019758776,0.06542864441871643,0.24463196471333504,9.896250271880545,0.3202490657567978,0.3553097604561247,0.07568370699882507,-0.0017121769487857819,-0.06833750009536743,-0.12028853595256805,0.0,1791183683668,0.26505002,9.04395,4.0090504,0.125024,9.203622,3.364186,0.075869,-0.202288,0.741189,0.356675,-0.0683375,0.1687125,
36481029752943,0.09675256907939911,0.2200102239847183,9.884844067804607,0.18094781041145325,0.34755760631231136,0.010987690091133118,0.044426463544368744,-0.004537499975413084,-0.10733655095100403,0.0,1791183683678,0.32505003,9.1039505,3.8370001,0.142209,9.212441,3.339274,0.168818,-0.110551,0.581747,0.3205125,-0.0045375,0.12925,
36481039747025,0.02720324695110321,0.17932155057787896,9.775407309890445,0.06973311007022859,0.3189349133097973,0.027589684724807738,0.11038291454315186,0.08277499675750732,-0.09099499881267548,0.0,1791183683688,0.32700002,9.07695,3.6139503,0.152859,9.220197,3.317321,0.201262,-0.127883,0.426529,0.2726625,0.082775,0.0834625,
36481049741158,-0.0911700651049614,0.12892779968678952,9.614082953684168,0.00462157279253006,0.27504821471751073,0.02185511142015457,0.18496161699295044,0.17641249299049377,-0.0759972631931305,0.0,1791183683698,0.27705002,9.022051,3.3100502,0.156421,9.227086,3.297947,0.154605,-0.170686,0.199301,0.227975,0.1764125,0.0452375,
36481059735312,-0.2810804545879364,0.0726609330624342,9.413322098106464,0.0021562770009040805,0.2351725197837295,0.03657321184873581,0.243032768368721,0.24777500331401825,-0.06351824104785919,0.0,1791183683708,0.16395001,8.938951,2.946,0.154067,9.233574,3.279849,0.061191,-0.249,-0.141731,0.1907125,0.247775,0.0196625,
36481069729480,-0.4868612289428711,0.01583167128264904,9.20505110836876,0.0520569309592247,0.2260082122637759,0.14703118652105332,0.26786309480667114,0.27857500314712524,-0.05588051304221153,0.0,1791183683718,0.094950005,8.86695,2.47005,0.148032,9.240381,3.260901,-0.021358,-0.318057,-0.560922,0.1683,0.278575,0.007975,
36481079723405,-0.7238961458206177,-0.04313937909901142,8.967293447465671,0.1826668456196785,0.2555298109956054,0.31116092950105667,0.2751065492630005,0.2870999872684479,-0.052043553441762924,0.0,1791183683728,0.052050002,8.75895,1.9210501,0.140684,9.248177,3.239054,-0.069077,-0.412043,-1.010733,0.1577125,0.2871,0.005775,
36481089717569,-1.1086937189102173,-0.11732115037739277,8.63065440969985,0.4025711819529533,0.328364526035644,0.5383403226733208,0.28092533349990845,0.2913624942302704,-0.04911401495337486,0.0,1791183683738,-0.055050004,8.54595,1.2049501,0.132994,9.257546,3.2125,-0.135607,-0.603372,-1.637796,0.1502875,0.2913625,0.0111375,
36481099711708,-1.5460121631622314,-0.21147499419748783,8.346545001333775,0.7094327688217164,0.436683970967989,0.8293087422847748,0.30395469069480896,0.3104749917984009,-0.038391683250665665,0.0,1791183683748,-0.13095,8.338051,0.35295,0.125073,9.268603,3.180783,-0.223455,-0.803571,-2.412925,0.11935,0.310475,0.0270875,
36481109705848,-2.0784616470336914,-0.32968937046825886,8.189956794596933,1.1131012737751007,0.581923364321547,1.1887849807739257,0.3439684212207794,0.345674991607666,-0.010743318125605583,0.0,1791183683758,-0.13095,8.179951,-0.38295,0.117442,9.280191,3.147109,-0.318774,-1.114435,-3.174126,0.0353375,0.345675,0.0504625,
36481119699935,-2.34267520904541,-0.455348039790988,8.008757150040214,1.5489600867033004,0.716198939492635,1.5599477767944336,0.3830021321773529,0.382937490940094,0.03387845680117607,0.0,1791183683768,-0.06705,7.9759502,-0.72105,0.111086,9.289859,3.118685,-0.214256,-1.227052,-3.698763,-0.1040875,0.3829375,0.06655,
36481129694106,-2.5858163833618164,-0.587363674864173,7.99857342325734,1.959921509027481,0.8422947807690075,1.9323318243026733,0.4180164039134979,0.41690000891685486,0.08432671427726746,0.0,1791183683779,0.16005,7.9260006,-1.06305,0.105645,9.295705,3.101407,-0.127412,-1.383734,-4.019067,-0.263725,0.4169,0.0803,
36481139688265,-2.5698294639587402,-0.7159509237855672,8.200064491374313,2.2464140847325322,0.9338478726339684,2.224558973312378,0.38702690601348877,0.38499999046325684,0.13600558042526245,0.0,1791183683788,0.50895,8.08605,-1.26405,0.10538,9.297407,3.09631,0.265501,-1.294456,-4.255784,-0.427625,0.385,0.0834625,
36481149682419,-2.462468147277832,-0.8377682354301215,8.254468360317512,2.3712769582867623,0.9929528232972756,2.407850170135498,0.19216817617416382,0.19772499799728394,0.18951547145843506,0.0,1791183683797,0.26295,8.151,-1.2760501,0.109024,9.294447,3.105056,0.355231,-1.121507,-4.427337,-0.59688747,0.197725,0.0356125,
36481159676573,-2.4178433418273926,-0.9552401687949896,8.285429363381112,2.328695322573185,1.033146411122995,2.475726509094238,-0.24073496460914612,-0.2311374992132187,0.24558423459529877,0.0,1791183683809,0.291,8.247001,-0.74205005,0.114328,9.285871,3.13042,0.134449,-1.122508,-4.244405,-0.770275,-0.2311375,-0.039875,
36481169670498,-1.9525222778320312,-1.0450896482914687,8.455334306997678,2.0865349933505057,1.0378200977775631,2.3976959228515624,-1.006532073020935,-1.0187374353408813,0.28870120644569397,0.0,1791183683819,0.0139500005,8.38095,1.1190001,0.135297,9.270109,3.175968,-0.022989,-0.960701,-3.219744,-0.89485,-1.0187374,-0.0941875,
36481179664676,-0.9500797986984253,-1.081257262453437,9.876512305231792,1.5322082832455637,1.0211405258778763,2.0705486059188845,-1.8313963413238525,-1.8892500400543213,0.29427772760391235,0.0,1791183683828,0.43305,8.48805,5.031,0.181698,9.24475,3.24678,0.007223,-0.822814,-0.525254,-0.89375,-1.88925,-0.09845,
36481189658810,1.0106706619262695,-1.0224395480006934,12.797807834417833,0.5251398384571074,1.1027977230714543,1.3544485807418822,-2.175508499145508,-2.2500500679016113,0.25846412777900696,0.0,1791183683838,0.87795,8.75205,9.295951,0.249575,9.209327,3.341561,0.437341,-0.500086,4.309626,-0.7671125,-2.25005,-0.121825,
36481199652988,1.8667904138565063,-0.9259751673787833,14.415635946207658,0.7001881122589111,1.2562505578892609,0.48859686851501466,-2.0193750858306885,-2.0722625255584717,0.19199445843696594,0.0,1791183683849,0.528,8.31795,11.7619505,0.307836,9.1869,3.397958,0.374291,-0.659619,7.133455,-0.5691125,-2.0722625,-0.1698125,
36481209647128,2.49143385887146,-0.801956532523036,16.06902041062555,2.0532063484191894,1.4501093789554151,0.49325857162475584,-1.699633240699768,-1.7689374685287476,0.08792400360107422,0.0,1791183683858,0.39900002,8.42895,13.675051,0.362501,9.173785,3.427869,0.051476,-0.871559,9.449862,-0.2616625,-1.7689375,-0.09735,
36481219641213,3.098947525024414,-0.6502805884927512,16.199456302695033,3.4358843564987183,1.6742300887236428,1.503552532196045,-1.1193747520446777,-1.1847000122070312,0.007698750123381615,0.0,1791183683868,0.48495004,8.52705,13.765051,0.40663,9.169204,3.435163,0.0265,-0.627557,10.512777,-0.0253,-1.1847,-0.0281875,
36481229635375,2.921617269515991,-0.5090373534709215,15.709973196870079,4.502450919151306,1.8420414020930436,2.2778919458389284,-0.3863682746887207,-0.43230000138282776,-0.022039905190467834,0.0,1791183683879,0.56205004,8.635051,13.111951,0.432344,9.168862,3.432933,0.077402,-0.636793,10.031378,0.0683375,-0.4323,0.0430375,
36481239629539,2.9228262901306152,-0.3642562013119459,15.148261922481899,5.068173241615295,1.9866206606549417,2.660323071479797,0.3933526873588562,0.37757501006126404,-0.0070889596827328205,0.0,1791183683888,0.44700003,8.994,12.18105,0.436875,9.168068,3.434483,0.05611,-0.341511,9.244529,0.0342375,0.377575,0.1101375,
36481249623693,2.839778184890747,-0.2177087888121605,14.307648881481333,5.330647134780884,2.1058842610029016,2.8549206256866455,1.0714683532714844,1.0958750247955322,0.017736393958330154,0.0,1791183683898,0.39705002,9.255,10.903951,0.419248,9.165069,3.444669,0.035431,-0.020083,8.128221,-0.033825,1.095875,0.136675,
36481259617847,2.622650384902954,-0.07252224683761596,13.449777396176877,5.278859853744507,2.1947324671024098,2.8811639308929444,1.598056674003601,1.6759874820709229,0.03420393541455269,0.0,1791183683909,0.25500003,9.573001,9.444,0.37803,9.160377,3.461883,-0.016724,0.262335,6.731947,-0.086075,1.6759875,0.09845,
36481269611772,2.33744215965271,0.06869292259216309,12.433323384863435,4.7994114637374885,2.253601885981475,2.7288628578186036,1.892021894454956,2.0239999294281006,0.028201568871736526,0.0,1791183683918,-0.16005,9.66405,7.8210006,0.315143,9.155945,3.479856,-0.24593,0.537312,5.191262,-0.0785125,2.024,0.0100375,
36481279605950,1.594549536705017,0.18461520671844484,11.1529878086486,3.817897891998291,2.2694240532160204,2.463449311256409,1.9399268627166748,2.10691237449646,-0.0077300905250012875,0.0,1791183683928,-0.59805006,9.408,5.9599504,0.237958,9.154675,3.489316,-0.611672,0.421265,3.41488,0.016224999,2.1069124,-0.0804375,
36481289600089,0.6151524186134338,0.2708075135946274,9.978190229957738,2.4905114054679873,2.251331191814428,2.0019145369529725,1.7508070468902588,1.9239000082015991,-0.06215168535709381,0.0,1791183683938,-1.10595,9.01305,4.13595,0.150683,9.153763,3.496561,-0.960142,0.08699,1.537764,0.1683,1.9239,-0.1368125,
36481299594171,-0.4471796452999115,0.32574913948774337,8.99778390796652,0.8512643992900849,2.219506058587162,1.3445229709148407,1.4191713333129883,1.563099980354309,-0.1186520978808403,0.0,1791183683948,-1.5340501,8.521951,2.4460502,0.068743,9.16326,3.474181,-1.44084,-0.39177,-0.199593,0.3322,1.5631,-0.1260875,
36481309588293,-1.3990285396575928,0.3597207948565483,8.431390750758776,0.9633653461933137,2.187415026363132,0.5401871860027313,1.0318951606750488,1.1171875,-0.16367129981517792,0.0,1791183683958,-1.7160001,8.179951,1.11,0.003761,9.182546,3.423575,-1.651191,-0.853983,-1.712401,0.4684625,1.1171875,-0.043175,
36481319582447,-1.9749785661697388,0.3781056270003319,8.23915089276677,2.600188905000687,2.166065636754766,0.32229695916175843,0.6028764247894287,0.6159999966621399,-0.1892346888780594,0.0,1791183683968,-1.56105,8.08605,0.25005,-0.035033,9.208888,3.351892,-1.645914,-1.112563,-2.734869,0.552475,0.616,0.0760375,
36481329576606,-1.7933156490325928,0.41773066371679307,8.39343804737647,3.6601930677890775,2.118202547661581,0.9998699963092804,0.22142307460308075,0.17531250417232513,-0.1947236955165863,0.0,1791183683979,-1.13505,8.314051,0.19500001,-0.044041,9.238262,3.269948,-1.244257,-0.823509,-3.064727,0.5812125,0.1753125,0.17613749,
36481339570759,-2.2171688079833984,0.4353636965155602,7.915422666939085,4.421254867315293,2.0945954488990934,1.5663342416286468,-0.0459238737821579,-0.12691250443458557,-0.18835483491420746,0.0,1791183683988,-0.57405,7.8880506,-0.321,-0.031741,9.267421,3.186519,-0.806448,-1.233346,-3.239872,0.57695,-0.1269125,0.2336125,
36481349564684,-2.503363609313965,0.4333189234137535,7.8840796563925375,4.858734965324402,2.09744138240095,1.9775710344314574,-0.26910001039505005,-0.38871249556541443,-0.16774223744869232,0.0,1791183683997,-0.333,7.8520503,-0.62700003,0.001948,9.296228,3.101634,-0.394816,-1.448901,-3.56679,0.5302,-0.3887125,0.3144625,
36481359558838,-2.51064395904541,0.42867889255285263,8.040030392924137,4.928756976127625,2.1038365863939457,2.199894118309021,-0.4288283586502075,-0.5834124684333801,-0.12917348742485046,0.0,1791183684011,-0.08805001,7.9999504,-0.79695004,0.052029,9.322334,3.02182,-0.313216,-1.405575,-3.800616,0.4258375,-0.58341247,0.401775,
36481369553001,-2.2650980949401855,0.41305010169744494,8.255634522868235,4.721367335319519,2.1225456167939867,2.2579180240631103,-0.5516797304153442,-0.722837507724762,-0.07569308578968048,0.0,1791183684018,0.41295,8.223001,-0.606,0.115359,9.343108,2.955175,0.032862,-1.201294,-3.714818,0.2684,-0.7228375,0.4453625,
36481379547127,-1.9533579349517822,0.3628861948847771,8.510348938515035,4.291841018199921,2.1655880659425732,2.2899264812469484,-0.6433637738227844,-0.8036875128746033,-0.01721709966659546,0.0,1791183684027,1.04805,8.445001,-0.097950004,0.185285,9.356686,2.908286,0.480083,-1.032912,-3.289645,0.0842875,-0.8036875,0.4123625,
36481389541266,-1.5386898517608643,0.23541816920042039,8.778270860262106,3.4987536609172825,2.198486277203667,2.1542306900024415,-0.7153534889221191,-0.8472750186920166,0.037657275795936584,0.0,1791183684038,1.6819501,8.577001,0.81495005,0.256525,9.362244,2.884896,1.179777,-0.844539,-2.59109,-0.098725,-0.847275,0.32835,
36481399535324,-1.0591481924057007,0.08912123888731002,9.13867067982339,2.40557479262352,2.1823531914958663,1.8653876066207886,-0.8206338286399841,-0.9197375178337097,0.07433630526065826,0.0,1791183684049,1.8090001,8.694,2.15805,0.32407,9.360035,2.885258,1.437843,-0.717832,-1.430264,-0.2275625,-0.9197375,0.221925,
36481409529481,-0.5201368927955627,-0.06145729869604111,9.642931061339056,1.1449892342090606,2.114236513211278,1.467286193370819,-0.8983756303787231,-0.9675874710083008,0.08960086107254028,0.0,1791183684057,1.70895,8.776051,3.6120002,0.383233,9.351504,2.9056,1.426564,-0.599168,-0.014085,-0.2861375,-0.9675875,0.121825,
36481419523635,-0.02300846576690674,-0.21755509823560715,10.238516882484966,0.018998271226882912,1.9865285031739646,1.0188682675361633,-0.9372957348823547,-0.9824374914169312,0.08620140701532364,0.0,1791183684068,1.3930501,8.83605,4.98105,0.431829,9.338924,2.939052,1.148124,-0.507579,1.367436,-0.28187498,-0.9824375,0.0378125,
36481429517774,0.34783297777175903,-0.34624431282281876,10.726998047135407,1.0077041566371916,1.8582243153272229,0.5586300849914551,-0.8962321877479553,-0.9271624684333801,0.06900980323553085,0.0,1791183684079,0.99000007,8.83605,6.0010505,0.469488,9.324595,2.978508,0.703451,-0.49325,2.577753,-0.2286625,-0.92716247,-0.010175,
36481439511937,1.3493437767028809,-0.42491843849420546,14.555541714963077,1.9965476751327513,1.7482041660331105,0.018976640701293946,-0.7486187219619751,-0.7717875242233276,0.04338274523615837,0.0,1791183684088,2.56095,9.58005,10.65495,0.496805,9.314635,3.005123,1.12385,-0.160073,4.710708,-0.1456125,-0.7717875,-0.025024999,
36481449505857,2.726996898651123,-0.43055750280618665,12.825037373643374,2.9760997772216795,1.737815387081939,0.7762056589126587,-0.23774507641792297,-0.21834999322891235,-0.036991018801927567,0.0,1791183684097,1.644,9.927,7.9519506,0.502656,9.314566,3.004369,1.869778,0.507978,7.007502,0.1013375,-0.21835,-0.1155,
36481459499982,1.971940517425537,-0.4630929961800575,12.1927550470062,3.5325391650199887,1.6856570463270606,1.2746211409568786,-0.023218927904963493,0.01251249946653843,-0.05125969275832176,0.0,1791183684108,1.299,9.69795,7.2750006,0.493626,9.318635,2.993222,0.897185,0.568553,4.538255,0.144925,0.0125124995,-0.138875,
36481469494165,1.2419286966323853,-0.5178686693310738,11.000741256424565,3.8175350546836855,1.609858501284573,1.527608573436737,0.19420816004276276,0.24777500331401825,-0.024678386747837067,0.0,1791183684118,0.41805002,9.349951,5.781,0.478133,9.317005,3.000798,0.450597,0.165562,3.470048,0.0576125,0.247775,-0.1442375,
36481479488314,0.7095250487327576,-0.5621198937296867,10.669979321888139,3.754177677631378,1.562656538205029,1.5999469876289367,0.27813804149627686,0.3265624940395355,0.024005010724067688,0.0,1791183684127,0.12105001,9.23505,5.3430004,0.458749,9.309014,3.028501,-0.28898,-0.032348,2.439175,-0.091299996,0.3265625,-0.089925,
36481489482409,0.5721070766448975,-0.5642721608281136,10.593557416883003,3.309887254238129,1.5610624139626936,1.4444996476173402,0.2971327006816864,0.33082500100135803,0.05358463525772095,0.0,1791183684137,0.049950004,9.151951,5.33505,0.443192,9.298064,3.064246,-0.347643,-0.126743,2.264566,-0.17545,0.330825,-0.0281875,
36481499476534,0.4188941717147827,-0.5209684699773789,10.451673700803573,2.450165295600891,1.5756541243745064,0.982879102230072,0.2525976002216339,0.2690874934196472,0.04559839144349098,0.0,1791183684147,-0.25605002,8.971951,5.355,0.431286,9.286784,3.099939,-0.682896,-0.30221,2.324641,-0.14245,0.2690875,0.0122375,
36481509470688,0.3514520525932312,-0.43344444036483765,10.31548735622022,1.6776496767997742,1.5730644831063196,0.6587814092636108,0.15956875681877136,0.15193749964237213,0.007586188614368439,0.0,1791183684157,-0.07395,9.051001,4.94805,0.425323,9.278816,3.124526,-0.602713,-0.291848,2.051057,-0.016775,0.1519375,0.0515625,
36481519464842,0.3179343342781067,-0.3187987953424454,10.149780291160852,1.0326126217842102,1.539740359341826,0.47398253679275515,-0.0018931115046143532,-0.023649999871850014,-0.03743948042392731,0.0,1791183684168,-0.012,9.1060505,4.4830503,0.426496,9.276446,3.1314,-0.479388,-0.176951,1.584496,0.1236125,-0.02365,0.0473,
36481529458991,0.0990557074546814,-0.22418022751808167,9.76373032540429,0.33291202783584595,1.5039507380541222,0.3518886685371399,-0.15245254337787628,-0.17902499437332153,-0.07474588602781296,0.0,1791183684179,-0.055050004,8.91195,3.9880502,0.431038,9.279261,3.122426,-0.457593,-0.249197,1.11463,0.2374625,-0.179025,0.0207625,
36481539453101,-0.31393784284591675,-0.12901867926120758,9.333070567733321,0.6015259742736816,1.4333927408805665,0.17467968463897704,-0.2831698954105377,-0.31418749690055847,-0.09456347674131393,0.0,1791183684188,-0.17205001,8.59605,3.63105,0.437247,9.285565,3.102759,-0.533234,-0.528441,0.665033,0.2992,-0.3141875,0.0037125,
36481549447019,-0.646336019039154,-0.03616729974746704,9.116906923980071,1.312987494468689,1.333228615088156,0.0383663535118103,-0.3704721927642822,-0.4141499996185303,-0.09821691364049911,0.0,1791183684197,-0.354,8.38605,3.55905,0.446043,9.293098,3.078855,-0.747931,-0.806518,0.48543,0.31625,-0.41415,0.025024999,
36481559441175,-0.818372368812561,0.04844627976417541,9.04291912965666,1.7999398112297058,1.2226117878890055,0.27233123779296875,-0.3988439440727234,-0.46213749051094055,-0.09384764730930328,0.0,1791183684208,-0.31305,8.27295,3.6379502,0.459707,9.300159,3.055445,-0.814268,-0.997932,0.535176,0.3130875,-0.4621375,0.0803,
36481569435329,-0.806124210357666,0.12139497399330139,9.110447053362623,2.09708993434906,1.1217612176120464,0.49714294672012327,-0.3665207326412201,-0.4482499957084656,-0.08898212760686874,0.0,1791183684218,-0.00705,8.3230505,3.7050002,0.479947,9.306277,3.033622,-0.669308,-1.025599,0.647979,0.309925,-0.44825,0.1420375,
36481579429502,-0.6145598292350769,0.18833487927913667,9.32036561087154,2.084365701675415,1.0323365586763484,0.639866054058075,-0.3105466663837433,-0.40136250853538513,-0.0820188969373703,0.0,1791183684228,0.34605002,8.577001,3.63105,0.506567,9.311678,3.012645,-0.334404,-0.844252,0.666562,0.2971375,-0.4013625,0.1804,
36481589423661,-0.36582890152931213,0.24697792679071426,9.561931024965237,1.633123368024826,0.9635890810273264,0.650244265794754,-0.22973570227622986,-0.31735000014305115,-0.0693725198507309,0.0,1791183684243,0.624,8.90295,3.4320002,0.535561,9.316473,2.992745,-0.052151,-0.556954,0.545203,0.260975,-0.31735,0.188925,
36481599417815,-0.1815926432609558,0.2908557042479515,9.66098074447509,1.2160769999027252,0.9222060628915137,0.5572955906391144,-0.15618979930877686,-0.227974995970726,-0.04886776953935623,0.0,1791183684248,0.87600005,9.06495,3.2239501,0.562882,9.320196,2.976088,0.243744,-0.31168,0.332017,0.1918125,-0.227975,0.16335,
36481609411890,-0.062386900186538696,0.3137432038784027,9.821457095065941,0.8800810337066651,0.9073553615044914,0.4060984969139099,-0.12113280594348907,-0.1704999953508377,-0.025741340592503548,0.0,1791183684258,0.9670501,9.23505,3.1999502,0.585776,9.322148,2.965545,0.366896,-0.158009,0.218062,0.1076625,-0.1705,0.1144,
36481619406044,0.04637594148516655,0.3172124242410064,9.906257236208765,0.5874871350824833,0.9061930781354268,0.2355984665453434,-0.10469891875982285,-0.1321374922990799,-0.008539560250937939,0.0,1791183684268,0.94695,9.274051,3.351,0.602526,9.322195,2.962033,0.354935,-0.074259,0.314947,0.0407,-0.13213749,0.0611875,
36481629399979,0.15412068367004395,0.3075268095359206,10.020941326542665,0.25654204860329627,0.9068490219466202,0.08186236396431923,-0.1004587933421135,-0.10876250267028809,8.778087212704122E-4,0.0,1791183684277,0.96405005,9.328951,3.5299501,0.613387,9.320725,2.964427,0.363228,-0.015329,0.482542,-8.25E-4,-0.1087625,0.0100375,
36481639394152,0.2287946492433548,0.2514993531629443,10.11977259559285,0.07542869970202445,0.8748010520897219,0.03706234619021416,-0.1170365959405899,-0.10876250267028809,0.0031624268740415573,0.0,1791183684287,0.9979501,9.34095,3.76305,0.619214,9.318427,2.970439,0.350218,0.001334,0.677643,-0.018975,-0.1087625,-0.040975,
36481649388534,0.35253483057022095,0.1327762497588992,10.277608906179847,0.41621907874941827,0.6672988153400564,0.14388784095644952,-0.14022840559482574,-0.11728750169277191,0.001031254418194294,0.0,1791183684297,1.04595,9.36705,4.098,0.620996,9.31555,2.979079,0.40829,0.040124,0.949125,-0.0221375,-0.1172875,-0.089925,
36481659382674,0.41230475902557373,0.05479446183890104,10.258780533470514,0.7359691195189952,0.523437769852919,0.238826172798872,-0.12148424983024597,-0.08428750187158585,-0.005230371840298176,0.0,1791183684307,0.92595005,9.219001,4.4040003,0.617928,9.312316,2.989806,0.375446,-0.004525,1.287952,-0.01045,-0.0842875,-0.1335125,
36481669376611,0.2939034700393677,0.007393200509250164,10.119709243781358,0.9281977325677871,0.45181245074936854,0.2883316785097122,-0.08455199748277664,-0.03849999979138374,-0.013555789366364479,0.0,1791183684317,0.70305,9.063001,4.44705,0.60936,9.309125,3.001479,0.230785,-0.168928,1.43669,0.0119624995,-0.0385,-0.1590875,
36481679370762,0.11995270848274231,-0.022085416503250598,9.888105395610266,0.9317423492670059,0.42337870437523734,0.2814980834722519,-0.04245654493570328,0.005087499972432852,-0.021315772086381912,0.0,1791183684327,0.47100002,8.898001,4.287,0.596814,9.306651,3.011657,0.011093,-0.322077,1.383416,0.0374,0.0050875,-0.1612875,
36481689364929,-0.12038040161132812,-0.056709790416061875,9.635209768996486,0.7689586639404297,0.40109916393429407,0.2116630733013153,-0.02824508585035801,0.01251249946653843,-0.027209661900997162,0.0,1791183684337,0.23595001,8.757,4.01205,0.582879,9.305317,3.018493,-0.233544,-0.476367,1.122794,0.0609125,0.0125124995,-0.1420375,
36481699359083,-0.295893132686615,-0.09244915563613176,9.490957764867519,0.488075977563858,0.38878492023703015,0.08197748064994811,-0.046394966542720795,-0.0193875003606081,-0.030835693702101707,0.0,1791183684349,-0.00705,8.6629505,3.8770502,0.570359,9.305089,3.021594,-0.479599,-0.5743,0.899427,0.080025,-0.0193875,-0.105875,
36481709353168,-0.39426377415657043,-0.12973494697362184,9.438648833448738,0.15626224055886268,0.3800864020618319,0.07933622598648071,-0.07348459959030151,-0.06517499685287476,-0.03343609347939491,0.0,1791183684357,-0.049950004,8.601001,3.8869503,0.561601,9.305313,3.022541,-0.602521,-0.655927,0.85299,0.098037496,-0.065175,-0.055825,
36481719347356,-0.570460855960846,-0.17415470648556947,9.415701720620094,0.17034672722220423,0.3770731163461777,0.25220909118652346,-0.10641620308160782,-0.12044999748468399,-0.03658822178840637,0.0,1791183684368,-0.025950002,8.565001,3.9109502,0.559495,9.305709,3.021715,-0.621963,-0.838283,0.846634,0.11935,-0.12045,0.0037125,
36481729341510,-0.23525819182395935,-0.19087040144950151,9.778172383478676,0.36031361743807794,0.3719666730967247,0.3232512712478638,-0.12708939611911774,-0.16087499260902405,-0.03832774609327316,0.0,1791183684377,0.43005002,8.962951,3.8850002,0.565555,9.306324,3.018686,-0.422122,-0.510892,0.890364,0.1353,-0.160875,0.058025,
36481739335677,0.030225276947021484,-0.1736622454598546,9.889350363641293,0.43701797649264335,0.37383147333493677,0.2931301355361938,-0.1565815806388855,-0.19277499616146088,-0.04009874910116196,0.0,1791183684389,0.75795,9.075001,3.8560503,0.578613,9.307439,3.012777,0.077178,-0.239068,0.822053,0.1417625,-0.192775,0.0589875,
36481749329850,0.0394720733165741,-0.1393718408420682,9.874255996620393,0.46488326713442807,0.3601033541741147,0.22605709433555604,-0.19528020918369293,-0.22481249272823334,-0.04529228061437607,0.0,1791183684397,0.864,9.04905,3.8560503,0.592801,9.308829,3.005709,0.244949,-0.257218,0.877004,0.15345,-0.2248125,0.0292875,
36481759323769,0.023452594876289368,-0.09728059265762568,9.857389225581471,0.4308454990386963,0.3258469832726141,0.14251382052898406,-0.2309809923171997,-0.24818749725818634,-0.0482247956097126,0.0,1791183684407,0.71805006,9.06795,3.798,0.603982,9.310678,2.997746,0.190673,-0.24949,0.813142,0.15455,-0.2481875,-0.0154,
36481769317929,0.009925097227096558,-0.056478127278387545,9.82785256339016,0.30793471336364747,0.28277748249519136,0.026436629891395568,-0.23568938672542572,-0.2428250014781952,-0.0430205762386322,0.0,1791183684417,0.531,9.022051,3.8610003,0.610458,9.312373,2.991166,-0.009733,-0.258367,0.838876,0.13213749,-0.242825,-0.043175,
36481779312083,-0.10313403606414795,-0.030906837619841098,9.741937392928252,0.2116748720407486,0.2526762615280756,1.1798739433288574E-5,-0.20441116392612457,-0.20350000262260437,-0.03276122361421585,0.0,1791183684427,0.41295,8.91195,3.9130502,0.612778,9.312975,2.988817,-0.158099,-0.383467,0.889109,0.095975,-0.2035,-0.055825,
36481789306237,-0.1592305302619934,-0.020576919056475164,9.66580557345907,0.11988044083118438,0.24280299623825807,0.03790296018123627,-0.14436210691928864,-0.13433749973773956,-0.020074887201189995,0.0,1791183684438,0.37995002,8.8279505,3.9180002,0.611329,9.312175,2.991599,-0.214111,-0.452099,0.929422,0.0523875,-0.1343375,-0.06545,
36481799300377,-0.1955971121788025,-0.021277142502367497,9.620112706069847,0.005580571293830869,0.24328605569858613,0.08491679728031158,-0.06854642182588577,-0.05444999784231186,-0.008225356228649616,0.0,1791183684447,0.37500003,8.7949505,3.8800502,0.607508,9.310089,2.998866,-0.246203,-0.490715,0.934126,0.015125,-0.054449998,-0.058025,
36481809294521,-0.2399168610572815,-0.030153640545904636,9.605784920884426,0.11461840271949769,0.2478204559706577,0.13759068846702577,0.0010192794725298882,0.0147124994546175,0.0010911005083471537,0.0,1791183684457,0.47595003,8.781,3.86505,0.603344,9.307168,3.008756,-0.19176,-0.516525,0.854804,-0.01155,0.014712499,-0.039875,
36481819288572,-0.22596287727355957,-0.04377058148384094,9.66168729588262,0.13848298788070681,0.2507065641942752,0.18476828336715698,0.04920642822980881,0.060499999672174454,0.00616182666271925,0.0,1791183684469,0.51600003,8.842951,3.8580003,0.60029,9.303583,3.020431,-0.11688,-0.505757,0.847918,-0.0243375,0.0605,-0.0218625,
36481829282721,-0.18066170811653137,-0.060509701073169705,9.69552747443676,0.09285631775856015,0.24809775208937399,0.20027381777763367,0.06822026520967484,0.07535000145435333,0.005450276657938957,0.0,1791183684478,0.555,8.887951,3.834,0.598439,9.300029,3.031725,-0.076722,-0.451925,0.81747,-0.018975,0.07535,-0.006875,
36481839276874,-0.12759600579738617,-0.07832923382520676,9.741502003679097,0.03211018145084382,0.2393222453153358,0.19394691288471222,0.06357966363430023,0.06572499871253967,-1.573270419612527E-4,0.0,1791183684488,0.61905,8.953051,3.7890003,0.598277,9.297097,3.040734,0.004842,-0.384349,0.762971,0.0012375,0.065725,0.0037125,
36481849271014,-0.07143259048461914,-0.09952760487794876,9.780259743444606,0.026600188016891485,0.21805034339020202,0.16911400854587555,0.036754634231328964,0.03492499887943268,-0.008964196778833866,0.0,1791183684497,0.57105005,9.0390005,3.6910503,0.599424,9.295223,3.046232,-0.032217,-0.301073,0.695224,0.029975,0.034925,0.005775,
36481859265168,-0.06432771682739258,-0.12335922867059708,9.76947331227612,0.1075595498085022,0.1842317538563207,0.13399617969989777,2.8990290593355894E-4,-0.0034374999813735485,-0.015516323037445545,0.0,1791183684507,0.6,9.06495,3.59295,0.601364,9.294531,3.047961,-0.005427,-0.252496,0.564208,0.0501875,-0.0034375,0.0015125,
36481869259092,-0.055014461278915405,-0.14080512523651123,9.77134644388753,0.09979469776153564,0.15863518587231007,0.09980649650096893,-0.04420126974582672,-0.04592499881982803,-0.016707144677639008,0.0,1791183684518,0.63105005,9.04605,3.6400502,0.603848,9.294255,3.048315,0.018425,-0.237855,0.5447,0.0512875,-0.045925,-0.0122375,
36481879253246,0.012304037809371948,-0.14618755877017975,9.860384690583157,0.023310387134552003,0.15135567384188361,0.06121334731578827,-0.05288185179233551,-0.048124998807907104,-0.014603869989514351,0.0,1791183684527,0.63900006,9.06495,3.82695,0.605247,9.293541,3.050207,0.026602,-0.217988,0.698431,0.0407,-0.048125,-0.03135,
36481889247400,0.01574750244617462,-0.13938116356730462,9.837784210655704,0.05237215161323547,0.15537072028860222,0.032544645667076114,-0.025120370090007782,-0.011962499469518661,-0.011409236118197441,0.0,1791183684537,0.591,9.018001,3.8869503,0.604043,9.292068,3.054933,0.037383,-0.254821,0.818204,0.0268125,-0.0119624995,-0.0495,
36481899241550,-0.05264802277088165,-0.12721890807151795,9.761956299533741,0.10880295634269715,0.15212978776687583,0.028787732124328613,-0.006601989269256592,0.013612499460577965,-0.006987536326050758,0.0,1791183684547,0.45195,8.97,3.8250003,0.599669,9.290148,3.06163,-0.073164,-0.310362,0.787565,0.0097624995,0.013612499,-0.06435,
36481909235704,-0.13219191133975983,-0.11411531493067742,9.679127441182388,0.14240771234035493,0.13931028923144947,0.04236057102680206,0.002498770132660866,0.025299999862909317,-7.518683560192585E-4,0.0,1791183684557,0.28695002,8.89995,3.79395,0.592766,9.287866,3.069882,-0.233854,-0.363147,0.721852,-0.01045,0.0253,-0.06655,
36481919229755,-0.16345258057117462,-0.09376490116119385,9.675580348536311,0.13622562289237977,0.09328645664456936,0.0640481948852539,0.004062473773956299,0.02419999986886978,0.00362194562330842,0.0,1791183684568,0.25800002,8.862,3.8749502,0.585446,9.285068,3.079733,-0.322303,-0.403445,0.757491,-0.0221375,0.0242,-0.055825,
36481929223909,-0.1760261058807373,-0.09080329686403274,9.71221877449468,0.09223268926143646,0.08961539833227766,0.10171422362327576,-0.0013082800433039665,0.013612499460577965,0.002497544512152672,0.0,1791183684577,0.24105,8.895,3.8920503,0.57953,9.282047,3.089939,-0.304416,-0.431549,0.795168,-0.0158125,0.013612499,-0.042075,
36481939218062,-0.14097313582897186,-0.09936321750283242,9.72392680659869,0.036055657267570485,0.08573856909268868,0.13305835127830506,-9.26777720451355E-5,0.008249999955296516,-0.0015122819459065795,0.0,1791183684587,0.29595003,8.92695,3.8440502,0.575197,9.279428,3.098606,-0.324025,-0.388229,0.776925,1.375E-4,0.00825,-0.025024999,
36481949212207,-0.12892282009124756,-0.1077829621732235,9.723512062882158,0.014317131042480474,0.07975046542911814,0.14831331074237825,-0.010914260521531105,-0.007699999958276749,-0.0059850700199604034,0.0,1791183684597,0.40605003,8.965051,3.7429502,0.573355,9.277461,3.10483,-0.202473,-0.350348,0.677327,0.016224999,-0.0077,-0.0144375,
36481959206356,-0.051072314381599426,-0.11150920763611794,9.807168828789253,0.03228289484977723,0.07513932484294565,0.13208939135074615,-0.03447001427412033,-0.03423750028014183,-0.010573156177997589,0.0,1791183684608,0.51195,9.07005,3.69495,0.57372,9.276217,3.108481,-0.102281,-0.25573,0.621004,0.031075,-0.0342375,-0.0122375,
36481969200510,0.052242279052734375,-0.10939334854483604,9.952406732896936,0.027737072110176078,0.07902439008255244,0.08895041942596435,-0.07093209028244019,-0.07150000333786011,-0.013602943159639835,0.0,1791183684617,0.65295005,9.156,3.8460002,0.575818,9.275423,3.110466,0.005753,-0.159168,0.638172,0.0396,-0.0715,-0.0176,
36481979194692,0.14909020066261292,-0.096782136708498,10.005492237915385,0.008617487549781803,0.09708006940070582,0.02392715811729431,-0.09624876081943512,-0.09281250089406967,-0.01769285462796688,0.0,1791183684627,0.67200005,9.17595,3.93195,0.578594,9.274566,3.112499,0.113111,-0.112821,0.78458,0.0490875,-0.0928125,-0.0356125,
36481989188629,0.1928843855857849,-0.07917639091610909,9.986697443907493,0.07163207828998566,0.11452040081999469,0.04284434616565704,-0.09702573716640472,-0.08744999766349792,-0.021956883370876312,0.0,1791183684637,0.564,9.127951,4.01205,0.579198,9.273952,3.114222,0.043075,-0.08587,0.854683,0.0587125,-0.08745,-0.055825,
36481999182809,0.11168704926967621,-0.06381218284368514,9.901521547809555,0.13332689106464385,0.11841713025272509,0.0909663200378418,-0.0804453045129776,-0.0672374963760376,-0.023464921861886978,0.0,1791183684647,0.40395,9.03705,4.026,0.576918,9.273338,3.11647,-0.095902,-0.185813,0.921866,0.061875,-0.0672375,-0.06435,
36482009176963,0.04575170576572418,-0.04952875450253487,9.86656430170239,0.17437931895256042,0.1134379557821769,0.11033112406730652,-0.06910876929759979,-0.05664999783039093,-0.021488729864358902,0.0,1791183684657,0.25095,8.998051,4.0399504,0.572985,9.272611,3.119362,-0.242804,-0.240153,0.902215,0.056649998,-0.056649998,-0.059125,
36482019171040,-0.020303875207901,-0.03924580439925194,9.839189388058118,0.1975361168384552,0.10605982011960402,0.09582189321517945,-0.05369758605957031,-0.04496249929070473,-0.01679384708404541,0.0,1791183684668,0.25305,8.958,4.0620003,0.568796,9.271391,3.123747,-0.334383,-0.315547,0.933743,0.044825,-0.0449625,-0.043175,
36482029165183,-0.05214831233024597,-0.03282013460993767,9.793299752589784,0.18863254189491274,0.10107322620703357,0.05557419061660766,-0.036927107721567154,-0.033137500286102295,-0.014747990295290947,0.0,1791183684677,0.33405003,8.919001,4.03095,0.566301,9.269799,3.12892,-0.267245,-0.354658,0.935753,0.0416625,-0.0331375,-0.025024999,
36482039159415,-0.0651329755783081,-0.029696983098983765,9.7753213949754,0.15228402912616731,0.09904103027101027,0.003970718383789063,-0.02468770183622837,-0.025712499395012856,-0.01454907562583685,0.0,1791183684687,0.34905002,8.92695,3.96795,0.565588,9.268257,3.133617,-0.233013,-0.343539,0.854442,0.0438625,-0.0257125,-0.009075,
36482049153584,-0.08511343598365784,-0.0303810253739357,9.731832642876173,0.09670001268386841,0.09937360756072419,0.03538937866687775,-0.023255862295627594,-0.027912499383091927,-0.016386182978749275,0.0,1791183684697,0.36600003,8.92695,3.8580003,0.566087,9.267035,3.137138,-0.214359,-0.344711,0.791066,0.0512875,-0.0279125,5.5E-4,
36482059147659,-0.09714391827583313,-0.03202183544635773,9.706476717908776,0.024981915950775146,0.10018815759529048,0.0639685034751892,-0.024114282801747322,-0.03217500075697899,-0.01827920228242874,0.0,1791183684708,0.38700002,8.931001,3.7819502,0.567848,9.266349,3.138845,-0.194571,-0.320082,0.676831,0.0587125,-0.032175,0.009075,
36482069141813,-0.15746870636940002,-0.03714454770088196,9.641339209691816,0.06747431159019471,0.10378746345576342,0.09140146970748901,-0.013554876670241356,-0.022549999877810478,-0.02047366462647915,0.0,1791183684717,0.39900002,8.907001,3.6690001,0.569983,9.266107,3.139174,-0.175158,-0.355753,0.590311,0.0661375,-0.02255,0.0122375,
36482079135977,-0.1622895747423172,-0.04587422832846642,9.64965594097273,0.1562740683555603,0.10656658015500751,0.11342972218990326,0.003472842276096344,-0.004537499975413084,-0.018378347158432007,0.0,1791183684727,0.44700003,8.962951,3.5470502,0.572047,9.266117,3.138767,-0.131733,-0.322244,0.468614,0.0598125,-0.0045375,0.0133375,
36482089130145,-0.17718163132667542,-0.05552068501710892,9.648110473822605,0.22680577337741853,0.10925017939670109,0.13583945333957673,0.01939292438328266,0.017875000834465027,-0.012651735916733742,0.0,1791183684737,0.47595003,8.986051,3.4800003,0.573097,9.265992,3.138945,-0.08011,-0.300572,0.348725,0.0396,0.017875,5.5E-4,
36482099124078,-0.1507343053817749,-0.06042499914765358,9.39902409845612,0.2592947512865067,0.11119540668053064,0.14896362721920015,0.025912556797266006,0.0317624993622303,-0.0053941840305924416,0.0,1791183684747,0.35805002,8.962951,2.80695,0.572103,9.265355,3.141007,-0.117424,-0.264021,0.329904,0.014025,0.0317625,-0.0154,
36482109118248,-0.7232034206390381,-0.08997557461261749,9.540507220036067,0.3699974209070206,0.18220158965275018,0.2741755276918411,-0.11197686195373535,-0.10766249895095825,0.010366066358983517,0.0,1791183684757,0.56205004,9.279,2.1460502,0.571808,9.267945,3.133409,-0.143465,-0.187603,-1.68081,-0.0369875,-0.1076625,-0.025024999,
36482119112613,0.09395181387662888,-0.07710535489022732,10.008185009822004,0.279465614259243,0.18561599448290705,0.22389142364263534,-0.2574828267097473,-0.2502500116825104,0.01863930933177471,0.0,1791183684767,0.45195,8.941051,4.47405,0.577161,9.266502,3.136695,-0.021925,-0.102363,0.599972,-0.067925,-0.25025,-0.0526625,
36482129106536,0.06599807739257812,-0.06500414572656155,9.95426417121642,0.18220461159944534,0.1866588385595106,0.17823389321565627,-0.20337192714214325,-0.19277499616146088,-0.012787483632564545,0.0,1791183684778,0.282,8.87205,4.50495,0.577468,9.262399,3.148733,-0.220951,-0.421477,1.48576,0.0268125,-0.192775,-0.0708125,
36482139100699,0.005721569061279297,-0.05766941048204899,9.814390187617866,0.1062638744711876,0.18641154909240976,0.14165325313806534,-0.16977918148040771,-0.16940000653266907,-0.03121413104236126,0.0,1791183684787,0.33900002,8.86005,4.20795,0.576857,9.2611,3.152664,-0.320896,-0.365112,1.149035,0.08855,-0.1694,-0.0463375,
36482149094858,-0.05025392770767212,-0.053735965862870216,9.962479960146334,0.05758867412805557,0.1856951552912778,0.12155717760324478,-0.11262184381484985,-0.12044999748468399,-0.030660850927233696,0.0,1791183684797,0.57600003,8.845051,4.5480003,0.579574,9.260417,3.154169,-0.11053,-0.43386,1.137953,0.0928125,-0.12045,-0.0133375,
36482159089012,0.20659112930297852,-0.04085279367864132,10.348800589278746,0.15580320209264753,0.19417741795851817,0.06440173238515853,0.005528291221708059,0.0019249999895691872,-0.028842268511652946,0.0,1791183684808,0.72,8.983951,5.08605,0.582323,9.258126,3.160382,0.071075,-0.378897,1.737474,0.08855,0.001925,-0.0048125,
36482169083087,0.4623723030090332,-0.020346292480826377,10.372801214595066,0.25151555240154266,0.22251470360884926,0.1380858302116394,0.16144344210624695,0.16692499816417694,-0.027477720752358437,0.0,1791183684818,0.70305,9.25695,4.6270504,0.581229,9.255178,3.169198,0.191878,-0.136529,1.7933,0.0842875,0.166925,-0.0037125,
36482179077222,0.4209684729576111,-0.006752378866076469,10.154270021436338,0.34491936266422274,0.24006353051646676,0.20907990932464598,0.2429899126291275,0.25946250557899475,-0.013615834526717663,0.0,1791183684827,0.73005,9.405001,3.75795,0.575238,9.253281,3.175832,0.070977,0.092817,1.015734,0.0396,0.2594625,-0.0133375,
36482189071366,0.18215572834014893,-0.007288811728358269,9.892594644670499,0.3933303683996201,0.23962842628992576,0.24436674118041993,0.20451398193836212,0.23388749361038208,0.008426079526543617,0.0,1791183684838,0.63600004,9.280951,3.3649502,0.567462,9.251736,3.181728,0.14579,0.091967,0.267635,-0.033825,0.2338875,-0.0441375,
36482199065506,0.07301677018404007,-0.009222325682640076,9.802248214937187,0.5431964084506035,0.23881526492098076,0.26902088075876235,0.11105465143918991,0.14767499268054962,0.023936182260513306,0.0,1791183684848,0.39000002,9.147,3.5020502,0.557863,9.249019,3.191309,-0.048117,0.006099,0.214958,-0.086075,0.147675,-0.0719125,
36482209059645,-0.1064864918589592,-0.016834235563874245,9.578132082102366,0.4302967801690102,0.23936728740922947,0.20640535652637482,0.020818978548049927,0.05087500065565109,0.021755851805210114,0.0,1791183684900,0.186,8.898001,3.5400002,0.548637,9.245622,3.202728,-0.254369,-0.215558,0.340009,-0.0785125,0.050875,-0.0697125,MANUAL_POTHOLE
36482219053798,-0.3065530061721802,-0.031146692112088203,9.45987987015193,0.23085418790578843,0.24756433154108567,0.052620294690132144,-0.08204639703035355,-0.06833750009536743,0.009492703713476658,0.0,1791183684901,-0.0049500004,8.7640505,3.561,0.542784,9.243004,3.211269,-0.459206,-0.414053,0.333863,-0.0369875,-0.0683375,-0.0474375,
36482229047952,-0.39488786458969116,-0.048283669725060464,9.433760779622435,0.031102280318737033,0.25997644292292477,0.11055097281932831,-0.169570192694664,-0.17476250231266022,-0.00697255227714777,0.0,1791183684901,0.025950002,8.70405,3.6379502,0.54184,9.241756,3.215017,-0.534876,-0.520545,0.382787,0.0182875,-0.1747625,-0.0176,
36482239042091,-0.38437873125076294,-0.0642459575086832,9.479091545405208,0.1023006871342659,0.27012359357760857,0.22385786473751068,-0.21405065059661865,-0.23430000245571136,-0.02258209139108658,0.0,1791183684901,0.22905001,8.733001,3.6790502,0.546784,9.241816,3.214014,-0.398563,-0.534969,0.434068,0.0704,-0.2343,0.009075,
36482249036019,-0.3260801434516907,-0.07629429288208485,9.490352474713776,0.3680789798498154,0.2760936034853719,0.30367724746465685,-0.1979127675294876,-0.2237125039100647,-0.03298293799161911,0.0,1791183684901,0.40395,8.77095,3.6019502,0.555474,9.242919,3.209348,-0.218111,-0.485795,0.441128,0.104499996,-0.2237125,0.0218625,
36482259030160,-0.3001713752746582,-0.0864456657320261,9.600702936914855,0.48050005435943605,0.28037285812267354,0.34241422414779665,-0.14474864304065704,-0.16733749210834503,-0.03253914415836334,0.0,1791183684918,0.61005,8.84805,3.6760502,0.564539,9.244453,3.203346,-0.06437,-0.441839,0.368121,0.1034,-0.16733749,0.0218625,
36482269024301,-0.10134835541248322,-0.08363964818418027,9.758330806303023,0.5104532033205031,0.27992848502843487,0.3013732939958572,-0.05579933151602745,-0.0672374963760376,-0.025606276467442513,0.0,1791183684918,0.64605004,8.946,3.8440502,0.571452,9.244981,3.200593,0.077156,-0.322656,0.607901,0.080025,-0.0672375,0.009075,
36482279018445,-0.04002036154270172,-0.07752618752419949,9.774783770901072,0.4747665345668793,0.2794788433675242,0.23039979338645936,0.04819846898317337,0.05087500065565109,-0.016189225018024445,0.0,1791183684940,0.564,9.015,3.7360501,0.572807,9.244481,3.201793,0.039888,-0.257513,0.613883,0.048125,0.050875,-0.007975,
36482289012530,-0.04578894376754761,-0.07095655314624309,9.741317474513123,0.4317027166485786,0.27860198501137623,0.16268183588981627,0.12428988516330719,0.1381874978542328,-0.003301330143585801,0.0,1791183684941,0.50895,9.06105,3.5400002,0.569386,9.243345,3.20568,0.007397,-0.194128,0.41846,0.0066,0.1381875,-0.0196625,
36482299006712,-0.07629909366369247,-0.06723479256033897,9.718787787944253,0.31913098245859145,0.27800794449042576,0.11272562593221665,0.15244978666305542,0.1732500046491623,0.009882714599370956,0.0,1791183684948,0.423,9.097051,3.3940501,0.562839,9.241603,3.211851,-0.100977,-0.156473,0.235118,-0.034925,0.17325,-0.027224999,
36482309000880,-0.07800103724002838,-0.03497467339038849,9.745825643370692,0.12091185301542283,0.23396314979283567,0.06829155832529069,0.12173940986394882,0.14561249315738678,0.022120559588074684,0.0,1791183684959,0.32205,9.130051,3.3940501,0.555199,9.239072,3.220456,-0.17474,-0.122817,0.14511,-0.0732875,0.1456125,-0.034649998,
36482318995033,-0.028568565845489502,-0.041100692376494406,9.76806689957952,0.05681537240743637,0.2321038071792661,0.05373560041189194,0.05842553824186325,0.08071249723434448,0.0261988528072834,0.0,1791183684967,0.27495003,9.123,3.4800003,0.548066,9.235948,3.230617,-0.263375,-0.086174,0.20438,-0.086075,0.0807125,-0.0389125,
36482328989187,-0.030911996960639954,-0.04594619609415531,9.776241321171222,0.1719439372420311,0.23082543523676827,0.051913927495479587,-0.016268953680992126,0.0019249999895691872,0.02478991635143757,0.0,1791183684978,0.19305001,9.07005,3.6430502,0.542668,9.232531,3.241277,-0.303466,-0.125852,0.315825,-0.0818125,0.001925,-0.040975,
36482338983341,-0.06114703416824341,-0.04928962625563145,9.748392327178848,0.2486917018890381,0.23053693500846828,0.054985545575618744,-0.08839156478643417,-0.07796250283718109,0.017063310369849205,0.0,1791183684987,0.12105001,8.979,3.79395,0.539227,9.229194,3.251339,-0.424524,-0.211101,0.485328,-0.0573375,-0.0779625,-0.0356125,
36482348977495,-0.10086032748222351,-0.05181994624435902,9.696433196962788,0.2825164318084717,0.2308111917807257,0.05989779233932495,-0.14482982456684113,-0.14492499828338623,0.00326407584361732,0.0,1791183684997,0.076050006,8.91705,3.8080502,0.53871,9.226653,3.258628,-0.445556,-0.280386,0.564231,-0.013612499,-0.144925,-0.0229625,
36482358971649,-0.15088331699371338,-0.06969366855919361,9.664675268803277,0.22689904570579528,0.22384414147970402,0.07447424829006195,-0.16913765668869019,-0.17902499437332153,-0.008518345654010773,0.0,1791183685007,0.15300001,8.907001,3.7480502,0.540899,9.225395,3.261827,-0.454927,-0.315042,0.513148,0.0246125,-0.179025,-0.0059125,
36482368965569,-0.16440999507904053,-0.1010327834635973,9.665259172046595,0.1287572592496872,0.18819646322984657,0.10164253413677216,-0.16010819375514984,-0.17366249859333038,-0.014776949770748615,0.0,1791183685017,0.27,8.907001,3.7429502,0.545238,9.224927,3.262433,-0.327585,-0.328939,0.490993,0.044825,-0.1736625,0.0026125,
36482378959732,-0.18160751461982727,-0.1311615828424692,9.636025256158204,0.030900198221206654,0.1456382951012185,0.13178163766860962,-0.11746569722890854,-0.12787500023841858,-0.014151491224765778,0.0,1791183685027,0.38205,8.89995,3.6739502,0.549545,9.224622,3.262574,-0.226547,-0.331028,0.428604,0.0427625,-0.127875,0.0015125,
36482388953925,-0.1510894000530243,-0.1478238392621279,9.68776358866173,0.03704448491334915,0.12666629872068866,0.1497701108455658,-0.060944098979234695,-0.06407500058412552,-0.0082105603069067,0.0,1791183685037,0.46905002,8.941051,3.70005,0.552553,9.223893,3.264124,-0.10745,-0.311145,0.443814,0.02365,-0.064075,-0.0059125,
36482398948079,-0.09480443596839905,-0.15621489956974982,9.721002963836803,0.0802673742175102,0.11694428355317757,0.1485589325428009,0.0017231414094567299,0.008249999955296516,1.58543698489666E-5,0.0,1791183685048,0.507,8.958,3.7410002,0.552938,9.222336,3.268457,-0.045586,-0.266492,0.475393,-0.003025,0.00825,-0.0176,
36482408942232,-0.07176807522773743,-0.15447897873818875,9.720064303740248,0.07900028377771379,0.11792315131064192,0.13273588418960572,0.06472712755203247,0.08071249723434448,0.006812119856476784,0.0,1791183685058,0.49695003,8.986051,3.6720002,0.550057,9.220032,3.275438,-0.049888,-0.235458,0.456441,-0.0253,0.0807125,-0.0292875,
36482418936386,-0.06667681783437729,-0.1424851693212986,9.7190184778259,0.061275321245193484,0.11397874202092727,0.11318924874067307,0.10059112310409546,0.12223749607801437,0.01475339662283659,0.0,1791183685068,0.51405,9.01305,3.6000001,0.54479,9.217301,3.283983,-0.03265,-0.19442,0.352128,-0.049775,0.122237496,-0.034649998,
36482428930521,-0.06155622750520706,-0.1258185874670744,9.801488461901009,0.03419344574213028,0.09927485751289547,0.08917899131774902,0.080077163875103,0.10298749804496765,0.02031750977039337,0.0,1791183685077,0.44895002,9.099,3.6160502,0.539189,9.214212,3.29357,-0.058174,-0.167389,0.294657,-0.066825,0.1029875,-0.0389125,
36482438924665,0.041666723787784576,-0.10451631471514702,9.915245767476788,0.0092700257897377,0.08638060885663494,0.05062776654958725,0.02790987119078636,0.047712501138448715,0.021471776068210602,0.0,1791183685087,0.38205,9.156,3.7860003,0.534396,9.210862,3.303706,-0.1276,-0.089818,0.394655,-0.0699875,0.0477125,-0.0389125,
36482448918745,0.1045752465724945,-0.08298354521393776,9.930914316407117,0.06372241824865342,0.08203284076463588,0.010751830041408538,-0.017692504450678825,-0.0012374999932944775,0.01685819961130619,0.0,1791183685097,0.342,9.11295,3.93195,0.530709,9.207366,3.314023,-0.17898,-0.083929,0.571085,-0.0562375,-0.0012375,-0.039875,
36482458912913,0.12032008171081543,-0.06195897236466408,9.93598791256182,0.1293083354830742,0.07743025803996414,0.027665801346302032,-0.04738876596093178,-0.03423750028014183,0.008621787652373314,0.0,1791183685107,0.294,9.09405,3.9919503,0.528035,9.204261,3.323067,-0.190671,-0.097582,0.655415,-0.0317625,-0.0342375,-0.039875,
36482468907053,0.04955095052719116,-0.05441400706768036,9.886089578310486,0.18269299268722533,0.08051500064662316,0.050911355018615725,-0.06069232523441315,-0.05238749831914902,0.003690179903060198,0.0,1791183685117,0.363,9.06105,3.93705,0.526274,9.201698,3.330432,-0.212853,-0.154875,0.607348,-0.0158125,-0.0523875,-0.03135,
36482478901197,0.11598406732082367,-0.04661378562450409,10.008054697882073,0.23618952482938765,0.08867490180853718,0.08641941398382187,-0.07586055994033813,-0.06943749636411667,4.740525037050247E-4,0.0,1791183685127,0.54495,9.196951,3.9090002,0.52644,9.199591,3.336228,-0.071761,-0.080942,0.575217,-0.0061875,-0.0694375,-0.0303875,
36482488895336,0.2164042443037033,-0.033504126220941545,10.063194767045376,0.2699258506298065,0.10559481628488027,0.12136691808700562,-0.08361819386482239,-0.07369999587535858,-0.0016096592880785465,0.0,1791183685137,0.62700003,9.27105,3.86295,0.527754,9.197942,3.340564,0.068182,0.033234,0.532573,-0.001925,-0.073699996,-0.042075,
36482498889485,0.285513699054718,-0.015413486585021018,10.10431711290965,0.2902904927730561,0.12577774908170417,0.15755460858345033,-0.09076131135225296,-0.07150000333786011,-0.004548287019133568,0.0,1791183685148,0.555,9.298051,3.9160502,0.527253,9.196644,3.344209,0.085443,0.099175,0.550476,0.0023375,-0.0715,-0.0697125,
36482508883653,0.23316693305969238,1.4491192996501923E-4,10.021016634881898,0.2933132275938988,0.1359107412105329,0.1801239788532257,-0.07829081267118454,-0.048124998807907104,-0.005991094280034304,0.0,1791183685159,0.48105,9.22305,3.8890502,0.522717,9.195481,3.348117,0.001394,0.047665,0.551356,0.0023375,-0.048125,-0.09735,
36482518877576,0.17550303041934967,0.010348491743206978,10.00006907725754,0.29449338614940646,0.14093940836792254,0.20531439483165742,-0.04612285643815994,-0.00976249948143959,-0.005728042684495449,0.0,1791183685167,0.57105005,9.184951,3.9130502,0.515141,9.194334,3.352442,-0.012578,-0.013436,0.55182,1.375E-4,-0.0097624995,-0.108075,
36482528871708,0.19442017376422882,0.021615100279450416,10.0052318392598,0.2716293826699257,0.1461026289047855,0.22100161612033845,-0.02315910905599594,0.0147124994546175,-0.006020309869199991,0.0,1791183685177,0.61905,9.172951,3.9469502,0.507466,9.192991,3.35729,0.093259,-0.016881,0.599644,0.0012375,0.014712499,-0.108075,
36482538865867,0.23056486248970032,0.0362006951123476,9.99349280842566,0.23458556979894638,0.15157097415972862,0.22383373975753784,0.0036140084266662598,0.04441250115633011,-0.0064672133885324,0.0,1791183685187,0.60300004,9.196951,3.86295,0.499113,9.191737,3.361973,0.135131,0.032256,0.563836,0.0023375,0.0444125,-0.111237496,
36482548860035,0.044007815420627594,0.04344410225749016,9.830968776507243,0.14786676168441773,0.1482735803213126,0.17553256303071976,0.016853421926498413,0.05829999968409538,-0.005544818937778473,0.0,1791183685197,0.411,9.087001,3.729,0.489174,9.190785,3.366033,-0.053649,-0.100867,0.411335,1.375E-4,0.0583,-0.1101375,
36482558854204,-0.001090705394744873,0.050933732837438586,9.755047227136128,0.07776968032121657,0.14191536286134096,0.1286810353398323,0.009618330746889114,0.047712501138448715,-0.0013288429472595453,0.0,1791183685207,0.43500003,9.03195,3.66,0.479287,9.189815,3.370103,-0.029396,-0.109473,0.299527,-0.01045,0.0477125,-0.10065,
36482568848343,-0.06859028339385986,0.055724718421697614,9.68356148742452,0.006557041406631478,0.13606127347027203,0.0798623725771904,-0.01444614864885807,0.015812499448657036,0.002182883210480213,0.0,1791183685220,0.36795002,8.91705,3.75795,0.471927,9.188437,3.374894,-0.065131,-0.189498,0.32586,-0.017875,0.0158125,-0.082499996,
36482578842512,-0.14957888424396515,0.05732614994049072,9.62789906760787,0.110304357111454,0.13342134228373642,0.011062560975551606,-0.033434513956308365,-0.014024999924004078,0.001983649330213666,0.0,1791183685227,0.22695,8.79705,3.9060001,0.466993,9.18646,3.380962,-0.167937,-0.321597,0.463445,-0.013612499,-0.014025,-0.056925,
36482588836665,-0.2508430480957031,0.05233846753835678,9.500986005625524,0.2427736297249794,0.1426637243941429,0.08521902114152909,-0.041148439049720764,-0.03739999979734421,-0.003547757165506482,0.0,1791183685237,0.061950002,8.62005,3.9949503,0.464587,9.18434,3.387045,-0.335519,-0.467916,0.589043,0.0077,-0.0374,-0.0187,
36482598830819,-0.35678911209106445,0.03923923373222351,9.41252628404007,0.3455023854970932,0.16573492525642178,0.1653784066438675,-0.03639238327741623,-0.05128749832510948,-0.009744539856910706,0.0,1791183685247,-0.031050002,8.556001,3.9229503,0.465389,9.182597,3.391657,-0.46082,-0.571518,0.579642,0.032175,-0.0512875,0.0292875,
36482608824987,-0.4506610631942749,0.020294584333896637,9.379508535056024,0.4606068730354309,0.19619671155050777,0.2552924782037735,-0.025049986317753792,-0.05664999783039093,-0.013834414072334766,0.0,1791183685258,-0.081,8.553,3.8490002,0.46982,9.181537,3.393917,-0.537076,-0.635102,0.491191,0.0501875,-0.056649998,0.073975,
36482618819074,-0.47129184007644653,6.383322179317474E-5,9.353106736179479,0.5568344056606293,0.22313342583787127,0.33583278954029083,-0.017614170908927917,-0.06187500059604645,-0.015838483348488808,0.0,1791183685267,-0.08805001,8.553,3.7840502,0.477477,9.181004,3.394292,-0.57107,-0.627386,0.416595,0.0609125,-0.061875,0.1079375,
36482628813226,-0.4737018644809723,-0.020543448626995087,9.352704434552699,0.6244911253452301,0.24575742284362204,0.40065738558769226,0.001934148371219635,-0.048124998807907104,-0.014393416233360767,0.0,1791183685277,0.030000001,8.60805,3.657,0.486966,9.180687,3.393797,-0.547041,-0.600733,0.335687,0.0598125,-0.048125,0.1271875,
36482638807380,-0.44795238971710205,-0.04502440430223942,9.379523958461359,0.6156118169426918,0.2621789628489671,0.44007925391197206,0.034452810883522034,-0.011962499469518661,-0.009939093142747879,0.0,1791183685287,0.19995001,8.674951,3.561,0.49725,9.18045,3.392943,-0.365788,-0.535853,0.209649,0.047025,-0.0119624995,0.1249875,
36482648801548,-0.35066458582878113,-0.0677863959223032,9.46734100570776,0.5675353839993477,0.26790202229385085,0.4388543486595154,0.056199945509433746,0.018975000828504562,-0.0014663469046354294,0.0,1791183685297,0.25305,8.781,3.5299501,0.506619,9.179812,3.393287,-0.250658,-0.413111,0.142268,0.02035,0.018975,0.1079375,
36482658795697,-0.3096080422401428,-0.08928280211985111,9.544367617438986,0.4905061170458793,0.2691915324722186,0.41064374446868895,0.07169905304908752,0.04661250114440918,0.00794224627315998,0.0,1791183685307,0.31305,8.839951,3.5850003,0.513255,9.178359,3.396217,-0.204621,-0.373351,0.14652,-0.01045,0.0466125,0.082499996,
36482668789850,-0.20608192682266235,-0.1020644459873438,9.642713056863428,0.3686643227934837,0.2683636934602933,0.35760176181793213,0.08052052557468414,0.06902500241994858,0.01594170182943344,0.0,1791183685318,0.38700002,8.94795,3.5730002,0.516938,9.176007,3.402011,-0.150844,-0.282413,0.191004,-0.0380875,0.069025,0.0515625,
36482678784004,-0.10325425863265991,-0.11302636228501797,9.766028306540772,0.19829321950674056,0.2636697203579594,0.28351224064826963,0.08396710455417633,0.0859375,0.02545037306845188,0.0,1791183685328,0.40905002,9.0730505,3.58995,0.517607,9.172953,3.410135,-0.09884,-0.162042,0.15415,-0.0699875,0.0859375,0.0207625,
36482688777918,0.030976951122283936,-0.12229772694408894,9.887158004470656,0.022347965836524958,0.25504192737027864,0.18772637248039245,0.06614053249359131,0.07851249724626541,0.03453567996621132,0.0,1791183685337,0.39705002,9.154051,3.7150502,0.515695,9.169024,3.420974,-0.123265,-0.045586,0.229502,-0.099825,0.0785125,-0.0059125,
36482698772074,0.11486583948135376,-0.13083011992275714,9.968074882263908,0.160672190785408,0.24386554264599744,0.09462028741836548,0.041943397372961044,0.06146249920129776,0.03876226767897606,0.0,1791183685349,0.38205,9.195001,3.82995,0.512063,9.164301,3.43415,-0.122027,0.004626,0.333642,-0.114675,0.0614625,-0.027224999,
36482708766223,0.166648268699646,-0.13415605314075946,9.989717549709836,0.3364637643098831,0.23928919305754248,6.309747695922852E-4,0.00953809916973114,0.03382499888539314,0.036835912615060806,0.0,1791183685357,0.37500003,9.196951,3.8820002,0.507286,9.159354,3.448029,-0.129221,0.026331,0.422714,-0.1115125,0.033825,-0.0463375,
36482718760377,0.1778414100408554,-0.1340391341596842,9.992679319251577,0.4780730277299881,0.23944099000402067,0.07741564214229583,-0.02322882041335106,0.0030249999836087227,0.032610706984996796,0.0,1791183685367,0.39900002,9.22095,3.82995,0.502447,9.154763,3.460908,-0.102834,0.042894,0.405047,-0.100925,0.003025,-0.059125,
36482728754507,0.15395794808864594,-0.13606224544346332,9.95948832777404,0.568937337398529,0.23681371336120666,0.128858083486557,-0.06020897626876831,-0.035337500274181366,0.029904769733548164,0.0,1791183685377,0.35595003,9.19005,3.8220003,0.498288,9.150708,3.472214,-0.144166,0.046949,0.331491,-0.0935,-0.0353375,-0.0633875,
36482738748618,0.15234176814556122,-0.13997340016067028,9.957764505001352,0.5919853955507278,0.23130825675674216,0.15313104689121246,-0.11419327557086945,-0.09391249716281891,0.027782471850514412,0.0,1791183685388,0.34605002,9.142051,3.93195,0.495805,9.146749,3.48299,-0.134499,0.01739,0.402118,-0.087037496,-0.0939125,-0.0622875,
36482748742786,0.15310068428516388,-0.13451875671744346,10.015361012010352,0.5714217603206635,0.23680355375943968,0.1607780158519745,-0.14614655077457428,-0.1321374922990799,0.0234051626175642,0.0,1791183685397,0.38700002,9.17595,3.9949503,0.495549,9.142839,3.493263,-0.127061,-0.009825,0.473248,-0.0732875,-0.13213749,-0.0537625,
36482758736940,0.24461893737316132,-0.12223327457904816,10.016053414520071,0.5339739114046097,0.24944359545146758,0.17637214958667755,-0.17257052659988403,-0.16403749585151672,0.01616411842405796,0.0,1791183685407,0.44505003,9.1710005,4.0020003,0.497569,9.139425,3.501911,-0.064438,0.06302,0.529243,-0.051975,-0.1640375,-0.0474375,
36482768731078,0.1709822565317154,-0.1102546475827694,9.920816411635123,0.4585125595331192,0.25735871593187415,0.17500031888484954,-0.17762891948223114,-0.17159999907016754,0.01064101979136467,0.0,1791183685417,0.52605003,9.097051,3.9229503,0.501066,9.136662,3.508614,-0.010474,0.003534,0.469868,-0.036025,-0.1716,-0.0441375,
36482778725232,0.0661139264702797,-0.09947000704705715,9.856287656373471,0.34515788704156875,0.25999071927829376,0.1574315145611763,-0.16775356233119965,-0.16197499632835388,0.009615764021873474,0.0,1791183685426,0.50205004,9.06105,3.8460002,0.505038,9.134311,3.514156,0.014284,-0.070728,0.366163,-0.0328625,-0.161975,-0.042075,
36482788719309,0.02511800080537796,-0.0856719546020031,9.830675583984208,0.22660704851150512,0.258911580596126,0.13198676109313964,-0.14271272718906403,-0.13750000298023224,0.013017116114497185,0.0,1791183685437,0.555,9.0390005,3.8250003,0.508676,9.131921,3.519839,0.010646,-0.09228,0.307808,-0.041249998,-0.1375,-0.034649998,
36482798713476,0.16381320357322693,-0.059641838818788526,10.088174804550578,0.13349829018115997,0.25650449546223403,0.13412926495075225,-0.10488482564687729,-0.09817499667406082,0.015578717924654484,0.0,1791183685450,0.77505004,9.27105,3.90105,0.512553,9.129227,3.526259,0.143238,0.030123,0.356455,-0.0477125,-0.098175,-0.0303875,
36482808707610,0.2283315658569336,-0.025692207366228105,9.979052057969971,0.05345614850521087,0.2472723419936742,0.1308717906475067,-0.05661114305257797,-0.035337500274181366,0.013304051011800766,0.0,1791183685459,0.75600004,9.18,3.8389502,0.514232,9.126627,3.532736,0.287606,0.092577,0.352372,-0.0455125,-0.0353375,-0.059125,
36482818701755,0.055924542248249054,6.686117500066757E-4,9.779211416757091,0.020997835695743552,0.22550794085323309,0.10786024779081345,0.00584862194955349,0.04124999791383743,0.014870558865368366,0.0,1791183685467,0.61695004,9.099,3.5299501,0.510379,9.12438,3.539101,0.174143,-0.010519,0.156865,-0.053075,0.041249998,-0.082499996,
36482828695904,-0.11176144331693649,0.018765632808208466,9.63146092096378,0.08084587305784224,0.19976733377812747,0.07228517383337021,0.059840600937604904,0.10408750176429749,0.027283888310194016,0.0,1791183685477,0.51195,9.051001,3.25305,0.501836,9.122287,3.545706,0.053399,-0.053915,-0.177745,-0.0881375,0.1040875,-0.089925,
36482838690044,-0.23811478912830353,0.02925751283764839,9.578866431078085,0.1411394000053406,0.17945751594593864,0.01963861584663391,0.08458160609006882,0.13282500207424164,0.047276873141527176,0.0,1791183685487,0.39705002,9.01305,3.219,0.491121,9.119103,3.555384,-0.029259,-0.11777,-0.350229,-0.14245,0.132825,-0.0878625,
36482848683969,-0.1978001892566681,0.036900732666254044,9.648528254611092,0.22905621230602263,0.16585325191687014,0.052684062719345094,0.06745129078626633,0.11467500030994415,0.060954153537750244,0.0,1791183685497,0.33900002,9.030001,3.3820503,0.480238,9.114298,3.569172,-0.080625,-0.103387,-0.268248,-0.1786125,0.114675,-0.0836,
36482858678346,-0.1224173754453659,0.04626026600599289,9.697100020252003,0.29783416986465455,0.15061672128724551,0.122833850979805,0.04786372184753418,0.09129999577999115,0.06320074945688248,0.0,1791183685507,0.38700002,9.0390005,3.49005,0.470228,9.108534,3.585179,-0.113711,-0.080864,-0.114267,-0.18287499,0.091299996,-0.0771375,
36482868672504,-0.12576605379581451,0.05027605965733528,9.705328224062987,0.316603484749794,0.14479327938070402,0.1591719701886177,0.012907076627016068,0.052937500178813934,0.060877420008182526,0.0,1791183685517,0.36795002,9.015,3.5760002,0.462107,9.102696,3.601024,-0.07686,-0.098969,-0.082228,-0.17545,0.0529375,-0.076175,
36482878666427,-0.07415028661489487,0.051731258258223535,9.731115545885379,0.283636499941349,0.1433823350398231,0.15164973884820937,-0.03124215267598629,0.0030249999836087227,0.05627097934484482,0.0,1791183685528,0.32205,9.010051,3.66195,0.455828,9.097013,3.616157,-0.111282,-0.076526,0.005589,-0.1615625,0.003025,-0.0719125,
36482888660603,-0.08874185383319855,0.04574531801044941,9.726094197934724,0.25590441673994063,0.14658703973619214,0.12177515178918838,-0.06115379557013512,-0.03217500075697899,0.05046692490577698,0.0,1791183685536,0.28905,8.995951,3.6859503,0.451151,9.091676,3.630135,-0.144912,-0.107102,0.046677,-0.1445125,-0.032175,-0.06655,
36482898654973,-0.13968703150749207,0.03301767446100712,9.66555253131157,0.24102431088685988,0.15101702816657803,0.11015252023935318,-0.08791413903236389,-0.06407500058412552,0.04744945093989372,0.0,1791183685548,0.141,8.92695,3.7030501,0.447539,9.08671,3.643001,-0.239462,-0.152414,0.033812,-0.135025,-0.064075,-0.0600875,
36482908649125,-0.14559611678123474,0.01740545518696308,9.672044008213405,0.2226485162973404,0.15252766614903657,0.11478826850652694,-0.12595437467098236,-0.11096250265836716,0.04585329443216324,0.0,1791183685557,0.057000004,8.86695,3.86295,0.445122,9.081717,3.655717,-0.375909,-0.185729,0.116864,-0.1285625,-0.1109625,-0.0463375,
36482918643077,-0.11645109951496124,0.0026908297091722488,9.762112987133813,0.1852104514837265,0.15052263224930582,0.11292527765035629,-0.1674797385931015,-0.16307500004768372,0.04036114737391472,0.0,1791183685567,-0.036000002,8.89095,4.03095,0.445358,9.076592,3.668402,-0.428817,-0.221305,0.288532,-0.1115125,-0.163075,-0.0303875,
36482928637218,-0.1043514609336853,-0.010224640741944313,9.733229850951897,0.13860412836074829,0.14805089998526896,0.11896551251411439,-0.19855313003063202,-0.20350000262260437,0.03192896023392677,0.0,1791183685577,-0.0049500004,8.79705,4.16505,0.448032,9.071771,3.679981,-0.460222,-0.254791,0.40624,-0.087037496,-0.2035,-0.0165,
36482938631357,-0.08634252846240997,-0.022158855572342873,9.750927521989482,0.06580158472061157,0.1440310670635065,0.11848564743995667,-0.219590961933136,-0.227974995970726,0.025693971663713455,0.0,1791183685587,-0.16305001,8.75205,4.296,0.452007,9.06708,3.691042,-0.51687,-0.290802,0.548408,-0.0699875,-0.227975,-0.0144375,
36482948625536,-0.12723588943481445,-0.03617568425834179,9.658396052853329,0.006838431954383856,0.1398740169929825,0.11599541902542114,-0.19857822358608246,-0.21092499792575836,0.023558491840958595,0.0,1791183685597,-0.19605,8.613001,4.3660502,0.455339,9.062324,3.70229,-0.627941,-0.36266,0.62814,-0.0625625,-0.210925,-0.00165,
36482958619690,-0.22811999917030334,-0.059812631085515024,9.602231263028733,0.026671774685382843,0.1300226341793409,0.13250019550323486,-0.14092972874641418,-0.15661250054836273,0.027033397927880287,0.0,1791183685607,-0.23700002,8.532001,4.39905,0.458212,9.057013,3.714911,-0.68588,-0.484241,0.663402,-0.069025,-0.1566125,0.0185625,
36482968613844,-0.31123799085617065,-0.08392364345490932,9.508237579560031,0.019807834923267376,0.12969952216849262,0.17145757377147675,-0.05701480805873871,-0.07576250284910202,0.03320552408695221,0.0,1791183685617,-0.29700002,8.467051,4.3159504,0.459944,9.050959,3.729422,-0.742679,-0.571561,0.660862,-0.0818125,-0.0757625,0.0441375,
36482978607998,-0.3730093240737915,-0.10587980598211288,9.43229834695109,0.10341399461030962,0.13925823456911135,0.225189146399498,0.036627985537052155,0.0147124994546175,0.04241255670785904,0.0,1791183685626,-0.15300001,8.521951,4.0399504,0.460816,9.044572,3.744779,-0.68609,-0.553203,0.444393,-0.102025,0.014712499,0.072875,
36482988602169,-0.41542887687683105,-0.12790714986622334,9.409464487289428,0.18085389584302902,0.15113127443434501,0.2910064160823822,0.09804116934537888,0.07535000145435333,0.05610473453998566,0.0,1791183685637,0.09705,8.625,3.7600503,0.462736,9.03812,3.760088,-0.498868,-0.474926,0.120231,-0.135025,0.07535,0.091025,
36482998596246,-0.3244466781616211,-0.15232014395296573,9.551636573236495,0.21566030532121655,0.14114183968780117,0.3304485738277435,0.10589797794818878,0.09019999951124191,0.07349774986505508,0.0,1791183685648,0.33900002,8.821051,3.6480002,0.46612,9.031062,3.776592,-0.22213,-0.29788,-0.102173,-0.180675,0.0902,0.0814,
36483008590390,-0.20043441653251648,-0.17375844307243823,9.635807170957685,0.21198617964982988,0.11105125480404969,0.32491145730018617,0.08117326349020004,0.07741250097751617,0.08735087513923645,0.0,1791183685657,0.44505003,8.89095,3.6880503,0.469632,9.023047,3.795271,-0.065231,-0.153395,-0.144794,-0.2190375,0.0774125,0.0526625,
36483018584573,-0.15712714195251465,-0.18441102728247644,9.681296481479711,0.17512377500534057,0.09795417277869249,0.29408928751945496,0.05628461018204689,0.06998749822378159,0.0977865532040596,0.0,1791183685667,0.52395004,8.92395,3.7170002,0.470636,9.013902,3.816818,-0.001592,-0.115519,-0.130428,-0.2498375,0.0699875,0.0100375,
36483028578731,-0.1341201663017273,-0.18552896343171596,9.665810111185246,0.12782580852508546,0.09724366619947601,0.24631145596504211,0.02529773861169815,0.055137500166893005,0.10562107712030411,0.0,1791183685677,0.47100002,8.895,3.7530003,0.468778,9.003961,3.840434,0.014631,-0.098396,-0.113342,-0.27335,0.0551375,-0.03135,
36483038572866,-0.13217444717884064,-0.18023194633424283,9.663938573223389,0.0736651510000229,0.09712025531681592,0.18966057002544404,0.00998835638165474,0.052937500178813934,0.11754974722862244,0.0,1791183685687,0.402,8.875951,3.801,0.463786,8.992896,3.866882,-0.028261,-0.10409,-0.089512,-0.30525,0.0529375,-0.0611875,
36483048567020,-0.14287224411964417,-0.1774855490773916,9.670210125909117,0.020845487713813782,0.09736095985773856,0.15334568321704864,0.0358394980430603,0.08923749625682831,0.13787752389907837,0.0,1791183685696,0.29595003,8.85495,3.8749502,0.455346,8.979975,3.897788,-0.117982,-0.124688,-0.058169,-0.3553,0.089237496,-0.073975,
36483058561169,-0.09364213049411774,-0.17604678682982922,9.705146382505127,0.03947034776210784,0.09837147565348058,0.1319872260093689,0.08112680912017822,0.14451250433921814,0.16291631758213043,0.0,1791183685707,0.246,8.82405,4.03305,0.443406,8.964474,3.934664,-0.177869,-0.104398,0.024665,-0.4148375,0.1445125,-0.0804375,
36483068555304,-0.09236621856689453,-0.17437679506838322,9.722413987220431,0.10615410506725312,0.09948805264592586,0.11903504133224488,0.13794387876987457,0.2073500007390976,0.18619155883789062,0.0,1791183685717,0.18795002,8.81595,4.0950003,0.428654,8.946236,3.977578,-0.24452,-0.138833,0.111037,-0.46695,0.20735,-0.076175,
36483078549467,-0.09976710379123688,-0.17565763592720032,9.681404168548013,0.1788419872522354,0.098347825180619,0.1121644288301468,0.19473186135292053,0.26688748598098755,0.20696263015270233,0.0,1791183685727,0.22200002,8.78295,4.0669503,0.41213,8.926007,4.024492,-0.204053,-0.125787,0.05694,-0.510675,0.2668875,-0.06545,
36483088543641,-0.12027919292449951,-0.17723450288176537,9.686090233894804,0.22066319584846494,0.09718759770148026,0.10978537797927856,0.22999070584774017,0.3030500113964081,0.22594694793224335,0.0,1791183685737,0.37005,8.826,3.97305,0.395433,8.904164,4.074249,-0.113136,-0.108733,-0.0407,-0.5489,0.30305,-0.055825,
36483098537798,-0.09741277992725372,-0.17512079030275346,9.780591501546454,0.2242179721593857,0.09843295235112755,0.10069348514080048,0.24098685383796692,0.31693750619888306,0.244597390294075,0.0,1791183685748,0.68595004,8.950951,3.8820002,0.380081,8.881158,4.125601,0.141636,-0.016294,-0.209368,-0.5861625,0.3169375,-0.055825,
36483108531957,0.015201106667518616,-0.16708092913031578,9.923114401958035,0.21516444981098176,0.10673304383778155,0.07892483770847321,0.20852109789848328,0.29356250166893005,0.26382121443748474,0.0,1791183685757,1.02195,9.08895,3.8490002,0.367067,8.856945,4.178487,0.473078,0.149176,-0.322108,-0.625625,0.2935625,-0.0782375,
36483118525870,0.12320062518119812,-0.1550983428955078,10.025874935387272,0.21049998700618744,0.12382794648355684,0.035811468958854675,0.15358197689056396,0.2583625018596649,0.2798348069190979,0.0,1791183685766,1.14405,9.184951,3.8530502,0.354708,8.831583,4.232888,0.794289,0.299036,-0.40524,-0.658625,0.2583625,-0.1282875,
36483128520021,0.2446966916322708,-0.13764593526721,10.107855645849051,0.22274186015129088,0.15130041301503902,0.03308129012584686,0.05963064730167389,0.18809999525547028,0.2897931635379791,0.0,1791183685777,0.77295005,9.1710005,4.1790004,0.339101,8.80527,4.288615,0.704551,0.406752,-0.33168,-0.6777375,0.1881,-0.19635,
36483138514406,0.3903959095478058,-0.11380901336669921,10.219269098162853,0.2885619938373566,0.19008793662177423,0.13521631062030792,-0.08151287585496902,0.05829999968409538,0.2809634506702423,0.0,1791183685786,0.102000006,9.010051,4.821,0.318165,8.777948,4.34585,0.114966,0.364642,0.135415,-0.6521625,0.0583,-0.253825,
36483148508325,0.37946563959121704,-0.08847393691539765,10.201068593085038,0.362579220533371,0.21828544995674942,0.2305919945240021,-0.226016104221344,-0.10243749618530273,0.24045757949352264,0.0,1791183685796,-0.29700002,8.67,5.367,0.296451,8.751382,4.400621,-0.430745,0.084751,0.70553,-0.5531625,-0.102437496,-0.26235,
36483158502474,0.24440093338489532,-0.06484789028763771,9.948386575517041,0.39546700119972233,0.22727864046643334,0.27643195986747743,-0.29079052805900574,-0.2003374993801117,0.17905457317829132,0.0,1791183685807,-0.44700003,8.247001,5.5459504,0.279494,8.728331,4.44726,-0.753765,-0.222597,1.02281,-0.4085125,-0.2003375,-0.221925,
36483168496628,-0.145862877368927,-0.05657913461327553,9.613965415174802,0.3347836881875992,0.2210881620882232,0.2226192593574524,-0.32434457540512085,-0.28325000405311584,0.12209413200616837,0.0,1791183685819,-0.64605004,7.8949504,5.4480004,0.270997,8.709662,4.484235,-0.783576,-0.673193,1.036113,-0.2754125,-0.28325,-0.1420375,
36483178490791,-0.45801666378974915,-0.06082950159907341,9.245591926809412,0.19186196625232696,0.22784448873628518,0.0820765882730484,-0.27388831973075867,-0.2843500077724457,0.08568547666072845,0.0,1791183685827,-0.87405,7.6740003,5.0820003,0.270511,8.695259,4.512125,-1.029692,-0.902998,0.80711,-0.1882375,-0.28435,-0.0356125,
36483188484950,-0.8509740233421326,-0.08260675892233849,8.913014913717133,0.06550391316413878,0.27634804961431353,0.16619739830493926,-0.13565494120121002,-0.19497500360012054,0.08520772308111191,0.0,1791183685837,-0.89805007,7.63395,4.512,0.275314,8.683296,4.534818,-1.182936,-1.056235,0.255299,-0.1786125,-0.194975,0.091025,
36483198479094,-1.0529394149780273,-0.1190313957631588,8.79520117190334,0.37375357151031496,0.34524547238185566,0.45267840921878816,-0.009558916091918945,-0.10766249895095825,0.11854442954063416,0.0,1791183685848,-0.69195,7.7629504,4.07595,0.285889,8.671285,4.557097,-1.112107,-0.993946,-0.303281,-0.2424125,-0.1076625,0.1995125,
36483208473233,-0.9964792728424072,-0.15883363857865335,8.9459375737227,0.665042981505394,0.394682953681879,0.7008544504642487,0.07196090370416641,-0.042762499302625656,0.1666269451379776,0.0,1791183685857,-0.402,7.9690504,4.04505,0.301912,8.656898,4.583341,-0.850403,-0.783234,-0.595281,-0.33935,-0.0427625,0.2569875,
36483218467406,-0.6691044569015503,-0.1844325043261051,9.343989686408301,0.8385840564966202,0.41004634103300497,0.8055027663707733,0.10476047545671463,-0.006599999964237213,0.21013067662715912,0.0,1791183685867,-0.18195,8.182051,4.5090003,0.320826,8.638177,4.617247,-0.553283,-0.525093,-0.399344,-0.427625,-0.0066,0.2644125,
36483228461565,-0.2505575120449066,-0.19025437161326408,9.729659712221148,0.8992272466421127,0.41011725996385806,0.7640109360218048,0.10357561707496643,0.01251249946653843,0.22737450897693634,0.0,1791183685877,-0.07395,8.24205,5.17005,0.338144,8.61517,4.658809,-0.453285,-0.36801,0.186374,-0.461725,0.0125124995,0.22825,
36483238455719,0.052406907081604004,-0.18102530390024185,10.012047629198406,0.8139267444610596,0.4133842669444341,0.5833347499370575,0.10108713060617447,0.0317624993622303,0.2123805284500122,0.0,1791183685888,-0.10005,8.211,5.72805,0.35155,8.590439,4.703274,-0.399653,-0.352856,0.783555,-0.428725,0.0317625,0.1846625,
36483248449873,0.1932990849018097,-0.16421673744916915,10.121332500587663,0.6105190098285675,0.4213516095318937,0.33408704996109007,0.09812220931053162,0.04235000163316727,0.17504139244556427,0.0,1791183685897,-0.273,8.151,5.9940004,0.360207,8.567219,4.744789,-0.544779,-0.375125,1.11793,-0.3499375,0.04235,0.1527625,
36483258444032,0.24083256721496582,-0.14749300256371498,10.1958711509447,0.3092439413070679,0.4303622935965702,0.08662468194961548,0.07638456672430038,0.01677500084042549,0.13049207627773285,0.0,1791183685906,-0.14595,8.199,6.0589504,0.367219,8.547359,4.779939,-0.609253,-0.410333,1.274316,-0.2563,0.016775,0.1463,
36483268438107,0.38927745819091797,-0.12341081872582435,10.349027391713317,0.04297511279582977,0.4459662884485149,0.12505170106887817,0.02006281539797783,-0.04922499880194664,0.08412724733352661,0.0,1791183685917,-0.0019500001,8.445001,5.9820004,0.378209,8.532392,4.805754,-0.435889,-0.220588,1.219771,-0.1604625,-0.049225,0.14093749,
36483278432266,0.5364641547203064,-0.09159925580024719,10.434884441450366,0.4486534327268601,0.4686339218014496,0.2824560344219208,-0.055902328342199326,-0.1321374922990799,0.04213077202439308,0.0,1791183685928,0.19995001,8.601001,5.9050503,0.393131,8.522734,4.821668,-0.30237,0.009335,1.098512,-0.07535,-0.13213749,0.1260875,
36483288426418,0.6456630229949951,-0.05330214500427246,10.497416698722873,0.8537856668233872,0.49526532325081385,0.401107257604599,-0.11799126118421555,-0.19181250035762787,0.008310310542583466,0.0,1791183685937,0.42495003,8.71395,5.8380003,0.411142,8.517147,4.830028,-0.109691,0.148997,1.056633,-0.0083875,-0.1918125,0.09955,
36483298420582,0.5879533290863037,-0.01903383955359459,10.31315384470114,1.1808925569057465,0.51437006658938,0.4800381064414978,-0.12895214557647705,-0.18754999339580536,-0.010312501341104507,0.0,1791183685947,0.48795003,8.665951,5.56995,0.428702,8.514429,4.833292,0.047524,0.16608,0.895351,0.0268125,-0.18755,0.06655,
36483308414736,0.3846435546875,-5.6171715259552E-4,10.108558579530625,1.314303070306778,0.5218472156207136,0.5088003039360046,-0.10467357933521271,-0.1480875015258789,-0.010047869756817818,0.0,1791183685956,0.44505003,8.63895,5.23005,0.442668,8.513209,4.83418,0.019193,0.124204,0.559275,0.0246125,-0.1480875,0.0463375,
36483318408884,0.2595987617969513,0.006258189678192139,10.042855586432061,1.2468755006790162,0.5243055628097765,0.4828645646572113,-0.08557817339897156,-0.12361250072717667,0.007794989738613367,0.0,1791183685968,0.39000002,8.65095,5.08605,0.454057,8.511839,4.835542,-0.073598,0.132758,0.29934,-0.01155,-0.1236125,0.0452375,
36483328403038,0.2556403875350952,0.006805374473333359,10.127851331311614,1.0100345611572266,0.5245597695704163,0.4266998112201691,-0.07456356287002563,-0.11096250265836716,0.030124153941869736,0.0,1791183685977,0.55695003,8.677951,5.1919503,0.465161,8.508685,4.840031,0.018247,0.1407,0.268514,-0.0562375,-0.1109625,0.0495,
36483338397187,0.40575677156448364,0.007573417574167252,10.300248185688774,0.7128056108951568,0.5251317814545949,0.37871856093406675,-0.06982839107513428,-0.09913749992847443,0.04348890483379364,0.0,1791183685988,0.73695004,8.706,5.4550505,0.476724,8.503293,4.848376,0.159914,0.182004,0.485224,-0.083875,-0.0991375,0.040975,
36483348391327,0.4870763421058655,0.012953952699899674,10.274439445422919,0.4451678454875946,0.5294482025914535,0.3585431635379791,-0.057474285364151,-0.07796250283718109,0.0398506224155426,0.0,1791183685996,0.52095,8.48595,5.769,0.487185,8.496721,4.858847,0.173395,0.121539,0.752481,-0.07755,-0.0779625,0.0281875,
36483358385465,0.43489402532577515,0.022478607296943665,10.285020610987932,0.243541556596756,0.5352083390448007,0.36859325766563417,-0.011383438482880592,-0.0364375002682209,0.024900730699300766,0.0,1791183686006,0.54,8.41695,5.886,0.494718,8.489879,4.870033,0.026998,-0.06076,0.97832,-0.0455125,-0.0364375,0.0452375,
36483368379615,0.40648558735847473,0.050096030533313754,10.077718620550538,0.11551458835601802,0.540038303623642,0.3979706227779388,0.03446485102176666,0.003987499978393316,0.0031219273805618286,0.0,1791183686017,0.354,8.359051,5.6179504,0.501957,8.484737,4.878244,0.026941,-0.084349,0.960533,1.375E-4,0.0039875,0.0622875,
36483378373778,0.2420254945755005,0.08509813845157624,10.079875254636283,0.0058596134185791016,0.5285349016609435,0.3952476441860199,0.08417963236570358,0.04867500066757202,-0.015570838004350662,0.0,1791183686026,0.41805002,8.3539505,5.6250005,0.507079,8.482485,4.881633,-0.124226,-0.156316,0.770396,0.0396,0.048675,0.0803,
36483388367961,0.03637160360813141,0.12946541979908943,9.689376725884879,0.15866749584674833,0.48341270750282195,0.3213706105947495,0.08385013043880463,0.04124999791383743,-0.03794652968645096,0.0,1791183686036,0.006,8.208,5.14905,0.5114,8.482845,4.880558,-0.30093,-0.194984,0.443465,0.0853875,0.041249998,0.087725,
36483398362115,-0.1519809514284134,0.17451334297657012,9.732838458092427,0.31524115204811093,0.4070811635549428,0.1935591518878937,0.004364609718322754,-0.07150000333786011,-0.05670716613531113,0.0,1791183686050,-0.064050004,8.163,5.29995,0.519115,8.486147,4.873996,-0.603132,-0.313207,0.303981,0.126775,-0.0715,0.1197625,
36483408356264,-0.04234173893928528,0.22222021967172623,9.864289837757545,0.3847525656223297,0.3118160493780704,0.09811199903488159,-0.07473847270011902,-0.18535000085830688,-0.0879286602139473,0.0,1791183686057,0.034950003,8.196,5.4889503,0.535402,8.491183,4.863449,-0.521256,-0.337397,0.561131,0.193875,-0.18535,0.1516625,
36483418350184,0.06209063529968262,0.2587799742817879,9.934969054035424,0.3974668025970459,0.23969089100075278,0.02923300862312317,-0.14635604619979858,-0.2854500114917755,-0.13079756498336792,0.0,1791183686066,0.12105001,8.24205,5.5459504,0.5593,8.499644,4.845949,-0.502058,-0.290792,0.693552,0.28435,-0.28545,0.171875,
36483428344358,0.04739636182785034,0.2736776679754257,9.738037290456433,0.3884113788604736,0.21562165889160886,0.00969281792640686,-0.20040017366409302,-0.3620375096797943,-0.17107586562633514,0.0,1791183686076,0.105000004,8.20605,5.24205,0.587597,8.512251,4.820409,-0.688373,-0.26988,0.656844,0.3705625,-0.3620375,0.186725,
36483438338507,-0.14120469987392426,0.2639970876276493,9.636731476780348,0.4037512421607971,0.22925382793660656,0.04520807862281799,-0.24344056844711304,-0.4248749911785126,-0.19721578061580658,0.0,1791183686087,0.11895001,8.12205,5.18505,0.622411,8.528648,4.786938,-0.378421,-0.379651,0.436529,0.4301,-0.424875,0.202675,
36483448332636,-0.30233126878738403,0.23921556994318963,9.39788450229845,0.44387139976024625,0.2602492535807903,0.07527814209461212,-0.19248074293136597,-0.37798750400543213,-0.20720456540584564,0.0,1791183686096,0.112050004,8.11305,4.74195,0.656506,8.546787,4.74989,-0.529833,-0.436097,0.234157,0.45787498,-0.3779875,0.219725,
36483458326785,-0.4851427674293518,0.20291680321097375,9.303893696573844,0.5618089705705642,0.3043791925134264,0.16383834779262543,-0.10505914688110352,-0.28971248865127563,-0.18589434027671814,0.0,1791183686107,0.43695003,8.21805,4.33995,0.68857,8.565497,4.711488,-0.480493,-0.406923,-0.199098,0.42267498,-0.2897125,0.2464,
36483468320921,-0.3783416748046875,0.16453584656119347,9.477546408967337,0.6471724539995194,0.32608304345488376,0.25192480981349946,-0.005215398967266083,-0.17366249859333038,-0.13815097510814667,0.0,1791183686117,0.80895007,8.45505,4.2049503,0.720624,8.581479,4.677495,-0.095957,-0.207427,-0.397343,0.3290375,-0.1736625,0.2569875,
36483478315075,-0.22803658246994019,0.12631080970168113,9.66767878408823,0.628382009267807,0.3250509499557781,0.30701139867305755,0.10855745524168015,-0.023649999871850014,-0.07726147025823593,0.0,1791183686127,0.99495006,8.67,4.1599503,0.748177,8.592349,4.653145,0.185342,-0.017184,-0.478338,0.2013,-0.02365,0.2399375,
36483488309229,-0.08028379082679749,0.09001346901059151,9.801866780780152,0.4883863687515259,0.3049399178553894,0.2948272168636322,0.2008562684059143,0.11151249706745148,-0.02035011164844036,0.0,1791183686136,1.0860001,8.766001,4.24905,0.767423,8.597655,4.640194,0.261864,0.125949,-0.446233,0.0768625,0.1115125,0.20487499,
36483498303383,0.005435749888420105,0.06088759005069733,9.89518392658508,0.33138581216335294,0.2830203190452051,0.23327381312847137,0.22926631569862366,0.17434999346733093,0.018920980393886566,0.0,1791183686147,1.1389501,8.77305,4.43295,0.779941,8.598175,4.637142,0.34272,0.146978,-0.318682,-0.0125124995,0.17435,0.16335,
36483508297541,0.21039171516895294,0.052174998074769975,10.121593578812364,0.12339992523193359,0.27550185057996274,0.09416691660881042,0.21135443449020386,0.17957499623298645,0.03238794207572937,0.0,1791183686156,1.113,8.838,4.806,0.788116,8.595847,4.640075,0.332151,0.233102,-0.043888,-0.0477125,0.179575,0.121825,
36483518291681,0.4292423725128174,0.06065717861056328,10.367144773780087,0.07704271078109741,0.28423068384991207,0.06734989285469055,0.16397535800933838,0.1424500048160553,0.01901753805577755,0.0,1791183686166,1.1029501,8.89305,5.21295,0.793632,8.592768,4.644838,0.307481,0.281672,0.332026,-0.0253,0.14245,0.0867625,
36483528285852,0.683822751045227,0.08206629678606987,10.631213342744102,0.29492983818054197,0.31280117526313994,0.249721759557724,0.06883371621370316,0.04124999791383743,-0.022494465112686157,0.0,1791183686176,1.146,8.919001,5.67105,0.800476,8.59154,4.645934,0.307819,0.321207,0.795405,0.0576125,0.041249998,0.0589875,
36483538280002,0.8664214611053467,0.10509953126311303,10.726128702234048,0.514340952038765,0.3504795577093326,0.4390628099441528,-0.032099876552820206,-0.07259999960660934,-0.0843636617064476,0.0,1791183686186,0.9979501,8.89995,5.9029503,0.81017,8.594409,4.638942,0.286155,0.315943,1.195047,0.18425,-0.0726,0.0345125,
36483548274156,0.8440271615982056,0.12294707223773002,10.610075646468381,0.7706194400787353,0.37752188492303396,0.6067810922861099,-0.12524308264255524,-0.18754999339580536,-0.147359699010849,0.0,1791183686196,0.73905003,8.79,5.8960505,0.822291,8.603046,4.620763,0.065738,0.271393,1.273081,0.31735,-0.18755,0.0270875,
36483558268282,0.6207469701766968,0.1322397194802761,10.314155512875043,0.940776953101158,0.38724812736206055,0.6888521432876586,-0.18544605374336243,-0.2780250012874603,-0.19801847636699677,0.0,1791183686207,0.47805002,8.57205,5.71605,0.837444,8.616823,4.592283,-0.246295,0.073263,1.232129,0.4312,-0.278025,0.0473,
36483568262426,0.30517494678497314,0.12717418745160103,10.002947850118286,0.9710500568151474,0.38427886016592444,0.6640386581420898,-0.205998957157135,-0.3343999981880188,-0.23027589917182922,0.0,1791183686217,0.31500003,8.472,5.3089504,0.856727,8.634698,4.554997,-0.490633,-0.121782,0.979716,0.51315,-0.3344,0.0941875,
36483578256580,0.028133824467658997,0.11647960394620896,9.74264661303189,0.8277280896902085,0.3839098550332676,0.5329008728265763,-0.17553283274173737,-0.3343999981880188,-0.23758475482463837,0.0,1791183686228,0.30105,8.48805,4.7730002,0.880198,8.655453,4.510921,-0.605084,-0.185632,0.535375,0.54614997,-0.3344,0.153725,
36483588250734,-0.13879187405109406,0.10772143006324768,9.60584291434085,0.5651320189237594,0.3876175730922663,0.3318582057952881,-0.11077916622161865,-0.28008750081062317,-0.21704626083374023,0.0,1791183686236,0.58095,8.566951,4.3060503,0.906502,8.676813,4.464439,-0.456611,-0.142349,0.06471,0.5163125,-0.2800875,0.19635,
36483598244888,-0.22577467560768127,0.10403174385428429,9.628049864175749,0.21206475496292115,0.3904132239856631,0.11789783835411072,-0.029536806046962738,-0.18438750505447388,-0.17785856127738953,0.0,1791183686247,0.94500005,8.709001,3.9949503,0.93324,8.696297,4.420802,-0.18168,-0.066064,-0.332186,0.437525,-0.1843875,0.20487499,
36483608239031,-0.1283753216266632,0.09973006471991538,9.733885214837226,0.09927651286125183,0.39247085675311205,0.03192662000656128,0.057027608156204224,-0.06187500059604645,-0.13274016976356506,0.0,1791183686256,1.2750001,8.821051,3.9130502,0.956658,8.712098,4.384537,0.180368,0.054602,-0.434784,0.3353625,-0.061875,0.1772375,
36483618233200,-0.09459258615970612,0.09189590364694596,9.670132679237796,0.36160188615322114,0.3947014411180869,0.11188012659549713,0.1408688873052597,0.07218749821186066,-0.09080472588539124,0.0,1791183686266,1.2870001,8.83605,3.7120502,0.972044,8.723834,4.357737,0.339759,0.114692,-0.518118,0.2311375,0.0721875,0.120725,
36483628227358,-0.22022727131843567,0.07851472198963165,9.571961706834008,0.6006151556968689,0.4004774712197513,0.16155234575271607,0.19072920083999634,0.16692499816417694,-0.05348591506481171,0.0,1791183686278,1.18005,8.809051,3.55395,0.977437,8.732591,4.338951,0.274511,0.09157,-0.743541,0.1353,0.166925,0.06435,
36483638221525,-0.30617597699165344,0.07026615813374519,9.536745423694084,0.8018102586269378,0.4065706354691824,0.19502916634082795,0.16410718858242035,0.1658249944448471,-0.025046830996870995,0.0,1791183686287,0.93795,8.72805,3.72705,0.976381,8.738542,4.327189,0.079242,0.004217,-0.719808,0.061875,0.165825,0.022824999,
36483648215695,-0.22728672623634338,0.07401838526129723,9.605187132271963,0.884183719754219,0.4034489388260102,0.19533157646656035,0.08924174308776855,0.09446249902248383,-0.016713833436369896,0.0,1791183686296,0.79395,8.635051,4.131,0.973267,8.742212,4.320474,-0.123545,-0.032972,-0.421,0.0385,0.0944625,0.0026125,
36483658209772,-0.11401809751987457,0.09257461875677109,9.743485146799141,0.8564987897872924,0.3854368153760277,0.19246013164520265,0.006363862194120884,-0.002337499987334013,-0.0321308970451355,0.0,1791183686307,0.64095,8.58405,4.56495,0.972429,8.745,4.315014,-0.237628,-0.121951,0.041752,0.0735625,-0.0023375,0.0026125,
36483668204003,-4.51698899269104E-4,0.111469117552042,9.850509488446868,0.7065328270196916,0.37087615665372536,0.17363195419311522,-0.06587629020214081,-0.10243749618530273,-0.0640813484787941,0.0,1791183686317,0.63105005,8.51505,4.9120502,0.975824,8.748864,4.306405,-0.358339,-0.185669,0.457375,0.15125,-0.102437496,0.023924999,
36483678198090,0.06080940365791321,0.12591141685843468,9.953105348045561,0.44928282499313354,0.3629127414106649,0.11742461919784546,-0.11039497703313828,-0.18328750133514404,-0.10310783982276917,0.0,1791183686328,0.60300004,8.52705,5.09805,0.98581,8.755174,4.291283,-0.394661,-0.244651,0.728676,0.25025,-0.1832875,0.06435,
36483688192318,0.15354657173156738,0.13760293498635293,10.043294109906407,0.143377947807312,0.3598351402902363,0.025480109453201293,-0.09851512312889099,-0.20350000262260437,-0.13605822622776031,0.0,1791183686336,0.70305,8.58405,5.1660004,1.001356,8.764338,4.268919,-0.383871,-0.217904,0.889905,0.3386625,-0.2035,0.1122,
36483698186409,0.2427634447813034,0.14946931973099709,10.051292872410906,0.10045654475688935,0.35919360448227255,0.06852992475032807,-0.03410495072603226,-0.15565000474452972,-0.15502069890499115,0.0,1791183686346,0.86595005,8.6970005,4.96395,1.02024,8.775683,4.24105,-0.218402,-0.123904,0.86989,0.3939375,-0.15565,0.1485,
36483708180563,0.17244508862495422,0.14757198840379715,9.969139933253514,0.23770268857479093,0.3589669386159685,0.1258225619792938,0.04744643345475197,-0.07369999587535858,-0.15639574825763702,0.0,1791183686356,0.99300003,8.778001,4.6200004,1.038891,8.788561,4.20974,-0.124525,-0.072137,0.58277,0.4046625,-0.073699996,0.16445,
36483718174727,0.12117704749107361,0.13216872215270997,9.901287997073215,0.31170065701007843,0.3531117766220801,0.15014831125736236,0.13002265989780426,0.02213750034570694,-0.14076584577560425,0.0,1791183686366,1.16805,8.86905,4.2439504,1.055266,8.801442,4.17864,0.019511,0.00596,0.266711,0.3716625,0.0221375,0.16445,
36483728168895,0.03702215105295181,0.0998286921530962,9.726415641024353,0.34042002707719804,0.3299675504784685,0.1453908607363701,0.20017734169960022,0.11893749982118607,-0.1130409687757492,0.0,1791183686377,1.24695,8.88105,3.765,1.067692,8.813355,4.150278,0.162708,0.092208,-0.150247,0.3034625,0.1189375,0.1420375,
36483738163049,-0.2477642446756363,0.04411940686404705,9.118365746728903,0.26046027392148974,0.28711126539638115,0.06512869745492936,0.24212823808193207,0.1966249942779541,-0.07647199928760529,0.0,1791183686387,1.14795,8.842951,1.9050001,1.073914,8.823679,4.126671,0.139726,0.026819,-0.682096,0.2077625,0.196625,0.1005125,
36483748157217,-1.1231962442398071,-0.054241763427853584,9.553581376886546,0.015603108704090096,0.3299948932297704,0.20806324034929274,0.07854525744915009,0.05829999968409538,0.0015060496516525745,0.0,1791183686396,1.6660501,9.20895,1.9210501,1.080851,8.83715,4.095917,0.369815,0.283893,-3.397491,0.0119624995,0.0583,0.0589875,
36483758151366,-0.06758633255958557,-0.0886584285646677,9.893730434784695,0.08243757039308547,0.2914455988176864,0.2560695245862007,-0.03692149743437767,-0.010862499475479126,0.054571155458688736,0.0,1791183686407,1.5289501,8.86695,4.1140504,1.088956,8.837872,4.09221,0.538882,0.201768,-0.741009,-0.1381875,-0.0108624995,-0.0281875,
36483768145524,0.08872449398040771,-0.09948095120489597,9.864409829725801,0.1451354160904884,0.2804307557267366,0.2625600352883339,0.02104022353887558,0.07644999772310257,0.03398493304848671,0.0,1791183686416,1.2079501,8.72295,4.44495,1.085255,8.832698,4.104353,0.262461,-0.075573,0.305085,-0.1040875,0.07645,-0.0867625,
36483778139692,0.02677363157272339,-0.09954896084964275,9.901268034011341,0.2391296297311783,0.2803999617818742,0.2646097391843796,0.06919340789318085,0.12636250257492065,0.009241925552487373,0.0,1791183686429,0.91395,8.61495,4.794,1.07454,8.829365,4.114328,-0.02131,-0.16322,0.419609,-0.0466125,0.1263625,-0.0941875,
36483788133870,0.11499705910682678,-0.08685951419174671,10.054048257532648,0.26058740317821505,0.28405565640015723,0.19205747842788695,0.12649881839752197,0.17531250417232513,-0.014365393668413162,0.0,1791183686436,0.75600004,8.54595,5.24205,1.060195,8.82676,4.123626,-0.258357,-0.277931,0.934641,0.014025,0.1753125,-0.0782375,
36483798128024,0.20725756883621216,-0.06520790196955203,10.100560593198463,0.05178927779197692,0.2891006666266734,0.07403328418731689,0.1851898431777954,0.21793749928474426,-0.04584011062979698,0.0,1791183686447,0.94005007,8.623051,5.175,1.04556,8.825766,4.12949,-0.255692,-0.298484,1.194534,0.095975,0.2179375,-0.0506,
36483808122188,0.3199322819709778,-0.04279252178966999,10.03141192591523,0.0013886958360672108,0.3004894142800352,0.15153700709342957,0.21227562427520752,0.22962500154972076,-0.06823498010635376,0.0,1791183686456,0.92595005,8.977051,4.38,1.034186,8.828616,4.126259,-0.02884,0.031458,0.69977,0.1555125,0.229625,-0.026124999,
36483818116419,0.1709098517894745,-0.02951739989221096,9.950851339795088,0.022583217918872828,0.3037547236228554,0.16797407865524291,0.11999019235372543,0.12319999933242798,-0.06522568315267563,0.0,1791183686467,0.91395,9.0730505,3.9829502,1.026789,8.835114,4.114179,-0.110029,0.216496,-0.030352,0.15125,0.1232,-0.0165,
36483828110482,0.16259197890758514,-0.01037643738090992,9.98477885180034,0.1300090506672859,0.30319522356974893,0.19513774812221527,-0.009300027042627335,-0.015124999918043613,-0.05625055730342865,0.0,1791183686480,1.005,9.087001,4.0140004,1.025271,8.841724,4.100333,-0.060626,0.248193,-0.131427,0.128975,-0.015125,-0.0218625,
36483838104635,0.18634136021137238,0.014249429479241372,9.958833858366845,0.4174698486924171,0.2981290601227557,0.20940660834312438,-0.08393796533346176,-0.089649997651577,-0.05841945484280586,0.0,1791183686487,1.1149501,9.03405,4.0399504,1.026904,8.847897,4.086588,0.01196,0.222867,-0.038673,0.130075,-0.08965,-0.039875,
